Supplier,SKU,Product,Department,Type,Why no price,Photo URL
Creative Home Decor,CH-4150,Adore,Decor,Decor Objects,No pricelist from this supplier yet,https://creative-homedecor.com/wp-content/uploads/2025/10/Picture20.png
Creative Home Decor,CH-3290,Alaska Coffee Table,Decor,Accent Furniture,No pricelist from this supplier yet,https://creative-homedecor.com/wp-content/uploads/2025/10/New-Project-3.jpg
Creative Home Decor,CH-3303,Alaska End Table,Decor,Accent Furniture,No pricelist from this supplier yet,https://creative-homedecor.com/wp-content/uploads/2025/10/DSC02114-scaled.jpg
Creative Home Decor,CH-4059,Alligator,Decor,Figurines,No pricelist from this supplier yet,https://creative-homedecor.com/wp-content/uploads/2025/10/Pic-2-Gold.jpg
Creative Home Decor,CH-3387,Allure Coffee Table,Decor,Accent Furniture,No pricelist from this supplier yet,https://creative-homedecor.com/wp-content/uploads/2025/10/New-Project-1-1.jpg
Creative Home Decor,CH-3390,Allure End Table,Decor,Accent Furniture,No pricelist from this supplier yet,https://creative-homedecor.com/wp-content/uploads/2025/10/Allure-ET-Black-1.jpg
Creative Home Decor,CH-3848,Angel Accent Trolley,Decor,Accent Furniture,No pricelist from this supplier yet,https://creative-homedecor.com/wp-content/uploads/2025/10/Angel-Trolley-Black-1.jpg
Creative Home Decor,CH-4202,Apollo Bust,Decor,Figurines,No pricelist from this supplier yet,https://creative-homedecor.com/wp-content/uploads/2025/10/Apollo-Matte-Grey-1.jpg
Creative Home Decor,CH-4227,Apple Bite – Large,Decor,Figurines,No pricelist from this supplier yet,https://creative-homedecor.com/wp-content/uploads/2025/10/DSC08279-1.jpg
Creative Home Decor,CH-4220,Apple Bite – Regular,Decor,Figurines,No pricelist from this supplier yet,https://creative-homedecor.com/wp-content/uploads/2025/10/DSC08279-1.jpg
Creative Home Decor,CH-4235,Artemis Bust,Decor,Figurines,No pricelist from this supplier yet,https://creative-homedecor.com/wp-content/uploads/2025/10/Artemis-Matte-Grey-1.jpg
Creative Home Decor,CH-4296,Autumn Leaf Sculpture – Large,Decor,Figurines,No pricelist from this supplier yet,https://creative-homedecor.com/wp-content/uploads/2025/10/Autumn-White-1-Large.jpg
Creative Home Decor,CH-4283,Autumn Leaf Sculpture – Medium,Decor,Figurines,No pricelist from this supplier yet,https://creative-homedecor.com/wp-content/uploads/2025/10/Autumn-Red-1-Medium.jpg
Creative Home Decor,CH-4251,Autumn Leaf Sculpture – Small,Decor,Figurines,No pricelist from this supplier yet,https://creative-homedecor.com/wp-content/uploads/2025/10/Autumn-Black-1-Small.jpg
Creative Home Decor,CH-8719,Axis Server,Decor,Accent Furniture,No pricelist from this supplier yet,https://creative-homedecor.com/wp-content/uploads/2025/11/Axis-Wenge-1.jpg
Creative Home Decor,555022,Blaze Floor Lamp,Decor,Decor Objects,No pricelist from this supplier yet,https://creative-homedecor.com/wp-content/uploads/2025/10/Blaze-New.jpg
Creative Home Decor,CH-4307,Blue Ice Sculpture,Decor,Figurines,No pricelist from this supplier yet,https://creative-homedecor.com/wp-content/uploads/2025/10/DSC08307.jpg
Creative Home Decor,CH-4536,Blue Mountains – Large,Decor,Decor Objects,No pricelist from this supplier yet,https://creative-homedecor.com/wp-content/uploads/2025/10/Blue-Mountains.jpg
Creative Home Decor,CH-4531,Blue Mountains – Regular,Decor,Decor Objects,No pricelist from this supplier yet,https://creative-homedecor.com/wp-content/uploads/2025/10/Blue-Mountains.jpg
Creative Home Decor,CH-3238,Bonnie Bench – Gold,Decor,Accent Furniture,No pricelist from this supplier yet,https://creative-homedecor.com/wp-content/uploads/2025/10/image-5-4.jpg
Creative Home Decor,CH-3227,Bonnie Bench – Silver,Decor,Accent Furniture,No pricelist from this supplier yet,https://creative-homedecor.com/wp-content/uploads/2025/10/Bonnie-Bench-Black-Silver-1-scaled.jpg
Creative Home Decor,CH-4456,Bowls – Set of 2 (Same Colour),Decor,Figurines,No pricelist from this supplier yet,https://creative-homedecor.com/wp-content/uploads/2025/10/DSC08160.jpg
Creative Home Decor,555027,Bright Table Lamp,Decor,Decor Objects,No pricelist from this supplier yet,https://creative-homedecor.com/wp-content/uploads/2025/10/1117.jpg
Creative Home Decor,CH-4483,Brightwaters – Regular,Decor,Decor Objects,No pricelist from this supplier yet,https://creative-homedecor.com/wp-content/uploads/2025/10/Brightwater.jpg
Creative Home Decor,CH-4811,Bruno Statue,Decor,Figurines,No pricelist from this supplier yet,https://creative-homedecor.com/wp-content/uploads/2025/10/DSC08142.jpg
Creative Home Decor,CH-4558,Bucks – Set of 2,Decor,Figurines,No pricelist from this supplier yet,https://creative-homedecor.com/wp-content/uploads/2025/10/DSC08320.jpg
Creative Home Decor,CH-4646,Bulldog Statue,Decor,Figurines,No pricelist from this supplier yet,https://creative-homedecor.com/wp-content/uploads/2025/10/Bulldog-Red-1.jpg
Creative Home Decor,CH-4154,Burst,Decor,Decor Objects,No pricelist from this supplier yet,https://creative-homedecor.com/wp-content/uploads/2025/10/Image_20250320171030.jpg
Creative Home Decor,CH-4166,Butterfly,Decor,Decor Objects,No pricelist from this supplier yet,https://creative-homedecor.com/wp-content/uploads/2025/10/Image_20250320171145.jpg
Creative Home Decor,CH-4600,Calm Buddha,Decor,Figurines,No pricelist from this supplier yet,https://creative-homedecor.com/wp-content/uploads/2025/10/DSC07988.jpg
Creative Home Decor,CH-4230,Candy Sculpture,Decor,Figurines,No pricelist from this supplier yet,https://creative-homedecor.com/wp-content/uploads/2025/10/DSC08285.jpg
Creative Home Decor,CH-4353,Carnation,Decor,Decor Objects,No pricelist from this supplier yet,https://creative-homedecor.com/wp-content/uploads/2025/10/Image_2025-08-19_110522_825.jpg
Creative Home Decor,CH-3321,CeeCee Gold Coffee Table,Decor,Accent Furniture,No pricelist from this supplier yet,https://creative-homedecor.com/wp-content/uploads/2025/10/New-Project-4.jpg
Creative Home Decor,CH-3329,CeeCee Gold End Table,Decor,Accent Furniture,No pricelist from this supplier yet,https://creative-homedecor.com/wp-content/uploads/2025/10/image-9-5.jpg
Creative Home Decor,CH-3307,CeeCee Silver Coffee Table,Decor,Accent Furniture,No pricelist from this supplier yet,https://creative-homedecor.com/wp-content/uploads/2025/10/New-Project-6.jpg
Creative Home Decor,CH-3317,CeeCee Silver End Table,Decor,Accent Furniture,No pricelist from this supplier yet,https://creative-homedecor.com/wp-content/uploads/2025/10/image-8-3.jpg
Creative Home Decor,CH-4158,Charisma,Decor,Decor Objects,No pricelist from this supplier yet,https://creative-homedecor.com/wp-content/uploads/2025/10/Picture22.jpg
Creative Home Decor,CH-4693,Cheetah Statue,Decor,Figurines,No pricelist from this supplier yet,https://creative-homedecor.com/wp-content/uploads/2025/10/DSC00106.jpg
Creative Home Decor,CH-4624,Chessmates – Set of 3,Decor,Figurines,No pricelist from this supplier yet,https://creative-homedecor.com/wp-content/uploads/2025/10/DSC08262.jpg
Creative Home Decor,CH-3242,Chris Bench – Silver,Decor,Accent Furniture,No pricelist from this supplier yet,https://creative-homedecor.com/wp-content/uploads/2025/10/image-4-5.jpg
Creative Home Decor,CH-3870,Cinderella Loveseat Sofa,Decor,Accent Furniture,No pricelist from this supplier yet,https://creative-homedecor.com/wp-content/uploads/2025/10/Cinderella-Loveseat-Black-1.jpg
Creative Home Decor,CH-4760,Circus Horse Statue,Decor,Figurines,No pricelist from this supplier yet,https://creative-homedecor.com/wp-content/uploads/2025/10/DSC08120.jpg
Creative Home Decor,CH-4746,Coach Purse Sculpture,Decor,Figurines,No pricelist from this supplier yet,https://creative-homedecor.com/wp-content/uploads/2025/10/DSC08327.jpg
Creative Home Decor,CH-4788,Colts Horse Statues – Set of 2,Decor,Figurines,No pricelist from this supplier yet,https://creative-homedecor.com/wp-content/uploads/2025/10/DSC08157.jpg
Creative Home Decor,CH-4011,Corbusier Armchair Sofa,Decor,Accent Furniture,No pricelist from this supplier yet,https://creative-homedecor.com/wp-content/uploads/2025/10/Corbusier-Armchair-Black-1.jpg
Creative Home Decor,CH-4002,Corbusier Loveseat Sofa,Decor,Accent Furniture,No pricelist from this supplier yet,https://creative-homedecor.com/wp-content/uploads/2025/10/Corbusier-Loveseat-White-1.jpg
Creative Home Decor,CH-4742,Crown Vase – Set of 2 (Same Colour),Decor,Figurines,No pricelist from this supplier yet,https://creative-homedecor.com/wp-content/uploads/2025/10/H2000-51-854-1.jpg
Creative Home Decor,555019,Crystal 2-Pack,Decor,Decor Objects,No pricelist from this supplier yet,https://creative-homedecor.com/wp-content/uploads/2025/10/2225.jpg
Creative Home Decor,CH-4335,Crystal Bird Sculpture,Decor,Figurines,No pricelist from this supplier yet,https://creative-homedecor.com/wp-content/uploads/2025/10/DSC08305.jpg
Creative Home Decor,CH-3827,Dawn Accent Side Table with Storage,Decor,Accent Furniture,No pricelist from this supplier yet,https://creative-homedecor.com/wp-content/uploads/2025/10/Dawn-Night-Stand-1.jpg
Creative Home Decor,CH-3792,Delta Desk,Decor,Accent Furniture,No pricelist from this supplier yet,https://creative-homedecor.com/wp-content/uploads/2025/10/Delta-Gold-Desk-1.jpg
Creative Home Decor,CH-3369,Delta Gold Coffee Table – Condo Size,Decor,Accent Furniture,No pricelist from this supplier yet,https://creative-homedecor.com/wp-content/uploads/2025/10/New-Project-2-2.jpg
Creative Home Decor,CH-3354,Delta Gold Coffee Table – Regular Size,Decor,Accent Furniture,No pricelist from this supplier yet,https://creative-homedecor.com/wp-content/uploads/2025/10/New-Project-1-3.jpg
Creative Home Decor,CH-3376,Delta Gold Console Table – Regular Size,Decor,Accent Furniture,No pricelist from this supplier yet,https://creative-homedecor.com/wp-content/uploads/2025/10/Delta-Gold-Regular-Console-1.jpg
Creative Home Decor,CH-3384,Delta Gold Console Table – Slim Size,Decor,Accent Furniture,No pricelist from this supplier yet,https://creative-homedecor.com/wp-content/uploads/2025/10/Delta-Gold-Slim-Console-1.jpg
Creative Home Decor,CH-3373,Delta Gold End Table,Decor,Accent Furniture,No pricelist from this supplier yet,https://creative-homedecor.com/wp-content/uploads/2025/10/Delta-Gold-End-Table-1.jpg
Creative Home Decor,CH-3338,Delta Silver Coffee Table – Condo Size,Decor,Accent Furniture,No pricelist from this supplier yet,https://creative-homedecor.com/wp-content/uploads/2025/10/New-Project-5.jpg
Creative Home Decor,CH-3332,Delta Silver Coffee Table – Regular Size,Decor,Accent Furniture,No pricelist from this supplier yet,https://creative-homedecor.com/wp-content/uploads/2025/10/New-Project-2-1.jpg
Creative Home Decor,CH-3345,Delta Silver Console Table – Regular Size,Decor,Accent Furniture,No pricelist from this supplier yet,https://creative-homedecor.com/wp-content/uploads/2025/10/Delta-Silver-Console-Regular-Size-1.jpg
Creative Home Decor,CH-3351,Delta Silver Console Table – Slim Size,Decor,Accent Furniture,No pricelist from this supplier yet,https://creative-homedecor.com/wp-content/uploads/2025/10/Delta-Silver-Console-Slim-Size-1.jpg
Creative Home Decor,CH-3342,Delta Silver End Table,Decor,Accent Furniture,No pricelist from this supplier yet,https://creative-homedecor.com/wp-content/uploads/2025/10/Delta-Silver-End-Table-1.jpg
Creative Home Decor,CH-4773,Desires Bust,Decor,Figurines,No pricelist from this supplier yet,https://creative-homedecor.com/wp-content/uploads/2025/10/DSC08277.jpg
Creative Home Decor,CH-4330,Devotion,Decor,Decor Objects,No pricelist from this supplier yet,https://creative-homedecor.com/wp-content/uploads/2025/10/Image_2025-08-19_110510_751.jpg
Creative Home Decor,900910,Diego Server,Decor,Accent Furniture,No pricelist from this supplier yet,https://creative-homedecor.com/wp-content/uploads/2025/11/Diego-1.jpg
Creative Home Decor,CH-4795,Divine Swans – Set of 2,Decor,Figurines,No pricelist from this supplier yet,https://creative-homedecor.com/wp-content/uploads/2025/10/DSC00135.jpg
Creative Home Decor,CH-4337,Dream Horse – Left,Decor,Decor Objects,No pricelist from this supplier yet,https://creative-homedecor.com/wp-content/uploads/2025/10/Image_2025-08-19_110426_553.jpg
Creative Home Decor,CH-4342,Dream Horse – Right,Decor,Decor Objects,No pricelist from this supplier yet,https://creative-homedecor.com/wp-content/uploads/2025/10/Image_2025-08-19_110504_826.jpg
Creative Home Decor,CH-4943,Duo Giraffes – Set of 2,Decor,Figurines,No pricelist from this supplier yet,https://creative-homedecor.com/wp-content/uploads/2025/10/DSC08085.jpg
Creative Home Decor,CH-4831,Eagle Statue,Decor,Figurines,No pricelist from this supplier yet,https://creative-homedecor.com/wp-content/uploads/2025/10/DSC07964.jpg
Creative Home Decor,CH-3976,Egg Lounge Chair,Decor,Accent Furniture,No pricelist from this supplier yet,https://creative-homedecor.com/wp-content/uploads/2025/10/Egg-Chair-Orange-Fabric-1.jpg
Creative Home Decor,CH-3985,Egg Lounge Chair – Grey,Decor,Accent Furniture,No pricelist from this supplier yet,https://creative-homedecor.com/wp-content/uploads/2025/10/Egg-Chair-Grey-Leather-1.jpg
Creative Home Decor,CH-4636,Egg Vase – Set of 2 (Same Colour),Decor,Figurines,No pricelist from this supplier yet,https://creative-homedecor.com/wp-content/uploads/2025/10/DSC08298.jpg
Creative Home Decor,CH-3963,Egg/Swan Ottoman,Decor,Accent Furniture,No pricelist from this supplier yet,https://creative-homedecor.com/wp-content/uploads/2025/10/Egg-Chair-Ottoman-Set-Orange-1.jpg
Creative Home Decor,CH-4346,Eiffel Car,Decor,Decor Objects,No pricelist from this supplier yet,https://creative-homedecor.com/wp-content/uploads/2025/10/Image_2025-08-19_110452_611.jpg
Creative Home Decor,555025,Einstein Table Lamp,Decor,Decor Objects,No pricelist from this supplier yet,https://creative-homedecor.com/wp-content/uploads/2025/10/1115.jpg
Creative Home Decor,CH-4170,Elegance,Decor,Decor Objects,No pricelist from this supplier yet,https://creative-homedecor.com/wp-content/uploads/2025/10/Image_20250320171124.jpg
Creative Home Decor,CH-4360,Elephant Safari,Decor,Decor Objects,No pricelist from this supplier yet,https://creative-homedecor.com/wp-content/uploads/2025/10/Image_2025-08-19_110614_138.jpg
Creative Home Decor,CH-3395,Elisa Coffee Table,Decor,Accent Furniture,No pricelist from this supplier yet,https://creative-homedecor.com/wp-content/uploads/2025/10/Elisa-CT-1-scaled.jpg
Creative Home Decor,CH-3409,Elisa End Table,Decor,Accent Furniture,No pricelist from this supplier yet,https://creative-homedecor.com/wp-content/uploads/2025/10/Elisa-ET-1.jpg
Creative Home Decor,CH-4048,Elizabeth Armchair Sofa,Decor,Accent Furniture,No pricelist from this supplier yet,https://creative-homedecor.com/wp-content/uploads/2025/10/Elizabeth-Armchair-Blue-1.jpg
Creative Home Decor,CH-4804,Embrace Statue,Decor,Figurines,No pricelist from this supplier yet,https://creative-homedecor.com/wp-content/uploads/2025/10/DSC08094.jpg
Creative Home Decor,CH-4380,Enchanting,Decor,Decor Objects,No pricelist from this supplier yet,https://creative-homedecor.com/wp-content/uploads/2025/10/Image_2025-08-19_110548_369.jpg
Creative Home Decor,CH-4780,Equestrian Bust,Decor,Figurines,No pricelist from this supplier yet,https://creative-homedecor.com/wp-content/uploads/2025/10/DSC08255.jpg
Creative Home Decor,CH-3412,Estella Coffee Table,Decor,Accent Furniture,No pricelist from this supplier yet,https://creative-homedecor.com/wp-content/uploads/2025/10/New-Project-2-3.jpg
Creative Home Decor,CH-3426,Falcon Silver Console Table,Decor,Accent Furniture,No pricelist from this supplier yet,https://creative-homedecor.com/wp-content/uploads/2025/10/Falcon-Console-1-scaled.jpg
Creative Home Decor,CH-4504,Fall Walk,Decor,Decor Objects,No pricelist from this supplier yet,https://creative-homedecor.com/wp-content/uploads/2025/10/Fall-walk.jpg
Creative Home Decor,555029,Fame 3-Pack,Decor,Decor Objects,No pricelist from this supplier yet,https://creative-homedecor.com/wp-content/uploads/2025/10/1116-1.jpg
Creative Home Decor,CH-4162,Fascination,Decor,Decor Objects,No pricelist from this supplier yet,https://creative-homedecor.com/wp-content/uploads/2025/10/Picture21.jpg
Creative Home Decor,CH-4870,Fiddle Sculpture,Decor,Figurines,No pricelist from this supplier yet,https://creative-homedecor.com/wp-content/uploads/2025/10/DSC08104.jpg
Creative Home Decor,CH-5015,First Love Sculpture,Decor,Figurines,No pricelist from this supplier yet,https://creative-homedecor.com/wp-content/uploads/2025/10/DSC08300.jpg
Creative Home Decor,CH-4893,Flames Sculpture,Decor,Figurines,No pricelist from this supplier yet,https://creative-homedecor.com/wp-content/uploads/2025/10/DSC07975.jpg
Creative Home Decor,CH-4033,Florence Armchair Sofa,Decor,Accent Furniture,No pricelist from this supplier yet,https://creative-homedecor.com/wp-content/uploads/2025/10/Florence-Armchair-White-1.jpg
Creative Home Decor,CH-4019,Florence Loveseat Sofa,Decor,Accent Furniture,No pricelist from this supplier yet,https://creative-homedecor.com/wp-content/uploads/2025/10/Florence-Loveseat-Black-1.jpg
Creative Home Decor,CH-4546,Flower Shower,Decor,Decor Objects,No pricelist from this supplier yet,https://creative-homedecor.com/wp-content/uploads/2025/10/Flower-Shower.jpg
Creative Home Decor,CH-4384,Forest,Decor,Decor Objects,No pricelist from this supplier yet,https://creative-homedecor.com/wp-content/uploads/2025/10/Image_2025-08-19_110626_452.jpg
Creative Home Decor,CH-3497,GG Black Nickel Coffee Table,Decor,Accent Furniture,No pricelist from this supplier yet,https://creative-homedecor.com/wp-content/uploads/2025/10/image-21.jpg
Creative Home Decor,CH-3504,GG Black Nickel End Table,Decor,Accent Furniture,No pricelist from this supplier yet,https://creative-homedecor.com/wp-content/uploads/2025/10/GG-ET-1-scaled.jpg
Creative Home Decor,CH-4174,Galaxy,Decor,Decor Objects,No pricelist from this supplier yet,https://creative-homedecor.com/wp-content/uploads/2025/10/Image_20250320171057.jpg
Creative Home Decor,CH-3474,Genesis Gold Console Table,Decor,Accent Furniture,No pricelist from this supplier yet,https://creative-homedecor.com/wp-content/uploads/2025/10/Genesis-Console-Gold-1-scaled.jpg
Creative Home Decor,CH-3490,Genesis Gold Oval Coffee Table,Decor,Accent Furniture,No pricelist from this supplier yet,https://creative-homedecor.com/wp-content/uploads/2025/10/image-4-4.jpg
Creative Home Decor,CH-3465,Genesis Gold Rectangular Coffee Table,Decor,Accent Furniture,No pricelist from this supplier yet,https://creative-homedecor.com/wp-content/uploads/2025/10/image-3-4.jpg
Creative Home Decor,CH-3494,Genesis Gold Round End Table,Decor,Accent Furniture,No pricelist from this supplier yet,https://creative-homedecor.com/wp-content/uploads/2025/10/Genesis-Round-ET-Gold-1-scaled.jpg
Creative Home Decor,CH-3470,Genesis Gold Square End Table,Decor,Accent Furniture,No pricelist from this supplier yet,https://creative-homedecor.com/wp-content/uploads/2025/10/Genesis-Gold-Square-ET-1.jpg
Creative Home Decor,CH-3449,Genesis Silver Console Table,Decor,Accent Furniture,No pricelist from this supplier yet,https://creative-homedecor.com/wp-content/uploads/2025/10/Genesis-Silver-Console-Half-Moon-1-scaled.jpg
Creative Home Decor,CH-3457,Genesis Silver Oval Coffee Table,Decor,Accent Furniture,No pricelist from this supplier yet,https://creative-homedecor.com/wp-content/uploads/2025/10/image-2-5.jpg
Creative Home Decor,CH-3439,Genesis Silver Rectangular Coffee Table,Decor,Accent Furniture,No pricelist from this supplier yet,https://creative-homedecor.com/wp-content/uploads/2025/10/image-1-7.jpg
Creative Home Decor,CH-3460,Genesis Silver Round End Table,Decor,Accent Furniture,No pricelist from this supplier yet,https://creative-homedecor.com/wp-content/uploads/2025/10/Genesis-Silver-ET-Round-1.png
Creative Home Decor,CH-3446,Genesis Silver Square End Table,Decor,Accent Furniture,No pricelist from this supplier yet,https://creative-homedecor.com/wp-content/uploads/2025/10/Genesis-Silver-Square-ET-1.jpg
Creative Home Decor,CH-4846,Giraffe Safari Statue,Decor,Figurines,No pricelist from this supplier yet,https://creative-homedecor.com/wp-content/uploads/2025/10/DSC07926.jpg
Creative Home Decor,CH-4906,Giraffe Statue,Decor,Figurines,No pricelist from this supplier yet,https://creative-homedecor.com/wp-content/uploads/2025/10/G264.jpg
Creative Home Decor,CH-3273,Glaze Ottoman,Decor,Accent Furniture,No pricelist from this supplier yet,https://creative-homedecor.com/wp-content/uploads/2025/10/Glaze-Ottoman-Blue-1-scaled.jpg
Creative Home Decor,555016,Globe Floor Lamp,Decor,Decor Objects,No pricelist from this supplier yet,https://creative-homedecor.com/wp-content/uploads/2025/10/Globe-FL.jpg
Creative Home Decor,555015,Globe Table Lamp,Decor,Decor Objects,No pricelist from this supplier yet,https://creative-homedecor.com/wp-content/uploads/2025/10/2211.jpg
Creative Home Decor,555012,Glow Black Table Lamp,Decor,Decor Objects,No pricelist from this supplier yet,https://creative-homedecor.com/wp-content/uploads/2025/10/2203.jpg
Creative Home Decor,555011,Glow White Table Lamp,Decor,Decor Objects,No pricelist from this supplier yet,https://creative-homedecor.com/wp-content/uploads/2025/10/2202.jpg
Creative Home Decor,CH-4404,Golden Temple,Decor,Decor Objects,No pricelist from this supplier yet,https://creative-homedecor.com/wp-content/uploads/2025/10/Image_2025-08-19_110608_851.jpg
Creative Home Decor,CH-4178,Good Luck,Decor,Decor Objects,No pricelist from this supplier yet,https://creative-homedecor.com/wp-content/uploads/2025/10/Image_20250320171129.jpg
Creative Home Decor,CH-4880,Gorilla Statue,Decor,Figurines,No pricelist from this supplier yet,https://creative-homedecor.com/wp-content/uploads/2025/10/DSC00128.jpg
Creative Home Decor,CH-4182,Gravity,Decor,Decor Objects,No pricelist from this supplier yet,https://creative-homedecor.com/wp-content/uploads/2025/10/Picture23.png
Creative Home Decor,CH-4927,Gymnast (Large) Statue,Decor,Figurines,No pricelist from this supplier yet,https://creative-homedecor.com/wp-content/uploads/2025/10/DSC08187.jpg
Creative Home Decor,CH-4954,Gymnast (Regular) Statue,Decor,Figurines,No pricelist from this supplier yet,https://creative-homedecor.com/wp-content/uploads/2025/10/DSC08193.jpg
Creative Home Decor,CH-4963,Happy Elephant (Large) Statues – Set of 2 (Same Colour),Decor,Figurines,No pricelist from this supplier yet,https://creative-homedecor.com/wp-content/uploads/2025/10/DSC07942.jpg
Creative Home Decor,CH-4974,Happy Elephant (Regular) Statues – Set of 2 (Same Colour),Decor,Figurines,No pricelist from this supplier yet,https://creative-homedecor.com/wp-content/uploads/2025/10/DSC07953.jpg
Creative Home Decor,CH-4272,Harmony,Decor,Decor Objects,No pricelist from this supplier yet,https://creative-homedecor.com/wp-content/uploads/2025/10/Image_20250320171117.jpg
Creative Home Decor,CH-4409,Himalayan,Decor,Decor Objects,No pricelist from this supplier yet,https://creative-homedecor.com/wp-content/uploads/2025/10/Image_2025-08-19_110555_021.jpg
Creative Home Decor,CH-4995,Horse Statue,Decor,Figurines,No pricelist from this supplier yet,https://creative-homedecor.com/wp-content/uploads/2025/10/DSC00147.jpg
Creative Home Decor,CH-3507,Houston Coffee Table,Decor,Accent Furniture,No pricelist from this supplier yet,https://creative-homedecor.com/wp-content/uploads/2025/10/New-Project-4.webp
Creative Home Decor,CH-4276,Ideal,Decor,Decor Objects,No pricelist from this supplier yet,https://creative-homedecor.com/wp-content/uploads/2025/10/Image-9-2.jpg
Creative Home Decor,555021,Illumina Gold 3-Pack,Decor,Decor Objects,No pricelist from this supplier yet,https://creative-homedecor.com/wp-content/uploads/2025/10/Illumina-Gold.jpg
Creative Home Decor,555020,Illumina Nickel 3-Pack,Decor,Decor Objects,No pricelist from this supplier yet,https://creative-homedecor.com/wp-content/uploads/2025/10/Illumina-Nickel.jpg
Creative Home Decor,555013,Infinity Brass Table Lamp,Decor,Decor Objects,No pricelist from this supplier yet,https://creative-homedecor.com/wp-content/uploads/2025/10/2205.jpg
Creative Home Decor,555014,Infinity Nickel Table Lamp,Decor,Decor Objects,No pricelist from this supplier yet,https://creative-homedecor.com/wp-content/uploads/2025/10/2206.jpg
Creative Home Decor,CH-4364,Intimacy,Decor,Decor Objects,No pricelist from this supplier yet,https://creative-homedecor.com/wp-content/uploads/2025/10/Image_2025-08-19_110415_424.jpg
Creative Home Decor,CH-4426,Islamic Blessings,Decor,Decor Objects,No pricelist from this supplier yet,https://creative-homedecor.com/wp-content/uploads/2025/10/Image_2025-08-19_110620_236.jpg
Creative Home Decor,CH-4430,Islamic Crystal,Decor,Decor Objects,No pricelist from this supplier yet,https://creative-homedecor.com/wp-content/uploads/2025/10/Image_2025-08-19_110535_219.jpg
Creative Home Decor,CH-3754,Jack Coffee Table,Decor,Accent Furniture,No pricelist from this supplier yet,https://creative-homedecor.com/wp-content/uploads/2025/10/Jack-CT-White-High-Gloss-1.jpg
Creative Home Decor,CH-3511,Jackson Coffee Table,Decor,Accent Furniture,No pricelist from this supplier yet,https://creative-homedecor.com/wp-content/uploads/2025/10/New-Project-1-1.webp
Creative Home Decor,CH-5074,Jaguar Statue – Extra Large,Decor,Figurines,No pricelist from this supplier yet,https://creative-homedecor.com/wp-content/uploads/2025/10/Jaguar-Gold-1.jpg
Creative Home Decor,CH-5068,Jaguar Statue – Large,Decor,Figurines,No pricelist from this supplier yet,https://creative-homedecor.com/wp-content/uploads/2025/10/Jaguar-Silver-1.jpg
Creative Home Decor,CH-5061,Jaguar Statue – Medium,Decor,Figurines,No pricelist from this supplier yet,https://creative-homedecor.com/wp-content/uploads/2025/10/Jaguar-Gold-1.jpg
Creative Home Decor,CH-5032,Jaguar Statue – Small,Decor,Figurines,No pricelist from this supplier yet,https://creative-homedecor.com/wp-content/uploads/2025/10/Jaguar-Black-1.jpg
Creative Home Decor,CH-4368,Jasmine,Decor,Decor Objects,No pricelist from this supplier yet,https://creative-homedecor.com/wp-content/uploads/2025/10/Image_2025-08-19_110408_315.jpg
Creative Home Decor,CH-3852,Jean Accent Trolley,Decor,Accent Furniture,No pricelist from this supplier yet,https://creative-homedecor.com/wp-content/uploads/2025/10/Jean-Trolley-1.jpg
Creative Home Decor,CH-3430,Julius Console Table,Decor,Accent Furniture,No pricelist from this supplier yet,https://creative-homedecor.com/wp-content/uploads/2025/10/Julius-Console-1.jpg
Creative Home Decor,CH-3833,Kanon End Table,Decor,Accent Furniture,No pricelist from this supplier yet,https://creative-homedecor.com/wp-content/uploads/2025/10/Kanon-ET-1.jpg
Creative Home Decor,CH-4485,King Chess Piece – Large,Decor,Figurines,No pricelist from this supplier yet,https://creative-homedecor.com/wp-content/uploads/2025/10/King-Chess-Piece-Black.jpg
Creative Home Decor,CH-4889,King Kong,Decor,Figurines,No pricelist from this supplier yet,https://creative-homedecor.com/wp-content/uploads/2025/10/DSC00132.jpg
Creative Home Decor,CH-5079,King Lion,Decor,Figurines,No pricelist from this supplier yet,https://creative-homedecor.com/wp-content/uploads/2025/10/King-Lion-Gold-1.jpg
Creative Home Decor,CH-4518,Knight Chess Piece – Large,Decor,Figurines,No pricelist from this supplier yet,https://creative-homedecor.com/wp-content/uploads/2025/10/Knight-Chesspiece-Black-1.jpg
Creative Home Decor,CH-4372,Laila,Decor,Decor Objects,No pricelist from this supplier yet,https://creative-homedecor.com/wp-content/uploads/2025/10/Image_2025-08-19_110421_062.jpg
Creative Home Decor,CH-4592,Lakeview,Decor,Decor Objects,No pricelist from this supplier yet,https://creative-homedecor.com/wp-content/uploads/2025/10/Lakeview.jpg
Creative Home Decor,CH-3251,Lara Bench – Silver,Decor,Accent Furniture,No pricelist from this supplier yet,https://creative-homedecor.com/wp-content/uploads/2025/10/image-3-5.jpg
Creative Home Decor,CH-5089,Leaves Sculpture,Decor,Figurines,No pricelist from this supplier yet,https://creative-homedecor.com/wp-content/uploads/2025/10/DSC08049.jpg
Creative Home Decor,CH-4515,Leo – Large,Decor,Decor Objects,No pricelist from this supplier yet,https://creative-homedecor.com/wp-content/uploads/2025/10/KIng.jpg
Creative Home Decor,CH-4524,Leo – Regular,Decor,Decor Objects,No pricelist from this supplier yet,https://creative-homedecor.com/wp-content/uploads/2025/10/KIng.jpg
Creative Home Decor,CH-3805,Lexus Media Console,Decor,Accent Furniture,No pricelist from this supplier yet,https://creative-homedecor.com/wp-content/uploads/2025/10/Pic-2-scaled.jpg
Creative Home Decor,CH-5095,Lion Statue,Decor,Figurines,No pricelist from this supplier yet,https://creative-homedecor.com/wp-content/uploads/2025/10/DSC08109.jpg
Creative Home Decor,CH-3532,Logan Gold Coffee Table,Decor,Accent Furniture,No pricelist from this supplier yet,https://creative-homedecor.com/wp-content/uploads/2025/10/Logan-CT-Gold-1.jpg
Creative Home Decor,CH-3538,Logan Gold Console Table,Decor,Accent Furniture,No pricelist from this supplier yet,https://creative-homedecor.com/wp-content/uploads/2025/10/Logan-Console-Gold-1.jpg
Creative Home Decor,CH-3541,Logan Gold End Table,Decor,Accent Furniture,No pricelist from this supplier yet,https://creative-homedecor.com/wp-content/uploads/2025/10/Logan-ET-Gold-1.jpg
Creative Home Decor,CH-3524,Logan Silver Coffee Table,Decor,Accent Furniture,No pricelist from this supplier yet,https://creative-homedecor.com/wp-content/uploads/2025/10/Logan-CT-Silver-1.jpg
Creative Home Decor,CH-3529,Logan Silver End Table,Decor,Accent Furniture,No pricelist from this supplier yet,https://creative-homedecor.com/wp-content/uploads/2025/10/Logan-ET-Silver-1.jpg
Creative Home Decor,CH-4190,Long Vase – Set of 2 (Same Colour),Decor,Figurines,No pricelist from this supplier yet,https://creative-homedecor.com/wp-content/uploads/2025/10/DSC08299.jpg
Creative Home Decor,CH-4186,Lotus,Decor,Decor Objects,No pricelist from this supplier yet,https://creative-homedecor.com/wp-content/uploads/2025/10/Image_20250320171135.jpg
Creative Home Decor,CH-4754,Lovers Statue,Decor,Figurines,No pricelist from this supplier yet,https://creative-homedecor.com/wp-content/uploads/2025/10/DSC08137.jpg
Creative Home Decor,CH-4376,Lynx,Decor,Decor Objects,No pricelist from this supplier yet,https://creative-homedecor.com/wp-content/uploads/2025/10/Image_2025-08-19_110432_368.jpg
Creative Home Decor,CH-3205,Lyon Bench,Decor,Accent Furniture,No pricelist from this supplier yet,https://creative-homedecor.com/wp-content/uploads/2025/10/image-2-6.jpg
Creative Home Decor,CH-5127,Madonna Sculpture,Decor,Figurines,No pricelist from this supplier yet,https://creative-homedecor.com/wp-content/uploads/2025/10/Madonna-Red-1.jpg
Creative Home Decor,800601,Madrid Server,Decor,Accent Furniture,No pricelist from this supplier yet,https://creative-homedecor.com/wp-content/uploads/2025/11/Madrid-2.jpg
Creative Home Decor,555033,Maestro Floor Lamp,Decor,Decor Objects,No pricelist from this supplier yet,https://creative-homedecor.com/wp-content/uploads/2025/10/3f566d64cab8c04140601e367cf18952.jpg
Creative Home Decor,CH-4388,Magical,Decor,Decor Objects,No pricelist from this supplier yet,https://creative-homedecor.com/wp-content/uploads/2025/10/Image_2025-08-19_110355_499.jpg
Creative Home Decor,CH-3553,Manhattan Gold Coffee Table,Decor,Accent Furniture,No pricelist from this supplier yet,https://creative-homedecor.com/wp-content/uploads/2025/10/Manhattan-CT-Gold-1.jpg
Creative Home Decor,CH-3559,Manhattan Gold End Table,Decor,Accent Furniture,No pricelist from this supplier yet,https://creative-homedecor.com/wp-content/uploads/2025/10/Manhattan-ET-Gold-1.jpg
Creative Home Decor,CH-3544,Manhattan Silver Coffee Table,Decor,Accent Furniture,No pricelist from this supplier yet,https://creative-homedecor.com/wp-content/uploads/2025/10/Manhattan-CT-Silver-1.jpg
Creative Home Decor,CH-3550,Manhattan Silver End Table,Decor,Accent Furniture,No pricelist from this supplier yet,https://creative-homedecor.com/wp-content/uploads/2025/10/Manhattan-ET-Silver-1.jpg
Creative Home Decor,CH-3812,Marco Media Console,Decor,Accent Furniture,No pricelist from this supplier yet,https://creative-homedecor.com/wp-content/uploads/2025/10/Marco-TV-Stand-1.jpg
Creative Home Decor,CH-4392,Mardi Gras,Decor,Decor Objects,No pricelist from this supplier yet,https://creative-homedecor.com/wp-content/uploads/2025/10/Image_2025-08-19_110111_584.jpg
Creative Home Decor,CH-3265,Marvel Ottoman,Decor,Accent Furniture,No pricelist from this supplier yet,https://creative-homedecor.com/wp-content/uploads/2025/10/Marvel-Ottoman-Grey.jpg
Creative Home Decor,CH-3562,Maxwell Coffee Table,Decor,Accent Furniture,No pricelist from this supplier yet,https://creative-homedecor.com/wp-content/uploads/2025/10/Maxwell-CT-Grey-1.jpg
Creative Home Decor,CH-3570,Maxwell End Table,Decor,Accent Furniture,No pricelist from this supplier yet,https://creative-homedecor.com/wp-content/uploads/2025/10/Maxwell-ET-Wenge-1-scaled.jpg
Creative Home Decor,CH-3574,Melody Coffee Table,Decor,Accent Furniture,No pricelist from this supplier yet,https://creative-homedecor.com/wp-content/uploads/2025/10/image-7-4.jpg
Creative Home Decor,CH-4579,Melting Glacier – Large,Decor,Decor Objects,No pricelist from this supplier yet,https://creative-homedecor.com/wp-content/uploads/2025/10/Melting-glacier.jpg
Creative Home Decor,CH-4574,Melting Glacier – Regular,Decor,Decor Objects,No pricelist from this supplier yet,https://creative-homedecor.com/wp-content/uploads/2025/10/Melting-glacier.jpg
Creative Home Decor,CH-4396,Moments,Decor,Decor Objects,No pricelist from this supplier yet,https://creative-homedecor.com/wp-content/uploads/2025/10/Image_2025-08-19_110458_393.jpg
Creative Home Decor,CH-4444,Morning Horses,Decor,Decor Objects,No pricelist from this supplier yet,https://creative-homedecor.com/wp-content/uploads/2025/10/Image_2025-08-19_110439_132.jpg
Creative Home Decor,CH-4400,Mufasa,Decor,Decor Objects,No pricelist from this supplier yet,https://creative-homedecor.com/wp-content/uploads/2025/10/Image_2025-08-19_110446_225.jpg
Creative Home Decor,CH-4449,Mystery,Decor,Decor Objects,No pricelist from this supplier yet,https://creative-homedecor.com/wp-content/uploads/2025/10/Image_2025-08-19_110528_790.jpg
Creative Home Decor,CH-4281,Mystic,Decor,Decor Objects,No pricelist from this supplier yet,https://creative-homedecor.com/wp-content/uploads/2025/10/Image-10-2.jpg
Creative Home Decor,CH-4586,NY,Decor,Decor Objects,No pricelist from this supplier yet,https://creative-homedecor.com/wp-content/uploads/2025/10/NY.jpg
Creative Home Decor,CH-5296,Namaste Yoga,Decor,Figurines,No pricelist from this supplier yet,https://creative-homedecor.com/wp-content/uploads/2025/10/Yoga-Namaste-Black.jpg
Creative Home Decor,CH-3637,Nano Coffee Table,Decor,Accent Furniture,No pricelist from this supplier yet,https://creative-homedecor.com/wp-content/uploads/2025/10/Nano-CT-Black-1.jpg
Creative Home Decor,CH-3654,Nano End Table,Decor,Accent Furniture,No pricelist from this supplier yet,https://creative-homedecor.com/wp-content/uploads/2025/10/Nano-ET-Cappuccino-1.jpg
Creative Home Decor,CH-3818,Nano Media Console,Decor,Accent Furniture,No pricelist from this supplier yet,https://creative-homedecor.com/wp-content/uploads/2025/10/Nano-TV-Stand-White-1.jpg
Creative Home Decor,CH-4312,Nebula,Decor,Decor Objects,No pricelist from this supplier yet,https://creative-homedecor.com/wp-content/uploads/2025/10/Image_20250320171140.jpg
Creative Home Decor,CH-3743,Nicholas Console Table,Decor,Accent Furniture,No pricelist from this supplier yet,https://creative-homedecor.com/wp-content/uploads/2025/10/Nicholas-Console-1.jpg
Creative Home Decor,CH-3750,Nicholas End Table,Decor,Accent Furniture,No pricelist from this supplier yet,https://creative-homedecor.com/wp-content/uploads/2025/10/Nicholas-ET-1.jpg
Creative Home Decor,CH-3588,Nicole Coffee Table,Decor,Accent Furniture,No pricelist from this supplier yet,https://creative-homedecor.com/wp-content/uploads/2025/10/image-6-2.jpg
Creative Home Decor,CH-3859,Ninja Accent Side Table,Decor,Accent Furniture,No pricelist from this supplier yet,https://creative-homedecor.com/wp-content/uploads/2025/10/Ninja-ET-1.jpg
Creative Home Decor,CH-4289,Nirvana,Decor,Decor Objects,No pricelist from this supplier yet,https://creative-homedecor.com/wp-content/uploads/2025/10/Image_20250320171112.jpg
Creative Home Decor,CH-3677,Norway Rose Gold Console Table,Decor,Accent Furniture,No pricelist from this supplier yet,https://creative-homedecor.com/wp-content/uploads/2025/10/Norway-Console-Rose-Gold-1.jpg
Creative Home Decor,CH-3661,Norway Silver Coffee Table,Decor,Accent Furniture,No pricelist from this supplier yet,https://creative-homedecor.com/wp-content/uploads/2025/10/Norway-CT-Silver-1.jpg
Creative Home Decor,CH-3669,Norway Silver Console Table,Decor,Accent Furniture,No pricelist from this supplier yet,https://creative-homedecor.com/wp-content/uploads/2025/10/Norway-Console-Silver-1.jpg
Creative Home Decor,CH-3672,Norway Silver End Table,Decor,Accent Furniture,No pricelist from this supplier yet,https://creative-homedecor.com/wp-content/uploads/2025/10/Norway-ET-Silver-1.jpg
Creative Home Decor,CH-4322,Oak,Decor,Decor Objects,No pricelist from this supplier yet,https://creative-homedecor.com/wp-content/uploads/2025/10/Image_20250320171107.jpg
Creative Home Decor,CH-5022,Olympian Statue,Decor,Figurines,No pricelist from this supplier yet,https://creative-homedecor.com/wp-content/uploads/2025/10/DSC08210.jpg
Creative Home Decor,CH-3682,Omega Coffee Table,Decor,Accent Furniture,No pricelist from this supplier yet,https://creative-homedecor.com/wp-content/uploads/2025/10/OMEGA-CT-ET-CNSL-MAIN-PIC.jpg
Creative Home Decor,CH-3690,Omega Console Table,Decor,Accent Furniture,No pricelist from this supplier yet,https://creative-homedecor.com/wp-content/uploads/2025/10/omegacslEDITED.jpg
Creative Home Decor,CH-3693,Omega End Table,Decor,Accent Furniture,No pricelist from this supplier yet,https://creative-homedecor.com/wp-content/uploads/2025/10/OMEGA-ET-CNSL-MAIN-PIC.jpg
Creative Home Decor,CH-3599,Orbit Coffee Table,Decor,Accent Furniture,No pricelist from this supplier yet,https://creative-homedecor.com/wp-content/uploads/2025/10/Orbit-CT-1.jpg
Creative Home Decor,CH-3515,Orlando Coffee Table,Decor,Accent Furniture,No pricelist from this supplier yet,https://creative-homedecor.com/wp-content/uploads/2025/10/DSC_0413-A.jpg
Creative Home Decor,CH-4919,Panther Statue,Decor,Figurines,No pricelist from this supplier yet,https://creative-homedecor.com/wp-content/uploads/2025/10/DSC08171.jpg
Creative Home Decor,CH-4671,Peace Buddha,Decor,Figurines,No pricelist from this supplier yet,https://creative-homedecor.com/wp-content/uploads/2025/10/DSC08005.jpg
Creative Home Decor,CH-4453,Peacock,Decor,Decor Objects,No pricelist from this supplier yet,https://creative-homedecor.com/wp-content/uploads/2025/10/Image_2025-08-19_110516_701.jpg
Creative Home Decor,CH-4979,Pegasus Statue,Decor,Figurines,No pricelist from this supplier yet,https://creative-homedecor.com/wp-content/uploads/2025/10/DSC00140.jpg
Creative Home Decor,CH-5154,Prada Purse Sculpture,Decor,Figurines,No pricelist from this supplier yet,https://creative-homedecor.com/wp-content/uploads/2025/10/DSC08317.jpg
Creative Home Decor,555030,Premier Floor Lamp,Decor,Decor Objects,No pricelist from this supplier yet,https://creative-homedecor.com/wp-content/uploads/2025/10/1120FF.jpg
Creative Home Decor,CH-4506,Queen Chess Piece – Large,Decor,Figurines,No pricelist from this supplier yet,https://creative-homedecor.com/wp-content/uploads/2025/10/Queen-Chesspiece-White.jpg
Creative Home Decor,555018,Radiant Floor Lamp,Decor,Decor Objects,No pricelist from this supplier yet,https://creative-homedecor.com/wp-content/uploads/2025/10/2221.jpg
Creative Home Decor,555017,Radiant Table Lamp,Decor,Decor Objects,No pricelist from this supplier yet,https://creative-homedecor.com/wp-content/uploads/2025/10/2220.jpg
Creative Home Decor,CH-4551,Rainbow Reindeer,Decor,Decor Objects,No pricelist from this supplier yet,https://creative-homedecor.com/wp-content/uploads/2025/10/Deer2.jpg
Creative Home Decor,CH-4563,Rainy Day – Large,Decor,Decor Objects,No pricelist from this supplier yet,https://creative-homedecor.com/wp-content/uploads/2025/10/Rainy-Day.jpg
Creative Home Decor,CH-4556,Rainy Day – Regular,Decor,Decor Objects,No pricelist from this supplier yet,https://creative-homedecor.com/wp-content/uploads/2025/10/Rainy-Day.jpg
Creative Home Decor,CH-4293,Ray,Decor,Decor Objects,No pricelist from this supplier yet,https://creative-homedecor.com/wp-content/uploads/2025/10/Image_20250320171051.jpg
Creative Home Decor,555032,Regal Floor Lamp,Decor,Decor Objects,No pricelist from this supplier yet,https://creative-homedecor.com/wp-content/uploads/2025/10/ea1c75d41c31406c16d0395dd2def8b5.jpg
Creative Home Decor,CH-5133,Reindeer Head Sculpture,Decor,Figurines,No pricelist from this supplier yet,https://creative-homedecor.com/wp-content/uploads/2025/10/DSC08019.jpg
Creative Home Decor,CH-5312,Relaxed Yoga,Decor,Figurines,No pricelist from this supplier yet,https://creative-homedecor.com/wp-content/uploads/2025/10/Yoga-Relaxed-Red.jpg
Creative Home Decor,CH-3988,Retro Lounge Chair,Decor,Accent Furniture,No pricelist from this supplier yet,https://creative-homedecor.com/wp-content/uploads/2025/10/Retro-White-Lounge-Chair-1.jpg
Creative Home Decor,CH-3621,Ring Coffee Table,Decor,Accent Furniture,No pricelist from this supplier yet,https://creative-homedecor.com/wp-content/uploads/2025/10/Ring-CT-Silver-1.jpg
Creative Home Decor,CH-3629,Ring End Table,Decor,Accent Furniture,No pricelist from this supplier yet,https://creative-homedecor.com/wp-content/uploads/2025/10/Ring-ET-Black-1.jpg
Creative Home Decor,CH-5200,Royal Lion Statue,Decor,Figurines,No pricelist from this supplier yet,https://creative-homedecor.com/wp-content/uploads/2025/10/DSC08224.jpg
Creative Home Decor,CH-4527,Sail Away,Decor,Decor Objects,No pricelist from this supplier yet,https://creative-homedecor.com/wp-content/uploads/2025/10/Sail-Away.jpg
Creative Home Decor,CH-3520,Sandra Coffee Table,Decor,Accent Furniture,No pricelist from this supplier yet,https://creative-homedecor.com/wp-content/uploads/2025/10/Sandra-Regular-CT.jpg
Creative Home Decor,CH-4432,Sarah Sculpture,Decor,Figurines,No pricelist from this supplier yet,https://creative-homedecor.com/wp-content/uploads/2025/10/DSC08304.jpg
Creative Home Decor,CH-3696,Saturn Black-Walnut Wood Coffee Table,Decor,Accent Furniture,No pricelist from this supplier yet,https://creative-homedecor.com/wp-content/uploads/2025/10/Saturn-CT-Walnut-Wood-1.jpg
Creative Home Decor,CH-3715,Saturn Glossy White Coffee Table,Decor,Accent Furniture,No pricelist from this supplier yet,https://creative-homedecor.com/wp-content/uploads/2025/10/Saturn-CT-1.jpg
Creative Home Decor,CH-5233,Secret Sculpture,Decor,Figurines,No pricelist from this supplier yet,https://creative-homedecor.com/wp-content/uploads/2025/10/DSC08238.jpg
Creative Home Decor,CH-5109,Simba Statue,Decor,Figurines,No pricelist from this supplier yet,https://creative-homedecor.com/wp-content/uploads/2025/10/DSC08280.jpg
Creative Home Decor,CH-5316,Sitting Yoga,Decor,Figurines,No pricelist from this supplier yet,https://creative-homedecor.com/wp-content/uploads/2025/10/Yoga-Sitting-Black.jpg
Creative Home Decor,CH-3593,Sophia Coffee Table,Decor,Accent Furniture,No pricelist from this supplier yet,https://creative-homedecor.com/wp-content/uploads/2025/10/Sophia-CT-1.jpg
Creative Home Decor,555023,Space Table Lamp,Decor,Decor Objects,No pricelist from this supplier yet,https://creative-homedecor.com/wp-content/uploads/2025/10/1107F-copy.jpg
Creative Home Decor,CH-4439,Splash Water Sculpture,Decor,Figurines,No pricelist from this supplier yet,https://creative-homedecor.com/wp-content/uploads/2025/10/DSC08324.jpg
Creative Home Decor,CH-4326,Squares,Decor,Decor Objects,No pricelist from this supplier yet,https://creative-homedecor.com/wp-content/uploads/2025/10/Image_20250320171102.jpg
Creative Home Decor,CH-5103,Stallion Statue,Decor,Figurines,No pricelist from this supplier yet,https://creative-homedecor.com/wp-content/uploads/2025/10/DSC08242.jpg
Creative Home Decor,555034,Stellar Floor Lamp,Decor,Decor Objects,No pricelist from this supplier yet,https://creative-homedecor.com/wp-content/uploads/2025/10/d79ceefb90eb2d389b6d9bd7b0e1235c.jpg
Creative Home Decor,CH-4822,Stud Horse Statue,Decor,Figurines,No pricelist from this supplier yet,https://creative-homedecor.com/wp-content/uploads/2025/10/DSC08154.jpg
Creative Home Decor,555024,Studio Table Lamp,Decor,Decor Objects,No pricelist from this supplier yet,https://creative-homedecor.com/wp-content/uploads/2025/10/1114.jpg
Creative Home Decor,CH-4566,Sunrise,Decor,Decor Objects,No pricelist from this supplier yet,https://creative-homedecor.com/wp-content/uploads/2025/10/Sunrise.jpg
Creative Home Decor,CH-4465,Sunset Horses,Decor,Decor Objects,No pricelist from this supplier yet,https://creative-homedecor.com/wp-content/uploads/2025/10/Image_2025-08-19_110600_722.jpg
Creative Home Decor,CH-4596,Sunset View,Decor,Decor Objects,No pricelist from this supplier yet,https://creative-homedecor.com/wp-content/uploads/2025/10/Sunset-view.jpg
Creative Home Decor,CH-3970,Swan/Egg Ottoman,Decor,Accent Furniture,No pricelist from this supplier yet,https://creative-homedecor.com/wp-content/uploads/2025/10/Swan-Accent-Chair-Ottoman-Set-Red-1.jpg
Creative Home Decor,CH-4716,Swans Statues – Set of 2 (Same Colour),Decor,Figurines,No pricelist from this supplier yet,https://creative-homedecor.com/wp-content/uploads/2025/10/DSC08208.jpg
Creative Home Decor,CH-4413,Swirl,Decor,Decor Objects,No pricelist from this supplier yet,https://creative-homedecor.com/wp-content/uploads/2025/10/Image_2025-08-19_110346_701.jpg
Creative Home Decor,CH-3733,Symphony Console Table,Decor,Accent Furniture,No pricelist from this supplier yet,https://creative-homedecor.com/wp-content/uploads/2025/10/Symphony-Console-Plain-Wood-1.jpg
Creative Home Decor,CH-3739,Symphony End Table,Decor,Accent Furniture,No pricelist from this supplier yet,https://creative-homedecor.com/wp-content/uploads/2025/10/Symphony-ET-Plain-Wood-1.jpg
Creative Home Decor,CH-4858,Tango Statue,Decor,Figurines,No pricelist from this supplier yet,https://creative-homedecor.com/wp-content/uploads/2025/10/Tango-Gold-Silver-1.jpg
Creative Home Decor,CH-5220,Taurus Statue,Decor,Figurines,No pricelist from this supplier yet,https://creative-homedecor.com/wp-content/uploads/2025/10/Taurus-Red-1.jpg
Creative Home Decor,CH-3581,Tesla Coffee Table,Decor,Accent Furniture,No pricelist from this supplier yet,https://creative-homedecor.com/wp-content/uploads/2025/10/Tesla-CT-1.jpg
Creative Home Decor,CH-5251,Thirsty Horse Sculpture,Decor,Figurines,No pricelist from this supplier yet,https://creative-homedecor.com/wp-content/uploads/2025/10/DSC08230.jpg
Creative Home Decor,CH-5242,Tiger Statue,Decor,Figurines,No pricelist from this supplier yet,https://creative-homedecor.com/wp-content/uploads/2025/10/DSC08274.jpg
Creative Home Decor,CH-4302,Tiles,Decor,Decor Objects,No pricelist from this supplier yet,https://creative-homedecor.com/wp-content/uploads/2025/10/Image_20250320171046.jpg
Creative Home Decor,CH-3420,Titanic Coffee Table,Decor,Accent Furniture,No pricelist from this supplier yet,https://creative-homedecor.com/wp-content/uploads/2025/10/New-Project-15.jpg
Creative Home Decor,CH-3837,Tokyo Accent Side Table,Decor,Accent Furniture,No pricelist from this supplier yet,https://creative-homedecor.com/wp-content/uploads/2025/10/Tokyo-Accent-Red-1.jpg
Creative Home Decor,CH-4417,Toronto Skyline,Decor,Decor Objects,No pricelist from this supplier yet,https://creative-homedecor.com/wp-content/uploads/2025/10/Image_2025-08-19_110542_427.jpg
Creative Home Decor,CH-4539,Trees,Decor,Decor Objects,No pricelist from this supplier yet,https://creative-homedecor.com/wp-content/uploads/2025/10/Trees.jpg
Creative Home Decor,555031,Triplets Floor Lamp,Decor,Decor Objects,No pricelist from this supplier yet,https://creative-homedecor.com/wp-content/uploads/2025/10/Image_20240119111057.jpg
Creative Home Decor,CH-5124,Tusker Elephant Statue,Decor,Figurines,No pricelist from this supplier yet,https://creative-homedecor.com/wp-content/uploads/2025/10/DSC08056.jpg
Creative Home Decor,CH-3798,Tyler Desk,Decor,Accent Furniture,No pricelist from this supplier yet,https://creative-homedecor.com/wp-content/uploads/2025/10/Tyler-Desk-1.jpg
Creative Home Decor,CH-4038,Valentine Armchair Sofa,Decor,Accent Furniture,No pricelist from this supplier yet,https://creative-homedecor.com/wp-content/uploads/2025/10/Valentine-Armchair-Grey-1.jpg
Creative Home Decor,CH-5262,Venus Bust,Decor,Figurines,No pricelist from this supplier yet,https://creative-homedecor.com/wp-content/uploads/2025/10/DSC08245.jpg
Creative Home Decor,CH-4605,Waves – Regular,Decor,Decor Objects,No pricelist from this supplier yet,https://creative-homedecor.com/wp-content/uploads/2025/10/Waves-SILVER-scaled.jpg
Creative Home Decor,CH-3718,Wills Coffee Table,Decor,Accent Furniture,No pricelist from this supplier yet,https://creative-homedecor.com/wp-content/uploads/2025/10/Wills-CT-Wood-1.jpg
Creative Home Decor,CH-3725,Wills Console Table,Decor,Accent Furniture,No pricelist from this supplier yet,https://creative-homedecor.com/wp-content/uploads/2025/10/Wills-Console-Wood-1.jpg
Creative Home Decor,CH-3729,Wills End Table,Decor,Accent Furniture,No pricelist from this supplier yet,https://creative-homedecor.com/wp-content/uploads/2025/10/Wills-ET-Wood-1.jpg
Creative Home Decor,CH-3607,Windsor Coffee Table,Decor,Accent Furniture,No pricelist from this supplier yet,https://creative-homedecor.com/wp-content/uploads/2025/10/Windsor-CT-1.jpg
Creative Home Decor,CH-3614,Windsor Console Table,Decor,Accent Furniture,No pricelist from this supplier yet,https://creative-homedecor.com/wp-content/uploads/2025/10/Windsor-Console-1.jpg
Creative Home Decor,CH-3617,Windsor End Table,Decor,Accent Furniture,No pricelist from this supplier yet,https://creative-homedecor.com/wp-content/uploads/2025/10/Windsor-ET-1.jpg
Creative Home Decor,CH-4421,Wow,Decor,Decor Objects,No pricelist from this supplier yet,https://creative-homedecor.com/wp-content/uploads/2025/10/Image_2025-08-19_110402_340.jpg
Creative Home Decor,CH-3863,Zed Accent Trolley,Decor,Accent Furniture,No pricelist from this supplier yet,https://creative-homedecor.com/wp-content/uploads/2025/10/Zed-Trolley-1.jpg
Creative Home Decor,CH-3280,Zen Bench – Silver,Decor,Accent Furniture,No pricelist from this supplier yet,https://creative-homedecor.com/wp-content/uploads/2025/10/image-1-8.jpg
Creative Home Decor,CH-7905,Accord Dining Chair – Gold,Dining,Dining Chairs,No pricelist from this supplier yet,https://creative-homedecor.com/wp-content/uploads/2025/11/image-1-1.jpg
Creative Home Decor,CH-7903,Accord Dining Chair – Silver,Dining,Dining Chairs,No pricelist from this supplier yet,https://creative-homedecor.com/wp-content/uploads/2025/11/image-7-2-1.jpg
Creative Home Decor,CH-7904,Alisha Dining Chair – Silver/Gold,Dining,Dining Chairs,No pricelist from this supplier yet,https://creative-homedecor.com/wp-content/uploads/2025/11/image-2-1.jpg
Creative Home Decor,CH-7906,Anne Dining Chair,Dining,Dining Chairs,No pricelist from this supplier yet,https://creative-homedecor.com/wp-content/uploads/2025/11/image-5.jpg
Creative Home Decor,CH-7907,Apex Dining Chair,Dining,Dining Chairs,No pricelist from this supplier yet,https://creative-homedecor.com/wp-content/uploads/2025/11/image-4-1.jpg
Creative Home Decor,CH-7908,Askar Dining Chair – Rose Gold,Dining,Dining Chairs,No pricelist from this supplier yet,https://creative-homedecor.com/wp-content/uploads/2025/11/image-6.jpg
Creative Home Decor,CH-7909,Bella Dining Chair – Silver,Dining,Dining Chairs,No pricelist from this supplier yet,https://creative-homedecor.com/wp-content/uploads/2025/11/image-8-1.jpg
Creative Home Decor,CH-6931,Bentley & Macau Modern Dining Set,Dining,Dining Sets,No pricelist from this supplier yet,https://creative-homedecor.com/wp-content/uploads/2025/11/Pic-2.jpg
Creative Home Decor,CH-6912,Bentley & Zen Extendable Dining Set,Dining,Dining Sets,No pricelist from this supplier yet,https://creative-homedecor.com/wp-content/uploads/2025/11/New-Project-3.jpg
Creative Home Decor,770100,Bentley Dining Table,Dining,Dining Sets,No pricelist from this supplier yet,https://creative-homedecor.com/wp-content/uploads/2025/11/Bentley-Dining-Table-2.jpg
Creative Home Decor,CH-6911,Bentz & Victory Compact Extendable Dining Set,Dining,Dining Sets,No pricelist from this supplier yet,https://creative-homedecor.com/wp-content/uploads/2025/11/4-1-1.jpg
Creative Home Decor,900955,Bentz Dining Table – Glossy Lacquer,Dining,Dining Sets,No pricelist from this supplier yet,https://creative-homedecor.com/wp-content/uploads/2025/11/image-20.jpg
Creative Home Decor,CH-7912,Bianca Dining Chair – Black Nickel,Dining,Dining Chairs,No pricelist from this supplier yet,https://creative-homedecor.com/wp-content/uploads/2025/11/BIANCA-GREY-PUBLACK-NICKEL-2-scaled-1.jpg
Creative Home Decor,CH-7911,Bianca Dining Chair – Gold,Dining,Dining Chairs,No pricelist from this supplier yet,https://creative-homedecor.com/wp-content/uploads/2025/11/BIANCA-WHITE-PUGOLD-2-scaled-1.jpg
Creative Home Decor,CH-7910,Bianca Dining Chair – Silver,Dining,Dining Chairs,No pricelist from this supplier yet,https://creative-homedecor.com/wp-content/uploads/2025/11/BIANCA-GREY-VELVETSILVER-2-scaled-1.jpg
Creative Home Decor,CH-3109,Britt Pub Chair – Silver,Dining,Dining Sets,No pricelist from this supplier yet,https://creative-homedecor.com/wp-content/uploads/2025/10/image-15-2.jpg
Creative Home Decor,CH-7915,Capri Dining Chair – Black Nickel,Dining,Dining Chairs,No pricelist from this supplier yet,https://creative-homedecor.com/wp-content/uploads/2025/11/CAPRI-600058-GREY-PUBLACK-NICKEL-scaled-1.jpg
Creative Home Decor,CH-7914,Capri Dining Chair – Gold,Dining,Dining Chairs,No pricelist from this supplier yet,https://creative-homedecor.com/wp-content/uploads/2025/11/Gemini_Generated_Image_895qdc895qdc895q.jpg
Creative Home Decor,CH-7913,Capri Dining Chair – Silver,Dining,Dining Chairs,No pricelist from this supplier yet,https://creative-homedecor.com/wp-content/uploads/2025/11/CAPRI-600052-GREY-VELVETSILVER-scaled-1.jpg
Creative Home Decor,CH-6851,Castor & Accord Extendable Dining Set,Dining,Dining Sets,No pricelist from this supplier yet,https://creative-homedecor.com/wp-content/uploads/2025/11/Pic-2-5.jpg
Creative Home Decor,CH-6855,Castor & Accord Extendable Silver Dining Set,Dining,Dining Sets,No pricelist from this supplier yet,https://creative-homedecor.com/wp-content/uploads/2025/11/Pic-2-6.jpg
Creative Home Decor,CH-6854,Castor & Anne Extendable Dining Set,Dining,Dining Sets,No pricelist from this supplier yet,https://creative-homedecor.com/wp-content/uploads/2025/11/Pic-1-1-1.webp
Creative Home Decor,CH-6850,Castor & Ohio Extendable Dining Set,Dining,Dining Sets,No pricelist from this supplier yet,https://creative-homedecor.com/wp-content/uploads/2025/11/Price-List-Pic-1.webp
Creative Home Decor,222102,Castor Gold Dining Table,Dining,Dining Sets,No pricelist from this supplier yet,https://creative-homedecor.com/wp-content/uploads/2025/11/New-Project-1.webp
Creative Home Decor,222002,Castor Silver Dining Table,Dining,Dining Sets,No pricelist from this supplier yet,https://creative-homedecor.com/wp-content/uploads/2025/11/New-Project-2.webp
Creative Home Decor,CH-8385,CeeCee & Juliet Elegant Dining Set,Dining,Dining Sets,No pricelist from this supplier yet,https://creative-homedecor.com/wp-content/uploads/2025/11/3-5.jpg
Creative Home Decor,CH-8407,CeeCee & Juliet Premier Dining Set,Dining,Dining Sets,No pricelist from this supplier yet,https://creative-homedecor.com/wp-content/uploads/2025/11/Pic-2-1-1.webp
Creative Home Decor,CH-8374,CeeCee & Tina Glam Dining Set,Dining,Dining Sets,No pricelist from this supplier yet,https://creative-homedecor.com/wp-content/uploads/2025/11/Gemini_Generated_Image_w83yzhw83yzhw83y.jpg
Creative Home Decor,CH-8397,CeeCee & Xia Grand Dining Set,Dining,Dining Sets,No pricelist from this supplier yet,https://creative-homedecor.com/wp-content/uploads/2025/11/1-2-2.jpg
Creative Home Decor,CH-8387,CeeCee & Zara Chic Dining Set,Dining,Dining Sets,No pricelist from this supplier yet,https://creative-homedecor.com/wp-content/uploads/2025/11/Pic-2-4-2.jpg
Creative Home Decor,310102,CeeCee 71” Dining Table – Gold,Dining,Dining Sets,No pricelist from this supplier yet,https://creative-homedecor.com/wp-content/uploads/2025/11/Pic-1-1-2.jpg
Creative Home Decor,310100,CeeCee 71” Dining Table – Silver,Dining,Dining Sets,No pricelist from this supplier yet,https://creative-homedecor.com/wp-content/uploads/2025/11/1-1-2.jpg
Creative Home Decor,310103,CeeCee 80” Dining Table – Gold,Dining,Dining Sets,No pricelist from this supplier yet,https://creative-homedecor.com/wp-content/uploads/2025/11/Pic-1-1-2.jpg
Creative Home Decor,310101,CeeCee 80” Dining Table – Silver,Dining,Dining Sets,No pricelist from this supplier yet,https://creative-homedecor.com/wp-content/uploads/2025/11/1-1-2.jpg
Creative Home Decor,710101,CeeCee Double Pedestal Dining Table – Gold with 12mm Thick Glass,Dining,Dining Sets,No pricelist from this supplier yet,https://creative-homedecor.com/wp-content/uploads/2025/11/Pic-1-2-2.jpg
Creative Home Decor,710201,CeeCee Double Pedestal Dining Table – Gold with 15mm Extra Thick Glass,Dining,Dining Sets,No pricelist from this supplier yet,https://creative-homedecor.com/wp-content/uploads/2025/11/Pic-1-2-2.jpg
Creative Home Decor,710100,CeeCee Double Pedestal Dining Table – Silver with 12mm Thick Glass,Dining,Dining Sets,No pricelist from this supplier yet,https://creative-homedecor.com/wp-content/uploads/2025/11/Pic-1-3-2.jpg
Creative Home Decor,710200,CeeCee Double Pedestal Dining Table – Silver with 15mm Extra Thick Glass,Dining,Dining Sets,No pricelist from this supplier yet,https://creative-homedecor.com/wp-content/uploads/2025/11/Pic-1-3-2.jpg
Creative Home Decor,CH-7916,Century Dining Chair – Silver,Dining,Dining Chairs,No pricelist from this supplier yet,https://creative-homedecor.com/wp-content/uploads/2025/11/image-3-1.jpg
Creative Home Decor,CH-7917,Chicago Dining Chair – Gold,Dining,Dining Chairs,No pricelist from this supplier yet,https://creative-homedecor.com/wp-content/uploads/2025/11/image-1-3.jpg
Creative Home Decor,CH-7918,Chicago Dining Chair – Silver,Dining,Dining Chairs,No pricelist from this supplier yet,https://creative-homedecor.com/wp-content/uploads/2025/11/New-Project-6.jpg
Creative Home Decor,CH-3080,Chicago Pub/Counter Chair – Silver,Dining,Dining Sets,No pricelist from this supplier yet,https://creative-homedecor.com/wp-content/uploads/2025/10/Chicago-Counter-Chair-Blue-Silver-1.jpg
Creative Home Decor,CH-7920,Cinderella Dining Chair – Silver,Dining,Dining Chairs,No pricelist from this supplier yet,https://creative-homedecor.com/wp-content/uploads/2025/11/New-Project-5.jpg
Creative Home Decor,CH-3098,Cinderella Pub/Counter Chair – Silver,Dining,Dining Sets,No pricelist from this supplier yet,https://creative-homedecor.com/wp-content/uploads/2025/10/image-14-3.jpg
Creative Home Decor,CH-6857,Comet & Accord Wood-Glass Dining Set,Dining,Dining Sets,No pricelist from this supplier yet,https://creative-homedecor.com/wp-content/uploads/2025/11/Price-List-Pic-2-5.jpg
Creative Home Decor,CH-8749,Comet & Britt Contemporary Pub Set,Dining,Dining Sets,No pricelist from this supplier yet,https://creative-homedecor.com/wp-content/uploads/2025/11/Pic-2-14-1.jpg
Creative Home Decor,CH-6856,Comet & Victory Dining Set,Dining,Dining Sets,No pricelist from this supplier yet,https://creative-homedecor.com/wp-content/uploads/2025/11/Pic-1-2.webp
Creative Home Decor,300100,Comet Dining Table,Dining,Dining Sets,No pricelist from this supplier yet,https://creative-homedecor.com/wp-content/uploads/2025/11/New-Project-3.webp
Creative Home Decor,300110,Comet Pub Table,Dining,Dining Sets,No pricelist from this supplier yet,https://creative-homedecor.com/wp-content/uploads/2025/11/DSC07491.jpg
Creative Home Decor,CH-8747,Comet Pub Table & Pringle Pub Chair Set,Dining,Dining Sets,No pricelist from this supplier yet,https://creative-homedecor.com/wp-content/uploads/2025/11/1-11.jpg
Creative Home Decor,CH-6840,Crescent & Juliet Crystal-Chrome Dining Set,Dining,Dining Sets,No pricelist from this supplier yet,https://creative-homedecor.com/wp-content/uploads/2025/11/Picture-1-1.jpg
Creative Home Decor,CH-6841,Crescent & Lincoln Chrome Harmony Dining Set,Dining,Dining Sets,No pricelist from this supplier yet,https://creative-homedecor.com/wp-content/uploads/2025/11/Picture-2-1.jpg
Creative Home Decor,704100,Crescent Dining Table,Dining,Dining Sets,No pricelist from this supplier yet,https://creative-homedecor.com/wp-content/uploads/2025/10/DSC00293.jpg
Creative Home Decor,CH-6879,Crown & Tina Signature Dining Set,Dining,Dining Sets,No pricelist from this supplier yet,https://creative-homedecor.com/wp-content/uploads/2025/11/Price-List-Pic-2.webp
Creative Home Decor,100110,Crown Gold Dining Table,Dining,Dining Sets,No pricelist from this supplier yet,https://creative-homedecor.com/wp-content/uploads/2025/11/Price-List-Pic-1-3.jpg
Creative Home Decor,CH-8760,Cyclone & Chicago Modern Pub Set,Dining,Dining Sets,No pricelist from this supplier yet,https://creative-homedecor.com/wp-content/uploads/2025/11/Pic-1-13.jpg
Creative Home Decor,CH-8762,Cyclone & Cinderella Chic Pub Set,Dining,Dining Sets,No pricelist from this supplier yet,https://creative-homedecor.com/wp-content/uploads/2025/11/Gemini_Generated_Image_utowduutowduutow.jpg
Creative Home Decor,CH-8817,Cyclone & Emma Contemporary Bar Set,Dining,Dining Sets,No pricelist from this supplier yet,https://creative-homedecor.com/wp-content/uploads/2025/11/Pic-2-19.jpg
Creative Home Decor,CH-8635,Cyclone & Monalisa Compact Dining Set,Dining,Dining Sets,No pricelist from this supplier yet,https://creative-homedecor.com/wp-content/uploads/2025/11/1-8.jpg
Creative Home Decor,CH-8814,Cyclone & Olivia Premium Bar Set,Dining,Dining Sets,No pricelist from this supplier yet,https://creative-homedecor.com/wp-content/uploads/2025/11/1-16.jpg
Creative Home Decor,CH-8639,Cyclone & Volga Urban Round Dining Set,Dining,Dining Sets,No pricelist from this supplier yet,https://creative-homedecor.com/wp-content/uploads/2025/11/Pic-2-12-1.jpg
Creative Home Decor,700779,Cyclone 28” Bar Table,Dining,Dining Sets,No pricelist from this supplier yet,https://creative-homedecor.com/wp-content/uploads/2025/11/DSC02144.jpg
Creative Home Decor,700772,Cyclone 28” Pub Table,Dining,Dining Sets,No pricelist from this supplier yet,https://creative-homedecor.com/wp-content/uploads/2025/11/DSC02143.jpg
Creative Home Decor,700770,Cyclone 30” Dining Table,Dining,Dining Sets,No pricelist from this supplier yet,https://creative-homedecor.com/wp-content/uploads/2025/11/Cyclone-Silver-DT-30.jpg
Creative Home Decor,700778,Cyclone 32” Bar Table,Dining,Dining Sets,No pricelist from this supplier yet,https://creative-homedecor.com/wp-content/uploads/2025/11/DSC02144.jpg
Creative Home Decor,700771,Cyclone 32” Pub Table,Dining,Dining Sets,No pricelist from this supplier yet,https://creative-homedecor.com/wp-content/uploads/2025/11/DSC02143.jpg
Creative Home Decor,700777,Cyclone 36” Dining Table,Dining,Dining Sets,No pricelist from this supplier yet,https://creative-homedecor.com/wp-content/uploads/2025/11/Cyclone-Silver-DT-36.jpg
Creative Home Decor,700780,Cyclone 42” Dining Table,Dining,Dining Sets,No pricelist from this supplier yet,https://creative-homedecor.com/wp-content/uploads/2025/11/Cyclone-Silver-DT-42.jpg
Creative Home Decor,CH-7919,Daisy Dining Chair – Silver,Dining,Dining Chairs,No pricelist from this supplier yet,https://creative-homedecor.com/wp-content/uploads/2025/11/image-9-3.jpg
Creative Home Decor,CH-6880,Dior & Capri Luxe Dining Set,Dining,Dining Sets,No pricelist from this supplier yet,https://creative-homedecor.com/wp-content/uploads/2025/11/Pic-2-13.jpg
Creative Home Decor,160100,Dior Dining Table,Dining,Dining Sets,No pricelist from this supplier yet,https://creative-homedecor.com/wp-content/uploads/2025/11/DSC07184.jpg
Creative Home Decor,CH-7922,Dragon Dining Chair – Silver,Dining,Dining Chairs,No pricelist from this supplier yet,https://creative-homedecor.com/wp-content/uploads/2025/11/image-14-1.jpg
Creative Home Decor,CH-3144,Emma Barstool – Brown,Dining,Dining Sets,No pricelist from this supplier yet,https://creative-homedecor.com/wp-content/uploads/2025/10/31.-Emma-1-scaled.jpg
Creative Home Decor,CH-8766,Euro & Britt Contemporary Pub Set,Dining,Dining Sets,No pricelist from this supplier yet,https://creative-homedecor.com/wp-content/uploads/2025/11/3-3-1.jpg
Creative Home Decor,CH-8773,Euro & Pringle Sleek Pub Set,Dining,Dining Sets,No pricelist from this supplier yet,https://creative-homedecor.com/wp-content/uploads/2025/11/Pic-2-16-1.jpg
Creative Home Decor,CH-8660,Euro & Texas Modern Dining Set,Dining,Dining Sets,No pricelist from this supplier yet,https://creative-homedecor.com/wp-content/uploads/2025/11/Pic-2-2-1.webp
Creative Home Decor,700730,Euro Bar Table,Dining,Dining Sets,No pricelist from this supplier yet,https://creative-homedecor.com/wp-content/uploads/2025/11/DSC02181.jpg
Creative Home Decor,700760E,Euro Dining Table,Dining,Dining Sets,No pricelist from this supplier yet,https://creative-homedecor.com/wp-content/uploads/2025/11/1-10.jpg
Creative Home Decor,700740-PT,Euro Pub Table,Dining,Dining Sets,No pricelist from this supplier yet,https://creative-homedecor.com/wp-content/uploads/2025/11/2-6.jpg
Creative Home Decor,CH-8353,Friends & Accord Convertible Dining Set,Dining,Dining Sets,No pricelist from this supplier yet,https://creative-homedecor.com/wp-content/uploads/2025/11/2-5.jpg
Creative Home Decor,CH-8365,Friends & Daisy Transforming Dining Set,Dining,Dining Sets,No pricelist from this supplier yet,https://creative-homedecor.com/wp-content/uploads/2025/11/Pic-2-2-2.jpg
Creative Home Decor,700800,Friends Extendable Dining Table,Dining,Dining Sets,No pricelist from this supplier yet,https://creative-homedecor.com/wp-content/uploads/2025/11/1-5.jpg
Creative Home Decor,CH-6908,GG & Bianca Signature Dining Set,Dining,Dining Sets,No pricelist from this supplier yet,https://creative-homedecor.com/wp-content/uploads/2025/11/Pic-2-16.jpg
Creative Home Decor,CH-6907,GG & Capri Designer Dining Set,Dining,Dining Sets,No pricelist from this supplier yet,https://creative-homedecor.com/wp-content/uploads/2025/11/Pic-1-5.jpg
Creative Home Decor,170100,GG 71” Dining Table,Dining,Dining Sets,No pricelist from this supplier yet,https://creative-homedecor.com/wp-content/uploads/2025/11/DSC07753.jpg
Creative Home Decor,170101,GG 80” Dining Table,Dining,Dining Sets,No pricelist from this supplier yet,https://creative-homedecor.com/wp-content/uploads/2025/11/DSC07753.jpg
Creative Home Decor,CH-8577,Genesis & Accord Gold Rectangle Dining Set,Dining,Dining Sets,No pricelist from this supplier yet,https://creative-homedecor.com/wp-content/uploads/2025/11/Pic-1-3-1.webp
Creative Home Decor,CH-8595,Genesis & Anne Contemporary Dining Set,Dining,Dining Sets,No pricelist from this supplier yet,https://creative-homedecor.com/wp-content/uploads/2025/11/1-6-1.jpg
Creative Home Decor,CH-8786,Genesis & Chicago Modern Round Pub Set,Dining,Dining Sets,No pricelist from this supplier yet,https://creative-homedecor.com/wp-content/uploads/2025/11/Pic-2-17-1.jpg
Creative Home Decor,CH-8784,Genesis & Cinderella Luxe Round Pub Set,Dining,Dining Sets,No pricelist from this supplier yet,https://creative-homedecor.com/wp-content/uploads/2025/11/2-7.jpg
Creative Home Decor,CH-8549,Genesis & Daisy Marble Round Dining Set,Dining,Dining Sets,No pricelist from this supplier yet,https://creative-homedecor.com/wp-content/uploads/2025/11/DSC00459_.jpg
Creative Home Decor,CH-8605,Genesis & Honey Heritage Dining Set,Dining,Dining Sets,No pricelist from this supplier yet,https://creative-homedecor.com/wp-content/uploads/2025/11/2-2-2.jpg
Creative Home Decor,CH-8620,Genesis & Macau Modern Dining Set,Dining,Dining Sets,No pricelist from this supplier yet,https://creative-homedecor.com/wp-content/uploads/2025/11/Pic-1-5-1.webp
Creative Home Decor,CH-8552,Genesis & Monalisa Marble Round Dining Set,Dining,Dining Sets,No pricelist from this supplier yet,https://creative-homedecor.com/wp-content/uploads/2025/11/Pic-2-7-2.jpg
Creative Home Decor,CH-8537,Genesis & Ohio Signature Round Dining Set,Dining,Dining Sets,No pricelist from this supplier yet,https://creative-homedecor.com/wp-content/uploads/2025/11/1-3-1.jpg
Creative Home Decor,CH-8833,Genesis & Olivia Modern Bar Set,Dining,Dining Sets,No pricelist from this supplier yet,https://creative-homedecor.com/wp-content/uploads/2025/11/Pic-2-20.jpg
Creative Home Decor,CH-8535,Genesis & Roma Luxe Round Dining Set,Dining,Dining Sets,No pricelist from this supplier yet,https://creative-homedecor.com/wp-content/uploads/2025/11/Pic-1-2-2.webp
Creative Home Decor,CH-8597,Genesis & Roma Refined Dining Set,Dining,Dining Sets,No pricelist from this supplier yet,https://creative-homedecor.com/wp-content/uploads/2025/11/Pic-2-10-1.jpg
Creative Home Decor,CH-8519,Genesis & Roma Round Dining Set,Dining,Dining Sets,No pricelist from this supplier yet,https://creative-homedecor.com/wp-content/uploads/2025/11/DSC00504_-1.jpg
Creative Home Decor,CH-8579,Genesis & Roma Signature Dining Set,Dining,Dining Sets,No pricelist from this supplier yet,https://creative-homedecor.com/wp-content/uploads/2025/11/Pic-2-9-1.jpg
Creative Home Decor,CH-8622,Genesis & Tina Luxe Dining Set,Dining,Dining Sets,No pricelist from this supplier yet,https://creative-homedecor.com/wp-content/uploads/2025/11/6-1-1.webp
Creative Home Decor,CH-8564,Genesis & Tina Marble Rectangle Dining Set,Dining,Dining Sets,No pricelist from this supplier yet,https://creative-homedecor.com/wp-content/uploads/2025/11/5-3.jpg
Creative Home Decor,CH-8517,Genesis & Victory Round Dining Set,Dining,Dining Sets,No pricelist from this supplier yet,https://creative-homedecor.com/wp-content/uploads/2025/11/DSC00508__.jpg
Creative Home Decor,CH-8607,Genesis & Volga Urban Dining Set,Dining,Dining Sets,No pricelist from this supplier yet,https://creative-homedecor.com/wp-content/uploads/2025/11/Pic-2-11-1.jpg
Creative Home Decor,700740,Genesis 39” Round Dining Table – Gold,Dining,Dining Sets,No pricelist from this supplier yet,https://creative-homedecor.com/wp-content/uploads/2025/11/Genesis-Gold-39-DT-Round-1.jpg
Creative Home Decor,700760,Genesis 39” Round Dining Table – Marble Finished Glass/Silver,Dining,Dining Sets,No pricelist from this supplier yet,https://creative-homedecor.com/wp-content/uploads/2025/11/Genesis-Round-Marble-39-DT.jpg
Creative Home Decor,700775,Genesis 39” Round Dining Table – Silver,Dining,Dining Sets,No pricelist from this supplier yet,https://creative-homedecor.com/wp-content/uploads/2025/11/Genesis-Silver-39-DT-Round-1.jpg
Creative Home Decor,700741,Genesis 51” Round Dining Table – Gold,Dining,Dining Sets,No pricelist from this supplier yet,https://creative-homedecor.com/wp-content/uploads/2025/11/Genesis-Gold-51-DT-Round-1.jpg
Creative Home Decor,700761,Genesis 51” Round Dining Table – Marble Finished Glass/Silver,Dining,Dining Sets,No pricelist from this supplier yet,https://creative-homedecor.com/wp-content/uploads/2025/11/Genesis-Round-Marble-51-DT.jpg
Creative Home Decor,700785,Genesis 51” Round Dining Table – Silver,Dining,Dining Sets,No pricelist from this supplier yet,https://creative-homedecor.com/wp-content/uploads/2025/11/Genesis-Silver-51-DT-Round-1.jpg
Creative Home Decor,700751,Genesis 54” Rectangle Dining Table – Gold,Dining,Dining Sets,No pricelist from this supplier yet,https://creative-homedecor.com/wp-content/uploads/2025/11/Genesis-Gold-54-DT-Rect-1.jpg
Creative Home Decor,700750,Genesis 54” Rectangle Dining Table – Silver,Dining,Dining Sets,No pricelist from this supplier yet,https://creative-homedecor.com/wp-content/uploads/2025/11/Genesis-Silver-54-DT-Rect-1.jpg
Creative Home Decor,700742,Genesis 63” Rectangle Dining Table – Gold,Dining,Dining Sets,No pricelist from this supplier yet,https://creative-homedecor.com/wp-content/uploads/2025/11/DSC00469-1.jpg
Creative Home Decor,700700,Genesis 63” Rectangle Dining Table – Silver,Dining,Dining Sets,No pricelist from this supplier yet,https://creative-homedecor.com/wp-content/uploads/2025/11/Genesis-Silver-63-DT-Rect-1.jpg
Creative Home Decor,700722,Genesis Oval Dining Table – Black,Dining,Dining Sets,No pricelist from this supplier yet,https://creative-homedecor.com/wp-content/uploads/2025/11/1-7.jpg
Creative Home Decor,700733,Genesis Oval Dining Table – Gold,Dining,Dining Sets,No pricelist from this supplier yet,https://creative-homedecor.com/wp-content/uploads/2025/11/3-Photoroom.jpg
Creative Home Decor,700711,Genesis Oval Dining Table – Silver,Dining,Dining Sets,No pricelist from this supplier yet,https://creative-homedecor.com/wp-content/uploads/2025/11/1-Photoroom.jpg
Creative Home Decor,700762,Genesis Rectangle Dining Table – Marble Finish/Silver,Dining,Dining Sets,No pricelist from this supplier yet,https://creative-homedecor.com/wp-content/uploads/2025/11/6-1-1.jpg
Creative Home Decor,700660,Genesis Round Bar Table – Silver,Dining,Dining Sets,No pricelist from this supplier yet,https://creative-homedecor.com/wp-content/uploads/2025/11/image-4.jpg
Creative Home Decor,700251,Genesis Round Pub Table – Silver,Dining,Dining Sets,No pricelist from this supplier yet,https://creative-homedecor.com/wp-content/uploads/2025/11/image-3.jpg
Creative Home Decor,CH-7921,Glasgow Dining Chair,Dining,Dining Chairs,No pricelist from this supplier yet,https://creative-homedecor.com/wp-content/uploads/2025/11/image-13.jpg
Creative Home Decor,CH-6909,Hilton & Century Glass Dining Set,Dining,Dining Sets,No pricelist from this supplier yet,https://creative-homedecor.com/wp-content/uploads/2025/11/DSC00569_.jpg
Creative Home Decor,CH-6910,Hilton & Roma Glass Dining Set,Dining,Dining Sets,No pricelist from this supplier yet,https://creative-homedecor.com/wp-content/uploads/2025/11/Pic-2-17.jpg
Creative Home Decor,210101,Hilton 71” Dining Table,Dining,Dining Sets,No pricelist from this supplier yet,https://creative-homedecor.com/wp-content/uploads/2025/11/DSC00573.jpg
Creative Home Decor,210100,Hilton 80” Dining Table,Dining,Dining Sets,No pricelist from this supplier yet,https://creative-homedecor.com/wp-content/uploads/2025/11/DSC00573.jpg
Creative Home Decor,CH-7924,Honey Dining Chair with Steel Legs,Dining,Dining Chairs,No pricelist from this supplier yet,https://creative-homedecor.com/wp-content/uploads/2025/11/image-12.jpg
Creative Home Decor,CH-7923,Honey Dining Chair with Wooden Legs,Dining,Dining Chairs,No pricelist from this supplier yet,https://creative-homedecor.com/wp-content/uploads/2025/11/image-1-4.jpg
Creative Home Decor,CH-8802,Hurricane & Britt Modern Clear-Glass Pub Set,Dining,Dining Sets,No pricelist from this supplier yet,https://creative-homedecor.com/wp-content/uploads/2025/11/Pic-2-18.jpg
Creative Home Decor,CH-8651,Hurricane & Daisy Studio Dining Set,Dining,Dining Sets,No pricelist from this supplier yet,https://creative-homedecor.com/wp-content/uploads/2025/11/3-2-1.jpg
Creative Home Decor,CH-8653,Hurricane & Mark Modern Compact Dining Set,Dining,Dining Sets,No pricelist from this supplier yet,https://creative-homedecor.com/wp-content/uploads/2025/11/4-2-1.jpg
Creative Home Decor,CH-8800,Hurricane & Pringle Marble-Top Pub Set,Dining,Dining Sets,No pricelist from this supplier yet,https://creative-homedecor.com/wp-content/uploads/2025/11/3-5-1.jpg
Creative Home Decor,700786,Hurricane Bar Table – Clear Glass,Dining,Dining Sets,No pricelist from this supplier yet,https://creative-homedecor.com/wp-content/uploads/2025/11/Hurricane-Bar-Glass.jpg
Creative Home Decor,700791,Hurricane Bar Table – Marble Finished Glass,Dining,Dining Sets,No pricelist from this supplier yet,https://creative-homedecor.com/wp-content/uploads/2025/11/Pic-2-21.jpg
Creative Home Decor,700788,Hurricane Dining Table – Clear Glass,Dining,Dining Sets,No pricelist from this supplier yet,https://creative-homedecor.com/wp-content/uploads/2025/11/1-9.jpg
Creative Home Decor,700792,Hurricane Dining Table – Marble Finished Glass,Dining,Dining Sets,No pricelist from this supplier yet,https://creative-homedecor.com/wp-content/uploads/2025/11/2-4-1.jpg
Creative Home Decor,700789,Hurricane Pub Table – Clear Glass,Dining,Dining Sets,No pricelist from this supplier yet,https://creative-homedecor.com/wp-content/uploads/2025/11/4-3-1.jpg
Creative Home Decor,700793,Hurricane Pub Table – Marble Finished Glass,Dining,Dining Sets,No pricelist from this supplier yet,https://creative-homedecor.com/wp-content/uploads/2025/11/2-8.jpg
Creative Home Decor,CH-6862,Imperial & Alisha Marble Dining Set,Dining,Dining Sets,No pricelist from this supplier yet,https://creative-homedecor.com/wp-content/uploads/2025/11/Pic-2-9.jpg
Creative Home Decor,CH-6860,Imperial & Century Dining Set,Dining,Dining Sets,No pricelist from this supplier yet,https://creative-homedecor.com/wp-content/uploads/2025/11/Pic-1-4.webp
Creative Home Decor,CH-6859,Imperial & Lincoln Glass Dining Set,Dining,Dining Sets,No pricelist from this supplier yet,https://creative-homedecor.com/wp-content/uploads/2025/11/Pic-2-7.jpg
Creative Home Decor,CH-6861,Imperial & Lincoln Regal Dining Set,Dining,Dining Sets,No pricelist from this supplier yet,https://creative-homedecor.com/wp-content/uploads/2025/11/Pic-1-5.webp
Creative Home Decor,CH-6858,Imperial & Roma Glass Dining Set,Dining,Dining Sets,No pricelist from this supplier yet,https://creative-homedecor.com/wp-content/uploads/2025/11/Pic-1-3.webp
Creative Home Decor,410101,Imperial 71” Glass Rectangular Dining Table,Dining,Dining Sets,No pricelist from this supplier yet,https://creative-homedecor.com/wp-content/uploads/2025/11/DSC00559.jpg
Creative Home Decor,410301,Imperial 71” Marble Rectangular Dining Table – Gold,Dining,Dining Sets,No pricelist from this supplier yet,https://creative-homedecor.com/wp-content/uploads/2025/11/DSC00434.jpg
Creative Home Decor,410100,Imperial 80” Glass Rectangular Dining Table,Dining,Dining Sets,No pricelist from this supplier yet,https://creative-homedecor.com/wp-content/uploads/2025/11/DSC00559.jpg
Creative Home Decor,410300,Imperial 80” Marble Rectangular Dining Table – Gold,Dining,Dining Sets,No pricelist from this supplier yet,https://creative-homedecor.com/wp-content/uploads/2025/11/DSC00434.jpg
Creative Home Decor,410102,Imperial Marble Round Dining Table,Dining,Dining Sets,No pricelist from this supplier yet,https://creative-homedecor.com/wp-content/uploads/2025/11/DSC07566.jpg
Creative Home Decor,410103,Imperial Marble Round Dining Table – Gold,Dining,Dining Sets,No pricelist from this supplier yet,https://creative-homedecor.com/wp-content/uploads/2025/11/New-Project-2.jpg
Creative Home Decor,CH-6863,Imperial Round & Juliet Dining Set,Dining,Dining Sets,No pricelist from this supplier yet,https://creative-homedecor.com/wp-content/uploads/2025/11/Pic-1-6.webp
Creative Home Decor,CH-6865,Imperial Round & Juliet Gold Dining Set,Dining,Dining Sets,No pricelist from this supplier yet,https://creative-homedecor.com/wp-content/uploads/2025/11/Pic-1-7.webp
Creative Home Decor,CH-6864,Imperial Round & Lincoln Dining Set,Dining,Dining Sets,No pricelist from this supplier yet,https://creative-homedecor.com/wp-content/uploads/2025/11/Pic-2-10.jpg
Creative Home Decor,CH-6866,Imperial Round & Lincoln Gold Dining Set,Dining,Dining Sets,No pricelist from this supplier yet,https://creative-homedecor.com/wp-content/uploads/2025/11/Pic-2-11.jpg
Creative Home Decor,CH-7925,Juliet Dining Chair – Gold,Dining,Dining Chairs,No pricelist from this supplier yet,https://creative-homedecor.com/wp-content/uploads/2025/11/image-19.jpg
Creative Home Decor,CH-7926,Juliet Dining Chair – Silver,Dining,Dining Chairs,No pricelist from this supplier yet,https://creative-homedecor.com/wp-content/uploads/2025/11/image-15.jpg
Creative Home Decor,CH-7927,Lincoln Dining Chair – Gold,Dining,Dining Chairs,No pricelist from this supplier yet,https://creative-homedecor.com/wp-content/uploads/2025/11/New-Project-7.jpg
Creative Home Decor,CH-7928,Lincoln Dining Chair – Silver,Dining,Dining Chairs,No pricelist from this supplier yet,https://creative-homedecor.com/wp-content/uploads/2025/11/image-5-1-scaled-1.jpg
Creative Home Decor,CH-6905,Link & Century Dining Set,Dining,Dining Sets,No pricelist from this supplier yet,https://creative-homedecor.com/wp-content/uploads/2025/11/Pic-1-9.webp
Creative Home Decor,CH-6906,Link & Morocco Dining Set,Dining,Dining Sets,No pricelist from this supplier yet,https://creative-homedecor.com/wp-content/uploads/2025/11/Pic-2-15.jpg
Creative Home Decor,120100,Link Dining Table,Dining,Dining Sets,No pricelist from this supplier yet,https://creative-homedecor.com/wp-content/uploads/2025/11/DSC07800.jpg
Creative Home Decor,CH-6882,Logan & Bonnie Dining Set,Dining,Dining Sets,No pricelist from this supplier yet,https://creative-homedecor.com/wp-content/uploads/2025/11/Pic-2-14.jpg
Creative Home Decor,CH-6883,Logan & Chicago Dining Set,Dining,Dining Sets,No pricelist from this supplier yet,https://creative-homedecor.com/wp-content/uploads/2025/11/Pic-2-14.jpg
Creative Home Decor,CH-6881,Logan & Honey Dining Set,Dining,Dining Sets,No pricelist from this supplier yet,https://creative-homedecor.com/wp-content/uploads/2025/11/Pic-1-8.webp
Creative Home Decor,900662,Logan Dining Table,Dining,Dining Sets,No pricelist from this supplier yet,https://creative-homedecor.com/wp-content/uploads/2025/11/DSC07841.jpg
Creative Home Decor,CH-6971,Lorenzo & Bianca Luxurious Dining Set,Dining,Dining Sets,No pricelist from this supplier yet,https://creative-homedecor.com/wp-content/uploads/2025/11/Pic-2-7-1.jpg
Creative Home Decor,CH-6970,Lorenzo & Roma Signature Dining Set,Dining,Dining Sets,No pricelist from this supplier yet,https://creative-homedecor.com/wp-content/uploads/2025/11/Pic-1-2-1.webp
Creative Home Decor,950300,Lorenzo 71” Dining Table – Gold,Dining,Dining Sets,No pricelist from this supplier yet,https://creative-homedecor.com/wp-content/uploads/2025/11/DSC00276.jpg
Creative Home Decor,950200,Lorenzo 71” Dining Table – Silver,Dining,Dining Sets,No pricelist from this supplier yet,https://creative-homedecor.com/wp-content/uploads/2025/11/1-2-1.webp
Creative Home Decor,950410,Lorenzo 80” Dining Table – Gold,Dining,Dining Sets,No pricelist from this supplier yet,https://creative-homedecor.com/wp-content/uploads/2025/11/DSC00276.jpg
Creative Home Decor,950400,Lorenzo 80” Dining Table – Silver,Dining,Dining Sets,No pricelist from this supplier yet,https://creative-homedecor.com/wp-content/uploads/2025/11/1-2-1.webp
Creative Home Decor,CH-3167,Lynda Pub Chair – Gold,Dining,Dining Sets,No pricelist from this supplier yet,https://creative-homedecor.com/wp-content/uploads/2025/10/Lynda-Pub-Black-Gold-1-scaled.jpg
Creative Home Decor,CH-3186,Lynda Pub Chair – Silver,Dining,Dining Sets,No pricelist from this supplier yet,https://creative-homedecor.com/wp-content/uploads/2025/10/Lynda-Pub-Beige-Silver-1.jpg
Creative Home Decor,CH-7930,Macau Dining Chair – Silver,Dining,Dining Chairs,No pricelist from this supplier yet,https://creative-homedecor.com/wp-content/uploads/2025/11/New-Project-14.jpg
Creative Home Decor,CH-6968,Majestic & Alisha Luxury Dining Set,Dining,Dining Sets,No pricelist from this supplier yet,https://creative-homedecor.com/wp-content/uploads/2025/11/1-3.jpg
Creative Home Decor,CH-6969,Majestic & Cinderella Luxe Dining Set,Dining,Dining Sets,No pricelist from this supplier yet,https://creative-homedecor.com/wp-content/uploads/2025/11/3-1-1.jpg
Creative Home Decor,510103,Majestic 51” Round Dining Table – Black,Dining,Dining Sets,No pricelist from this supplier yet,https://creative-homedecor.com/wp-content/uploads/2025/11/5-1.png
Creative Home Decor,510101,Majestic 60” Round Dining Table – Black,Dining,Dining Sets,No pricelist from this supplier yet,https://creative-homedecor.com/wp-content/uploads/2025/11/5-1.png
Creative Home Decor,510100,Majestic Round Dining Table – White,Dining,Dining Sets,No pricelist from this supplier yet,https://creative-homedecor.com/wp-content/uploads/2025/11/DSC07656.jpg
Creative Home Decor,CH-7929,Mark Dining Chair,Dining,Dining Chairs,No pricelist from this supplier yet,https://creative-homedecor.com/wp-content/uploads/2025/11/Mark-DC-Grey-1-scaled-1.jpg
Creative Home Decor,CH-7931,Martino Dining Chair – Silver,Dining,Dining Chairs,No pricelist from this supplier yet,https://creative-homedecor.com/wp-content/uploads/2025/11/Martino-DC-Taupe-1.jpg
Creative Home Decor,CH-7979,Max Dining Chair,Dining,Dining Chairs,No pricelist from this supplier yet,https://creative-homedecor.com/wp-content/uploads/2025/11/MAX-6-scaled-e1761829236188.jpg
Creative Home Decor,CH-6939,Maxwell & Axis Grey Dining Set,Dining,Dining Sets,No pricelist from this supplier yet,https://creative-homedecor.com/wp-content/uploads/2025/11/Maxwell-DT-Grey-2.jpg
Creative Home Decor,CH-6937,Maxwell & Victory Extendable Dining Set,Dining,Dining Sets,No pricelist from this supplier yet,https://creative-homedecor.com/wp-content/uploads/2025/11/Pic-1-10.webp
Creative Home Decor,CH-6938,Maxwell Dining & Axis Server Set,Dining,Dining Sets,No pricelist from this supplier yet,https://creative-homedecor.com/wp-content/uploads/2025/11/3-1.jpg
Creative Home Decor,900830,Maxwell Dining Table – Grey,Dining,Dining Sets,No pricelist from this supplier yet,https://creative-homedecor.com/wp-content/uploads/2025/11/Maxwell-DT-Grey-3.jpg
Creative Home Decor,900825,Maxwell Dining Table – Wenge,Dining,Dining Sets,No pricelist from this supplier yet,https://creative-homedecor.com/wp-content/uploads/2025/11/DSC07705.jpg
Creative Home Decor,CH-8491,Michael & Apex Extendable Dining Set,Dining,Dining Sets,No pricelist from this supplier yet,https://creative-homedecor.com/wp-content/uploads/2025/11/Pic-2-5-2.jpg
Creative Home Decor,910220,Michael Extendable Dining Table,Dining,Dining Sets,No pricelist from this supplier yet,https://creative-homedecor.com/wp-content/uploads/2025/11/Pic-1-Main.jpg
Creative Home Decor,CH-7932,Monalisa Dining Chair – Silver,Dining,Dining Chairs,No pricelist from this supplier yet,https://creative-homedecor.com/wp-content/uploads/2025/11/New-Project-8.jpg
Creative Home Decor,CH-6932,Monarch & Capri Sculptural Dining Set,Dining,Dining Sets,No pricelist from this supplier yet,https://creative-homedecor.com/wp-content/uploads/2025/11/Pic-2.png
Creative Home Decor,200110,Monarch Dining Table,Dining,Dining Sets,No pricelist from this supplier yet,https://creative-homedecor.com/wp-content/uploads/2025/11/Price-List-Pic-1-1.jpg
Creative Home Decor,CH-6838,Moon & Lincoln Elegance Dining Set,Dining,Dining Sets,No pricelist from this supplier yet,https://creative-homedecor.com/wp-content/uploads/2025/11/Picture-1.jpg
Creative Home Decor,CH-6839,Moon & Zara Contemporary Elegance Dining Set,Dining,Dining Sets,No pricelist from this supplier yet,https://creative-homedecor.com/wp-content/uploads/2025/11/Picture-2.jpg
Creative Home Decor,810100,Moon Dining Table,Dining,Dining Sets,No pricelist from this supplier yet,https://creative-homedecor.com/wp-content/uploads/2025/10/DSC00313.jpg
Creative Home Decor,CH-7964,Morocco Dining Chair – Gold,Dining,Dining Chairs,No pricelist from this supplier yet,https://creative-homedecor.com/wp-content/uploads/2025/11/New-Project-10.jpg
Creative Home Decor,CH-7963,Morocco Dining Chair – Silver,Dining,Dining Chairs,No pricelist from this supplier yet,https://creative-homedecor.com/wp-content/uploads/2025/11/Morocco-Grey-Silver.jpg
Creative Home Decor,CH-6964,Nano & Dragon Contemporary Dining Set,Dining,Dining Sets,No pricelist from this supplier yet,https://creative-homedecor.com/wp-content/uploads/2025/11/Price-List-Pic-1-1.webp
Creative Home Decor,CH-6965,Nano & Victory Contemporary Dining Set,Dining,Dining Sets,No pricelist from this supplier yet,https://creative-homedecor.com/wp-content/uploads/2025/11/6-1.webp
Creative Home Decor,780300,Nano Dining Table – Glossy Cappuccino Brown,Dining,Dining Sets,No pricelist from this supplier yet,https://creative-homedecor.com/wp-content/uploads/2025/11/4-2.jpg
Creative Home Decor,780100,Nano Dining Table – Glossy White,Dining,Dining Sets,No pricelist from this supplier yet,https://creative-homedecor.com/wp-content/uploads/2025/11/1-2-1.jpg
Creative Home Decor,CH-6845,Naples & Anne Contemporary Dining Set,Dining,Dining Sets,No pricelist from this supplier yet,https://creative-homedecor.com/wp-content/uploads/2025/11/Pic-2-3.jpg
Creative Home Decor,CH-6844,Naples & Roma Modern Elegance Dining Set,Dining,Dining Sets,No pricelist from this supplier yet,https://creative-homedecor.com/wp-content/uploads/2025/11/Pic-1-2.jpg
Creative Home Decor,600100,Naples Dining Table,Dining,Dining Sets,No pricelist from this supplier yet,https://creative-homedecor.com/wp-content/uploads/2025/10/DSC00158.jpg
Creative Home Decor,CH-6847,Nicholas & Dragon Dining Set,Dining,Dining Sets,No pricelist from this supplier yet,https://creative-homedecor.com/wp-content/uploads/2025/11/Price-List-Pic-2-4.jpg
Creative Home Decor,CH-6846,Nicholas & Monalisa Luxury Dining Set,Dining,Dining Sets,No pricelist from this supplier yet,https://creative-homedecor.com/wp-content/uploads/2025/11/DSC00189__.jpg
Creative Home Decor,950600,Nicholas Dining Table,Dining,Dining Sets,No pricelist from this supplier yet,https://creative-homedecor.com/wp-content/uploads/2025/11/DSC00182.jpg
Creative Home Decor,CH-6933,Norway & Askar Rose Gold Dining Set,Dining,Dining Sets,No pricelist from this supplier yet,https://creative-homedecor.com/wp-content/uploads/2025/11/Pic-2-2-1.jpg
Creative Home Decor,CH-6936,Norway & Robin Contemporary Dining Set,Dining,Dining Sets,No pricelist from this supplier yet,https://creative-homedecor.com/wp-content/uploads/2025/11/Pic-2-3-1.jpg
Creative Home Decor,CH-6935,Norway & Victory Silver Dining Set,Dining,Dining Sets,No pricelist from this supplier yet,https://creative-homedecor.com/wp-content/uploads/2025/11/Pic-1-2-1.jpg
Creative Home Decor,610200,Norway Rectangular Dining Table – Rose Gold,Dining,Dining Sets,No pricelist from this supplier yet,https://creative-homedecor.com/wp-content/uploads/2025/11/1-1-1.jpg
Creative Home Decor,610201,Norway Rectangular Dining Table – Silver,Dining,Dining Sets,No pricelist from this supplier yet,https://creative-homedecor.com/wp-content/uploads/2025/11/DSC00551.jpg
Creative Home Decor,CH-6934,Norway Round & Askar Rose Gold Dining Set,Dining,Dining Sets,No pricelist from this supplier yet,https://creative-homedecor.com/wp-content/uploads/2025/11/Pic-1-1-1.jpg
Creative Home Decor,610300,Norway Round Dining Table – Rose Gold,Dining,Dining Sets,No pricelist from this supplier yet,https://creative-homedecor.com/wp-content/uploads/2025/11/1-1-1-1.jpg
Creative Home Decor,CH-7966,Ohio Dining Chair – Gold,Dining,Dining Chairs,No pricelist from this supplier yet,https://creative-homedecor.com/wp-content/uploads/2025/11/Ohio-White-Gold.jpg
Creative Home Decor,CH-7965,Ohio Dining Chair – Silver,Dining,Dining Chairs,No pricelist from this supplier yet,https://creative-homedecor.com/wp-content/uploads/2025/11/Ohio-Black-Silver.jpg
Creative Home Decor,CH-3156,Olivia Barstool – Brown,Dining,Dining Sets,No pricelist from this supplier yet,https://creative-homedecor.com/wp-content/uploads/2025/10/image-13-2.jpg
Creative Home Decor,CH-6848,Omega & Glasgow Dining Set,Dining,Dining Sets,No pricelist from this supplier yet,https://creative-homedecor.com/wp-content/uploads/2025/11/Pic-1-1.webp
Creative Home Decor,CH-6849,Omega & Martino Dining Set,Dining,Dining Sets,No pricelist from this supplier yet,https://creative-homedecor.com/wp-content/uploads/2025/11/Pic-2-4.jpg
Creative Home Decor,900900,Omega Dining Table,Dining,Dining Sets,No pricelist from this supplier yet,https://creative-homedecor.com/wp-content/uploads/2025/10/DSC07280.jpg
Creative Home Decor,CH-6835,Orchid & Bianca Modern Glamour Dining Set,Dining,Dining Sets,No pricelist from this supplier yet,https://creative-homedecor.com/wp-content/uploads/2025/11/Pic-2-2.jpg
Creative Home Decor,CH-6834,Orchid & Capri Luxury Dining Set,Dining,Dining Sets,No pricelist from this supplier yet,https://creative-homedecor.com/wp-content/uploads/2025/11/Price-List-Pic-1-2.jpg
Creative Home Decor,CH-1802,Orchid Dining Table,Dining,Dining Sets,No pricelist from this supplier yet,https://creative-homedecor.com/wp-content/uploads/2025/08/image-10.jpg
Creative Home Decor,CH-6842,Osaka & Bianca Black-Nickel Dining Set,Dining,Dining Sets,No pricelist from this supplier yet,https://creative-homedecor.com/wp-content/uploads/2025/11/Picture-2-2.jpg
Creative Home Decor,CH-6843,Osaka & Capri Black-Nickel Luxe Dining Set,Dining,Dining Sets,No pricelist from this supplier yet,https://creative-homedecor.com/wp-content/uploads/2025/11/Picture-1-3.jpg
Creative Home Decor,130100,Osaka Dining Table,Dining,Dining Sets,No pricelist from this supplier yet,https://creative-homedecor.com/wp-content/uploads/2025/10/DSC07628.jpg
Creative Home Decor,CH-7967,Oscar Dining Chair,Dining,Dining Chairs,No pricelist from this supplier yet,https://creative-homedecor.com/wp-content/uploads/2025/11/image-3-3.jpg
Creative Home Decor,CH-6836,Philip & Bella Modern Luxury Dining Set,Dining,Dining Sets,No pricelist from this supplier yet,https://creative-homedecor.com/wp-content/uploads/2025/11/Pic-1-1.jpg
Creative Home Decor,CH-6837,Philip & Zara Signature Glam Dining Set,Dining,Dining Sets,No pricelist from this supplier yet,https://creative-homedecor.com/wp-content/uploads/2025/11/Price-List-Pic-2-3.jpg
Creative Home Decor,110100,Philip Dining Table,Dining,Dining Sets,No pricelist from this supplier yet,https://creative-homedecor.com/wp-content/uploads/2025/11/Pic-1-1.jpg
Creative Home Decor,CH-6967,Prince & Bianca Luxe Dining Set,Dining,Dining Sets,No pricelist from this supplier yet,https://creative-homedecor.com/wp-content/uploads/2025/11/Pic-2-5-1.jpg
Creative Home Decor,CH-6966,Prince & Capri Luxe Dining Set,Dining,Dining Sets,No pricelist from this supplier yet,https://creative-homedecor.com/wp-content/uploads/2025/11/DSC07688__.jpg
Creative Home Decor,140100,Prince Dining Table,Dining,Dining Sets,No pricelist from this supplier yet,https://creative-homedecor.com/wp-content/uploads/2025/11/DSC07686.jpg
Creative Home Decor,CH-3125,Pringle Pub Chair,Dining,Dining Sets,No pricelist from this supplier yet,https://creative-homedecor.com/wp-content/uploads/2025/10/image-11-4.jpg
Creative Home Decor,000001,Rex & Capri Modern Dining Set,Dining,Dining Sets,No pricelist from this supplier yet,https://creative-homedecor.com/wp-content/uploads/2025/11/Pic-2-1.webp
Creative Home Decor,150100,Rex Dining Table,Dining,Dining Sets,No pricelist from this supplier yet,https://creative-homedecor.com/wp-content/uploads/2025/11/DSC07866.jpg
Creative Home Decor,CH-7968,Robin Dining Chair,Dining,Dining Chairs,No pricelist from this supplier yet,https://creative-homedecor.com/wp-content/uploads/2025/11/image-7-3.jpg
Creative Home Decor,CH-7970,Roma Dining Chair – Gold,Dining,Dining Chairs,No pricelist from this supplier yet,https://creative-homedecor.com/wp-content/uploads/2025/10/image-9-4.jpg
Creative Home Decor,CH-7969,Roma Dining Chair – Silver,Dining,Dining Chairs,No pricelist from this supplier yet,https://creative-homedecor.com/wp-content/uploads/2025/11/image-8-2.jpg
Creative Home Decor,CH-7971,Royal Dining Chair – Gold,Dining,Dining Chairs,No pricelist from this supplier yet,https://creative-homedecor.com/wp-content/uploads/2025/10/image-15-1.jpg
Creative Home Decor,CH-7972,Royal Dining Chair – Silver,Dining,Dining Chairs,No pricelist from this supplier yet,https://creative-homedecor.com/wp-content/uploads/2025/10/image-14-2.jpg
Creative Home Decor,CH-7973,Senorita Dining Chair,Dining,Dining Chairs,No pricelist from this supplier yet,https://creative-homedecor.com/wp-content/uploads/2025/10/image-11-3.jpg
Creative Home Decor,CH-8851,Soho & Emma Modern Bar Set,Dining,Dining Sets,No pricelist from this supplier yet,https://creative-homedecor.com/wp-content/uploads/2025/11/Pic-2-22.jpg
Creative Home Decor,CH-8854,Soho & Olivia Modern Bar Set,Dining,Dining Sets,No pricelist from this supplier yet,https://creative-homedecor.com/wp-content/uploads/2025/11/DSC02151.jpg
Creative Home Decor,700600,Soho Round Bar Table – Silver,Dining,Dining Sets,No pricelist from this supplier yet,https://creative-homedecor.com/wp-content/uploads/2025/11/Soho-Bar-Table-1.jpg
Creative Home Decor,CH-7974,Texas Dining Chair – Silver,Dining,Dining Chairs,No pricelist from this supplier yet,https://creative-homedecor.com/wp-content/uploads/2025/10/image-18-1.jpg
Creative Home Decor,CH-7977,Tina Dining Chair – Black Nickel,Dining,Dining Chairs,No pricelist from this supplier yet,https://creative-homedecor.com/wp-content/uploads/2025/11/New-Project-13.jpg
Creative Home Decor,CH-7976,Tina Dining Chair – Gold,Dining,Dining Chairs,No pricelist from this supplier yet,https://creative-homedecor.com/wp-content/uploads/2025/11/New-Project-12.jpg
Creative Home Decor,CH-8156,Tina Dining Chair – Silver,Dining,Dining Chairs,No pricelist from this supplier yet,https://creative-homedecor.com/wp-content/uploads/2025/11/Tina-Grey-Silver-1-2.jpg
Creative Home Decor,CH-8502,Tornado & Accord Compact Dining Set,Dining,Dining Sets,No pricelist from this supplier yet,https://creative-homedecor.com/wp-content/uploads/2025/11/DSC00520__.jpg
Creative Home Decor,CH-8504,Tornado & Mark Contemporary Dining Set,Dining,Dining Sets,No pricelist from this supplier yet,https://creative-homedecor.com/wp-content/uploads/2025/11/Pic-2-Main.jpg
Creative Home Decor,700850,Tornado Extendable Dining Table,Dining,Dining Sets,No pricelist from this supplier yet,https://creative-homedecor.com/wp-content/uploads/2025/11/DSC00525.jpg
Creative Home Decor,CH-7978,Victory Dining Chair – Silver,Dining,Dining Chairs,No pricelist from this supplier yet,https://creative-homedecor.com/wp-content/uploads/2025/11/Victory-Brown-1.jpg
Creative Home Decor,CH-7980,Volga Dining Chair,Dining,Dining Chairs,No pricelist from this supplier yet,https://creative-homedecor.com/wp-content/uploads/2025/11/Volga-Dining-Chair.jpg
Creative Home Decor,CH-7982,Xia Dining Chair – Gold,Dining,Dining Chairs,No pricelist from this supplier yet,https://creative-homedecor.com/wp-content/uploads/2025/11/XIA-600065-1-scaled-1.jpg
Creative Home Decor,CH-7981,Xia Dining Chair – Silver,Dining,Dining Chairs,No pricelist from this supplier yet,https://creative-homedecor.com/wp-content/uploads/2025/11/XIA-600060-1-scaled-1.jpg
Creative Home Decor,CH-8138,Zara Dining Chair – Gold,Dining,Dining Chairs,No pricelist from this supplier yet,https://creative-homedecor.com/wp-content/uploads/2025/11/Zara-Beige-Velvet-Gold.jpg
Creative Home Decor,CH-8137,Zara Dining Chair – Silver,Dining,Dining Chairs,No pricelist from this supplier yet,https://creative-homedecor.com/wp-content/uploads/2025/11/Zara-Grey-Velvet-Silver-1-1.jpg
Creative Home Decor,CH-8139,Zen Dining Chair – Silver,Dining,Dining Chairs,No pricelist from this supplier yet,https://creative-homedecor.com/wp-content/uploads/2025/11/Zen-DC-Black-1.jpg
Creative Home Decor,CH-3881,Cinderella Accent Chair – Large,Living Room,Chairs,No pricelist from this supplier yet,https://creative-homedecor.com/wp-content/uploads/2025/10/Cinderella-Accent-Large-Grey-1.jpg
Creative Home Decor,CH-3911,Cinderella Regular Accent Chair – Gold,Living Room,Chairs,No pricelist from this supplier yet,https://creative-homedecor.com/wp-content/uploads/2025/10/40.-Cinderella-Accent-BS-1.jpg
Creative Home Decor,CH-3897,Cinderella Regular Accent Chair – Silver,Living Room,Chairs,No pricelist from this supplier yet,https://creative-homedecor.com/wp-content/uploads/2025/10/40.-Cinderella-Accent-BS-1.jpg
Creative Home Decor,CH-3949,Moxie Accent Chair – Gold,Living Room,Chairs,No pricelist from this supplier yet,https://creative-homedecor.com/wp-content/uploads/2025/10/Moxie-White-Gold-1-scaled.jpg
Creative Home Decor,CH-3936,Moxie Accent Chair – Silver,Living Room,Chairs,No pricelist from this supplier yet,https://creative-homedecor.com/wp-content/uploads/2025/10/Moxie-Grey-Silver-1-scaled.jpg
Creative Home Decor,CH-3953,Swan Accent Chair,Living Room,Chairs,No pricelist from this supplier yet,https://creative-homedecor.com/wp-content/uploads/2025/10/Swan-Accent-Chair-Orange-1.jpg
Galerie Oasis (own),GO-19805,10″ Brisk foam encased pocket coil firm mattress,Bedroom,Mattresses,Made to order / price depends on options,https://demo-oasis-six.vercel.app/assets/thumbs/10-brisk-foam-encased-pocket-coil-firm-mattress.webp
Galerie Oasis (own),GO-19799,11″ Dream Classic pocket coil plush Eurotop Rolled,Bedroom,Mattresses,Made to order / price depends on options,https://demo-oasis-six.vercel.app/assets/thumbs/11-dream-classic-pocket-coil-plush-eurotop-rolled.webp
Galerie Oasis (own),GO-19825,12″ Breeze foam encased pocket coil plush Eurotop mattress,Bedroom,Mattresses,Made to order / price depends on options,https://demo-oasis-six.vercel.app/assets/thumbs/12-breeze-foam-encased-pocket-coil-plush-eurotop-mattress.webp
Galerie Oasis (own),WA230,ANASTASIA – High Quality Hand Crafted Bedroom Furniture,Bedroom,Bedroom Sets,Made to order / price depends on options,https://demo-oasis-six.vercel.app/assets/thumbs/bed-room-14.webp
Galerie Oasis (own),GO-19895,ARIELLA – High Quality Hand Crafted Bedroom Furniture,Bedroom,Bedroom Sets,Made to order / price depends on options,https://demo-oasis-six.vercel.app/assets/thumbs/bed-room-15.webp
Galerie Oasis (own),GO-18234,Allson,Bedroom,Bedroom Sets,Made to order / price depends on options,https://demo-oasis-six.vercel.app/assets/thumbs/bed-room-3.webp
Galerie Oasis (own),GO-18216,Andrea,Bedroom,Bedroom Sets,Made to order / price depends on options,https://demo-oasis-six.vercel.app/assets/thumbs/bed-room.webp
Galerie Oasis (own),GO-18238,Baltimore Leather,Bedroom,Bedroom Sets,Made to order / price depends on options,https://demo-oasis-six.vercel.app/assets/thumbs/bed-room-4.webp
Galerie Oasis (own),GO-18239,Colossus,Bedroom,Bedroom Sets,Made to order / price depends on options,https://demo-oasis-six.vercel.app/assets/thumbs/bed-room-5.webp
Galerie Oasis (own),GO-19796,Easygo Mattress,Bedroom,Mattresses,Made to order / price depends on options,https://demo-oasis-six.vercel.app/assets/thumbs/10-pocket-coil-firm-rolled-mattress.webp
Galerie Oasis (own),GO-19889,JULIAN – High Quality Hand Crafted Bedroom Furniture,Bedroom,Bedroom Sets,Made to order / price depends on options,https://demo-oasis-six.vercel.app/assets/thumbs/bed-room-13.webp
Galerie Oasis (own),GO-18262,Keldell Grey,Bedroom,Bedroom Sets,Made to order / price depends on options,https://demo-oasis-six.vercel.app/assets/thumbs/bed.webp
Galerie Oasis (own),GO-18257,Kyla White,Bedroom,Bedroom Sets,Made to order / price depends on options,https://demo-oasis-six.vercel.app/assets/thumbs/bed-room-9.webp
Galerie Oasis (own),GO-18246,Leather bedroom,Bedroom,Bedroom Sets,Made to order / price depends on options,https://demo-oasis-six.vercel.app/assets/thumbs/bed-room-6.webp
Galerie Oasis (own),GO-18256,Louis Phillip,Bedroom,Bedroom Sets,Made to order / price depends on options,https://demo-oasis-six.vercel.app/assets/thumbs/bed-room-8.webp
Galerie Oasis (own),WA193,Morelli,Bedroom,Bedroom Sets,Made to order / price depends on options,https://demo-oasis-six.vercel.app/assets/thumbs/bed-room-2.webp
Galerie Oasis (own),GO-19815,Olivia 10″ Soft gel Rolled mattress,Bedroom,Mattresses,Made to order / price depends on options,https://demo-oasis-six.vercel.app/assets/thumbs/olivia-10-soft-gel-rolled-mattress.webp
Galerie Oasis (own),GO-18260,Rony,Bedroom,Bedroom Sets,Made to order / price depends on options,https://demo-oasis-six.vercel.app/assets/thumbs/bed-room-11.webp
Galerie Oasis (own),WA190,Samuel,Bedroom,Bedroom Sets,Made to order / price depends on options,https://demo-oasis-six.vercel.app/assets/thumbs/samuel.webp
Galerie Oasis (own),GO-18259,Sonia,Bedroom,Bedroom Sets,Made to order / price depends on options,https://demo-oasis-six.vercel.app/assets/thumbs/bed-room-10.webp
Galerie Oasis (own),GO-19759,Stella,Bedroom,Bedroom Sets,Made to order / price depends on options,https://demo-oasis-six.vercel.app/assets/thumbs/stella.webp
Galerie Oasis (own),GO-18199,Dining Room,Dining,Dining Sets,Made to order / price depends on options,https://demo-oasis-six.vercel.app/assets/thumbs/dining-room-14.webp
Galerie Oasis (own),GO-18195,Dining Room,Dining,Dining Sets,Made to order / price depends on options,https://demo-oasis-six.vercel.app/assets/thumbs/dining-room-13.webp
Galerie Oasis (own),GO-18191,Dining Room,Dining,Dining Sets,Made to order / price depends on options,https://demo-oasis-six.vercel.app/assets/thumbs/dining-room-12.webp
Galerie Oasis (own),GO-18187,Dining Room,Dining,Dining Sets,Made to order / price depends on options,https://demo-oasis-six.vercel.app/assets/thumbs/dining-room-11.webp
Galerie Oasis (own),GO-18181,Dining Room,Dining,Dining Sets,Made to order / price depends on options,https://demo-oasis-six.vercel.app/assets/thumbs/dining-room-9.webp
Galerie Oasis (own),GO-18173,Dining Room,Dining,Dining Sets,Made to order / price depends on options,https://demo-oasis-six.vercel.app/assets/thumbs/dining-room-8.webp
Galerie Oasis (own),GO-18169,Dining Room,Dining,Dining Sets,Made to order / price depends on options,https://demo-oasis-six.vercel.app/assets/thumbs/dining-room-7.webp
Galerie Oasis (own),GO-18165,Dining Room,Dining,Dining Sets,Made to order / price depends on options,https://demo-oasis-six.vercel.app/assets/thumbs/dining-room-6.webp
Galerie Oasis (own),GO-18161,Dining Room,Dining,Dining Sets,Made to order / price depends on options,https://demo-oasis-six.vercel.app/assets/thumbs/dining-room-5.webp
Galerie Oasis (own),GO-18157,Dining Room,Dining,Dining Sets,Made to order / price depends on options,https://demo-oasis-six.vercel.app/assets/thumbs/dining-room-4.webp
Galerie Oasis (own),GO-18153,Dining Room,Dining,Dining Sets,Made to order / price depends on options,https://demo-oasis-six.vercel.app/assets/thumbs/dining-room-3.webp
Galerie Oasis (own),GO-18148,Dining Room,Dining,Dining Sets,Made to order / price depends on options,https://demo-oasis-six.vercel.app/assets/thumbs/dining-room-2.webp
Galerie Oasis (own),GO-18142,Dining Room,Dining,Dining Sets,Made to order / price depends on options,https://demo-oasis-six.vercel.app/assets/thumbs/dining-room.webp
Galerie Oasis (own),GO-18137,Dining Room,Dining,Dining Sets,Made to order / price depends on options,https://demo-oasis-six.vercel.app/assets/thumbs/dining-room-available.webp
Galerie Oasis (own),GO-19881,GABRIELA Dining Room,Dining,Dining Sets,Made to order / price depends on options,https://demo-oasis-six.vercel.app/assets/thumbs/dining-room-15.webp
Galerie Oasis (own),GO-18182,Keswick,Dining,Dining Sets,Made to order / price depends on options,https://demo-oasis-six.vercel.app/assets/thumbs/dining-room-10.webp
Galerie Oasis (own),WA 228,THE TUXEDO – High Quality Hand Crafted Dining Room Furniture,Dining,Dining Sets,Made to order / price depends on options,https://demo-oasis-six.vercel.app/assets/thumbs/dining-room-16.webp
Galerie Oasis (own),GO-20318,Annabelle,Living Room,Sofas,Made to order / price depends on options,https://demo-oasis-six.vercel.app/assets/thumbs/annabelle.webp
Galerie Oasis (own),WA886,Aurora,Living Room,Sofas,Made to order / price depends on options,https://demo-oasis-six.vercel.app/assets/thumbs/aurora.webp
Galerie Oasis (own),GO-18629,Chair,Living Room,Chairs,Made to order / price depends on options,https://demo-oasis-six.vercel.app/assets/thumbs/chair-21.webp
Galerie Oasis (own),GO-18628,Chair,Living Room,Chairs,Made to order / price depends on options,https://demo-oasis-six.vercel.app/assets/thumbs/chair-20.webp
Galerie Oasis (own),GO-18627,Chair,Living Room,Chairs,Made to order / price depends on options,https://demo-oasis-six.vercel.app/assets/thumbs/chair-19.webp
Galerie Oasis (own),GO-18626,Chair,Living Room,Chairs,Made to order / price depends on options,https://demo-oasis-six.vercel.app/assets/thumbs/chair-18.webp
Galerie Oasis (own),GO-18625,Chair,Living Room,Chairs,Made to order / price depends on options,https://demo-oasis-six.vercel.app/assets/thumbs/chair-17.webp
Galerie Oasis (own),GO-18623,Chair,Living Room,Chairs,Made to order / price depends on options,https://demo-oasis-six.vercel.app/assets/thumbs/chair-16.webp
Galerie Oasis (own),GO-18622,Chair,Living Room,Chairs,Made to order / price depends on options,https://demo-oasis-six.vercel.app/assets/thumbs/chair-15.webp
Galerie Oasis (own),GO-18621,Chair,Living Room,Chairs,Made to order / price depends on options,https://demo-oasis-six.vercel.app/assets/thumbs/chair-14.webp
Galerie Oasis (own),GO-18620,Chair,Living Room,Chairs,Made to order / price depends on options,https://demo-oasis-six.vercel.app/assets/thumbs/chair-13.webp
Galerie Oasis (own),GO-18618,Chair,Living Room,Chairs,Made to order / price depends on options,https://demo-oasis-six.vercel.app/assets/thumbs/chair-12.webp
Galerie Oasis (own),GO-18617,Chair,Living Room,Chairs,Made to order / price depends on options,https://demo-oasis-six.vercel.app/assets/thumbs/chair-11.webp
Galerie Oasis (own),GO-18615,Chair,Living Room,Chairs,Made to order / price depends on options,https://demo-oasis-six.vercel.app/assets/thumbs/chair-9.webp
Galerie Oasis (own),GO-18614,Chair,Living Room,Chairs,Made to order / price depends on options,https://demo-oasis-six.vercel.app/assets/thumbs/chair-8.webp
Galerie Oasis (own),GO-18613,Chair,Living Room,Chairs,Made to order / price depends on options,https://demo-oasis-six.vercel.app/assets/thumbs/chair-7.webp
Galerie Oasis (own),GO-18612,Chair,Living Room,Chairs,Made to order / price depends on options,https://demo-oasis-six.vercel.app/assets/thumbs/chair-6.webp
Galerie Oasis (own),GO-18611,Chair,Living Room,Chairs,Made to order / price depends on options,https://demo-oasis-six.vercel.app/assets/thumbs/chair-5.webp
Galerie Oasis (own),GO-18610,Chair,Living Room,Chairs,Made to order / price depends on options,https://demo-oasis-six.vercel.app/assets/thumbs/chair-4.webp
Galerie Oasis (own),GO-18608,Chair,Living Room,Chairs,Made to order / price depends on options,https://demo-oasis-six.vercel.app/assets/thumbs/chair-3.webp
Galerie Oasis (own),GO-18607,Chair,Living Room,Chairs,Made to order / price depends on options,https://demo-oasis-six.vercel.app/assets/thumbs/chair-2.webp
Galerie Oasis (own),GO-18606,Chair,Living Room,Chairs,Made to order / price depends on options,https://demo-oasis-six.vercel.app/assets/thumbs/chair.webp
Galerie Oasis (own),GO-18605,Chaise,Living Room,Chairs,Made to order / price depends on options,https://demo-oasis-six.vercel.app/assets/thumbs/chaise-5.webp
Galerie Oasis (own),GO-18603,Chaise,Living Room,Chairs,Made to order / price depends on options,https://demo-oasis-six.vercel.app/assets/thumbs/chaise-4.webp
Galerie Oasis (own),GO-18602,Chaise,Living Room,Chairs,Made to order / price depends on options,https://demo-oasis-six.vercel.app/assets/thumbs/chaise-3.webp
Galerie Oasis (own),GO-18601,Chaise,Living Room,Chairs,Made to order / price depends on options,https://demo-oasis-six.vercel.app/assets/thumbs/chaise-2.webp
Galerie Oasis (own),GO-18561,Chaise,Living Room,Chairs,Made to order / price depends on options,https://demo-oasis-six.vercel.app/assets/thumbs/chaise.webp
Galerie Oasis (own),WA552,Eleanor,Living Room,Sofas,Made to order / price depends on options,https://demo-oasis-six.vercel.app/assets/thumbs/eleanor-wa552.webp
Galerie Oasis (own),WH007,Marie Antoinette,Living Room,Sofas,Made to order / price depends on options,https://demo-oasis-six.vercel.app/assets/thumbs/marie-antoinette.webp
Galerie Oasis (own),GO-19638,Milton,Living Room,Recliners,Made to order / price depends on options,https://demo-oasis-six.vercel.app/assets/thumbs/milton.webp
Galerie Oasis (own),WA905,Mona Lisa,Living Room,Sofas,Made to order / price depends on options,https://demo-oasis-six.vercel.app/assets/thumbs/mona-lisa.webp
Galerie Oasis (own),GO-19646,Nakita detail LIFT CHAIR,Living Room,Recliners,Made to order / price depends on options,https://demo-oasis-six.vercel.app/assets/thumbs/nakita-detail-lift-chair.webp
Galerie Oasis (own),WH005,Ophelia,Living Room,Sofas,Made to order / price depends on options,https://demo-oasis-six.vercel.app/assets/thumbs/ophelia-wh005.webp
Galerie Oasis (own),GO-18546,Ottoman,Living Room,Ottomans,Made to order / price depends on options,https://demo-oasis-six.vercel.app/assets/thumbs/ottoman-10.webp
Galerie Oasis (own),GO-18548,Ottoman,Living Room,Ottomans,Made to order / price depends on options,https://demo-oasis-six.vercel.app/assets/thumbs/ottoman-9.webp
Galerie Oasis (own),GO-18547,Ottoman,Living Room,Ottomans,Made to order / price depends on options,https://demo-oasis-six.vercel.app/assets/thumbs/ottoman-8.webp
Galerie Oasis (own),GO-18545,Ottoman,Living Room,Ottomans,Made to order / price depends on options,https://demo-oasis-six.vercel.app/assets/thumbs/ottoman-7.webp
Galerie Oasis (own),GO-18544,Ottoman,Living Room,Ottomans,Made to order / price depends on options,https://demo-oasis-six.vercel.app/assets/thumbs/ottoman-6.webp
Galerie Oasis (own),GO-18543,Ottoman,Living Room,Ottomans,Made to order / price depends on options,https://demo-oasis-six.vercel.app/assets/thumbs/ottoman-5.webp
Galerie Oasis (own),GO-18542,Ottoman,Living Room,Ottomans,Made to order / price depends on options,https://demo-oasis-six.vercel.app/assets/thumbs/ottoman-4.webp
Galerie Oasis (own),GO-18541,Ottoman,Living Room,Ottomans,Made to order / price depends on options,https://demo-oasis-six.vercel.app/assets/thumbs/ottoman-3.webp
Galerie Oasis (own),GO-18540,Ottoman,Living Room,Ottomans,Made to order / price depends on options,https://demo-oasis-six.vercel.app/assets/thumbs/ottoman-2.webp
Galerie Oasis (own),GO-18539,Ottoman,Living Room,Ottomans,Made to order / price depends on options,https://demo-oasis-six.vercel.app/assets/thumbs/ottoman.webp
Galerie Oasis (own),WA547,Queen Anne,Living Room,Sofas,Made to order / price depends on options,https://demo-oasis-six.vercel.app/assets/thumbs/queen-anne.webp
Galerie Oasis (own),GO-20311,Rosalie,Living Room,Sofas,Made to order / price depends on options,https://demo-oasis-six.vercel.app/assets/thumbs/rosalie.webp
Galerie Oasis (own),GO-19639,Safiyah detail,Living Room,Recliners,Made to order / price depends on options,https://demo-oasis-six.vercel.app/assets/thumbs/safiyah_detail.webp
Galerie Oasis (own),GO-20313,Santana,Living Room,Sectionals,Made to order / price depends on options,https://demo-oasis-six.vercel.app/assets/thumbs/santana.webp
Galerie Oasis (own),GO-18760,Sectional,Living Room,Sectionals,Made to order / price depends on options,https://demo-oasis-six.vercel.app/assets/thumbs/sectional-17.webp
Galerie Oasis (own),GO-18759,Sectional,Living Room,Sectionals,Made to order / price depends on options,https://demo-oasis-six.vercel.app/assets/thumbs/18759.webp
Galerie Oasis (own),GO-18758,Sectional,Living Room,Sectionals,Made to order / price depends on options,https://demo-oasis-six.vercel.app/assets/thumbs/sectional-16.webp
Galerie Oasis (own),GO-18757,Sectional,Living Room,Sectionals,Made to order / price depends on options,https://demo-oasis-six.vercel.app/assets/thumbs/sectional-15.webp
Galerie Oasis (own),GO-18756,Sectional,Living Room,Sectionals,Made to order / price depends on options,https://demo-oasis-six.vercel.app/assets/thumbs/18756.webp
Galerie Oasis (own),GO-18755,Sectional,Living Room,Sectionals,Made to order / price depends on options,https://demo-oasis-six.vercel.app/assets/thumbs/18755.webp
Galerie Oasis (own),GO-18753,Sectional,Living Room,Sectionals,Made to order / price depends on options,https://demo-oasis-six.vercel.app/assets/thumbs/sectional-14.webp
Galerie Oasis (own),GO-18752,Sectional,Living Room,Sectionals,Made to order / price depends on options,https://demo-oasis-six.vercel.app/assets/thumbs/sectional-13.webp
Galerie Oasis (own),GO-18751,Sectional,Living Room,Sectionals,Made to order / price depends on options,https://demo-oasis-six.vercel.app/assets/thumbs/sectional-12.webp
Galerie Oasis (own),GO-18750,Sectional,Living Room,Sectionals,Made to order / price depends on options,https://demo-oasis-six.vercel.app/assets/thumbs/sectional-11.webp
Galerie Oasis (own),GO-18749,Sectional,Living Room,Sectionals,Made to order / price depends on options,https://demo-oasis-six.vercel.app/assets/thumbs/sectional-10.webp
Galerie Oasis (own),GO-18748,Sectional,Living Room,Sectionals,Made to order / price depends on options,https://demo-oasis-six.vercel.app/assets/thumbs/sectional-9.webp
Galerie Oasis (own),GO-18747,Sectional,Living Room,Sectionals,Made to order / price depends on options,https://demo-oasis-six.vercel.app/assets/thumbs/sectional-8.webp
Galerie Oasis (own),GO-18746,Sectional,Living Room,Sectionals,Made to order / price depends on options,https://demo-oasis-six.vercel.app/assets/thumbs/sectional-7.webp
Galerie Oasis (own),GO-18745,Sectional,Living Room,Sectionals,Made to order / price depends on options,https://demo-oasis-six.vercel.app/assets/thumbs/sectional-6.webp
Galerie Oasis (own),GO-18743,Sectional,Living Room,Sectionals,Made to order / price depends on options,https://demo-oasis-six.vercel.app/assets/thumbs/sectional-5.webp
Galerie Oasis (own),GO-18742,Sectional,Living Room,Sectionals,Made to order / price depends on options,https://demo-oasis-six.vercel.app/assets/thumbs/sectional-4.webp
Galerie Oasis (own),GO-18739,Sectional,Living Room,Sectionals,Made to order / price depends on options,https://demo-oasis-six.vercel.app/assets/thumbs/sectional-3.webp
Galerie Oasis (own),GO-18738,Sectional,Living Room,Sectionals,Made to order / price depends on options,https://demo-oasis-six.vercel.app/assets/thumbs/sectional-2.webp
Galerie Oasis (own),GO-18630,Sectional,Living Room,Sectionals,Made to order / price depends on options,https://demo-oasis-six.vercel.app/assets/thumbs/sectional.webp
Galerie Oasis (own),GO-18420,Sofa,Living Room,Sofas,Made to order / price depends on options,https://demo-oasis-six.vercel.app/assets/thumbs/sofa-5.webp
Galerie Oasis (own),GO-18350,Sofa,Living Room,Sofa Beds,Made to order / price depends on options,https://demo-oasis-six.vercel.app/assets/thumbs/sofa-4.webp
Galerie Oasis (own),GO-18343,Sofa,Living Room,Sofas,Made to order / price depends on options,https://demo-oasis-six.vercel.app/assets/thumbs/sofa-3.webp
Galerie Oasis (own),GO-18341,Sofa,Living Room,Sofas,Made to order / price depends on options,https://demo-oasis-six.vercel.app/assets/thumbs/sofa-2.webp
Galerie Oasis (own),GO-18337,Sofa,Living Room,Sofas,Made to order / price depends on options,https://demo-oasis-six.vercel.app/assets/thumbs/sofa.webp
Galerie Oasis (own),GO-18314,Sofa Bed,Living Room,Sofa Beds,Made to order / price depends on options,https://demo-oasis-six.vercel.app/assets/thumbs/sofa-bed-6.webp
Galerie Oasis (own),GO-18310,Sofa Bed,Living Room,Sofa Beds,Made to order / price depends on options,https://demo-oasis-six.vercel.app/assets/thumbs/sofa-bed-5.webp
Galerie Oasis (own),GO-18309,Sofa Bed,Living Room,Sofa Beds,Made to order / price depends on options,https://demo-oasis-six.vercel.app/assets/thumbs/sofa-bed-4.webp
Galerie Oasis (own),GO-18304,Sofa Bed,Living Room,Sofa Beds,Made to order / price depends on options,https://demo-oasis-six.vercel.app/assets/thumbs/sofa-bed-3.webp
Galerie Oasis (own),GO-18300,Sofa Bed,Living Room,Sofa Beds,Made to order / price depends on options,https://demo-oasis-six.vercel.app/assets/thumbs/sofa-bed-2.webp
Galerie Oasis (own),GO-18296,Sofa Bed,Living Room,Sofa Beds,Made to order / price depends on options,https://demo-oasis-six.vercel.app/assets/thumbs/bed-room-12.webp
Galerie Oasis (own),GO-18292,Sofa Bed,Living Room,Sofa Beds,Made to order / price depends on options,https://demo-oasis-six.vercel.app/assets/thumbs/sofa-bed.webp
Galerie Oasis (own),GO-20315,Sophia,Living Room,Sofas,Made to order / price depends on options,https://demo-oasis-six.vercel.app/assets/thumbs/sophia.webp
Galerie Oasis (own),GO-18516,Stationary,Living Room,Sofas,Made to order / price depends on options,https://demo-oasis-six.vercel.app/assets/thumbs/stationary-29.webp
Galerie Oasis (own),GO-18515,Stationary,Living Room,Sofas,Made to order / price depends on options,https://demo-oasis-six.vercel.app/assets/thumbs/stationary-28.webp
Galerie Oasis (own),GO-18508,Stationary,Living Room,Sofas,Made to order / price depends on options,https://demo-oasis-six.vercel.app/assets/thumbs/stationary-27.webp
Galerie Oasis (own),GO-18504,Stationary,Living Room,Sofas,Made to order / price depends on options,https://demo-oasis-six.vercel.app/assets/thumbs/stationary-26.webp
Galerie Oasis (own),GO-18500,Stationary,Living Room,Sofas,Made to order / price depends on options,https://demo-oasis-six.vercel.app/assets/thumbs/stationary-25.webp
Galerie Oasis (own),GO-18496,Stationary,Living Room,Sofas,Made to order / price depends on options,https://demo-oasis-six.vercel.app/assets/thumbs/stationary-24.webp
Galerie Oasis (own),GO-18492,Stationary,Living Room,Sofas,Made to order / price depends on options,https://demo-oasis-six.vercel.app/assets/thumbs/stationary-23.webp
Galerie Oasis (own),GO-18489,Stationary,Living Room,Sofas,Made to order / price depends on options,https://demo-oasis-six.vercel.app/assets/thumbs/stationary-22.webp
Galerie Oasis (own),GO-18482,Stationary,Living Room,Sofas,Made to order / price depends on options,https://demo-oasis-six.vercel.app/assets/thumbs/stationary-21.webp
Galerie Oasis (own),GO-18481,Stationary,Living Room,Sofas,Made to order / price depends on options,https://demo-oasis-six.vercel.app/assets/thumbs/stationary-20.webp
Galerie Oasis (own),GO-18477,Stationary,Living Room,Sofas,Made to order / price depends on options,https://demo-oasis-six.vercel.app/assets/thumbs/stationary-19.webp
Galerie Oasis (own),GO-18470,Stationary,Living Room,Sofas,Made to order / price depends on options,https://demo-oasis-six.vercel.app/assets/thumbs/stationary-18.webp
Galerie Oasis (own),GO-18468,Stationary,Living Room,Sofas,Made to order / price depends on options,https://demo-oasis-six.vercel.app/assets/thumbs/stationary-17.webp
Galerie Oasis (own),GO-18431,Stationary,Living Room,Sofas,Made to order / price depends on options,https://demo-oasis-six.vercel.app/assets/thumbs/stationary-16.webp
Galerie Oasis (own),GO-18424,Stationary,Living Room,Sofas,Made to order / price depends on options,https://demo-oasis-six.vercel.app/assets/thumbs/stationary-15.webp
Galerie Oasis (own),GO-18416,Stationary,Living Room,Sofas,Made to order / price depends on options,https://demo-oasis-six.vercel.app/assets/thumbs/stationary-14.webp
Galerie Oasis (own),GO-18415,Stationary,Living Room,Sofas,Made to order / price depends on options,https://demo-oasis-six.vercel.app/assets/thumbs/stationary-13.webp
Galerie Oasis (own),GO-18408,Stationary,Living Room,Sofas,Made to order / price depends on options,https://demo-oasis-six.vercel.app/assets/thumbs/stationary-12.webp
Galerie Oasis (own),GO-18406,Stationary,Living Room,Sofas,Made to order / price depends on options,https://demo-oasis-six.vercel.app/assets/thumbs/stationary-11.webp
Galerie Oasis (own),GO-18399,Stationary,Living Room,Sofas,Made to order / price depends on options,https://demo-oasis-six.vercel.app/assets/thumbs/stationary-10.webp
Galerie Oasis (own),GO-18398,Stationary,Living Room,Sofas,Made to order / price depends on options,https://demo-oasis-six.vercel.app/assets/thumbs/stationary-9.webp
Galerie Oasis (own),GO-18394,Stationary,Living Room,Sofas,Made to order / price depends on options,https://demo-oasis-six.vercel.app/assets/thumbs/stationary-8.webp
Galerie Oasis (own),GO-18383,Stationary,Living Room,Sofas,Made to order / price depends on options,https://demo-oasis-six.vercel.app/assets/thumbs/stationary-7.webp
Galerie Oasis (own),GO-18382,Stationary,Living Room,Sofas,Made to order / price depends on options,https://demo-oasis-six.vercel.app/assets/thumbs/stationary-6.webp
Galerie Oasis (own),GO-18378,Stationary,Living Room,Sofas,Made to order / price depends on options,https://demo-oasis-six.vercel.app/assets/thumbs/stationary-5.webp
Galerie Oasis (own),GO-18371,Stationary,Living Room,Sofas,Made to order / price depends on options,https://demo-oasis-six.vercel.app/assets/thumbs/stationary-4.webp
Galerie Oasis (own),GO-18364,Stationary,Living Room,Sofas,Made to order / price depends on options,https://demo-oasis-six.vercel.app/assets/thumbs/stationary-3.webp
Galerie Oasis (own),GO-18359,Stationary,Living Room,Sofas,Made to order / price depends on options,https://demo-oasis-six.vercel.app/assets/thumbs/stationary-2.webp
Galerie Oasis (own),GO-18357,Stationary,Living Room,Sofas,Made to order / price depends on options,https://demo-oasis-six.vercel.app/assets/thumbs/stationary.webp
Galerie Oasis (own),GO-19650,Stetson Lift,Living Room,Recliners,Made to order / price depends on options,https://demo-oasis-six.vercel.app/assets/thumbs/stetson-lift.webp
Galerie Oasis (own),GO-19657,Thorley Lift,Living Room,Recliners,Made to order / price depends on options,https://demo-oasis-six.vercel.app/assets/thumbs/thorley-lift.webp
Galerie Oasis (own),GO-18616,chair,Living Room,Chairs,Made to order / price depends on options,https://demo-oasis-six.vercel.app/assets/thumbs/chair-10.webp
Galerie Oasis (own),GO-19396,Bali Light_Grey,Rugs,Machine Made,Made to order / price depends on options,https://demo-oasis-six.vercel.app/assets/thumbs/bali-light_grey.webp
Galerie Oasis (own),GO-19401,Bali White,Rugs,Machine Made,Made to order / price depends on options,https://demo-oasis-six.vercel.app/assets/thumbs/bali-white.webp
Galerie Oasis (own),GO-19058,Balouch,Rugs,Hand Knotted,Made to order / price depends on options,https://demo-oasis-six.vercel.app/assets/thumbs/balouch.webp
Galerie Oasis (own),GO-19141,Balouchi,Rugs,Hand Knotted,Made to order / price depends on options,https://demo-oasis-six.vercel.app/assets/thumbs/balouchi-5.webp
Galerie Oasis (own),GO-19098,Balouchi,Rugs,Hand Knotted,Made to order / price depends on options,https://demo-oasis-six.vercel.app/assets/thumbs/balouchi-4.webp
Galerie Oasis (own),GO-19096,Balouchi,Rugs,Hand Knotted,Made to order / price depends on options,https://demo-oasis-six.vercel.app/assets/thumbs/balouchi-3.webp
Galerie Oasis (own),GO-19086,Balouchi,Rugs,Hand Knotted,Made to order / price depends on options,https://demo-oasis-six.vercel.app/assets/thumbs/balouchi-2.webp
Galerie Oasis (own),GO-19073,Balouchi,Rugs,Hand Knotted,Made to order / price depends on options,https://demo-oasis-six.vercel.app/assets/thumbs/balouchi.webp
Galerie Oasis (own),GO-19117,Baluch,Rugs,Hand Knotted,Made to order / price depends on options,https://demo-oasis-six.vercel.app/assets/thumbs/baluch-3.webp
Galerie Oasis (own),GO-19106,Baluch,Rugs,Hand Knotted,Made to order / price depends on options,https://demo-oasis-six.vercel.app/assets/thumbs/baluch-2.webp
Galerie Oasis (own),GO-19083,Baluch,Rugs,Hand Knotted,Made to order / price depends on options,https://demo-oasis-six.vercel.app/assets/thumbs/baluch.webp
Galerie Oasis (own),GO-19986,Boukhara,Rugs,Hand Knotted,Made to order / price depends on options,https://demo-oasis-six.vercel.app/assets/thumbs/boukhara-hand-knotted-wool-rug-in-laval-2.webp
Galerie Oasis (own),GO-19984,Boukhara,Rugs,Hand Knotted,Made to order / price depends on options,https://demo-oasis-six.vercel.app/assets/thumbs/boukhara-hand-knotted-wool-rug-in-laval.webp
Galerie Oasis (own),GO-19181,Boukhara,Rugs,Hand Knotted,Made to order / price depends on options,https://demo-oasis-six.vercel.app/assets/thumbs/boukhara.webp
Galerie Oasis (own),GO-19406,Florence White,Rugs,Machine Made,Made to order / price depends on options,https://demo-oasis-six.vercel.app/assets/thumbs/florence-white.webp
Galerie Oasis (own),GO-19978,HAMADAN Persian,Rugs,Hand Knotted,Made to order / price depends on options,https://demo-oasis-six.vercel.app/assets/thumbs/hamadan-persian-hand-knotted-wool-rug-in-laval.webp
Galerie Oasis (own),GO-19278,HAMADAN Persian,Rugs,Hand Knotted,Made to order / price depends on options,https://demo-oasis-six.vercel.app/assets/thumbs/hamadan-2.webp
Galerie Oasis (own),GO-19273,HAMADAN Persian,Rugs,Hand Knotted,Made to order / price depends on options,https://demo-oasis-six.vercel.app/assets/thumbs/hamadan.webp
Galerie Oasis (own),GO-19232,Heriz Patina,Rugs,Hand Knotted,Made to order / price depends on options,https://demo-oasis-six.vercel.app/assets/thumbs/heriz-patina.webp
Galerie Oasis (own),GO-19161,Indo Heriz,Rugs,Hand Knotted,Made to order / price depends on options,https://demo-oasis-six.vercel.app/assets/thumbs/indo-heriz-2.webp
Galerie Oasis (own),GO-19154,Indo Heriz,Rugs,Hand Knotted,Made to order / price depends on options,https://demo-oasis-six.vercel.app/assets/thumbs/indo-heriz.webp
Galerie Oasis (own),GO-20012,JAIPUR Hand-Tufted,Rugs,Hand Knotted,Made to order / price depends on options,https://demo-oasis-six.vercel.app/assets/thumbs/jaipur-hand-tufted-wool-rectangle-rug-in-laval-3.webp
Galerie Oasis (own),GO-20010,JAIPUR Hand-Tufted,Rugs,Hand Knotted,Made to order / price depends on options,https://demo-oasis-six.vercel.app/assets/thumbs/jaipur-hand-tufted-wool-rectangle-rug-in-laval-2.webp
Galerie Oasis (own),GO-20007,JAIPUR Hand-Tufted,Rugs,Hand Knotted,Made to order / price depends on options,https://demo-oasis-six.vercel.app/assets/thumbs/jaipur-hand-tufted-wool-rectangle-rug-in-laval.webp
Galerie Oasis (own),GO-19988,JAIPUR Hand-Tufted,Rugs,Hand Knotted,Made to order / price depends on options,https://demo-oasis-six.vercel.app/assets/thumbs/jaipur-hand-tufted-wool-rug-in-laval.webp
Galerie Oasis (own),GO-19249,JALDAR BOUKHARA Silk Blend,Rugs,Hand Knotted,Made to order / price depends on options,https://demo-oasis-six.vercel.app/assets/thumbs/jaldar-boukhara-6.webp
Galerie Oasis (own),GO-19247,Jaldar Boukhara,Rugs,Hand Knotted,Made to order / price depends on options,https://demo-oasis-six.vercel.app/assets/thumbs/jaldar-boukhara-5.webp
Galerie Oasis (own),GO-19209,Jaldar Boukhara,Rugs,Hand Knotted,Made to order / price depends on options,https://demo-oasis-six.vercel.app/assets/thumbs/jaldar-boukhara-4.webp
Galerie Oasis (own),GO-19204,Jaldar Boukhara,Rugs,Hand Knotted,Made to order / price depends on options,https://demo-oasis-six.vercel.app/assets/thumbs/jaldar-boukhara-3.webp
Galerie Oasis (own),GO-19173,Jaldar Boukhara,Rugs,Hand Knotted,Made to order / price depends on options,https://demo-oasis-six.vercel.app/assets/thumbs/jaldar-boukhara-2.webp
Galerie Oasis (own),GO-19168,Jaldar Boukhara,Rugs,Hand Knotted,Made to order / price depends on options,https://demo-oasis-six.vercel.app/assets/thumbs/jaldar-boukhara.webp
Galerie Oasis (own),GO-19237,Kazak,Rugs,Hand Knotted,Made to order / price depends on options,https://demo-oasis-six.vercel.app/assets/thumbs/kazak.webp
Galerie Oasis (own),GO-19266,MISHKIN Aged Persian,Rugs,Hand Knotted,Made to order / price depends on options,https://demo-oasis-six.vercel.app/assets/thumbs/mishkin.webp
Galerie Oasis (own),GO-19533,Medusa White,Rugs,Machine Made,Made to order / price depends on options,https://demo-oasis-six.vercel.app/assets/thumbs/medusa-white.webp
Galerie Oasis (own),GO-19444,Micro_Shaggy,Rugs,Machine Made,Made to order / price depends on options,https://demo-oasis-six.vercel.app/assets/thumbs/micro_shaggy.webp
Galerie Oasis (own),GO-19411,Montana Cream,Rugs,Machine Made,Made to order / price depends on options,https://demo-oasis-six.vercel.app/assets/thumbs/montana-cream.webp
Galerie Oasis (own),GO-19952,NEPAL Runner,Rugs,Hand Knotted,Made to order / price depends on options,https://demo-oasis-six.vercel.app/assets/thumbs/nepal-runner-in-laval.webp
Galerie Oasis (own),GO-19251,Persian Afshar,Rugs,Hand Knotted,Made to order / price depends on options,https://demo-oasis-six.vercel.app/assets/thumbs/persian-afshar.webp
Galerie Oasis (own),GO-20018,Persian Goltoch,Rugs,Hand Knotted,Made to order / price depends on options,https://demo-oasis-six.vercel.app/assets/thumbs/persian-goltoch-hand-knotted-wool-rectangle-rug-in-laval.webp
Galerie Oasis (own),GO-20020,Persian Hamadan,Rugs,Hand Knotted,Made to order / price depends on options,https://demo-oasis-six.vercel.app/assets/thumbs/persian-hamadan-hand-knotted-wool-rectangle-rug-in-laval-3.webp
Galerie Oasis (own),GO-20016,Persian Hamadan,Rugs,Hand Knotted,Made to order / price depends on options,https://demo-oasis-six.vercel.app/assets/thumbs/persian-hamadan-hand-knotted-wool-rectangle-rug-in-laval-2.webp
Galerie Oasis (own),GO-20014,Persian Hamadan,Rugs,Hand Knotted,Made to order / price depends on options,https://demo-oasis-six.vercel.app/assets/thumbs/persian-hamadan-hand-knotted-wool-rectangle-rug-in-laval.webp
Galerie Oasis (own),GO-20002,Persian Hamadan,Rugs,Hand Knotted,Made to order / price depends on options,https://demo-oasis-six.vercel.app/assets/thumbs/persian-hamadan-hand-knotted-wool-rug-in-laval-6.webp
Galerie Oasis (own),GO-20000,Persian Hamadan,Rugs,Hand Knotted,Made to order / price depends on options,https://demo-oasis-six.vercel.app/assets/thumbs/persian-hamadan-hand-knotted-wool-rug-in-laval-5.webp
Galerie Oasis (own),GO-19998,Persian Hamadan,Rugs,Hand Knotted,Made to order / price depends on options,https://demo-oasis-six.vercel.app/assets/thumbs/persian-hamadan-hand-knotted-wool-rug-in-laval-4.webp
Galerie Oasis (own),GO-19995,Persian Hamadan,Rugs,Hand Knotted,Made to order / price depends on options,https://demo-oasis-six.vercel.app/assets/thumbs/persian-hamadan-hand-knotted-wool-rug-in-laval-3.webp
Galerie Oasis (own),GO-19993,Persian Hamadan,Rugs,Hand Knotted,Made to order / price depends on options,https://demo-oasis-six.vercel.app/assets/thumbs/persian-hamadan-hand-knotted-wool-rug-in-laval-2.webp
Galerie Oasis (own),GO-19991,Persian Hamadan,Rugs,Hand Knotted,Made to order / price depends on options,https://demo-oasis-six.vercel.app/assets/thumbs/persian-hamadan-hand-knotted-wool-rug-in-laval.webp
Galerie Oasis (own),GO-20022,Persian Khoramabad,Rugs,Hand Knotted,Made to order / price depends on options,https://demo-oasis-six.vercel.app/assets/thumbs/persian-khoramabad-hand-knotted-wool-rectangle-rug-in-laval.webp
Galerie Oasis (own),GO-19982,Persian Sarough,Rugs,Hand Knotted,Made to order / price depends on options,https://demo-oasis-six.vercel.app/assets/thumbs/persian-sarough-hand-knotted-wool-rug-in-laval-2.webp
Galerie Oasis (own),GO-19980,Persian Sarough,Rugs,Hand Knotted,Made to order / price depends on options,https://demo-oasis-six.vercel.app/assets/thumbs/persian-sarough-hand-knotted-wool-rug-in-laval.webp
Galerie Oasis (own),GO-19239,Persian Sarough,Rugs,Hand Knotted,Made to order / price depends on options,https://demo-oasis-six.vercel.app/assets/thumbs/persian-sarough.webp
Galerie Oasis (own),GO-19554,Phoenix Dark_Lilac,Rugs,Machine Made,Made to order / price depends on options,https://demo-oasis-six.vercel.app/assets/thumbs/phoenix-dark_lilac.webp
Galerie Oasis (own),GO-19431,Plain_Shaggy,Rugs,Machine Made,Made to order / price depends on options,https://demo-oasis-six.vercel.app/assets/thumbs/plain_shaggy.webp
Galerie Oasis (own),GO-19194,Royal Balouch,Rugs,Hand Knotted,Made to order / price depends on options,https://demo-oasis-six.vercel.app/assets/thumbs/royal-balouch-3.webp
Galerie Oasis (own),GO-19146,Royal Balouch,Rugs,Hand Knotted,Made to order / price depends on options,https://demo-oasis-six.vercel.app/assets/thumbs/royal-balouch-2.webp
Galerie Oasis (own),GO-19072,Royal Balouch,Rugs,Hand Knotted,Made to order / price depends on options,https://demo-oasis-six.vercel.app/assets/thumbs/royal-balouch.webp
Galerie Oasis (own),GO-19955,Royal Balouchi,Rugs,Hand Knotted,Made to order / price depends on options,https://demo-oasis-six.vercel.app/assets/thumbs/royal-balouchi-rug-in-laval.webp
Galerie Oasis (own),GO-19192,Royal Balouchi,Rugs,Hand Knotted,Made to order / price depends on options,https://demo-oasis-six.vercel.app/assets/thumbs/royal-balouchi-5.webp
Galerie Oasis (own),GO-19187,Royal Balouchi,Rugs,Hand Knotted,Made to order / price depends on options,https://demo-oasis-six.vercel.app/assets/thumbs/royal-balouchi-4.webp
Galerie Oasis (own),GO-19128,Royal Balouchi,Rugs,Hand Knotted,Made to order / price depends on options,https://demo-oasis-six.vercel.app/assets/thumbs/royal-balouchi-3.webp
Galerie Oasis (own),GO-19060,Royal Balouchi,Rugs,Hand Knotted,Made to order / price depends on options,https://demo-oasis-six.vercel.app/assets/thumbs/royal-balouchi.webp
Galerie Oasis (own),GO-19202,Royal Baluchi,Rugs,Hand Knotted,Made to order / price depends on options,https://demo-oasis-six.vercel.app/assets/thumbs/royal-baluchi.webp
Galerie Oasis (own),GO-19424,Royal_Shaggy Light_Beige,Rugs,Machine Made,Made to order / price depends on options,https://demo-oasis-six.vercel.app/assets/thumbs/royal_shaggy-light_beige.webp
Galerie Oasis (own),GO-19419,Royal_Shaggy Light_Blue,Rugs,Machine Made,Made to order / price depends on options,https://demo-oasis-six.vercel.app/assets/thumbs/royal_shaggy-light_blue.webp
Galerie Oasis (own),GO-19546,Savannah Dark_Grey,Rugs,Machine Made,Made to order / price depends on options,https://demo-oasis-six.vercel.app/assets/thumbs/savannah-dark_grey.webp
Galerie Oasis (own),GO-19519,Savannah Light_Grey,Rugs,Machine Made,Made to order / price depends on options,https://demo-oasis-six.vercel.app/assets/thumbs/savannah-light_grey.webp
Galerie Oasis (own),GO-19522,Seville Beige,Rugs,Machine Made,Made to order / price depends on options,https://demo-oasis-six.vercel.app/assets/thumbs/seville-beige.webp
Galerie Oasis (own),GO-19508,Seville Light_Grey_Cream,Rugs,Machine Made,Made to order / price depends on options,https://demo-oasis-six.vercel.app/assets/thumbs/seville-light_grey_cream-2.webp
Galerie Oasis (own),GO-19496,Seville Light_Grey_Cream,Rugs,Machine Made,Made to order / price depends on options,https://demo-oasis-six.vercel.app/assets/thumbs/seville-light_grey_cream.webp
Galerie Oasis (own),GO-19413,Soft_Shaggy Cream,Rugs,Machine Made,Made to order / price depends on options,https://demo-oasis-six.vercel.app/assets/thumbs/soft_shaggy-cream.webp
Galerie Oasis (own),GO-19513,Soft_Shaggy White,Rugs,Machine Made,Made to order / price depends on options,https://demo-oasis-six.vercel.app/assets/thumbs/soft_shaggy-white.webp
Galerie Oasis (own),GO-20005,TABRIZ DESIGN Hand-Tufted Wool and Silk Runner,Rugs,Hand Knotted,Made to order / price depends on options,https://demo-oasis-six.vercel.app/assets/thumbs/tabriz-design-hand-tufted-wool-and-silk-runner-in-laval.webp
Galerie Oasis (own),GO-19214,Tajik Caucasus,Rugs,Hand Knotted,Made to order / price depends on options,https://demo-oasis-six.vercel.app/assets/thumbs/tajik-caucasus.webp
Galerie Oasis (own),GO-19456,Tampa Black,Rugs,Machine Made,Made to order / price depends on options,https://demo-oasis-six.vercel.app/assets/thumbs/tampa-black.webp
Galerie Oasis (own),GO-19569,Vegas Beige,Rugs,Machine Made,Made to order / price depends on options,https://demo-oasis-six.vercel.app/assets/thumbs/vegas-beige.webp
Galerie Oasis (own),GO-19531,Venus Dark_Beige,Rugs,Machine Made,Made to order / price depends on options,https://demo-oasis-six.vercel.app/assets/thumbs/venus-dark_beige.webp
Galerie Oasis (own),GO-19487,Verona Anthracite,Rugs,Machine Made,Made to order / price depends on options,https://demo-oasis-six.vercel.app/assets/thumbs/verona-anthracite-2.webp
Galerie Oasis (own),GO-19479,Verona Anthracite,Rugs,Machine Made,Made to order / price depends on options,https://demo-oasis-six.vercel.app/assets/thumbs/verona-anthracite.webp
Galerie Oasis (own),GO-19552,Verona Black,Rugs,Machine Made,Made to order / price depends on options,https://demo-oasis-six.vercel.app/assets/thumbs/verona-black-3.webp
Galerie Oasis (own),GO-19462,Verona Black,Rugs,Machine Made,Made to order / price depends on options,https://demo-oasis-six.vercel.app/assets/thumbs/verona-black-2.webp
Galerie Oasis (own),GO-19461,Verona Black,Rugs,Machine Made,Made to order / price depends on options,https://demo-oasis-six.vercel.app/assets/thumbs/verona-black.webp
Galerie Oasis (own),GO-19495,Verona Dark_Brown,Rugs,Machine Made,Made to order / price depends on options,https://demo-oasis-six.vercel.app/assets/thumbs/verona-dark_brown-2.webp
Galerie Oasis (own),GO-19491,Verona Dark_Brown,Rugs,Machine Made,Made to order / price depends on options,https://demo-oasis-six.vercel.app/assets/thumbs/verona-dark_brown.webp
Galerie Oasis (own),GO-19483,Verona Grey,Rugs,Machine Made,Made to order / price depends on options,https://demo-oasis-six.vercel.app/assets/thumbs/verona-grey.webp
Galerie Oasis (own),GO-19469,Verona Grey & Red,Rugs,Machine Made,Made to order / price depends on options,https://demo-oasis-six.vercel.app/assets/thumbs/verona-grey-red.webp
Galerie Oasis (own),GO-19541,Verona White,Rugs,Machine Made,Made to order / price depends on options,https://demo-oasis-six.vercel.app/assets/thumbs/verona-white.webp
Galerie Oasis (own),GO-19130,Yalameh Design,Rugs,Hand Knotted,Made to order / price depends on options,https://demo-oasis-six.vercel.app/assets/thumbs/yalameh-design.webp
Galerie Oasis (own),GO-19138,Yalameh Patina,Rugs,Hand Knotted,Made to order / price depends on options,https://demo-oasis-six.vercel.app/assets/thumbs/yalameh-patina.webp
Glory Home,GL-3155,9008 – Blue Upholstered Platform Bed with Storage,Bedroom,Beds,No pricelist from this supplier yet,https://gloryhomefurniture.ca/wp-content/uploads/2025/01/GLORY-CATALOGUE-JAN82025-13-2-scaled.jpg
Glory Home,GL-3152,9008 – Grey Upholstered Platform Bed with Storage,Bedroom,Beds,No pricelist from this supplier yet,https://gloryhomefurniture.ca/wp-content/uploads/2025/01/c1a65e_dc4965d67051435fad5bb36042b3e656mv2.webp
Glory Home,GL-1891,Austin – Cherry Bedroom Set,Bedroom,Bedroom Sets,No pricelist from this supplier yet,https://gloryhomefurniture.ca/wp-content/uploads/2024/02/CATALOGUE-7.jpg
Glory Home,GL-2048,Austin – White Bedroom Set,Bedroom,Bedroom Sets,No pricelist from this supplier yet,https://gloryhomefurniture.ca/wp-content/uploads/2024/02/245ef49a-3865-4c80-b1b5-1a61aab83654-1.jpg
Glory Home,GL-2010,Cameron Lift-top Bedroom Set,Bedroom,Bedroom Sets,No pricelist from this supplier yet,https://gloryhomefurniture.ca/wp-content/uploads/2024/02/Final-Glory-CATALOGUE-scaled.jpg
Glory Home,GL-4108,Christine,Bedroom,Beds,No pricelist from this supplier yet,https://gloryhomefurniture.ca/wp-content/uploads/2026/06/christine-headboard-900x598-1.png
Glory Home,GL-4104,Coastal,Bedroom,Beds,No pricelist from this supplier yet,https://gloryhomefurniture.ca/wp-content/uploads/2026/06/coastal-headboard-900x598-1.png
Glory Home,GL-1909,Florida – Antique White Bedroom Set,Bedroom,Bedroom Sets,No pricelist from this supplier yet,https://gloryhomefurniture.ca/wp-content/uploads/2024/02/CATALOGUE-10.jpg
Glory Home,GL-1929,Florida – Cherry Bedroom Set,Bedroom,Bedroom Sets,No pricelist from this supplier yet,https://gloryhomefurniture.ca/wp-content/uploads/2024/02/0aceb1f5-dd39-42dc-a5ea-047ff6e9a113.jpg
Glory Home,GL-2025,Glory – Grey Lift-top Bedroom Set,Bedroom,Bedroom Sets,No pricelist from this supplier yet,https://gloryhomefurniture.ca/wp-content/uploads/2024/05/thumbnail_c815690a75aa5e20e370f973a2e75b23.jpeg
Glory Home,GL-2717,Glory – White Lift-top Bedroom Set,Bedroom,Bedroom Sets,No pricelist from this supplier yet,https://gloryhomefurniture.ca/wp-content/uploads/2024/02/CATALOGUE-25.jpg
Glory Home,GL-3424,Joey Lift-Top Bedroom Set,Bedroom,Bedroom Sets,No pricelist from this supplier yet,https://gloryhomefurniture.ca/wp-content/uploads/2025/06/5-8-scaled.jpg
Glory Home,GL-3655,Juliet Bedroom Set,Bedroom,Bedroom Sets,No pricelist from this supplier yet,https://gloryhomefurniture.ca/wp-content/uploads/2025/11/BR785C-scaled-1.jpg
Glory Home,GL-3471,Lotus Lift-top Bedroom Set,Bedroom,Bedroom Sets,No pricelist from this supplier yet,https://gloryhomefurniture.ca/wp-content/uploads/2025/06/1-scaled.jpg
Glory Home,GL-49,Maharaja Bedroom Set,Bedroom,Bedroom Sets,No pricelist from this supplier yet,https://gloryhomefurniture.ca/wp-content/uploads/2024/02/CATALOGUE-2-2.jpg
Glory Home,GL-4106,Marie,Bedroom,Beds,No pricelist from this supplier yet,https://gloryhomefurniture.ca/wp-content/uploads/2026/06/marie-headboard-490x326-1.png
Glory Home,GL-3416,Moxie Lift-Top Bedroom Set,Bedroom,Bedroom Sets,No pricelist from this supplier yet,https://gloryhomefurniture.ca/wp-content/uploads/2025/06/5-6-scaled.jpg
Glory Home,GL-3862,Nova Lift-top Bedroom Set,Bedroom,Bedroom Sets,No pricelist from this supplier yet,https://gloryhomefurniture.ca/wp-content/uploads/2026/03/Screenshot-2026-03-09-at-2.24.00-PM.png
Glory Home,GL-4078,Panama Grey,Bedroom,Beds,No pricelist from this supplier yet,https://gloryhomefurniture.ca/wp-content/uploads/2026/06/panamabed-900x598-1.jpg
Glory Home,GL-4080,Panama White,Bedroom,Beds,No pricelist from this supplier yet,https://gloryhomefurniture.ca/wp-content/uploads/2026/06/panama-queen-bed-900x598-1.png
Glory Home,GL-3145,Richmond – Black Lift-top Bedroom Set,Bedroom,Bedroom Sets,No pricelist from this supplier yet,https://gloryhomefurniture.ca/wp-content/uploads/2025/01/Glory-Home-Furniture-1-scaled.jpg
Glory Home,GL-3142,Richmond – Grey Lift-top Bedroom Set,Bedroom,Bedroom Sets,No pricelist from this supplier yet,https://gloryhomefurniture.ca/wp-content/uploads/2025/01/Glory-Home-Furniture-5-scaled.jpg
Glory Home,GL-2730,Richmond – White Lift-top Bedroom Set,Bedroom,Bedroom Sets,No pricelist from this supplier yet,https://gloryhomefurniture.ca/wp-content/uploads/2024/02/1.场景-打开-scaled.jpg
Glory Home,GL-3420,Rosa Lift-Top Bedroom Set,Bedroom,Bedroom Sets,No pricelist from this supplier yet,https://gloryhomefurniture.ca/wp-content/uploads/2025/06/3-5-scaled.jpg
Glory Home,GL-4082,Sandra Grey,Bedroom,Beds,No pricelist from this supplier yet,https://gloryhomefurniture.ca/wp-content/uploads/2026/06/sandra-queen-bed-900x598-1.png
Glory Home,GL-4084,Sandra White,Bedroom,Beds,No pricelist from this supplier yet,https://gloryhomefurniture.ca/wp-content/uploads/2026/06/sandrabed-900x598-1.jpg
Glory Home,GL-3745,Santana Bedroom Set,Bedroom,Bedroom Sets,No pricelist from this supplier yet,https://gloryhomefurniture.ca/wp-content/uploads/2025/12/PHOTO-2025-12-10-13-57-33.jpg
Glory Home,GL-3563,Selena_Lift-top Bedroom Set,Bedroom,Bedroom Sets,No pricelist from this supplier yet,https://gloryhomefurniture.ca/wp-content/uploads/2025/07/2505514--scaled.jpg
Glory Home,GL-3429,Venus Lift-Top Bedroom Set,Bedroom,Bedroom Sets,No pricelist from this supplier yet,https://gloryhomefurniture.ca/wp-content/uploads/2025/06/5-9-scaled.jpg
Glory Home,GL-3718,Wendy Bedroom Set,Bedroom,Bedroom Sets,No pricelist from this supplier yet,https://gloryhomefurniture.ca/wp-content/uploads/2025/11/PHOTO-2025-12-30-13-26-36-3.jpg
Glory Home,GL-2055,Westshore Bedroom Set,Bedroom,Bedroom Sets,No pricelist from this supplier yet,https://gloryhomefurniture.ca/wp-content/uploads/2024/02/B465.webp
Glory Home,GL-3708,Antalya Black & Silver,Decor,Decor Objects,No pricelist from this supplier yet,https://gloryhomefurniture.ca/wp-content/uploads/2025/11/PHOTO-2025-11-30-13-07-51-3.jpg
Glory Home,GL-3713,Antalya Grey & Silver,Decor,Decor Objects,No pricelist from this supplier yet,https://gloryhomefurniture.ca/wp-content/uploads/2025/11/PHOTO-2025-11-30-13-07-51-5.jpg
Glory Home,GL-4112,Barcelona,Decor,Decor Objects,No pricelist from this supplier yet,https://gloryhomefurniture.ca/wp-content/uploads/2026/06/barcelonabenchnew-900x598-1.jpg
Glory Home,GL-4140,Concord,Decor,Accent Furniture,No pricelist from this supplier yet,https://gloryhomefurniture.ca/wp-content/uploads/2026/07/Concord.png
Glory Home,GL-4086,Derby,Decor,Accent Furniture,No pricelist from this supplier yet,https://gloryhomefurniture.ca/wp-content/uploads/2026/06/12452.jpg
Glory Home,GL-4089,Derby Silver,Decor,Accent Furniture,No pricelist from this supplier yet,https://gloryhomefurniture.ca/wp-content/uploads/2026/06/silverderbygrey-900x598-1.jpg
Glory Home,GL-3673,Halifax,Decor,Decor Objects,No pricelist from this supplier yet,https://gloryhomefurniture.ca/wp-content/uploads/2025/11/WhatsApp-Image-2025-11-11-at-12.25.00-PM-2.jpeg
Glory Home,GL-3665,Halifax,Decor,Decor Objects,No pricelist from this supplier yet,https://gloryhomefurniture.ca/wp-content/uploads/2025/11/WhatsApp-Image-2025-11-11-at-12.25.00-PM-1.jpeg
Glory Home,GL-3086,Honeycomb Beige & Gold,Decor,Accent Furniture,No pricelist from this supplier yet,https://gloryhomefurniture.ca/wp-content/uploads/2024/11/IMG_4298.jpg
Glory Home,GL-3082,Honeycomb Black & Gold,Decor,Accent Furniture,No pricelist from this supplier yet,https://gloryhomefurniture.ca/wp-content/uploads/2024/11/IMG_4297.webp
Glory Home,GL-2888,Madrid Beige & Gold,Decor,Accent Furniture,No pricelist from this supplier yet,https://gloryhomefurniture.ca/wp-content/uploads/2024/07/f47f09f3-1ec1-4aa9-8c06-a53c8527bd0b.jpg
Glory Home,GL-2774,Madrid Black & Silver,Decor,Accent Furniture,No pricelist from this supplier yet,https://gloryhomefurniture.ca/wp-content/uploads/2024/06/Honeycomb-Bk-2.jpg
Glory Home,GL-2785,Madrid Blue & Silver,Decor,Accent Furniture,No pricelist from this supplier yet,https://gloryhomefurniture.ca/wp-content/uploads/2024/06/Honeycomb-B-2.jpg
Glory Home,GL-2632,Madrid Grey & Silver,Decor,Accent Furniture,No pricelist from this supplier yet,https://gloryhomefurniture.ca/wp-content/uploads/2024/03/c77daacd-0695-456f-8c88-ec54a67a775f.jpg
Glory Home,GL-4142,Marcus,Decor,Decor Objects,No pricelist from this supplier yet,https://gloryhomefurniture.ca/wp-content/uploads/2026/07/Marcus.png
Glory Home,GL-4098,Mini Bar Table,Decor,Accent Furniture,No pricelist from this supplier yet,https://gloryhomefurniture.ca/wp-content/uploads/2026/06/mini-bar-table-900x598-1.png
Glory Home,GL-3675,Osaka,Decor,Decor Objects,No pricelist from this supplier yet,https://gloryhomefurniture.ca/wp-content/uploads/2025/11/WhatsApp-Image-2025-11-11-at-12.25.00-PM.jpeg
Glory Home,GL-3674,Osaka,Decor,Decor Objects,No pricelist from this supplier yet,https://gloryhomefurniture.ca/wp-content/uploads/2025/11/WhatsApp-Image-2025-11-11-at-12.24.59-PM.jpeg
Glory Home,GL-2837,Rome Beige & Gold,Decor,Accent Furniture,No pricelist from this supplier yet,https://gloryhomefurniture.ca/wp-content/uploads/2024/07/WhatsApp-Image-2024-07-03-at-4.38.15-PM.jpeg
Glory Home,GL-3614,Tulsa,Decor,Decor Objects,No pricelist from this supplier yet,https://gloryhomefurniture.ca/wp-content/uploads/2025/09/LivianoTuftedBackRed_GoldUpholsteredBarstool-1180890404-1.webp
Glory Home,GL-4044,Addison,Dining,Dining Sets,No pricelist from this supplier yet,https://gloryhomefurniture.ca/wp-content/uploads/2026/06/addisondiningnew-900x598-1.jpg
Glory Home,GL-4042,Albion,Dining,Dining Sets,No pricelist from this supplier yet,https://gloryhomefurniture.ca/wp-content/uploads/2026/06/newalbiondining-900x598-1.jpg
Glory Home,GL-4074,Amber,Dining,Dining Sets,No pricelist from this supplier yet,https://gloryhomefurniture.ca/wp-content/uploads/2026/06/ambernew2-900x598-1.jpg
Glory Home,GL-2088,Angel – Black,Dining,Dining Sets,No pricelist from this supplier yet,https://gloryhomefurniture.ca/wp-content/uploads/2024/02/5-2-scaled.jpg
Glory Home,GL-2541,Angel – White,Dining,Dining Sets,No pricelist from this supplier yet,https://gloryhomefurniture.ca/wp-content/uploads/2024/02/6-2-scaled.jpg
Glory Home,GL-4038,Brighten Gold,Dining,Dining Sets,No pricelist from this supplier yet,https://gloryhomefurniture.ca/wp-content/uploads/2026/06/goldbrighten-900x598-1.jpg
Glory Home,GL-4040,Brighten Silver,Dining,Dining Sets,No pricelist from this supplier yet,https://gloryhomefurniture.ca/wp-content/uploads/2026/06/silverbrighten-900x598-1.jpg
Glory Home,GL-2521,C095 Black & Silver,Dining,Dining Chairs,No pricelist from this supplier yet,https://gloryhomefurniture.ca/wp-content/uploads/2024/02/LS_C095-Black-Fabric-scaled.jpg
Glory Home,GL-3201,C095 Grey & Silver,Dining,Dining Sets,No pricelist from this supplier yet,https://gloryhomefurniture.ca/wp-content/uploads/2025/02/LS_C095-Grey-Fabric-scaled.jpg
Glory Home,GL-2523,C095 White & Silver,Dining,Dining Chairs,No pricelist from this supplier yet,https://gloryhomefurniture.ca/wp-content/uploads/2024/02/LS_C095-White-PU-scaled.jpg
Glory Home,GL-3316,CH333,Dining,Dining Chairs,No pricelist from this supplier yet,https://gloryhomefurniture.ca/wp-content/uploads/2025/04/CH333-WHITE-scaled.jpg
Glory Home,GL-3318,CH333 Black,Dining,Dining Chairs,No pricelist from this supplier yet,https://gloryhomefurniture.ca/wp-content/uploads/2025/04/CH333-BLACK-scaled.jpg
Glory Home,GL-3693,CH333 Grey,Dining,Dining Chairs,No pricelist from this supplier yet,https://gloryhomefurniture.ca/wp-content/uploads/2025/11/CH333-GREY-scaled.jpg
Glory Home,GL-3320,CH555 Black,Dining,Dining Chairs,No pricelist from this supplier yet,https://gloryhomefurniture.ca/wp-content/uploads/2025/04/CH555-BLACK-scaled.jpg
Glory Home,GL-3322,CH555 Grey,Dining,Dining Chairs,No pricelist from this supplier yet,https://gloryhomefurniture.ca/wp-content/uploads/2025/04/CH555-GREY-scaled.jpg
Glory Home,GL-3686,CH666_Black,Dining,Dining Chairs,No pricelist from this supplier yet,https://gloryhomefurniture.ca/wp-content/uploads/2025/11/CH666-GREY-scaled.jpg
Glory Home,GL-3689,CH666_Grey,Dining,Dining Chairs,No pricelist from this supplier yet,https://gloryhomefurniture.ca/wp-content/uploads/2025/11/CH666-GREY-1-scaled.jpg
Glory Home,GL-3691,CH666_White,Dining,Dining Chairs,No pricelist from this supplier yet,https://gloryhomefurniture.ca/wp-content/uploads/2025/11/CH666-WHITE-scaled.jpg
Glory Home,GL-3244,CH888 Black,Dining,Dining Chairs,No pricelist from this supplier yet,https://gloryhomefurniture.ca/wp-content/uploads/2025/03/CH888-BLACK-scaled.jpg
Glory Home,GL-3242,CH888 Grey,Dining,Dining Chairs,No pricelist from this supplier yet,https://gloryhomefurniture.ca/wp-content/uploads/2025/03/CH888-GREY-scaled.jpg
Glory Home,GL-3512,CH999 Grey,Dining,Dining Chairs,No pricelist from this supplier yet,https://gloryhomefurniture.ca/wp-content/uploads/2025/06/Editing-1-scaled.jpg
Glory Home,GL-4072,Camio,Dining,Dining Sets,No pricelist from this supplier yet,https://gloryhomefurniture.ca/wp-content/uploads/2026/06/camionew-900x598-1.jpg
Glory Home,GL-2882,Chicago Beige & Gold,Dining,Dining Chairs,No pricelist from this supplier yet,https://gloryhomefurniture.ca/wp-content/uploads/2024/07/b764583d-0d8e-4965-8fd8-1ebd889aa863.jpg
Glory Home,GL-2880,Chicago Beige & Silver,Dining,Dining Chairs,No pricelist from this supplier yet,https://gloryhomefurniture.ca/wp-content/uploads/2024/07/97824ee6-9603-4650-b8df-550cef01de46.jpg
Glory Home,GL-2884,Chicago Black & Gold,Dining,Dining Chairs,No pricelist from this supplier yet,https://gloryhomefurniture.ca/wp-content/uploads/2024/07/48ad72b6-0756-4a0a-a75e-3ad3a0385e42.jpg
Glory Home,GL-2885,Chicago Grey & Silver,Dining,Dining Chairs,No pricelist from this supplier yet,https://gloryhomefurniture.ca/wp-content/uploads/2024/07/9ec61a29-c13f-40b8-bc58-0c3fae2f05d4.jpg
Glory Home,GL-2881,Chicago_Black+Silver,Dining,Dining Chairs,No pricelist from this supplier yet,https://gloryhomefurniture.ca/wp-content/uploads/2024/07/84082fd6-7ab8-4746-bbbe-4b58b227dcba.jpg
Glory Home,GL-2883,Chicago_Grey+Gold,Dining,Dining Chairs,No pricelist from this supplier yet,https://gloryhomefurniture.ca/wp-content/uploads/2024/07/15a104df-78b6-4b49-87ad-360249fa353b.jpg
Glory Home,GL-4048,Citizen,Dining,Dining Sets,No pricelist from this supplier yet,https://gloryhomefurniture.ca/wp-content/uploads/2026/06/citizendiningchair-900x598-1.jpg
Glory Home,GL-4144,Crown Silver,Dining,Dining Chairs,No pricelist from this supplier yet,https://gloryhomefurniture.ca/wp-content/uploads/2026/07/newsilvercrown-53-005.jpg
Glory Home,GL-3488,DT111,Dining,Dining Sets,No pricelist from this supplier yet,https://gloryhomefurniture.ca/wp-content/uploads/2025/06/GLORY-CATALOGUE-June-252025-1056-x-816-px-7-scaled.jpg
Glory Home,GL-3274,DT140 – Glass,Dining,Dining Tables,No pricelist from this supplier yet,https://gloryhomefurniture.ca/wp-content/uploads/2025/03/26-scaled.jpg
Glory Home,GL-3267,DT160 – Glass,Dining,Dining Tables,No pricelist from this supplier yet,https://gloryhomefurniture.ca/wp-content/uploads/2025/03/26-1-scaled.jpg
Glory Home,GL-2558,DT222 – Glass,Dining,Dining Sets,No pricelist from this supplier yet,https://gloryhomefurniture.ca/wp-content/uploads/2024/02/GLORY-CATALOGUE-JAN82025-19-scaled.jpg
Glory Home,GL-3313,DT333,Dining,Dining Sets,No pricelist from this supplier yet,https://gloryhomefurniture.ca/wp-content/uploads/2025/04/DT333-CH333-WHITE--scaled.jpg
Glory Home,GL-2109,DT344 – Glass,Dining,Dining Sets,No pricelist from this supplier yet,https://gloryhomefurniture.ca/wp-content/uploads/2024/02/25-scaled.jpg
Glory Home,GL-2108,DT344 – Glass,Dining,Dining Sets,No pricelist from this supplier yet,https://gloryhomefurniture.ca/wp-content/uploads/2024/02/24-1-scaled.jpg
Glory Home,GL-2107,DT420 – Glass,Dining,Dining Sets,No pricelist from this supplier yet,https://gloryhomefurniture.ca/wp-content/uploads/2024/02/23-scaled.jpg
Glory Home,GL-2559,DT444 – Glass,Dining,Dining Sets,No pricelist from this supplier yet,https://gloryhomefurniture.ca/wp-content/uploads/2024/02/GLORY-CATALOGUE-JAN82025-20-scaled.jpg
Glory Home,GL-3310,DT555,Dining,Dining Sets,No pricelist from this supplier yet,https://gloryhomefurniture.ca/wp-content/uploads/2025/04/DT555-CH555-BLACK--scaled.jpg
Glory Home,GL-1942,DT777,Dining,Dining Sets,No pricelist from this supplier yet,https://gloryhomefurniture.ca/wp-content/uploads/2024/02/DT777-CH333-BLACK-1-1-scaled.jpg
Glory Home,GL-3224,DT888,Dining,Dining Sets,No pricelist from this supplier yet,https://gloryhomefurniture.ca/wp-content/uploads/2025/03/DT888CH888-GREY-2-scaled.jpg
Glory Home,GL-3071,Disney Beige & Gold,Dining,Dining Sets,No pricelist from this supplier yet,https://gloryhomefurniture.ca/wp-content/uploads/2024/11/19987f370be9de9f7f7800b8d6878685-scaled.jpg
Glory Home,GL-3073,Disney_Grey+Silver,Dining,Dining Sets,No pricelist from this supplier yet,https://gloryhomefurniture.ca/wp-content/uploads/2024/11/FINAL-GLORY-CATALOGUE-11.25-x-8.75-in-scaled.jpg
Glory Home,GL-2505,Ella Black & Gold,Dining,Dining Chairs,No pricelist from this supplier yet,https://gloryhomefurniture.ca/wp-content/uploads/2024/02/C194-Black-1-scaled.jpg
Glory Home,GL-2506,Ella Grey & Silver,Dining,Dining Chairs,No pricelist from this supplier yet,https://gloryhomefurniture.ca/wp-content/uploads/2024/02/C194-Grey-S2-scaled.jpg
Glory Home,GL-2453,Ella_Beige+Gold,Dining,Dining Chairs,No pricelist from this supplier yet,https://gloryhomefurniture.ca/wp-content/uploads/2024/02/C194-Beige-1-scaled.jpg
Glory Home,GL-2504,Ella_Black+Silver,Dining,Dining Chairs,No pricelist from this supplier yet,https://gloryhomefurniture.ca/wp-content/uploads/2024/02/C194-Black-S1-scaled.jpg
Glory Home,GL-2063,Empire – Gold Dining Set,Dining,Dining Sets,No pricelist from this supplier yet,https://gloryhomefurniture.ca/wp-content/uploads/2024/02/6-scaled.jpg
Glory Home,GL-2077,Empire – Silver,Dining,Dining Sets,No pricelist from this supplier yet,https://gloryhomefurniture.ca/wp-content/uploads/2024/02/5-scaled.jpg
Glory Home,GL-2515,Eva Beige & Gold,Dining,Dining Chairs,No pricelist from this supplier yet,https://gloryhomefurniture.ca/wp-content/uploads/2024/02/Eva_Beige-G.jpg
Glory Home,GL-2516,Eva Black & Gold,Dining,Dining Chairs,No pricelist from this supplier yet,https://gloryhomefurniture.ca/wp-content/uploads/2024/02/Eva_Black-G.jpg
Glory Home,GL-2918,Eva Black & Silver,Dining,Dining Chairs,No pricelist from this supplier yet,https://gloryhomefurniture.ca/wp-content/uploads/2024/07/WhatsApp-Image-2024-07-12-at-1.06.40-PM.jpeg
Glory Home,GL-2518,Eva Grey & Silver,Dining,Dining Chairs,No pricelist from this supplier yet,https://gloryhomefurniture.ca/wp-content/uploads/2024/02/EVA_Grey-Silver.jpg
Glory Home,GL-3066,Florence,Dining,Dining Sets,No pricelist from this supplier yet,https://gloryhomefurniture.ca/wp-content/uploads/2024/11/24-scaled.jpg
Glory Home,GL-4016,Franklin,Dining,Dining Sets,No pricelist from this supplier yet,https://gloryhomefurniture.ca/wp-content/uploads/2026/06/franklingdining-900x598-1.jpg
Glory Home,GL-4066,Galaxy,Dining,Dining Sets,No pricelist from this supplier yet,https://gloryhomefurniture.ca/wp-content/uploads/2026/06/galaxy-900x598-1.jpg
Glory Home,GL-2930,Gloria White & Silver,Dining,Dining Chairs,No pricelist from this supplier yet,https://gloryhomefurniture.ca/wp-content/uploads/2024/07/IMG_7294.webp
Glory Home,GL-2698,Hazel – Gold,Dining,Dining Sets,No pricelist from this supplier yet,https://gloryhomefurniture.ca/wp-content/uploads/2024/05/1767-black-scaled.jpg
Glory Home,GL-2718,Hazel – Silver,Dining,Dining Sets,No pricelist from this supplier yet,https://gloryhomefurniture.ca/wp-content/uploads/2024/02/13-scaled.jpg
Glory Home,GL-3697,Irian,Dining,Dining Tables,No pricelist from this supplier yet,https://gloryhomefurniture.ca/wp-content/uploads/2025/11/IRIANCH333-GREY-2-scaled.jpg
Glory Home,GL-2721,Jane Beige & Gold Fabric,Dining,Dining Chairs,No pricelist from this supplier yet,https://gloryhomefurniture.ca/wp-content/uploads/2024/02/Jane.jpeg
Glory Home,GL-2511,Jane Beige & Gold Leatherette,Dining,Dining Chairs,No pricelist from this supplier yet,https://gloryhomefurniture.ca/wp-content/uploads/2024/05/Jane_G-Leatherette.jpeg
Glory Home,GL-2507,Jane Beige & Silver,Dining,Dining Chairs,No pricelist from this supplier yet,https://gloryhomefurniture.ca/wp-content/uploads/2024/02/C234-5-Beige-scaled.jpg
Glory Home,GL-3046,Jane Black & Gold,Dining,Dining Sets,No pricelist from this supplier yet,https://gloryhomefurniture.ca/wp-content/uploads/2024/10/Jane-1-1.jpg
Glory Home,GL-3704,Jane Black & Gold PU,Dining,Dining Chairs,No pricelist from this supplier yet,https://gloryhomefurniture.ca/wp-content/uploads/2025/11/PHOTO-2025-11-30-13-06-10.jpg
Glory Home,GL-2508,Jane Black & Silver,Dining,Dining Chairs,No pricelist from this supplier yet,https://gloryhomefurniture.ca/wp-content/uploads/2024/02/C234-5-Black-scaled.jpg
Glory Home,GL-3706,Jane Black & Silver PU,Dining,Dining Chairs,No pricelist from this supplier yet,https://gloryhomefurniture.ca/wp-content/uploads/2025/11/PHOTO-2025-11-30-13-06-09.jpg
Glory Home,GL-3199,Jane Grey & Gold,Dining,Dining Sets,No pricelist from this supplier yet,https://gloryhomefurniture.ca/wp-content/uploads/2025/02/Jane_Grey-Gold.jpg
Glory Home,GL-3048,Jane Grey & Silver,Dining,Dining Sets,No pricelist from this supplier yet,https://gloryhomefurniture.ca/wp-content/uploads/2024/10/Jane_Grey-Leather.jpg
Glory Home,GL-3174,Jane Grey & Silver PU,Dining,Dining Sets,No pricelist from this supplier yet,https://gloryhomefurniture.ca/wp-content/uploads/2025/01/Colorful-Gradient-Smart-Tv-Sale-Instagram-Post-2-scaled.jpg
Glory Home,GL-2519,Julia Beige & Gold,Dining,Dining Chairs,No pricelist from this supplier yet,https://gloryhomefurniture.ca/wp-content/uploads/2024/02/IMG_0738-scaled.jpg
Glory Home,GL-2520,Julia White & Silver,Dining,Dining Chairs,No pricelist from this supplier yet,https://gloryhomefurniture.ca/wp-content/uploads/2024/02/IMG_0742-scaled.jpg
Glory Home,GL-2536,Kim – Gold,Dining,Dining Sets,No pricelist from this supplier yet,https://gloryhomefurniture.ca/wp-content/uploads/2024/02/Kim-3.jpg
Glory Home,GL-2533,Kim – Silver,Dining,Dining Sets,No pricelist from this supplier yet,https://gloryhomefurniture.ca/wp-content/uploads/2024/02/Kim-5.jpg
Glory Home,GL-3684,Lana,Dining,Dining Tables,No pricelist from this supplier yet,https://gloryhomefurniture.ca/wp-content/uploads/2025/11/LANACH666-WHITE-2-scaled.jpg
Glory Home,GL-4031,Landmark Black,Dining,Dining Sets,No pricelist from this supplier yet,https://gloryhomefurniture.ca/wp-content/uploads/2026/06/landmarkblack-900x598-1.jpg
Glory Home,GL-4029,Landmark Gold,Dining,Dining Sets,No pricelist from this supplier yet,https://gloryhomefurniture.ca/wp-content/uploads/2026/06/landmarkgold-900x598-1.jpg
Glory Home,GL-4027,Landmark Silver,Dining,Dining Sets,No pricelist from this supplier yet,https://gloryhomefurniture.ca/wp-content/uploads/2026/06/landmarksilver-900x598-1.jpg
Glory Home,GL-4046,Larry,Dining,Dining Sets,No pricelist from this supplier yet,https://gloryhomefurniture.ca/wp-content/uploads/2026/06/larrychairsnew-900x598-1.jpg
Glory Home,GL-3063,Leslie White,Dining,Dining Sets,No pricelist from this supplier yet,https://gloryhomefurniture.ca/wp-content/uploads/2024/11/Leslie-4.jpg
Glory Home,GL-2084,Lucas – Gold,Dining,Dining Sets,No pricelist from this supplier yet,https://gloryhomefurniture.ca/wp-content/uploads/2024/02/CATALOGUE-42.jpg
Glory Home,GL-2915,Lucy – Beige & Gold,Dining,Dining Chairs,No pricelist from this supplier yet,https://gloryhomefurniture.ca/wp-content/uploads/2024/07/WhatsApp-Image-2024-07-12-at-1.04.41-PM.jpeg
Glory Home,GL-2525,Lucy – Beige & Gold PU,Dining,Dining Chairs,No pricelist from this supplier yet,https://gloryhomefurniture.ca/wp-content/uploads/2024/02/Untitled-design-scaled.jpg
Glory Home,GL-2524,Lucy – Black & Gold,Dining,Dining Chairs,No pricelist from this supplier yet,https://gloryhomefurniture.ca/wp-content/uploads/2024/02/Lucy_Black.jpg
Glory Home,GL-2719,Lucy – Grey & Gold Fabric,Dining,Dining Chairs,No pricelist from this supplier yet,https://gloryhomefurniture.ca/wp-content/uploads/2024/02/Lucy_Grey.jpg
Glory Home,GL-2127,Luna Glass,Dining,Dining Sets,No pricelist from this supplier yet,https://gloryhomefurniture.ca/wp-content/uploads/2024/02/CATALOGUE-72-scaled.jpg
Glory Home,GL-2132,Luna – Black Glass,Dining,Dining Sets,No pricelist from this supplier yet,https://gloryhomefurniture.ca/wp-content/uploads/2024/02/CATALOGUE-73-scaled.jpg
Glory Home,GL-2124,Luna – Gold,Dining,Dining Sets,No pricelist from this supplier yet,https://gloryhomefurniture.ca/wp-content/uploads/2024/02/5-4-scaled.jpg
Glory Home,GL-2115,Luna – Silver,Dining,Dining Sets,No pricelist from this supplier yet,https://gloryhomefurniture.ca/wp-content/uploads/2024/02/9-scaled.jpg
Glory Home,GL-3494,Luxor,Dining,Dining Chairs,No pricelist from this supplier yet,https://gloryhomefurniture.ca/wp-content/uploads/2025/06/EXCLUSIVE-GLORY-CATALOGUE-June-192025-6-scaled.jpg
Glory Home,GL-4076,Martini,Dining,Dining Sets,No pricelist from this supplier yet,https://gloryhomefurniture.ca/wp-content/uploads/2026/06/martinidiningchair3-900x598-1.jpg
Glory Home,GL-4064,Melanie,Dining,Dining Sets,No pricelist from this supplier yet,https://gloryhomefurniture.ca/wp-content/uploads/2026/06/melanie-front-900x598-1.png
Glory Home,GL-4062,Melody,Dining,Dining Sets,No pricelist from this supplier yet,https://gloryhomefurniture.ca/wp-content/uploads/2026/06/melody-900x598-1.jpg
Glory Home,GL-4055,Mesh,Dining,Dining Sets,No pricelist from this supplier yet,https://gloryhomefurniture.ca/wp-content/uploads/2026/06/mesh-900x598-1.png
Glory Home,GL-3702,Milan Beige & Gold,Dining,Dining Chairs,No pricelist from this supplier yet,https://gloryhomefurniture.ca/wp-content/uploads/2025/11/PHOTO-2025-11-30-13-06-09-2.jpg
Glory Home,GL-3700,Milan Black & Gold,Dining,Dining Chairs,No pricelist from this supplier yet,https://gloryhomefurniture.ca/wp-content/uploads/2025/11/PHOTO-2025-11-30-13-06-09-3.jpg
Glory Home,GL-3218,Milan Black & Silver,Dining,Dining Chairs,No pricelist from this supplier yet,https://gloryhomefurniture.ca/wp-content/uploads/2025/03/2026e1ed-d681-4fc5-a1a5-f2b8d668c857.jpg
Glory Home,GL-3221,Milan Grey Silver,Dining,Dining Chairs,No pricelist from this supplier yet,https://gloryhomefurniture.ca/wp-content/uploads/2025/03/20c3864b-5176-4b6f-8781-4ed03a7b2efc.jpg
Glory Home,GL-4053,Morgan,Dining,Dining Sets,No pricelist from this supplier yet,https://gloryhomefurniture.ca/wp-content/uploads/2026/06/morgandiningchair-900x598-1.jpg
Glory Home,GL-2526,Navy Beige & Gold,Dining,Dining Chairs,No pricelist from this supplier yet,https://gloryhomefurniture.ca/wp-content/uploads/2024/02/In-Stock-11-scaled.jpg
Glory Home,GL-3207,Navy Beige & Silver,Dining,Dining Sets,No pricelist from this supplier yet,https://gloryhomefurniture.ca/wp-content/uploads/2025/02/GLORY-CATALOGUE-JAN82025-4-scaled.jpg
Glory Home,GL-2529,Navy Black & Gold,Dining,Dining Chairs,No pricelist from this supplier yet,https://gloryhomefurniture.ca/wp-content/uploads/2024/02/In-Stock-10-scaled.jpg
Glory Home,GL-2527,Navy Black & Silver,Dining,Dining Chairs,No pricelist from this supplier yet,https://gloryhomefurniture.ca/wp-content/uploads/2024/02/In-Stock-9-scaled.jpg
Glory Home,GL-3210,Navy Grey & Gold,Dining,Dining Sets,No pricelist from this supplier yet,https://gloryhomefurniture.ca/wp-content/uploads/2025/02/GLORY-CATALOGUE-JAN82025-3-scaled.jpg
Glory Home,GL-2532,Navy Grey & Silver,Dining,Dining Chairs,No pricelist from this supplier yet,https://gloryhomefurniture.ca/wp-content/uploads/2024/02/In-Stock-8-scaled.jpg
Glory Home,GL-4018,Oasis,Dining,Dining Sets,No pricelist from this supplier yet,https://gloryhomefurniture.ca/wp-content/uploads/2026/06/oasisdining-900x598-1.jpg
Glory Home,GL-4036,Olympic,Dining,Dining Sets,No pricelist from this supplier yet,https://gloryhomefurniture.ca/wp-content/uploads/2026/06/olympic-diningtable-900x598-1.png
Glory Home,GL-2078,Ottawa – Gold,Dining,Dining Sets,No pricelist from this supplier yet,https://gloryhomefurniture.ca/wp-content/uploads/2024/02/GLORY-CATALOGUE-JAN82025-12-scaled.jpg
Glory Home,GL-2079,Ottawa – Silver Dining Set,Dining,Dining Sets,No pricelist from this supplier yet,https://gloryhomefurniture.ca/wp-content/uploads/2024/02/7-scaled.jpg
Glory Home,GL-2873,Paris Beige & Gold,Dining,Dining Chairs,No pricelist from this supplier yet,https://gloryhomefurniture.ca/wp-content/uploads/2024/07/dfa02348-8500-4e59-8178-8b3e7bb69263.jpg
Glory Home,GL-2879,Paris Black & Gold,Dining,Dining Chairs,No pricelist from this supplier yet,https://gloryhomefurniture.ca/wp-content/uploads/2024/07/477df7cc-b0d7-46a6-b9ab-dd744090aa00.jpg
Glory Home,GL-2878,Paris Black & Silver,Dining,Dining Chairs,No pricelist from this supplier yet,https://gloryhomefurniture.ca/wp-content/uploads/2024/07/d3412d20-3d74-44ab-8152-250c293e76e0.jpg
Glory Home,GL-3724,Paris Grey Silver,Dining,Dining Chairs,No pricelist from this supplier yet,https://gloryhomefurniture.ca/wp-content/uploads/2025/12/PHOTO-2025-12-02-17-34-56.jpg
Glory Home,GL-4021,Prestige Gold,Dining,Dining Sets,No pricelist from this supplier yet,https://gloryhomefurniture.ca/wp-content/uploads/2026/06/goldprestigedining-900x598-1.jpg
Glory Home,GL-2110,Rose – Gold,Dining,Dining Sets,No pricelist from this supplier yet,https://gloryhomefurniture.ca/wp-content/uploads/2024/02/GLORY-CATALOGUE-JAN82025-18-scaled.jpg
Glory Home,GL-2111,Rose – Silver,Dining,Dining Sets,No pricelist from this supplier yet,https://gloryhomefurniture.ca/wp-content/uploads/2024/02/GLORY-CATALOGUE-JAN82025-17-scaled.jpg
Glory Home,GL-4058,Ruby,Dining,Dining Sets,No pricelist from this supplier yet,https://gloryhomefurniture.ca/wp-content/uploads/2026/06/rubydiningchair-900x598-1.jpg
Glory Home,GL-4034,Scissor,Dining,Dining Sets,No pricelist from this supplier yet,https://gloryhomefurniture.ca/wp-content/uploads/2026/06/silverscissornew-900x598-1.jpg
Glory Home,GL-4012,Smith,Dining,Dining Sets,No pricelist from this supplier yet,https://gloryhomefurniture.ca/wp-content/uploads/2026/06/smithdining-900x598-1.jpg
Glory Home,GL-4023,Soho,Dining,Dining Sets,No pricelist from this supplier yet,https://gloryhomefurniture.ca/wp-content/uploads/2026/06/sohodiningnew-900x598-1.jpg
Glory Home,GL-2986,Solana Black Glass,Dining,Dining Sets,No pricelist from this supplier yet,https://gloryhomefurniture.ca/wp-content/uploads/2024/08/21e9b9a0-d6da-4220-9ccb-9d0c9d735c75.jpg
Glory Home,GL-2131,Solana – Gold,Dining,Dining Sets,No pricelist from this supplier yet,https://gloryhomefurniture.ca/wp-content/uploads/2024/02/GLORY-CATALOGUE-JAN82025-15-scaled.jpg
Glory Home,GL-2538,Solana – Silver,Dining,Dining Sets,No pricelist from this supplier yet,https://gloryhomefurniture.ca/wp-content/uploads/2024/02/GLORY-CATALOGUE-JAN82025-16-scaled.jpg
Glory Home,GL-4068,Sonia,Dining,Dining Sets,No pricelist from this supplier yet,https://gloryhomefurniture.ca/wp-content/uploads/2026/06/sonianew-900x598-1.jpg
Glory Home,GL-2114,Sophia Dining Set,Dining,Dining Sets,No pricelist from this supplier yet,https://gloryhomefurniture.ca/wp-content/uploads/2024/02/6-4-scaled.jpg
Glory Home,GL-3068,Stacy,Dining,Dining Sets,No pricelist from this supplier yet,https://gloryhomefurniture.ca/wp-content/uploads/2024/11/GLORY-CATALOGUE-JAN82025-9-scaled.jpg
Glory Home,GL-4025,Sultana,Dining,Dining Sets,No pricelist from this supplier yet,https://gloryhomefurniture.ca/wp-content/uploads/2026/06/roundsultana-900x598-1.jpg
Glory Home,GL-4138,Sword,Dining,Dining Tables,No pricelist from this supplier yet,https://gloryhomefurniture.ca/wp-content/uploads/2026/06/silverswordnew-900x598-1.jpg
Glory Home,GL-3169,Sydney Black,Dining,Dining Sets,No pricelist from this supplier yet,https://gloryhomefurniture.ca/wp-content/uploads/2025/01/Colorful-Gradient-Smart-Tv-Sale-Instagram-Post-1-scaled.jpg
Glory Home,GL-3509,Sydney Leather,Dining,Dining Chairs,No pricelist from this supplier yet,https://gloryhomefurniture.ca/wp-content/uploads/2025/06/Editing-scaled.jpg
Glory Home,GL-3163,Sydney Leather,Dining,Dining Sets,No pricelist from this supplier yet,https://gloryhomefurniture.ca/wp-content/uploads/2025/01/Colorful-Gradient-Smart-Tv-Sale-Instagram-Post-scaled.jpg
Glory Home,GL-2871,Tokyo Black & Silver PU,Dining,Dining Chairs,No pricelist from this supplier yet,https://gloryhomefurniture.ca/wp-content/uploads/2024/07/f55bc9c8-f667-4b83-97d1-828f4f7f65c3.jpg
Glory Home,GL-3880,Tokyo Blue Silver,Dining,Dining Chairs,No pricelist from this supplier yet,https://gloryhomefurniture.ca/wp-content/uploads/2026/04/358c9f12-8e22-4077-bf48-9782cd8cd19d.jpeg
Glory Home,GL-3278,Tokyo Grey & Silver,Dining,Dining Chairs,No pricelist from this supplier yet,https://gloryhomefurniture.ca/wp-content/uploads/2025/03/IMG_0446.jpg
Glory Home,GL-3039,Tusk Gold (63″),Dining,Dining Sets,No pricelist from this supplier yet,https://gloryhomefurniture.ca/wp-content/uploads/2024/10/GLORY-CATALOGUE-JAN82025-15-scaled.jpg
Glory Home,GL-3041,Tusk Silver (63″),Dining,Dining Sets,No pricelist from this supplier yet,https://gloryhomefurniture.ca/wp-content/uploads/2024/10/GLORY-CATALOGUE-JAN82025-16-scaled.jpg
Glory Home,GL-4050,Venice,Dining,Dining Sets,No pricelist from this supplier yet,https://gloryhomefurniture.ca/wp-content/uploads/2026/06/venice-black-490x326-1.png
Glory Home,GL-4070,Victoria,Dining,Dining Sets,No pricelist from this supplier yet,https://gloryhomefurniture.ca/wp-content/uploads/2026/06/victoriadiningnew-900x598-1.jpg
Glory Home,GL-2116,Victoria – Gold,Dining,Dining Sets,No pricelist from this supplier yet,https://gloryhomefurniture.ca/wp-content/uploads/2024/02/7-1-scaled.jpg
Glory Home,GL-2117,Victoria – Silver,Dining,Dining Sets,No pricelist from this supplier yet,https://gloryhomefurniture.ca/wp-content/uploads/2024/02/8-scaled.jpg
Glory Home,GL-3507,Vienna Beige & Gold,Dining,Dining Chairs,No pricelist from this supplier yet,https://gloryhomefurniture.ca/wp-content/uploads/2025/06/Vienna_BeigeGold-scaled.jpg
Glory Home,GL-3296,Vienna Black & Gold,Dining,Dining Chairs,No pricelist from this supplier yet,https://gloryhomefurniture.ca/wp-content/uploads/2025/03/IMG_0643.jpg
Glory Home,GL-4060,Walter,Dining,Dining Sets,No pricelist from this supplier yet,https://gloryhomefurniture.ca/wp-content/uploads/2026/06/walter3-900x598-1.jpg
Glory Home,GL-4014,Watson,Dining,Dining Sets,No pricelist from this supplier yet,https://gloryhomefurniture.ca/wp-content/uploads/2026/06/watsondiningnew-900x598-1.jpg
Glory Home,GL-3663,027 – Beige Cloud Modular Sectional Sofa,Living Room,Living Sets,No pricelist from this supplier yet,https://gloryhomefurniture.ca/wp-content/uploads/2025/11/WhatsApp-Image-2025-11-11-at-12.34.42-PM.jpeg
Glory Home,GL-3521,027 – Black Cloud Modular Sectional Sofa,Living Room,Living Sets,No pricelist from this supplier yet,https://gloryhomefurniture.ca/wp-content/uploads/2025/07/72f2878982ff7eb0ef60ed6fd3bbe87e.jpg
Glory Home,GL-3518,027 – Grey Cloud Modular Sectional Sofa,Living Room,Living Sets,No pricelist from this supplier yet,https://gloryhomefurniture.ca/wp-content/uploads/2025/07/ef1602f2fac486ad42cec87c77e53ff5.jpg
Glory Home,GL-3634,2012 – Beige Reversible Sectional Sofa,Living Room,Living Sets,No pricelist from this supplier yet,https://gloryhomefurniture.ca/wp-content/uploads/2025/11/159bbcaa-55e2-4e05-9f1e-d7eae2e968c4.jpg
Glory Home,GL-3636,2012 – Black Reversible Sectional Sofa,Living Room,Living Sets,No pricelist from this supplier yet,https://gloryhomefurniture.ca/wp-content/uploads/2025/11/f261f3d5-15ef-4004-ab16-3a992b825f61.jpg
Glory Home,GL-3680,4873 – Grey Sofa Set with Gold Legs,Living Room,Living Sets,No pricelist from this supplier yet,https://gloryhomefurniture.ca/wp-content/uploads/2025/11/9fd142d0-9dd4-4bb8-8c9f-6b4767abd950.jpg
Glory Home,GL-3762,9219 – Dark Grey Sofa with Pull-out Bed,Living Room,Living Sets,No pricelist from this supplier yet,https://gloryhomefurniture.ca/wp-content/uploads/2026/01/Untitled-design.jpg
Glory Home,GL-3754,9219 – Light Grey Sofa with Pull-out Bed,Living Room,Living Sets,No pricelist from this supplier yet,https://gloryhomefurniture.ca/wp-content/uploads/2026/01/9219GY_seating__l.webp
Glory Home,GL-3965,Agate,Living Room,Coffee Tables,No pricelist from this supplier yet,https://gloryhomefurniture.ca/wp-content/uploads/2026/06/foldingagateset-900x598-1.jpg
Glory Home,GL-3951,Alaska,Living Room,Coffee Tables,No pricelist from this supplier yet,https://gloryhomefurniture.ca/wp-content/uploads/2026/06/alaskaseries-900x598-1.jpg
Glory Home,GL-3998,Alberta,Living Room,Coffee Tables,No pricelist from this supplier yet,https://gloryhomefurniture.ca/wp-content/uploads/2026/06/albertaset-900x598-1.jpg
Glory Home,GL-3916,Banff,Living Room,Coffee Tables,No pricelist from this supplier yet,https://gloryhomefurniture.ca/wp-content/uploads/2026/05/BANFF-COFFEEQJ-540T2-CTM-1-2-scaled.jpg
Glory Home,GL-4010,Bridge,Living Room,Console Tables,No pricelist from this supplier yet,https://gloryhomefurniture.ca/wp-content/uploads/2026/06/bridgeseries-900x598-2.jpg
Glory Home,GL-4131,Brighton,Living Room,End Tables,No pricelist from this supplier yet,https://gloryhomefurniture.ca/wp-content/uploads/2026/06/34-088-Brighton-Side-900x598-1.jpg
Glory Home,GL-4129,Brighton,Living Room,Coffee Tables,No pricelist from this supplier yet,https://gloryhomefurniture.ca/wp-content/uploads/2026/06/34-087-Brighton-Coffee-900x598-1.jpg
Glory Home,GL-3866,CARRI,Living Room,Coffee Tables,No pricelist from this supplier yet,https://gloryhomefurniture.ca/wp-content/uploads/2026/03/Carri.png
Glory Home,GL-2347,CT06 Gold,Living Room,Coffee Tables,No pricelist from this supplier yet,https://gloryhomefurniture.ca/wp-content/uploads/2024/02/CS-06G.jpg
Glory Home,GL-2265,CT110,Living Room,Coffee Tables,No pricelist from this supplier yet,https://gloryhomefurniture.ca/wp-content/uploads/2024/02/LS_334S-scaled.jpg
Glory Home,GL-2334,CT112,Living Room,Coffee Tables,No pricelist from this supplier yet,https://gloryhomefurniture.ca/wp-content/uploads/2024/02/CT112.jpg
Glory Home,GL-2266,CT120,Living Room,Coffee Tables,No pricelist from this supplier yet,https://gloryhomefurniture.ca/wp-content/uploads/2024/02/LS_334G-scaled.jpg
Glory Home,GL-2336,CT130,Living Room,Coffee Tables,No pricelist from this supplier yet,https://gloryhomefurniture.ca/wp-content/uploads/2024/02/CT130-scaled.jpg
Glory Home,GL-2340,CT140,Living Room,Coffee Tables,No pricelist from this supplier yet,https://gloryhomefurniture.ca/wp-content/uploads/2024/02/CT140.jpg
Glory Home,GL-2337,CT150,Living Room,Coffee Tables,No pricelist from this supplier yet,https://gloryhomefurniture.ca/wp-content/uploads/2024/02/CT150.jpeg
Glory Home,GL-2335,CT150-S,Living Room,Coffee Tables,No pricelist from this supplier yet,https://gloryhomefurniture.ca/wp-content/uploads/2024/02/CT150_S2-scaled.jpg
Glory Home,GL-2341,CT160,Living Room,Coffee Tables,No pricelist from this supplier yet,https://gloryhomefurniture.ca/wp-content/uploads/2024/02/CT160.jpg
Glory Home,GL-2338,CT180,Living Room,Coffee Tables,No pricelist from this supplier yet,https://gloryhomefurniture.ca/wp-content/uploads/2024/02/CT190-scaled.jpg
Glory Home,GL-2553,CT190 Gold,Living Room,Coffee Tables,No pricelist from this supplier yet,https://gloryhomefurniture.ca/wp-content/uploads/2024/02/CATALOGUE-2024-02-28T151745.390-scaled.jpg
Glory Home,GL-2261,CT210,Living Room,Coffee Tables,No pricelist from this supplier yet,https://gloryhomefurniture.ca/wp-content/uploads/2024/02/CT210.jpg
Glory Home,GL-2326,CT220,Living Room,Coffee Tables,No pricelist from this supplier yet,https://gloryhomefurniture.ca/wp-content/uploads/2024/02/CT220_G.jpg
Glory Home,GL-2258,CT220,Living Room,Coffee Tables,No pricelist from this supplier yet,https://gloryhomefurniture.ca/wp-content/uploads/2024/02/GLORY-CATALOGUE-June-252025-1056-x-816-px-4-scaled.jpg
Glory Home,GL-2303,CT240,Living Room,Coffee Tables,No pricelist from this supplier yet,https://gloryhomefurniture.ca/wp-content/uploads/2024/02/CT240-scaled.jpg
Glory Home,GL-2346,CT260,Living Room,Coffee Tables,No pricelist from this supplier yet,https://gloryhomefurniture.ca/wp-content/uploads/2024/02/Solana-CT-3-scaled.jpg
Glory Home,GL-2324,CT260,Living Room,Coffee Tables,No pricelist from this supplier yet,https://gloryhomefurniture.ca/wp-content/uploads/2024/02/Solana-CT-2-scaled.jpg
Glory Home,GL-2345,CT280,Living Room,Coffee Tables,No pricelist from this supplier yet,https://gloryhomefurniture.ca/wp-content/uploads/2024/02/Solana-CT-4-1-scaled.jpg
Glory Home,GL-2325,CT280,Living Room,Coffee Tables,No pricelist from this supplier yet,https://gloryhomefurniture.ca/wp-content/uploads/2024/02/CATALOGUE-97-1-scaled.jpg
Glory Home,GL-2262,CT310,Living Room,Coffee Tables,No pricelist from this supplier yet,https://gloryhomefurniture.ca/wp-content/uploads/2024/02/CS_12_4G_CT_BL-1-scaled.jpg
Glory Home,GL-3324,CT333,Living Room,Coffee Tables,No pricelist from this supplier yet,https://gloryhomefurniture.ca/wp-content/uploads/2025/04/2-scaled.jpg
Glory Home,GL-2332,CT340B,Living Room,Coffee Tables,No pricelist from this supplier yet,https://gloryhomefurniture.ca/wp-content/uploads/2024/02/CT320-2.jpg
Glory Home,GL-2327,CT340W,Living Room,Coffee Tables,No pricelist from this supplier yet,https://gloryhomefurniture.ca/wp-content/uploads/2024/02/CT320-1.jpg
Glory Home,GL-2548,CT360 Silver W,Living Room,Coffee Tables,No pricelist from this supplier yet,https://gloryhomefurniture.ca/wp-content/uploads/2024/02/CATALOGUE-2024-02-28T145921.363-scaled.jpg
Glory Home,GL-2342,CT410,Living Room,Coffee Tables,No pricelist from this supplier yet,https://gloryhomefurniture.ca/wp-content/uploads/2024/02/CT410-scaled.jpg
Glory Home,GL-2343,CT410-S,Living Room,Coffee Tables,No pricelist from this supplier yet,https://gloryhomefurniture.ca/wp-content/uploads/2024/02/GLORY-CATALOGUE-June-252025-1056-x-816-px-3-scaled.jpg
Glory Home,GL-2302,CT420,Living Room,Coffee Tables,No pricelist from this supplier yet,https://gloryhomefurniture.ca/wp-content/uploads/2024/02/CATALOGUE-89-scaled.jpg
Glory Home,GL-2339,CT440,Living Room,Coffee Tables,No pricelist from this supplier yet,https://gloryhomefurniture.ca/wp-content/uploads/2024/02/CT180_1-scaled.jpg
Glory Home,GL-3110,CT520,Living Room,Coffee Tables,No pricelist from this supplier yet,https://gloryhomefurniture.ca/wp-content/uploads/2025/01/8L2A0313-scaled.jpg
Glory Home,GL-3113,CT530,Living Room,Coffee Tables,No pricelist from this supplier yet,https://gloryhomefurniture.ca/wp-content/uploads/2025/01/8L2A0305-scaled.jpg
Glory Home,GL-3328,CT555,Living Room,Coffee Tables,No pricelist from this supplier yet,https://gloryhomefurniture.ca/wp-content/uploads/2025/04/3-scaled.jpg
Glory Home,GL-3214,CT560,Living Room,Coffee Tables,No pricelist from this supplier yet,https://gloryhomefurniture.ca/wp-content/uploads/2025/02/8L2A7451-scaled.jpg
Glory Home,GL-3116,CT580,Living Room,Coffee Tables,No pricelist from this supplier yet,https://gloryhomefurniture.ca/wp-content/uploads/2025/01/8L2A0306-scaled.jpg
Glory Home,GL-2255,CT620 Nesting,Living Room,Coffee Tables,No pricelist from this supplier yet,https://gloryhomefurniture.ca/wp-content/uploads/2024/02/CATALOGUE-88-scaled.jpg
Glory Home,GL-2557,CT620W_Nesting,Living Room,Coffee Tables,No pricelist from this supplier yet,https://gloryhomefurniture.ca/wp-content/uploads/2024/02/CATALOGUE-87-scaled.jpg
Glory Home,GL-3587,CT640,Living Room,Coffee Tables,No pricelist from this supplier yet,https://gloryhomefurniture.ca/wp-content/uploads/2025/08/080719408-scaled.jpg
Glory Home,GL-3583,CT650,Living Room,Coffee Tables,No pricelist from this supplier yet,https://gloryhomefurniture.ca/wp-content/uploads/2025/08/GLORY-CATALOGUE-June-252025-1056-x-816-px-1-1-scaled.jpg
Glory Home,GL-2333,CT720,Living Room,Coffee Tables,No pricelist from this supplier yet,https://gloryhomefurniture.ca/wp-content/uploads/2024/02/CT720_1.jpg
Glory Home,GL-3468,CT777,Living Room,Coffee Tables,No pricelist from this supplier yet,https://gloryhomefurniture.ca/wp-content/uploads/2025/06/4-9-scaled.jpg
Glory Home,GL-3060,CT820_Nesting,Living Room,Coffee Tables,No pricelist from this supplier yet,https://gloryhomefurniture.ca/wp-content/uploads/2024/10/Copy-of-Glory-CATALOGUE-scaled.jpg
Glory Home,GL-3945,Checkers,Living Room,Coffee Tables,No pricelist from this supplier yet,https://gloryhomefurniture.ca/wp-content/uploads/2026/06/checkers-900x598-1.jpg
Glory Home,GL-4120,Diamond,Living Room,Coffee Tables,No pricelist from this supplier yet,https://gloryhomefurniture.ca/wp-content/uploads/2026/06/diamondset-900x598-1.jpg
Glory Home,GL-2400,ET Luna,Living Room,End Tables,No pricelist from this supplier yet,https://gloryhomefurniture.ca/wp-content/uploads/2024/02/ET_Luna1-scaled.jpg
Glory Home,GL-2401,ET Sophia,Living Room,End Tables,No pricelist from this supplier yet,https://gloryhomefurniture.ca/wp-content/uploads/2024/02/CATALOGUE-7-1-scaled.jpg
Glory Home,GL-2394,ET Victoria,Living Room,End Tables,No pricelist from this supplier yet,https://gloryhomefurniture.ca/wp-content/uploads/2024/02/CATALOGUE-6-scaled.jpg
Glory Home,GL-2397,ET Victoria Gold,Living Room,End Tables,No pricelist from this supplier yet,https://gloryhomefurniture.ca/wp-content/uploads/2024/02/CATALOGUE-5-1-scaled.jpg
Glory Home,GL-2424,ET06 Gold,Living Room,End Tables,No pricelist from this supplier yet,https://gloryhomefurniture.ca/wp-content/uploads/2024/02/CS_06.jpg
Glory Home,GL-2415,ET140,Living Room,End Tables,No pricelist from this supplier yet,https://gloryhomefurniture.ca/wp-content/uploads/2024/02/CATALOGUE-9-scaled.jpg
Glory Home,GL-2412,ET160,Living Room,End Tables,No pricelist from this supplier yet,https://gloryhomefurniture.ca/wp-content/uploads/2024/02/CATALOGUE-8-scaled.jpg
Glory Home,GL-2267,ET210,Living Room,End Tables,No pricelist from this supplier yet,https://gloryhomefurniture.ca/wp-content/uploads/2024/02/ET210.jpg
Glory Home,GL-2421,ET220,Living Room,End Tables,No pricelist from this supplier yet,https://gloryhomefurniture.ca/wp-content/uploads/2024/02/ET220.jpg
Glory Home,GL-2420,ET220,Living Room,End Tables,No pricelist from this supplier yet,https://gloryhomefurniture.ca/wp-content/uploads/2024/02/ET220_G.jpg
Glory Home,GL-2408,ET260,Living Room,End Tables,No pricelist from this supplier yet,https://gloryhomefurniture.ca/wp-content/uploads/2024/02/Solana-ET-2-scaled.jpg
Glory Home,GL-2403,ET280,Living Room,End Tables,No pricelist from this supplier yet,https://gloryhomefurniture.ca/wp-content/uploads/2024/02/Solana-ET-1-scaled.jpg
Glory Home,GL-2419,ET310,Living Room,End Tables,No pricelist from this supplier yet,https://gloryhomefurniture.ca/wp-content/uploads/2024/02/CS_12_4_ET_S-scaled.jpg
Glory Home,GL-3326,ET333,Living Room,End Tables,No pricelist from this supplier yet,https://gloryhomefurniture.ca/wp-content/uploads/2025/04/ET333-scaled.jpg
Glory Home,GL-2416,ET410,Living Room,End Tables,No pricelist from this supplier yet,https://gloryhomefurniture.ca/wp-content/uploads/2024/02/ET410-scaled.jpg
Glory Home,GL-2409,ET420,Living Room,End Tables,No pricelist from this supplier yet,https://gloryhomefurniture.ca/wp-content/uploads/2024/02/End-Table.jpg
Glory Home,GL-3269,ET440,Living Room,End Tables,No pricelist from this supplier yet,https://gloryhomefurniture.ca/wp-content/uploads/2025/03/GLORY-CATALOGUE-JAN82025-6-2-scaled.jpg
Glory Home,GL-3108,ET520,Living Room,End Tables,No pricelist from this supplier yet,https://gloryhomefurniture.ca/wp-content/uploads/2025/01/8L2A0323-scaled.jpg
Glory Home,GL-3330,ET555,Living Room,End Tables,No pricelist from this supplier yet,https://gloryhomefurniture.ca/wp-content/uploads/2025/04/ET555-scaled.jpg
Glory Home,GL-3271,ET580,Living Room,End Tables,No pricelist from this supplier yet,https://gloryhomefurniture.ca/wp-content/uploads/2025/03/GLORY-CATALOGUE-JAN82025-5-3-scaled.jpg
Glory Home,GL-2411,ET720,Living Room,End Tables,No pricelist from this supplier yet,https://gloryhomefurniture.ca/wp-content/uploads/2024/02/ET_720.jpg
Glory Home,GL-3486,ET777,Living Room,End Tables,No pricelist from this supplier yet,https://gloryhomefurniture.ca/wp-content/uploads/2025/06/EXCLUSIVE-GLORY-CATALOGUE-June-192025-5-scaled.jpg
Glory Home,GL-3075,Elina,Living Room,Coffee Tables,No pricelist from this supplier yet,https://gloryhomefurniture.ca/wp-content/uploads/2024/11/51dea3e5-480d-46a2-801d-08ab75995e70-e1765845066704.jpg
Glory Home,GL-3957,Encore Gold,Living Room,Coffee Tables,No pricelist from this supplier yet,https://gloryhomefurniture.ca/wp-content/uploads/2026/06/encoregoldset-900x598-1.jpg
Glory Home,GL-3959,Encore Silver,Living Room,Coffee Tables,No pricelist from this supplier yet,https://gloryhomefurniture.ca/wp-content/uploads/2026/06/encoresilverset-900x598-1.jpg
Glory Home,GL-3985,Ferrari,Living Room,Coffee Tables,No pricelist from this supplier yet,https://gloryhomefurniture.ca/wp-content/uploads/2026/06/ferrariset-900x598-1.jpg
Glory Home,GL-3077,Flora Gold,Living Room,Console Tables,No pricelist from this supplier yet,https://gloryhomefurniture.ca/wp-content/uploads/2024/11/46a2fc560debc41825d166b0422c0ef8.jpg
Glory Home,GL-3609,Flora Silver,Living Room,Console Tables,No pricelist from this supplier yet,https://gloryhomefurniture.ca/wp-content/uploads/2025/08/GLORY-CATALOGUE-Aug-152025-1056-x-816-px-scaled.jpg
Glory Home,GL-3913,Florence,Living Room,Console Tables,No pricelist from this supplier yet,https://gloryhomefurniture.ca/wp-content/uploads/2026/05/WhatsApp-Image-2026-05-12-at-3.34.32-PM-1.jpeg
Glory Home,GL-3910,Florence,Living Room,Coffee Tables,No pricelist from this supplier yet,https://gloryhomefurniture.ca/wp-content/uploads/2026/05/WhatsApp-Image-2026-05-12-at-3.34.32-PM.jpeg
Glory Home,GL-4118,Grand,Living Room,Console Tables,No pricelist from this supplier yet,https://gloryhomefurniture.ca/wp-content/uploads/2026/06/Untitled-design-2-scaled.jpg
Glory Home,GL-3949,Henry,Living Room,Coffee Tables,No pricelist from this supplier yet,https://gloryhomefurniture.ca/wp-content/uploads/2026/06/henrycoffee-13-1075.jpg
Glory Home,GL-4004,Hive,Living Room,End Tables,No pricelist from this supplier yet,https://gloryhomefurniture.ca/wp-content/uploads/2026/06/hiveside-490x326-1.jpg
Glory Home,GL-4006,Hive Black,Living Room,End Tables,No pricelist from this supplier yet,https://gloryhomefurniture.ca/wp-content/uploads/2026/06/blackhiveside-900x598-1.jpg
Glory Home,GL-3971,Hive Black,Living Room,Coffee Tables,No pricelist from this supplier yet,https://gloryhomefurniture.ca/wp-content/uploads/2026/06/blackhivecoffee-900x598-1.jpg
Glory Home,GL-3973,Hive Gold,Living Room,Coffee Tables,No pricelist from this supplier yet,https://gloryhomefurniture.ca/wp-content/uploads/2026/06/hive-gold.jpg
Glory Home,GL-3975,Hive Silver,Living Room,Coffee Tables,No pricelist from this supplier yet,https://gloryhomefurniture.ca/wp-content/uploads/2026/06/hive-silver.jpg
Glory Home,GL-3961,Hove,Living Room,Coffee Tables,No pricelist from this supplier yet,https://gloryhomefurniture.ca/wp-content/uploads/2026/06/hovecoffeeset-900x598-1.jpg
Glory Home,GL-3987,Jackson,Living Room,Coffee Tables,No pricelist from this supplier yet,https://gloryhomefurniture.ca/wp-content/uploads/2026/06/jacksonset-900x598-1.jpg
Glory Home,GL-4002,James,Living Room,End Tables,No pricelist from this supplier yet,https://gloryhomefurniture.ca/wp-content/uploads/2026/06/jamesside-900x598-1.jpg
Glory Home,GL-3947,James,Living Room,Coffee Tables,No pricelist from this supplier yet,https://gloryhomefurniture.ca/wp-content/uploads/2026/06/jamescoffee-13-1049.jpg
Glory Home,GL-3920,Jasper,Living Room,Coffee Tables,No pricelist from this supplier yet,https://gloryhomefurniture.ca/wp-content/uploads/2026/05/JASPER-COFFEEQJ-229R1-CT-5-scaled.jpg
Glory Home,GL-3659,LCL07 – Black,Living Room,Living Sets,No pricelist from this supplier yet,https://gloryhomefurniture.ca/wp-content/uploads/2025/11/Fendi-Living-Room-Set-Furniture-World-5952_1121x700.webp
Glory Home,GL-3661,LCL07 – Grey,Living Room,Living Sets,No pricelist from this supplier yet,https://gloryhomefurniture.ca/wp-content/uploads/2025/11/Fendi-Living-Room-Set-Furniture-World-6108_1052x700.webp
Glory Home,GL-3657,LCL07 – Navy Blue,Living Room,Living Sets,No pricelist from this supplier yet,https://gloryhomefurniture.ca/wp-content/uploads/2025/11/Fendi-Living-Room-Set-Furniture-World-1448_1200x730.webp
Glory Home,GL-4102,Liberty,Living Room,End Tables,No pricelist from this supplier yet,https://gloryhomefurniture.ca/wp-content/uploads/2026/06/34-094-Liberty-Pedastal-900x598-1.jpg
Glory Home,GL-3600,Luna,Living Room,Coffee Tables,No pricelist from this supplier yet,https://gloryhomefurniture.ca/wp-content/uploads/2025/08/GLORY-CATALOGUE-June-252025-1056-x-816-px-6-scaled.jpg
Glory Home,GL-2252,Luna,Living Room,Coffee Tables,No pricelist from this supplier yet,https://gloryhomefurniture.ca/wp-content/uploads/2024/02/CATALOGUE-96-scaled.jpg
Glory Home,GL-2224,Luna,Living Room,Coffee Tables,No pricelist from this supplier yet,https://gloryhomefurniture.ca/wp-content/uploads/2024/02/GLORY-CATALOGUE-June-252025-1056-x-816-px-5-scaled.jpg
Glory Home,GL-3261,Luna – Beige Sectional with Cup Holder,Living Room,Living Sets,No pricelist from this supplier yet,https://gloryhomefurniture.ca/wp-content/uploads/2025/03/Untitled-design-scaled.png
Glory Home,GL-3989,Masco,Living Room,Coffee Tables,No pricelist from this supplier yet,https://gloryhomefurniture.ca/wp-content/uploads/2026/06/mascoseries-900x598-1.jpg
Glory Home,GL-4116,Narnia,Living Room,Coffee Tables,No pricelist from this supplier yet,https://gloryhomefurniture.ca/wp-content/uploads/2026/06/goldnarniacoffee-900x598-1.png
Glory Home,GL-4133,Narnia Silver,Living Room,Coffee Tables,No pricelist from this supplier yet,https://gloryhomefurniture.ca/wp-content/uploads/2026/06/narniaseries-900x598-1.jpg
Glory Home,GL-3937,Niagara,Living Room,End Tables,No pricelist from this supplier yet,https://gloryhomefurniture.ca/wp-content/uploads/2026/05/NIAGARA-end-2-scaled.jpg
Glory Home,GL-3926,Niagara,Living Room,Coffee Tables,No pricelist from this supplier yet,https://gloryhomefurniture.ca/wp-content/uploads/2026/05/NIAGARA-coffeeQJ-548-CTMF2-scaled.jpg
Glory Home,GL-3908,Niagara,Living Room,Console Tables,No pricelist from this supplier yet,https://gloryhomefurniture.ca/wp-content/uploads/2026/05/NIAGARA-console-2-scaled.jpg
Glory Home,GL-3953,Oasis,Living Room,Coffee Tables,No pricelist from this supplier yet,https://gloryhomefurniture.ca/wp-content/uploads/2026/06/oasis-900x598-1.jpg
Glory Home,GL-4136,Orchard,Living Room,Coffee Tables,No pricelist from this supplier yet,https://gloryhomefurniture.ca/wp-content/uploads/2026/06/orchardsolo-900x598-1.jpg
Glory Home,GL-4114,Orenda,Living Room,Coffee Tables,No pricelist from this supplier yet,https://gloryhomefurniture.ca/wp-content/uploads/2026/06/orenda-900x598-1.jpg
Glory Home,GL-3024,Ottawa,Living Room,End Tables,No pricelist from this supplier yet,https://gloryhomefurniture.ca/wp-content/uploads/2024/09/Sofa-8-scaled.jpg
Glory Home,GL-3021,Ottawa,Living Room,End Tables,No pricelist from this supplier yet,https://gloryhomefurniture.ca/wp-content/uploads/2024/09/Sofa-7-scaled.jpg
Glory Home,GL-2941,Ottawa,Living Room,Console Tables,No pricelist from this supplier yet,https://gloryhomefurniture.ca/wp-content/uploads/2024/07/8L2A5156-scaled.jpg
Glory Home,GL-2220,Ottawa,Living Room,Coffee Tables,No pricelist from this supplier yet,https://gloryhomefurniture.ca/wp-content/uploads/2024/09/CATALOGUE-80-scaled-1.jpg
Glory Home,GL-2943,Ottawa Silver,Living Room,Console Tables,No pricelist from this supplier yet,https://gloryhomefurniture.ca/wp-content/uploads/2024/08/WhatsApp-Image-2024-07-15-at-6.30.20-PM-2.jpeg
Glory Home,GL-2555,Ottawa Silver,Living Room,Coffee Tables,No pricelist from this supplier yet,https://gloryhomefurniture.ca/wp-content/uploads/2024/02/CATALOGUE-81-2-scaled.jpg
Glory Home,GL-3929,Regina,Living Room,Coffee Tables,No pricelist from this supplier yet,https://gloryhomefurniture.ca/wp-content/uploads/2026/05/REGINA-coffee-2-scaled.jpg
Glory Home,GL-3967,Remote,Living Room,Coffee Tables,No pricelist from this supplier yet,https://gloryhomefurniture.ca/wp-content/uploads/2026/06/remoteseries-900x598-1.jpg
Glory Home,GL-3991,River Black,Living Room,Coffee Tables,No pricelist from this supplier yet,https://gloryhomefurniture.ca/wp-content/uploads/2026/06/riverblack-900x598-1.jpg
Glory Home,GL-3994,River Gold,Living Room,Coffee Tables,No pricelist from this supplier yet,https://gloryhomefurniture.ca/wp-content/uploads/2026/06/goldrivertableseries-900x598-1.jpg
Glory Home,GL-3996,River Silver,Living Room,Coffee Tables,No pricelist from this supplier yet,https://gloryhomefurniture.ca/wp-content/uploads/2026/06/riversilver-900x598-1.jpg
Glory Home,GL-2376,ST140,Living Room,Console Tables,No pricelist from this supplier yet,https://gloryhomefurniture.ca/wp-content/uploads/2024/02/ST140.jpg
Glory Home,GL-2377,ST160,Living Room,Console Tables,No pricelist from this supplier yet,https://gloryhomefurniture.ca/wp-content/uploads/2024/02/BS_12G.jpg
Glory Home,GL-3481,ST333,Living Room,Console Tables,No pricelist from this supplier yet,https://gloryhomefurniture.ca/wp-content/uploads/2025/06/EXCLUSIVE-GLORY-CATALOGUE-June-192025-3-scaled.jpg
Glory Home,GL-2378,ST410,Living Room,Console Tables,No pricelist from this supplier yet,https://gloryhomefurniture.ca/wp-content/uploads/2024/02/ST410_S1-scaled.jpg
Glory Home,GL-2269,ST410,Living Room,Console Tables,No pricelist from this supplier yet,https://gloryhomefurniture.ca/wp-content/uploads/2024/02/ST610_G-scaled.jpg
Glory Home,GL-2934,ST440,Living Room,Console Tables,No pricelist from this supplier yet,https://gloryhomefurniture.ca/wp-content/uploads/2024/07/8L2A5162-scaled.jpg
Glory Home,GL-3119,ST540,Living Room,Console Tables,No pricelist from this supplier yet,https://gloryhomefurniture.ca/wp-content/uploads/2025/01/8L2A0325-scaled.jpg
Glory Home,GL-3484,ST555,Living Room,Console Tables,No pricelist from this supplier yet,https://gloryhomefurniture.ca/wp-content/uploads/2025/06/EXCLUSIVE-GLORY-CATALOGUE-June-192025-4-scaled.jpg
Glory Home,GL-3479,ST777,Living Room,Console Tables,No pricelist from this supplier yet,https://gloryhomefurniture.ca/wp-content/uploads/2025/06/EXCLUSIVE-GLORY-CATALOGUE-June-192025-2-scaled.jpg
Glory Home,GL-3963,Signature,Living Room,Coffee Tables,No pricelist from this supplier yet,https://gloryhomefurniture.ca/wp-content/uploads/2026/06/newsignaturecoffee-34-100.jpg
Glory Home,GL-3969,Smith,Living Room,Coffee Tables,No pricelist from this supplier yet,https://gloryhomefurniture.ca/wp-content/uploads/2026/06/smithset-900x598-1.jpg
Glory Home,GL-2271,Sophia,Living Room,Coffee Tables,No pricelist from this supplier yet,https://gloryhomefurniture.ca/wp-content/uploads/2024/02/CATALOGUE-83-scaled.jpg
Glory Home,GL-4096,Square,Living Room,Coffee Tables,No pricelist from this supplier yet,https://gloryhomefurniture.ca/wp-content/uploads/2026/06/squarenestingtable-900x598-1.jpg
Glory Home,GL-3088,Stacy,Living Room,End Tables,No pricelist from this supplier yet,https://gloryhomefurniture.ca/wp-content/uploads/2024/11/Floor-Model-Sale-22-scaled.jpg
Glory Home,GL-3093,Stacy,Living Room,Coffee Tables,No pricelist from this supplier yet,https://gloryhomefurniture.ca/wp-content/uploads/2024/11/Floor-Model-Sale-21-scaled.jpg
Glory Home,GL-4008,Sunny,Living Room,Console Tables,No pricelist from this supplier yet,https://gloryhomefurniture.ca/wp-content/uploads/2026/06/sunnyconsole-900x598-1.jpg
Glory Home,GL-4110,Terry Sofa,Living Room,Living Sets,No pricelist from this supplier yet,https://gloryhomefurniture.ca/wp-content/uploads/2026/06/terrysofa-900x598-1.jpg
Glory Home,GL-3955,United,Living Room,Coffee Tables,No pricelist from this supplier yet,https://gloryhomefurniture.ca/wp-content/uploads/2026/06/unitednew-900x598-2.jpg
Glory Home,GL-2254,Victoria,Living Room,Coffee Tables,No pricelist from this supplier yet,https://gloryhomefurniture.ca/wp-content/uploads/2024/02/CATALOGUE-94-scaled.jpg
Glory Home,GL-2253,Victoria,Living Room,Coffee Tables,No pricelist from this supplier yet,https://gloryhomefurniture.ca/wp-content/uploads/2024/02/CATALOGUE-93-scaled.jpg
Glory Home,GL-3930,Vulcan,Living Room,Coffee Tables,No pricelist from this supplier yet,https://gloryhomefurniture.ca/wp-content/uploads/2026/05/VULCAN-COFFEEQJ-568-CT4-scaled.jpg
Glory Home,GL-4000,Waterfall,Living Room,Coffee Tables,No pricelist from this supplier yet,https://gloryhomefurniture.ca/wp-content/uploads/2026/06/waterfallseries-900x598-1.jpg
Glory Home,GL-3934,Whistler,Living Room,Coffee Tables,No pricelist from this supplier yet,https://gloryhomefurniture.ca/wp-content/uploads/2026/05/WHISTLER-COFFEEQJ-560-CTMF-2-scaled.jpg
Glory Home,GL-2677,Zara – Beige Gold Sofa Set,Living Room,Living Sets,No pricelist from this supplier yet,https://gloryhomefurniture.ca/wp-content/uploads/2024/05/Screenshot-2026-02-20-at-1.05.44-PM.png
Glory Home,GL-2842,Zara – Black Gold Sofa Set,Living Room,Living Sets,No pricelist from this supplier yet,https://gloryhomefurniture.ca/wp-content/uploads/2024/07/WhatsApp-Image-2024-07-04-at-4.11.52-PM.jpeg
Glory Home,GL-2042,Zara – Grey Silver Sofa Set,Living Room,Living Sets,No pricelist from this supplier yet,https://gloryhomefurniture.ca/wp-content/uploads/2024/05/thumbnail_275fff4115cb805b630fb0b48d9d308c.jpeg
Matrix,B1171,Destiny Chest Silver,Bedroom,Chests,Made to order / price depends on options,https://matrixfurnituregroup.ca/uploads/thumbs/1745345313_f18ce30d5cca4c1ec458.jpg
Matrix,B1371,Elliot,Bedroom,Beds,Made to order / price depends on options,https://demo-oasis-six.vercel.app/assets/cutouts/468946790a9e8fc1.webp
Matrix,B1371,Elliot Chest Chestnut,Bedroom,Chests,Made to order / price depends on options,https://matrixfurnituregroup.ca/uploads/thumbs/1745348723_e26253c49509e11a699e.jpg
Matrix,B1371,Elliot Dresser Chestnut,Bedroom,Dressers,Made to order / price depends on options,https://matrixfurnituregroup.ca/uploads/items/1776282200_1e5009f77bfe42ddc0c5.jpg
Matrix,B1371,Elliot Dresser mirror set Chestnut,Bedroom,Dressers,Made to order / price depends on options,https://matrixfurnituregroup.ca/uploads/thumbs/1745349333_1247d855bf8d760803bc.jpg
Matrix,B1371,Elliot King bed Chestnut,Bedroom,Beds,Made to order / price depends on options,https://matrixfurnituregroup.ca/uploads/thumbs/1745349142_ff5ea81c7da4c6ec5d81.jpg
Matrix,B1371,Elliot Nightstand Chestnut,Bedroom,Nightstands,Made to order / price depends on options,https://matrixfurnituregroup.ca/uploads/thumbs/1745349071_09bb364b34cedd3900a2.jpg
Matrix,B1371,Elliot Queen bed Chestnut,Bedroom,Beds,Made to order / price depends on options,https://matrixfurnituregroup.ca/uploads/thumbs/1745349254_07d9bff676e8dc498ac1.jpg
Matrix,B1862,Eros,Bedroom,Beds,Made to order / price depends on options,https://matrixfurnituregroup.ca/uploads/thumbs/1775678493_65387a3f1d88eb1d0585.jpg
Matrix,B1862,Eros Chest Silver,Bedroom,Chests,Made to order / price depends on options,https://matrixfurnituregroup.ca/uploads/thumbs/1775679361_e9df57b90569e4c073e7.jpg
Matrix,B1862,Eros Dresser Silver,Bedroom,Dressers,Made to order / price depends on options,https://matrixfurnituregroup.ca/uploads/items/1776695738_32da73d0270e73e6cb75.jpg
Matrix,B1862,Eros Dresser mirr0r set Silver,Bedroom,Dressers,Made to order / price depends on options,https://matrixfurnituregroup.ca/uploads/thumbs/1775679521_525c7bc1214bc46b3f12.jpg
Matrix,B1862,Eros King bed Silver,Bedroom,Beds,Made to order / price depends on options,https://matrixfurnituregroup.ca/uploads/thumbs/1759932454_dff6322569fcf0bc7cf3.jpg
Matrix,B1862,Eros King bed room set  silver,Bedroom,Beds,Made to order / price depends on options,https://demo-oasis-six.vercel.app/assets/cutouts/33dad9f8fbb74cb5.webp
Matrix,B1862,Eros Nightstand Silver,Bedroom,Nightstands,Made to order / price depends on options,https://matrixfurnituregroup.ca/uploads/thumbs/1775679213_a5eec2032d56e1795f1d.jpg
Matrix,B1862,Eros Queen bed Silver,Bedroom,Beds,Made to order / price depends on options,https://matrixfurnituregroup.ca/uploads/thumbs/1759932497_9bff3d5e1840a7f8eeb6.jpg
Matrix,B1141,Ginger,Bedroom,Beds,Made to order / price depends on options,https://demo-oasis-six.vercel.app/assets/cutouts/8cb8126c7c65e4e7.webp
Matrix,B1141,Ginger Dresser Gun Metal,Bedroom,Dressers,Made to order / price depends on options,https://matrixfurnituregroup.ca/uploads/items/1776278682_cd5d0243bdb252af8c49.jpg
Matrix,B1141,Ginger Dresser White,Bedroom,Dressers,Made to order / price depends on options,https://matrixfurnituregroup.ca/uploads/items/1776278851_53d43046f5a2381845bb.jpg
Matrix,B1141,Ginger Dresser mirror set Gun metal,Bedroom,Dressers,Made to order / price depends on options,https://matrixfurnituregroup.ca/uploads/thumbs/1745340757_80469bdc6c1297eece15.jpg
Matrix,B1141,Ginger Dresser mirror set White,Bedroom,Dressers,Made to order / price depends on options,https://matrixfurnituregroup.ca/uploads/thumbs/1745344092_12b3b995347c0af3f0c1.jpg
Matrix,B423,Hazel,Bedroom,Beds,Made to order / price depends on options,https://demo-oasis-six.vercel.app/assets/cutouts/ab1796bd6298df48.webp
Matrix,B1541,Kylie Dresser mirror set Grey,Bedroom,Dressers,Made to order / price depends on options,https://matrixfurnituregroup.ca/uploads/thumbs/1745420184_6dabbcd1a80ca077debb.jpg
Matrix,B1541,Kylie King bed Grey,Bedroom,Beds,Made to order / price depends on options,https://matrixfurnituregroup.ca/uploads/thumbs/1745420084_37233014de9d0c4cc4ea.jpg
Matrix,B1541,Kylie Queen bed Grey,Bedroom,Beds,Made to order / price depends on options,https://matrixfurnituregroup.ca/uploads/thumbs/1745420130_ca08b3fe7fd2584111c3.jpg
Matrix,B1631,Madrid,Bedroom,Beds,Made to order / price depends on options,https://demo-oasis-six.vercel.app/assets/cutouts/34f072e7683d631f.webp
Matrix,B1631,Madrid Chest Graphite,Bedroom,Chests,Made to order / price depends on options,https://demo-oasis-six.vercel.app/assets/cutouts/4c170d00d860664b.webp
Matrix,B1361,Novah Dresser Beige,Bedroom,Dressers,Made to order / price depends on options,
Matrix,B2201,Olympia Night stand  left Grey,Bedroom,Nightstands,Made to order / price depends on options,https://demo-oasis-six.vercel.app/assets/cutouts/cc6796e12a527d31.webp
Matrix,B2201,Olympia Night stand  right Grey,Bedroom,Nightstands,Made to order / price depends on options,https://demo-oasis-six.vercel.app/assets/cutouts/1cec1fb502a4c8cd.webp
Matrix,B1061,Rylee Chest Grey,Bedroom,Chests,Made to order / price depends on options,https://matrixfurnituregroup.ca/uploads/thumbs/1744656682_42b5e9e5de5d037c7c70.jpg
Matrix,B1491,Sienna,Bedroom,Beds,Made to order / price depends on options,https://demo-oasis-six.vercel.app/assets/cutouts/c8eaf851ed69a77a.webp
Matrix,B1491,Sienna Dresser Beige,Bedroom,Dressers,Made to order / price depends on options,https://matrixfurnituregroup.ca/uploads/items/1776434810_d65736a6c6ce307ead28.jpg
Matrix,B1491,Sienna Dresser mirror set Beige,Bedroom,Dressers,Made to order / price depends on options,https://demo-oasis-six.vercel.app/assets/cutouts/37bc26926f3955fa.webp
Matrix,B2021,Sydney Night stand Grey,Bedroom,Nightstands,Made to order / price depends on options,https://demo-oasis-six.vercel.app/assets/cutouts/f172563e6a985f9a.webp
Matrix,B1951,Treasure Night stand Grey,Bedroom,Nightstands,Made to order / price depends on options,https://matrixfurnituregroup.ca/uploads/thumbs/1775829673_6d52ca363e05ccc588d9.png
Matrix,B1951,Treasure Night stand White,Bedroom,Nightstands,Made to order / price depends on options,https://matrixfurnituregroup.ca/uploads/thumbs/1775830511_ac7b4728264df46478da.png
Matrix,B2211,Versailles Night stand Dark walnut,Bedroom,Nightstands,Made to order / price depends on options,https://matrixfurnituregroup.ca/uploads/thumbs/1775852106_47b517f6ce8a74deb9db.jpg
Matrix,D1470,Molly Sidechair Brown 2Pcsctn,Decor,Decor Objects,Made to order / price depends on options,
Matrix,B1361,Novah Mirror Beige,Decor,Mirrors,Made to order / price depends on options,
Matrix,D1530T,Ayla,Dining,Dining Sets,Made to order / price depends on options,https://demo-oasis-six.vercel.app/assets/cutouts/2151a2622be0c723.webp
Matrix,D1640T,Aylin,Dining,Dining Sets,Made to order / price depends on options,https://demo-oasis-six.vercel.app/assets/cutouts/a217406bf09d1dc7.webp
Matrix,D1640,Aylin Chair Pu w/gold legs Beige Gold   2pcs/ctn,Dining,Dining Chairs,Made to order / price depends on options,https://matrixfurnituregroup.ca/uploads/thumbs/1743708255_86c68e4023e4b303ca42.jpg
Matrix,D1640,Aylin Chair Pu w/gold legs Grey Gold   2pcs/ctn,Dining,Dining Chairs,Made to order / price depends on options,https://matrixfurnituregroup.ca/uploads/thumbs/1743708359_705d55bb22a2b1041f68.jpg
Matrix,D1640,Aylin Chair pu w/legs Cream Gold   2pcs/ctn,Dining,Dining Chairs,Made to order / price depends on options,https://matrixfurnituregroup.ca/uploads/thumbs/1743704953_e8bc895f583aace17990.jpg
Matrix,D1360T,Bailey,Dining,Dining Sets,Made to order / price depends on options,https://demo-oasis-six.vercel.app/assets/cutouts/e92abab9675d3582.webp
Matrix,DT006,Crystal Dining table,Dining,Dining Tables,Made to order / price depends on options,https://demo-oasis-six.vercel.app/assets/cutouts/26ddcd95b11a8a39.webp
Matrix,D1660T,D1660T,Dining,Dining Sets,Made to order / price depends on options,https://demo-oasis-six.vercel.app/assets/cutouts/5f2f93c05b0d2f23.webp
Matrix,D1900,Everly,Dining,Dining Sets,Made to order / price depends on options,https://demo-oasis-six.vercel.app/assets/cutouts/05a223ca98f81be7.webp
Matrix,D1860,Lou,Dining,Dining Sets,Made to order / price depends on options,https://matrixfurnituregroup.ca/uploads/thumbs/1760040149_2a88e60497824033e9a1.jpg
Matrix,D1930,Max,Dining,Dining Sets,Made to order / price depends on options,https://demo-oasis-six.vercel.app/assets/cutouts/4133ecbda50a8612.webp
Matrix,D1460T,Maya,Dining,Dining Sets,Made to order / price depends on options,https://demo-oasis-six.vercel.app/assets/cutouts/ca083ce3941f3ea3.webp
Matrix,D1490,Norah Chair w/gold legs Black Gold   2pcs/ctn,Dining,Dining Chairs,Made to order / price depends on options,https://matrixfurnituregroup.ca/uploads/thumbs/1743790882_c8812b6c3d9cce96de0c.jpg
Matrix,D1910,Parker,Dining,Dining Sets,Made to order / price depends on options,https://demo-oasis-six.vercel.app/assets/cutouts/bfdf1d2b5688f0be.webp
Matrix,D660,Pauline,Dining,Dining Sets,Made to order / price depends on options,https://demo-oasis-six.vercel.app/assets/cutouts/6b2e1f0cba079cbf.webp
Matrix,D660,Pauline Dining table Glass Brown,Dining,Dining Tables,Made to order / price depends on options,https://matrixfurnituregroup.ca/uploads/thumbs/1743791784_49b456fc86f2b6325ca3.jpg
Matrix,D1560T,Remi,Dining,Dining Sets,Made to order / price depends on options,https://matrixfurnituregroup.ca/uploads/thumbs/1760038124_8661587feaede800f3d1.jpg
Matrix,D1920,Rene,Dining,Dining Sets,Made to order / price depends on options,https://demo-oasis-six.vercel.app/assets/cutouts/07f3b52318b88415.webp
Matrix,L1865,Amiyah,Living Room,Recliners,Made to order / price depends on options,https://demo-oasis-six.vercel.app/assets/cutouts/d725230478bd1b58.webp
Matrix,L2975,Boomer,Living Room,Recliners,Made to order / price depends on options,https://demo-oasis-six.vercel.app/assets/cutouts/60368d9ccaa759ee.webp
Matrix,L8525,Caroline Coffee table Light grey,Living Room,Coffee Tables,Made to order / price depends on options,https://demo-oasis-six.vercel.app/assets/cutouts/23bdbd649adb2a4b.webp
Matrix,L8525,Caroline End table Light grey,Living Room,End Tables,Made to order / price depends on options,https://demo-oasis-six.vercel.app/assets/cutouts/15635f15ac4d0076.webp
Matrix,L3665,Comfort,Living Room,Recliners,Made to order / price depends on options,https://matrixfurnituregroup.ca/uploads/thumbs/1744145725_d5eabcac3a1541a6fd64.jpg
Matrix,L2875,Cooper,Living Room,Recliners,Made to order / price depends on options,https://demo-oasis-six.vercel.app/assets/cutouts/d329c795eecabefd.webp
Matrix,L2475,Duke,Living Room,Recliners,Made to order / price depends on options,https://matrixfurnituregroup.ca/uploads/thumbs/1744139619_a0bf426c4190f60ae804.jpg
Matrix,L2175,Eliana,Living Room,Sectionals,Made to order / price depends on options,https://matrixfurnituregroup.ca/uploads/thumbs/1744920261_945708da2a56391e0a37.jpg
Matrix,L4025,Eros,Living Room,Living Sets,Made to order / price depends on options,https://demo-oasis-six.vercel.app/assets/cutouts/01fd29f578b36ae8.webp
Matrix,L3075,Fortuner,Living Room,Recliners,Made to order / price depends on options,https://demo-oasis-six.vercel.app/assets/cutouts/2d4066c7dbfa084f.webp
Matrix,L3275,Fortuner,Living Room,Sectionals,Made to order / price depends on options,https://demo-oasis-six.vercel.app/assets/cutouts/5ba9b477d9292e8c.webp
Matrix,L4165,Henessey,Living Room,Recliners,Made to order / price depends on options,https://demo-oasis-six.vercel.app/assets/cutouts/4c26bd9bd1e43fa4.webp
Matrix,L2775,Inox,Living Room,Recliners,Made to order / price depends on options,https://demo-oasis-six.vercel.app/assets/cutouts/618e488227017094.webp
Matrix,L3745,Mia,Living Room,Sectionals,Made to order / price depends on options,https://matrixfurnituregroup.ca/uploads/thumbs/1771450504_e375159e288869ffdf56.jpg
Matrix,D1490,Norah Chair Wgold Legs Beige Gold 2Pcsctn,Living Room,Chairs,Made to order / price depends on options,https://matrixfurnituregroup.ca/uploads/items/1743790399_c7d70908530e9ecd955d.jpg
Matrix,L3175,Paloma,Living Room,Recliners,Made to order / price depends on options,https://demo-oasis-six.vercel.app/assets/cutouts/d858b47f29176d01.webp
Matrix,L2575,Polar,Living Room,Recliners,Made to order / price depends on options,https://demo-oasis-six.vercel.app/assets/cutouts/b2aac45ccb5d6cbc.webp
Matrix,L2045,Relieve,Living Room,Sectionals,Made to order / price depends on options,https://matrixfurnituregroup.ca/uploads/thumbs/1744319842_72ae4bb67d25cf3a9c47.jpg
Matrix,L3765,Rogue,Living Room,Recliners,Made to order / price depends on options,https://demo-oasis-six.vercel.app/assets/cutouts/e23e971b1293c09d.webp
Matrix,L3945,Rosa,Living Room,Sectionals,Made to order / price depends on options,https://demo-oasis-six.vercel.app/assets/cutouts/2fd5400d11b2ea77.webp
Matrix,L1945,Sage,Living Room,Sectionals,Made to order / price depends on options,https://demo-oasis-six.vercel.app/assets/cutouts/f022a6ca95cf3113.webp
Matrix,L3755,Snug,Living Room,Sectionals,Made to order / price depends on options,https://matrixfurnituregroup.ca/uploads/thumbs/1744324155_20afbc92379d4cd63aaa.jpg
Matrix,L3965,Supra,Living Room,Recliners,Made to order / price depends on options,https://demo-oasis-six.vercel.app/assets/cutouts/1fc2bdaa3391aee5.webp
Matrix,L8565,Verona,Living Room,Recliners,Made to order / price depends on options,https://matrixfurnituregroup.ca/uploads/thumbs/1744318865_f2c66b5c0d90803034a2.jpg
Monarch,I 3279.,Accent Table — White / White Metal,Bedroom,Nightstands,Not in supplier pricelist (likely discontinued),https://www.monarchspec.com/images/lifestyle_WEBQ50/I_3279!@BEDROOM-NIGHTSTAND-.jpg
Monarch,I 5932Q,Bed — Black Fabric Platform / Usb,Bedroom,Beds,Not in supplier pricelist (likely discontinued),https://www.monarchspec.com/images/lifestyle_WEBQ50/I_5932Q.jpg
Monarch,I 5962Q,Bed — Black Platform Front Storage Drawe,Bedroom,Beds,Not in supplier pricelist (likely discontinued),https://www.monarchspec.com/images/lifestyle_WEBQ50/I_5962Q.jpg
Monarch,I 5930Q,Bed — Cream Fabric Platform / Usb,Bedroom,Beds,Not in supplier pricelist (likely discontinued),https://www.monarchspec.com/images/lifestyle_WEBQ50/I_5930Q.jpg
Monarch,I 5931Q,Bed — Dark Grey Fabric Platform / Usb,Bedroom,Beds,Not in supplier pricelist (likely discontinued),https://www.monarchspec.com/images/lifestyle_WEBQ50/I_5931Q.jpg
Monarch,I 5941Q,Bed — Dark Grey Platform Adj. Headrest /,Bedroom,Beds,Not in supplier pricelist (likely discontinued),https://www.monarchspec.com/images/lifestyle_WEBQ50/I_5941Q.jpg
Monarch,I 5970Q,Bed — Grey Fabric Platform,Bedroom,Beds,Not in supplier pricelist (likely discontinued),https://www.monarchspec.com/images/lifestyle_WEBQ50/I_5970Q.jpg
Monarch,I 5961Q,Bed — Grey Platform Front Storage Drawer,Bedroom,Beds,Not in supplier pricelist (likely discontinued),https://www.monarchspec.com/images/lifestyle_WEBQ50/I_5961Q.jpg
Monarch,I 5971Q,Bed — Light Brown Fabric Platform,Bedroom,Beds,Not in supplier pricelist (likely discontinued),https://www.monarchspec.com/images/lifestyle_WEBQ50/I_5971Q.jpg
Monarch,I 5940Q,Bed — Light Brown Platform Adj. Headrest,Bedroom,Beds,Not in supplier pricelist (likely discontinued),https://www.monarchspec.com/images/lifestyle_WEBQ50/I_5940Q.jpg
Monarch,I 5942Q,Bed — Light Grey Platform Adj. Headrest ,Bedroom,Beds,Not in supplier pricelist (likely discontinued),https://www.monarchspec.com/images/lifestyle_WEBQ50/I_5942Q.jpg
Monarch,I 5972Q,Bed — Silver Fabric Platform,Bedroom,Beds,Not in supplier pricelist (likely discontinued),https://www.monarchspec.com/images/lifestyle_WEBQ50/I_5972Q.jpg
Monarch,I 5960Q,Bed — Tan Platform Front Storage Drawer ,Bedroom,Beds,Not in supplier pricelist (likely discontinued),https://www.monarchspec.com/images/lifestyle_WEBQ50/I_5960Q.jpg
Monarch,I 5213Q,Bedroom Set — Usb Bleached Oak,Bedroom,Bedroom Sets,Not in supplier pricelist (likely discontinued),https://www.monarchspec.com/images/lifestyle_WEBQ50/I_5213Q.jpg
Monarch,I 5218Q,Bedroom Set — Usb Graphite Grey,Bedroom,Bedroom Sets,Not in supplier pricelist (likely discontinued),https://www.monarchspec.com/images/lifestyle_WEBQ50/I_5218Q.jpg
Monarch,I 3949.,Nightstand — Antique Blue Veneer End Table,Bedroom,Nightstands,Not in supplier pricelist (likely discontinued),https://www.monarchspec.com/images/lifestyle_WEBQ50/I_3949!@BEDROOM-NIGHTSTAND.jpg
Monarch,I 3992.,Nightstand — Antique Blue Veneer End Table,Bedroom,Nightstands,Not in supplier pricelist (likely discontinued),https://www.monarchspec.com/images/lifestyle_WEBQ50/I_3992!@BEDROOM-NIGHTSTAND.jpg
Monarch,I 3901.,Nightstand — Antique Copper Iron Metal End Tabl,Bedroom,Nightstands,Not in supplier pricelist (likely discontinued),https://www.monarchspec.com/images/lifestyle_WEBQ50/I_3901!@BEDROOM-NIGHTSTAND.jpg
Monarch,I 3902.,Nightstand — Antique Gold Iron Metal End Table,Bedroom,Nightstands,Not in supplier pricelist (likely discontinued),https://www.monarchspec.com/images/lifestyle_WEBQ50/I_3902!@BEDROOM-NIGHTSTAND.jpg
Monarch,I 3948.,Nightstand — Antique Green Veneer End Table,Bedroom,Nightstands,Not in supplier pricelist (likely discontinued),https://www.monarchspec.com/images/lifestyle_WEBQ50/I_3948!@BEDROOM-NIGHTSTAND.jpg
Monarch,I 3985.,Nightstand — Antique Grey Veneer End Table,Bedroom,Nightstands,Not in supplier pricelist (likely discontinued),https://www.monarchspec.com/images/lifestyle_WEBQ50/I_3985!@BEDROOM-NIGHTSTAND.jpg
Monarch,I 3966.,Nightstand — Antique White / Espresso Veneer,Bedroom,Nightstands,Not in supplier pricelist (likely discontinued),https://www.monarchspec.com/images/lifestyle_WEBQ50/I_3966!@BEDROOM-NIGHTSTAND.jpg
Monarch,I 3965.,Nightstand — Antique White / Espresso Veneer,Bedroom,Nightstands,Not in supplier pricelist (likely discontinued),https://www.monarchspec.com/images/lifestyle_WEBQ50/I_3965!@BEDROOM-NIGHTSTAND.jpg
Monarch,I 3958.,Nightstand — Antique White / Espresso Veneer,Bedroom,Nightstands,Not in supplier pricelist (likely discontinued),https://www.monarchspec.com/images/lifestyle_WEBQ50/I_3958!@BEDROOM-NIGHTSTAND.jpg
Monarch,I 3989.,Nightstand — Antique White Veneer End Table,Bedroom,Nightstands,Not in supplier pricelist (likely discontinued),https://www.monarchspec.com/images/lifestyle_WEBQ50/I_3989!@BEDROOM-NIGHTSTAND.jpg
Monarch,I 3984.,Nightstand — Antique White Veneer End Table,Bedroom,Nightstands,Not in supplier pricelist (likely discontinued),https://www.monarchspec.com/images/lifestyle_WEBQ50/I_3984!@BEDROOM-NIGHTSTAND.jpg
Monarch,I 3463.,Nightstand — Beige Marble / Gold Metal,Bedroom,Nightstands,Not in supplier pricelist (likely discontinued),https://www.monarchspec.com/images/lifestyle_WEBQ50/I_3463!@BEDROOM-NIGHTSTAND.jpg
Monarch,I 3473.,Nightstand — Beige Marble / Gold Metal,Bedroom,Nightstands,Not in supplier pricelist (likely discontinued),https://www.monarchspec.com/images/lifestyle_WEBQ50/I_3473!@BEDROOM-NIGHTSTAND.jpg
Monarch,I 3483.,Nightstand — Beige Marble / Gold Metal,Bedroom,Nightstands,Not in supplier pricelist (likely discontinued),https://www.monarchspec.com/images/lifestyle_WEBQ50/I_3483!@BEDROOM-NIGHTSTAND.jpg
Monarch,I 3493.,Nightstand — Beige Marble / Gold Metal,Bedroom,Nightstands,Not in supplier pricelist (likely discontinued),https://www.monarchspec.com/images/lifestyle_WEBQ50/I_3493!@BEDROOM-NIGHTSTAND.jpg
Monarch,I 2175.,Nightstand — Black / Black Metal,Bedroom,Nightstands,Not in supplier pricelist (likely discontinued),https://www.monarchspec.com/images/lifestyle_WEBQ50/I_2175!@BEDROOM-NIGHTSTAND.jpg
Monarch,I 3467.,Nightstand — Black / Black Metal,Bedroom,Nightstands,Not in supplier pricelist (likely discontinued),https://www.monarchspec.com/images/lifestyle_WEBQ50/I_3467!@BEDROOM-NIGHTSTAND.jpg
Monarch,I 3247.,Nightstand — Black / Black Metal,Bedroom,Nightstands,Not in supplier pricelist (likely discontinued),https://www.monarchspec.com/images/lifestyle_WEBQ50/I_3247!@BEDROOM-NIGHTSTAND.jpg
Monarch,I 3761.,Nightstand — Black / Black Metal,Bedroom,Nightstands,Not in supplier pricelist (likely discontinued),https://www.monarchspec.com/images/lifestyle_WEBQ50/I_3761!@BEDROOM-NIGHTSTAND.jpg
Monarch,I 2170.,Nightstand — Black / Black Metal,Bedroom,Nightstands,Not in supplier pricelist (likely discontinued),https://www.monarchspec.com/images/lifestyle_WEBQ50/I_2170!@BEDROOM-NIGHTSTAND.jpg
Monarch,I 2081.,Nightstand — Black / Black Metal,Bedroom,Nightstands,Not in supplier pricelist (likely discontinued),https://www.monarchspec.com/images/lifestyle_WEBQ50/I_2081!@BEDROOM-NIGHTSTAND.jpg
Monarch,I 3278.,Nightstand — Black / Black Metal,Bedroom,Nightstands,Not in supplier pricelist (likely discontinued),https://www.monarchspec.com/images/lifestyle_WEBQ50/I_3278!@BEDROOM-NIGHTSTAND.jpg
Monarch,I 3640.,Nightstand — Black / Chrome Metal,Bedroom,Nightstands,Not in supplier pricelist (likely discontinued),https://www.monarchspec.com/images/lifestyle_WEBQ50/I_3640!@BEDROOM-NIGHTSTAND.jpg
Monarch,I 3406.,Nightstand — Black / Drawer,Bedroom,Nightstands,Not in supplier pricelist (likely discontinued),https://www.monarchspec.com/images/lifestyle_WEBQ50/I_3406!@BEDROOM-NIGHTSTAND.jpg
Monarch,I 3407.,Nightstand — Black / Drawer,Bedroom,Nightstands,Not in supplier pricelist (likely discontinued),https://www.monarchspec.com/images/lifestyle_WEBQ50/I_3407!@BEDROOM-NIGHTSTAND.jpg
Monarch,I 2477.,Nightstand — Black / Grey Top,Bedroom,Nightstands,Not in supplier pricelist (likely discontinued),https://www.monarchspec.com/images/lifestyle_WEBQ50/I_2477!@BEDROOM-NIGHTSTAND.jpg
Monarch,I 3773.,Nightstand — Black / Silver Metal,Bedroom,Nightstands,Not in supplier pricelist (likely discontinued),https://www.monarchspec.com/images/lifestyle_WEBQ50/I_3773!@BEDROOM-NIGHTSTAND.jpg
Monarch,I 3590.,Nightstand — Black Marble / Black Metal,Bedroom,Nightstands,Not in supplier pricelist (likely discontinued),https://www.monarchspec.com/images/lifestyle_WEBQ50/I_3590!@BEDROOM-NIGHTSTAND.jpg
Monarch,I 3595.,Nightstand — Black Marble / Black Metal,Bedroom,Nightstands,Not in supplier pricelist (likely discontinued),https://www.monarchspec.com/images/lifestyle_WEBQ50/I_3595!@BEDROOM-NIGHTSTAND.jpg
Monarch,I 2179.,Nightstand — Black Marble / Black Metal,Bedroom,Nightstands,Not in supplier pricelist (likely discontinued),https://www.monarchspec.com/images/lifestyle_WEBQ50/I_2179!@BEDROOM-NIGHTSTAND.jpg
Monarch,I 3763.,Nightstand — Black Marble / Black Metal,Bedroom,Nightstands,Not in supplier pricelist (likely discontinued),https://www.monarchspec.com/images/lifestyle_WEBQ50/I_3763!@BEDROOM-NIGHTSTAND.jpg
Monarch,I 2174.,Nightstand — Black Marble / Black Metal,Bedroom,Nightstands,Not in supplier pricelist (likely discontinued),https://www.monarchspec.com/images/lifestyle_WEBQ50/I_2174!@BEDROOM-NIGHTSTAND.jpg
Monarch,I 3674.,Nightstand — Black Marble / Black Metal,Bedroom,Nightstands,Not in supplier pricelist (likely discontinued),https://www.monarchspec.com/images/lifestyle_WEBQ50/I_3674!@BEDROOM-NIGHTSTAND.jpg
Monarch,I 2853.,Nightstand — Black Metal,Bedroom,Nightstands,Not in supplier pricelist (likely discontinued),https://www.monarchspec.com/images/lifestyle_WEBQ50/I_2853!@BEDROOM-NIGHTSTAND.jpg
Monarch,I 2863.,Nightstand — Black Metal,Bedroom,Nightstands,Not in supplier pricelist (likely discontinued),https://www.monarchspec.com/images/lifestyle_WEBQ50/I_2863!@BEDROOM-NIGHTSTAND.jpg
Monarch,I 2858.,Nightstand — Black Metal,Bedroom,Nightstands,Not in supplier pricelist (likely discontinued),https://www.monarchspec.com/images/lifestyle_WEBQ50/I_2858!@BEDROOM-NIGHTSTAND.jpg
Monarch,I 3602.,Nightstand — Black Metal,Bedroom,Nightstands,Not in supplier pricelist (likely discontinued),https://www.monarchspec.com/images/lifestyle_WEBQ50/I_3602!@BEDROOM-NIGHTSTAND.jpg
Monarch,I 2852.,Nightstand — Black Metal,Bedroom,Nightstands,Not in supplier pricelist (likely discontinued),https://www.monarchspec.com/images/lifestyle_WEBQ50/I_2852!@BEDROOM-NIGHTSTAND.jpg
Monarch,I 2862.,Nightstand — Black Metal,Bedroom,Nightstands,Not in supplier pricelist (likely discontinued),https://www.monarchspec.com/images/lifestyle_WEBQ50/I_2862!@BEDROOM-NIGHTSTAND.jpg
Monarch,I 2857.,Nightstand — Black Metal,Bedroom,Nightstands,Not in supplier pricelist (likely discontinued),https://www.monarchspec.com/images/lifestyle_WEBQ50/I_2857!@BEDROOM-NIGHTSTAND.jpg
Monarch,I 3600.,Nightstand — Black Metal With A Drawer,Bedroom,Nightstands,Not in supplier pricelist (likely discontinued),https://www.monarchspec.com/images/lifestyle_WEBQ50/I_3600!@BEDROOM-NIGHTSTAND.jpg
Monarch,I 3604.,Nightstand — Black Metal With A Drawer,Bedroom,Nightstands,Not in supplier pricelist (likely discontinued),https://www.monarchspec.com/images/lifestyle_WEBQ50/I_3604!@BEDROOM-NIGHTSTAND.jpg
Monarch,I 3089.,Nightstand — Black Metal With Tempered Glass,Bedroom,Nightstands,Not in supplier pricelist (likely discontinued),https://www.monarchspec.com/images/lifestyle_WEBQ50/I_3089!@BEDROOM-NIGHTSTAND.jpg
Monarch,I 3078.,Nightstand — Black Metal With Tempered Glass,Bedroom,Nightstands,Not in supplier pricelist (likely discontinued),https://www.monarchspec.com/images/lifestyle_WEBQ50/I_3078!@BEDROOM-NIGHTSTAND.jpg
Monarch,I 3308.,Nightstand — Black Metal With Tempered Glass,Bedroom,Nightstands,Not in supplier pricelist (likely discontinued),https://www.monarchspec.com/images/lifestyle_WEBQ50/I_3308!@BEDROOM-NIGHTSTAND.jpg
Monarch,I 3087.,Nightstand — Black Tempered Glass,Bedroom,Nightstands,Not in supplier pricelist (likely discontinued),https://www.monarchspec.com/images/lifestyle_WEBQ50/I_3087!@BEDROOM-NIGHTSTAND.jpg
Monarch,I 3951.,Nightstand — Black Veneer End Table,Bedroom,Nightstands,Not in supplier pricelist (likely discontinued),https://www.monarchspec.com/images/lifestyle_WEBQ50/I_3951!@BEDROOM-NIGHTSTAND.jpg
Monarch,I 3987.,Nightstand — Black Veneer End Table,Bedroom,Nightstands,Not in supplier pricelist (likely discontinued),https://www.monarchspec.com/images/lifestyle_WEBQ50/I_3987!@BEDROOM-NIGHTSTAND.jpg
Monarch,I 3986.,Nightstand — Black Veneer End Table,Bedroom,Nightstands,Not in supplier pricelist (likely discontinued),https://www.monarchspec.com/images/lifestyle_WEBQ50/I_3986!@BEDROOM-NIGHTSTAND.jpg
Monarch,I 3995.,Nightstand — Black Veneer End Table,Bedroom,Nightstands,Not in supplier pricelist (likely discontinued),https://www.monarchspec.com/images/lifestyle_WEBQ50/I_3995!@BEDROOM-NIGHTSTAND.jpg
Monarch,I 2140.,Nightstand — Black With Tempered Glass,Bedroom,Nightstands,Not in supplier pricelist (likely discontinued),https://www.monarchspec.com/images/lifestyle_WEBQ50/I_2140!@BEDROOM-NIGHTSTAND.jpg
Monarch,I 3143.,Nightstand — Blue Tile Top / Hammered Silver,Bedroom,Nightstands,Not in supplier pricelist (likely discontinued),https://www.monarchspec.com/images/lifestyle_WEBQ50/I_3143!@BEDROOM-NIGHTSTAND.jpg
Monarch,I 3044.,Nightstand — Bronze Metal,Bedroom,Nightstands,Not in supplier pricelist (likely discontinued),https://www.monarchspec.com/images/lifestyle_WEBQ50/I_3044!@BEDROOM-NIGHTSTAND.jpg
Monarch,I 3043.,Nightstand — Bronze Metal,Bedroom,Nightstands,Not in supplier pricelist (likely discontinued),https://www.monarchspec.com/images/lifestyle_WEBQ50/I_3043!@BEDROOM-NIGHTSTAND.jpg
Monarch,I 3088.,Nightstand — Bronze Metal,Bedroom,Nightstands,Not in supplier pricelist (likely discontinued),https://www.monarchspec.com/images/lifestyle_WEBQ50/I_3088!@BEDROOM-NIGHTSTAND.jpg
Monarch,I 2145.,Nightstand — Brown Oak Night Stand With Storage,Bedroom,Nightstands,Not in supplier pricelist (likely discontinued),https://www.monarchspec.com/images/lifestyle_WEBQ50/I_2145!@BEDROOM-NIGHTSTAND.jpg
Monarch,I 3764.,Nightstand — Brown Reclaimed / Black Metal,Bedroom,Nightstands,Not in supplier pricelist (likely discontinued),https://www.monarchspec.com/images/lifestyle_WEBQ50/I_3764!@BEDROOM-NIGHTSTAND.jpg
Monarch,I 3450.,Nightstand — Brown Reclaimed Wood / Black Metal,Bedroom,Nightstands,Not in supplier pricelist (likely discontinued),https://www.monarchspec.com/images/lifestyle_WEBQ50/I_3450!@BEDROOM-NIGHTSTAND.jpg
Monarch,I 3583.,Nightstand — Brown Reclaimed-Look / Black Metal,Bedroom,Nightstands,Not in supplier pricelist (likely discontinued),https://www.monarchspec.com/images/lifestyle_WEBQ50/I_3583!@BEDROOM-NIGHTSTAND.jpg
Monarch,I 3673.,Nightstand — Brown Reclaimed-Look / Black Metal,Bedroom,Nightstands,Not in supplier pricelist (likely discontinued),https://www.monarchspec.com/images/lifestyle_WEBQ50/I_3673!@BEDROOM-NIGHTSTAND.jpg
Monarch,I 3955.,Nightstand — Brown Walnut Veneer End Table,Bedroom,Nightstands,Not in supplier pricelist (likely discontinued),https://www.monarchspec.com/images/lifestyle_WEBQ50/I_3955!@BEDROOM-NIGHTSTAND.jpg
Monarch,I 3726.,Nightstand — Brushed Silver / Mirror,Bedroom,Nightstands,Not in supplier pricelist (likely discontinued),https://www.monarchspec.com/images/lifestyle_WEBQ50/I_3726!@BEDROOM-NIGHTSTAND.jpg
Monarch,I 3969.,Nightstand — Cherry Veneer End Table,Bedroom,Nightstands,Not in supplier pricelist (likely discontinued),https://www.monarchspec.com/images/lifestyle_WEBQ50/I_3969!@BEDROOM-NIGHTSTAND.jpg
Monarch,I 3916.,Nightstand — Chrome Iron Metal Drum End,Bedroom,Nightstands,Not in supplier pricelist (likely discontinued),https://www.monarchspec.com/images/lifestyle_WEBQ50/I_3916!@BEDROOM-NIGHTSTAND.jpg
Monarch,I 3920.,Nightstand — Chrome Iron Metal Drum End,Bedroom,Nightstands,Not in supplier pricelist (likely discontinued),https://www.monarchspec.com/images/lifestyle_WEBQ50/I_3920!@BEDROOM-NIGHTSTAND.jpg
Monarch,I 3925.,Nightstand — Chrome Iron Metal Drum End Table,Bedroom,Nightstands,Not in supplier pricelist (likely discontinued),https://www.monarchspec.com/images/lifestyle_WEBQ50/I_3925!@BEDROOM-NIGHTSTAND.jpg
Monarch,I 3056.,Nightstand — Chrome Metal,Bedroom,Nightstands,Not in supplier pricelist (likely discontinued),https://www.monarchspec.com/images/lifestyle_WEBQ50/I_3056!@BEDROOM-NIGHTSTAND.jpg
Monarch,I 3034.,Nightstand — Chrome Metal With A Magazine Rack,Bedroom,Nightstands,Not in supplier pricelist (likely discontinued),https://www.monarchspec.com/images/lifestyle_WEBQ50/I_3034!@BEDROOM-NIGHTSTAND.jpg
Monarch,I 3000.,Nightstand — Chrome Metal With Frosted Tempered,Bedroom,Nightstands,Not in supplier pricelist (likely discontinued),https://www.monarchspec.com/images/lifestyle_WEBQ50/I_3000!@BEDROOM-NIGHTSTAND.jpg
Monarch,I 3915.,Nightstand — Copper Iron Metal Drum End,Bedroom,Nightstands,Not in supplier pricelist (likely discontinued),https://www.monarchspec.com/images/lifestyle_WEBQ50/I_3915!@BEDROOM-NIGHTSTAND.jpg
Monarch,I 3818.,Nightstand — Cream Stone / Black Metal,Bedroom,Nightstands,Not in supplier pricelist (likely discontinued),https://www.monarchspec.com/images/lifestyle_WEBQ50/I_3818!@BEDROOM-NIGHTSTAND.jpg
Monarch,I 3758.,Nightstand — Cream Stone / Black Metal,Bedroom,Nightstands,Not in supplier pricelist (likely discontinued),https://www.monarchspec.com/images/lifestyle_WEBQ50/I_3758!@BEDROOM-NIGHTSTAND.jpg
Monarch,I 3813.,Nightstand — Cream Stone / Black Metal,Bedroom,Nightstands,Not in supplier pricelist (likely discontinued),https://www.monarchspec.com/images/lifestyle_WEBQ50/I_3813!@BEDROOM-NIGHTSTAND.jpg
Monarch,I 3815.,Nightstand — Dark Bronze / Black Metal,Bedroom,Nightstands,Not in supplier pricelist (likely discontinued),https://www.monarchspec.com/images/lifestyle_WEBQ50/I_3815!@BEDROOM-NIGHTSTAND.jpg
Monarch,I 3755.,Nightstand — Dark Bronze / Black Metal,Bedroom,Nightstands,Not in supplier pricelist (likely discontinued),https://www.monarchspec.com/images/lifestyle_WEBQ50/I_3755!@BEDROOM-NIGHTSTAND.jpg
Monarch,I 3810.,Nightstand — Dark Bronze / Black Metal,Bedroom,Nightstands,Not in supplier pricelist (likely discontinued),https://www.monarchspec.com/images/lifestyle_WEBQ50/I_3810!@BEDROOM-NIGHTSTAND.jpg
Monarch,I 3982.,Nightstand — Dark Green Veneer End Table,Bedroom,Nightstands,Not in supplier pricelist (likely discontinued),https://www.monarchspec.com/images/lifestyle_WEBQ50/I_3982!@BEDROOM-NIGHTSTAND.jpg
Monarch,I 3968.,Nightstand — Dark Green Veneer End Table,Bedroom,Nightstands,Not in supplier pricelist (likely discontinued),https://www.monarchspec.com/images/lifestyle_WEBQ50/I_3968!@BEDROOM-NIGHTSTAND.jpg
Monarch,I 3816.,Nightstand — Dark Oak / Black Metal,Bedroom,Nightstands,Not in supplier pricelist (likely discontinued),https://www.monarchspec.com/images/lifestyle_WEBQ50/I_3816!@BEDROOM-NIGHTSTAND.jpg
Monarch,I 3756.,Nightstand — Dark Oak / Black Metal,Bedroom,Nightstands,Not in supplier pricelist (likely discontinued),https://www.monarchspec.com/images/lifestyle_WEBQ50/I_3756!@BEDROOM-NIGHTSTAND.jpg
Monarch,I 3811.,Nightstand — Dark Oak / Black Metal,Bedroom,Nightstands,Not in supplier pricelist (likely discontinued),https://www.monarchspec.com/images/lifestyle_WEBQ50/I_3811!@BEDROOM-NIGHTSTAND.jpg
Monarch,I 3115.,Nightstand — Dark Taupe,Bedroom,Nightstands,Not in supplier pricelist (likely discontinued),https://www.monarchspec.com/images/lifestyle_WEBQ50/I_3115!@BEDROOM-NIGHTSTAND.jpg
Monarch,I 2476.,Nightstand — Dark Taupe,Bedroom,Nightstands,Not in supplier pricelist (likely discontinued),https://www.monarchspec.com/images/lifestyle_WEBQ50/I_2476!@BEDROOM-NIGHTSTAND.jpg
Monarch,I 2480.,Nightstand — Dark Taupe,Bedroom,Nightstands,Not in supplier pricelist (likely discontinued),https://www.monarchspec.com/images/lifestyle_WEBQ50/I_2480!@BEDROOM-NIGHTSTAND.jpg
Monarch,I 3597.,Nightstand — Dark Taupe / Black Metal,Bedroom,Nightstands,Not in supplier pricelist (likely discontinued),https://www.monarchspec.com/images/lifestyle_WEBQ50/I_3597!@BEDROOM-NIGHTSTAND.jpg
Monarch,I 2177.,Nightstand — Dark Taupe / Black Metal,Bedroom,Nightstands,Not in supplier pricelist (likely discontinued),https://www.monarchspec.com/images/lifestyle_WEBQ50/I_2177!@BEDROOM-NIGHTSTAND.jpg
Monarch,I 3249.,Nightstand — Dark Taupe / Black Metal,Bedroom,Nightstands,Not in supplier pricelist (likely discontinued),https://www.monarchspec.com/images/lifestyle_WEBQ50/I_3249!@BEDROOM-NIGHTSTAND.jpg
Monarch,I 3766.,Nightstand — Dark Taupe / Black Metal,Bedroom,Nightstands,Not in supplier pricelist (likely discontinued),https://www.monarchspec.com/images/lifestyle_WEBQ50/I_3766!@BEDROOM-NIGHTSTAND.jpg
Monarch,I 2172.,Nightstand — Dark Taupe / Black Metal,Bedroom,Nightstands,Not in supplier pricelist (likely discontinued),https://www.monarchspec.com/images/lifestyle_WEBQ50/I_2172!@BEDROOM-NIGHTSTAND.jpg
Monarch,I 3672.,Nightstand — Dark Taupe / Black Metal,Bedroom,Nightstands,Not in supplier pricelist (likely discontinued),https://www.monarchspec.com/images/lifestyle_WEBQ50/I_3672!@BEDROOM-NIGHTSTAND.jpg
Monarch,I 3771.,Nightstand — Dark Taupe / Black Metal,Bedroom,Nightstands,Not in supplier pricelist (likely discontinued),https://www.monarchspec.com/images/lifestyle_WEBQ50/I_3771!@BEDROOM-NIGHTSTAND.jpg
Monarch,I 2075.,Nightstand — Dark Taupe / Black Metal,Bedroom,Nightstands,Not in supplier pricelist (likely discontinued),https://www.monarchspec.com/images/lifestyle_WEBQ50/I_2075!@BEDROOM-NIGHTSTAND.jpg
Monarch,I 2083.,Nightstand — Dark Taupe / Black Metal,Bedroom,Nightstands,Not in supplier pricelist (likely discontinued),https://www.monarchspec.com/images/lifestyle_WEBQ50/I_2083!@BEDROOM-NIGHTSTAND.jpg
Monarch,I 3555.,Nightstand — Dark Taupe / Chrome Metal,Bedroom,Nightstands,Not in supplier pricelist (likely discontinued),https://www.monarchspec.com/images/lifestyle_WEBQ50/I_3555!@BEDROOM-NIGHTSTAND.jpg
Monarch,I 3263.,Nightstand — Dark Taupe / Chrome Metal,Bedroom,Nightstands,Not in supplier pricelist (likely discontinued),https://www.monarchspec.com/images/lifestyle_WEBQ50/I_3263!@BEDROOM-NIGHTSTAND.jpg
Monarch,I 3475.,Nightstand — Dark Taupe / Chrome Metal,Bedroom,Nightstands,Not in supplier pricelist (likely discontinued),https://www.monarchspec.com/images/lifestyle_WEBQ50/I_3475!@BEDROOM-NIGHTSTAND.jpg
Monarch,I 3638.,Nightstand — Dark Taupe / Chrome Metal,Bedroom,Nightstands,Not in supplier pricelist (likely discontinued),https://www.monarchspec.com/images/lifestyle_WEBQ50/I_3638!@BEDROOM-NIGHTSTAND.jpg
Monarch,I 2136.,Nightstand — Dark Taupe Night Stand With Storag,Bedroom,Nightstands,Not in supplier pricelist (likely discontinued),https://www.monarchspec.com/images/lifestyle_WEBQ50/I_2136!@BEDROOM-NIGHTSTAND.jpg
Monarch,I 3981.,Nightstand — Dark Taupe Veneer End Table,Bedroom,Nightstands,Not in supplier pricelist (likely discontinued),https://www.monarchspec.com/images/lifestyle_WEBQ50/I_3981!@BEDROOM-NIGHTSTAND.jpg
Monarch,I 3972.,Nightstand — Dark Taupe Veneer End Table,Bedroom,Nightstands,Not in supplier pricelist (likely discontinued),https://www.monarchspec.com/images/lifestyle_WEBQ50/I_3972!@BEDROOM-NIGHTSTAND.jpg
Monarch,I 3254.,Nightstand — Dark Taupe With A Drawer,Bedroom,Nightstands,Not in supplier pricelist (likely discontinued),https://www.monarchspec.com/images/lifestyle_WEBQ50/I_3254!@BEDROOM-NIGHTSTAND.jpg
Monarch,I 3191.,Nightstand — Dark Taupe With A Drawer,Bedroom,Nightstands,Not in supplier pricelist (likely discontinued),https://www.monarchspec.com/images/lifestyle_WEBQ50/I_3191!@BEDROOM-NIGHTSTAND.jpg
Monarch,I 3198.,Nightstand — Dark Taupe With A Glass Holder,Bedroom,Nightstands,Not in supplier pricelist (likely discontinued),https://www.monarchspec.com/images/lifestyle_WEBQ50/I_3198!@BEDROOM-NIGHTSTAND.jpg
Monarch,I 3253.,Nightstand — Dark Taupe With Chrome Metal,Bedroom,Nightstands,Not in supplier pricelist (likely discontinued),https://www.monarchspec.com/images/lifestyle_WEBQ50/I_3253!@BEDROOM-NIGHTSTAND.jpg
Monarch,I 2788.,Nightstand — Dark Walnut End Table,Bedroom,Nightstands,Not in supplier pricelist (likely discontinued),https://www.monarchspec.com/images/lifestyle_WEBQ50/I_2788!@BEDROOM-NIGHTSTAND.jpg
Monarch,I 3988.,Nightstand — Dark Walnut Veneer End Table,Bedroom,Nightstands,Not in supplier pricelist (likely discontinued),https://www.monarchspec.com/images/lifestyle_WEBQ50/I_3988!@BEDROOM-NIGHTSTAND.jpg
Monarch,I 3990.,Nightstand — Dark Walnut Veneer End Table,Bedroom,Nightstands,Not in supplier pricelist (likely discontinued),https://www.monarchspec.com/images/lifestyle_WEBQ50/I_3990!@BEDROOM-NIGHTSTAND.jpg
Monarch,I 3974.,Nightstand — Dark Walnut Veneer End Table,Bedroom,Nightstands,Not in supplier pricelist (likely discontinued),https://www.monarchspec.com/images/lifestyle_WEBQ50/I_3974!@BEDROOM-NIGHTSTAND.jpg
Monarch,I 3976.,Nightstand — Dark Walnut Veneer End Table,Bedroom,Nightstands,Not in supplier pricelist (likely discontinued),https://www.monarchspec.com/images/lifestyle_WEBQ50/I_3976!@BEDROOM-NIGHTSTAND.jpg
Monarch,I 3119.,Nightstand — Espresso,Bedroom,Nightstands,Not in supplier pricelist (likely discontinued),https://www.monarchspec.com/images/lifestyle_WEBQ50/I_3119!@BEDROOM-NIGHTSTAND.jpg
Monarch,I 2474.,Nightstand — Espresso,Bedroom,Nightstands,Not in supplier pricelist (likely discontinued),https://www.monarchspec.com/images/lifestyle_WEBQ50/I_2474!@BEDROOM-NIGHTSTAND.jpg
Monarch,I 2478.,Nightstand — Espresso,Bedroom,Nightstands,Not in supplier pricelist (likely discontinued),https://www.monarchspec.com/images/lifestyle_WEBQ50/I_2478!@BEDROOM-NIGHTSTAND.jpg
Monarch,I 2089.,Nightstand — Espresso,Bedroom,Nightstands,Not in supplier pricelist (likely discontinued),https://www.monarchspec.com/images/lifestyle_WEBQ50/I_2089!@BEDROOM-NIGHTSTAND.jpg
Monarch,I 3593.,Nightstand — Espresso / Black Metal,Bedroom,Nightstands,Not in supplier pricelist (likely discontinued),https://www.monarchspec.com/images/lifestyle_WEBQ50/I_3593!@BEDROOM-NIGHTSTAND.jpg
Monarch,I 3635.,Nightstand — Espresso / Black Metal,Bedroom,Nightstands,Not in supplier pricelist (likely discontinued),https://www.monarchspec.com/images/lifestyle_WEBQ50/I_3635!@BEDROOM-NIGHTSTAND.jpg
Monarch,I 3556.,Nightstand — Espresso / Gold Metal,Bedroom,Nightstands,Not in supplier pricelist (likely discontinued),https://www.monarchspec.com/images/lifestyle_WEBQ50/I_3556!@BEDROOM-NIGHTSTAND.jpg
Monarch,I 3476.,Nightstand — Espresso / Gold Metal,Bedroom,Nightstands,Not in supplier pricelist (likely discontinued),https://www.monarchspec.com/images/lifestyle_WEBQ50/I_3476!@BEDROOM-NIGHTSTAND.jpg
Monarch,I 3486.,Nightstand — Espresso / Gold Metal,Bedroom,Nightstands,Not in supplier pricelist (likely discontinued),https://www.monarchspec.com/images/lifestyle_WEBQ50/I_3486!@BEDROOM-NIGHTSTAND.jpg
Monarch,I 2135.,Nightstand — Espresso Night Stand With Storage,Bedroom,Nightstands,Not in supplier pricelist (likely discontinued),https://www.monarchspec.com/images/lifestyle_WEBQ50/I_2135!@BEDROOM-NIGHTSTAND.jpg
Monarch,I 3964.,Nightstand — Espresso Veneer End Table,Bedroom,Nightstands,Not in supplier pricelist (likely discontinued),https://www.monarchspec.com/images/lifestyle_WEBQ50/I_3964!@BEDROOM-NIGHTSTAND.jpg
Monarch,I 3953.,Nightstand — Espresso Veneer End Table,Bedroom,Nightstands,Not in supplier pricelist (likely discontinued),https://www.monarchspec.com/images/lifestyle_WEBQ50/I_3953!@BEDROOM-NIGHTSTAND.jpg
Monarch,I 3957.,Nightstand — Espresso Veneer End Table,Bedroom,Nightstands,Not in supplier pricelist (likely discontinued),https://www.monarchspec.com/images/lifestyle_WEBQ50/I_3957!@BEDROOM-NIGHTSTAND.jpg
Monarch,I 3967.,Nightstand — Espresso Veneer End Table,Bedroom,Nightstands,Not in supplier pricelist (likely discontinued),https://www.monarchspec.com/images/lifestyle_WEBQ50/I_3967!@BEDROOM-NIGHTSTAND.jpg
Monarch,I 3975.,Nightstand — Espresso Veneer End Table,Bedroom,Nightstands,Not in supplier pricelist (likely discontinued),https://www.monarchspec.com/images/lifestyle_WEBQ50/I_3975!@BEDROOM-NIGHTSTAND.jpg
Monarch,I 3970.,Nightstand — Espresso Veneer End Table,Bedroom,Nightstands,Not in supplier pricelist (likely discontinued),https://www.monarchspec.com/images/lifestyle_WEBQ50/I_3970!@BEDROOM-NIGHTSTAND.jpg
Monarch,I 3197.,Nightstand — Espresso With A Glass Holder,Bedroom,Nightstands,Not in supplier pricelist (likely discontinued),https://www.monarchspec.com/images/lifestyle_WEBQ50/I_3197!@BEDROOM-NIGHTSTAND.jpg
Monarch,I 3007.,Nightstand — Espresso With Chrome Metal,Bedroom,Nightstands,Not in supplier pricelist (likely discontinued),https://www.monarchspec.com/images/lifestyle_WEBQ50/I_3007!@BEDROOM-NIGHTSTAND.jpg
Monarch,I 3262.,Nightstand — Glossy White / Chrome Metal,Bedroom,Nightstands,Not in supplier pricelist (likely discontinued),https://www.monarchspec.com/images/lifestyle_WEBQ50/I_3262!@BEDROOM-NIGHTSTAND.jpg
Monarch,I 3470.,Nightstand — Glossy White / Chrome Metal,Bedroom,Nightstands,Not in supplier pricelist (likely discontinued),https://www.monarchspec.com/images/lifestyle_WEBQ50/I_3470!@BEDROOM-NIGHTSTAND.jpg
Monarch,I 3480.,Nightstand — Glossy White / Chrome Metal,Bedroom,Nightstands,Not in supplier pricelist (likely discontinued),https://www.monarchspec.com/images/lifestyle_WEBQ50/I_3480!@BEDROOM-NIGHTSTAND.jpg
Monarch,I 3490.,Nightstand — Glossy White / Chrome Metal,Bedroom,Nightstands,Not in supplier pricelist (likely discontinued),https://www.monarchspec.com/images/lifestyle_WEBQ50/I_3490!@BEDROOM-NIGHTSTAND.jpg
Monarch,I 3636.,Nightstand — Glossy White / Chrome Metal,Bedroom,Nightstands,Not in supplier pricelist (likely discontinued),https://www.monarchspec.com/images/lifestyle_WEBQ50/I_3636!@BEDROOM-NIGHTSTAND.jpg
Monarch,I 3170.,Nightstand — Glossy White With A Drawer,Bedroom,Nightstands,Not in supplier pricelist (likely discontinued),https://www.monarchspec.com/images/lifestyle_WEBQ50/I_3170!@BEDROOM-NIGHTSTAND.jpg
Monarch,I 3008.,Nightstand — Glossy White With Chrome Metal,Bedroom,Nightstands,Not in supplier pricelist (likely discontinued),https://www.monarchspec.com/images/lifestyle_WEBQ50/I_3008!@BEDROOM-NIGHTSTAND.jpg
Monarch,I 3184.,Nightstand — Glossy White With Chrome Metal,Bedroom,Nightstands,Not in supplier pricelist (likely discontinued),https://www.monarchspec.com/images/lifestyle_WEBQ50/I_3184!@BEDROOM-NIGHTSTAND.jpg
Monarch,I 3927.,Nightstand — Gold Iron Metal Drum End Table,Bedroom,Nightstands,Not in supplier pricelist (likely discontinued),https://www.monarchspec.com/images/lifestyle_WEBQ50/I_3927!@BEDROOM-NIGHTSTAND.jpg
Monarch,I 3900.,Nightstand — Gold Iron Metal End Table,Bedroom,Nightstands,Not in supplier pricelist (likely discontinued),https://www.monarchspec.com/images/lifestyle_WEBQ50/I_3900!@BEDROOM-NIGHTSTAND.jpg
Monarch,I 3236.,Nightstand — Gold Metal With A Drawer,Bedroom,Nightstands,Not in supplier pricelist (likely discontinued),https://www.monarchspec.com/images/lifestyle_WEBQ50/I_3236!@BEDROOM-NIGHTSTAND.jpg
Monarch,I 3118.,Nightstand — Grey,Bedroom,Nightstands,Not in supplier pricelist (likely discontinued),https://www.monarchspec.com/images/lifestyle_WEBQ50/I_3118!@BEDROOM-NIGHTSTAND.jpg
Monarch,I 2481.,Nightstand — Grey,Bedroom,Nightstands,Not in supplier pricelist (likely discontinued),https://www.monarchspec.com/images/lifestyle_WEBQ50/I_2481!@BEDROOM-NIGHTSTAND.jpg
Monarch,I 3591.,Nightstand — Grey / Black Metal,Bedroom,Nightstands,Not in supplier pricelist (likely discontinued),https://www.monarchspec.com/images/lifestyle_WEBQ50/I_3591!@BEDROOM-NIGHTSTAND.jpg
Monarch,I 3596.,Nightstand — Grey / Black Metal,Bedroom,Nightstands,Not in supplier pricelist (likely discontinued),https://www.monarchspec.com/images/lifestyle_WEBQ50/I_3596!@BEDROOM-NIGHTSTAND.jpg
Monarch,I 2176.,Nightstand — Grey / Black Metal,Bedroom,Nightstands,Not in supplier pricelist (likely discontinued),https://www.monarchspec.com/images/lifestyle_WEBQ50/I_2176!@BEDROOM-NIGHTSTAND.jpg
Monarch,I 3248.,Nightstand — Grey / Black Metal,Bedroom,Nightstands,Not in supplier pricelist (likely discontinued),https://www.monarchspec.com/images/lifestyle_WEBQ50/I_3248!@BEDROOM-NIGHTSTAND.jpg
Monarch,I 3762.,Nightstand — Grey / Black Metal,Bedroom,Nightstands,Not in supplier pricelist (likely discontinued),https://www.monarchspec.com/images/lifestyle_WEBQ50/I_3762!@BEDROOM-NIGHTSTAND.jpg
Monarch,I 2171.,Nightstand — Grey / Black Metal,Bedroom,Nightstands,Not in supplier pricelist (likely discontinued),https://www.monarchspec.com/images/lifestyle_WEBQ50/I_2171!@BEDROOM-NIGHTSTAND.jpg
Monarch,I 3671.,Nightstand — Grey / Black Metal,Bedroom,Nightstands,Not in supplier pricelist (likely discontinued),https://www.monarchspec.com/images/lifestyle_WEBQ50/I_3671!@BEDROOM-NIGHTSTAND.jpg
Monarch,I 3634.,Nightstand — Grey / Black Metal,Bedroom,Nightstands,Not in supplier pricelist (likely discontinued),https://www.monarchspec.com/images/lifestyle_WEBQ50/I_3634!@BEDROOM-NIGHTSTAND.jpg
Monarch,I 2082.,Nightstand — Grey / Black Metal,Bedroom,Nightstands,Not in supplier pricelist (likely discontinued),https://www.monarchspec.com/images/lifestyle_WEBQ50/I_2082!@BEDROOM-NIGHTSTAND.jpg
Monarch,I 3474.,Nightstand — Grey / Chrome Metal,Bedroom,Nightstands,Not in supplier pricelist (likely discontinued),https://www.monarchspec.com/images/lifestyle_WEBQ50/I_3474!@BEDROOM-NIGHTSTAND.jpg
Monarch,I 3637.,Nightstand — Grey / Chrome Metal,Bedroom,Nightstands,Not in supplier pricelist (likely discontinued),https://www.monarchspec.com/images/lifestyle_WEBQ50/I_3637!@BEDROOM-NIGHTSTAND.jpg
Monarch,I 3552.,Nightstand — Grey Cement / Black Nickel Metal,Bedroom,Nightstands,Not in supplier pricelist (likely discontinued),https://www.monarchspec.com/images/lifestyle_WEBQ50/I_3552!@BEDROOM-NIGHTSTAND.jpg
Monarch,I 3264.,Nightstand — Grey Cement / Chrome Metal,Bedroom,Nightstands,Not in supplier pricelist (likely discontinued),https://www.monarchspec.com/images/lifestyle_WEBQ50/I_3264!@BEDROOM-NIGHTSTAND.jpg
Monarch,I 3471.,Nightstand — Grey Cement / Chrome Metal,Bedroom,Nightstands,Not in supplier pricelist (likely discontinued),https://www.monarchspec.com/images/lifestyle_WEBQ50/I_3471!@BEDROOM-NIGHTSTAND.jpg
Monarch,I 3481.,Nightstand — Grey Cement / Chrome Metal,Bedroom,Nightstands,Not in supplier pricelist (likely discontinued),https://www.monarchspec.com/images/lifestyle_WEBQ50/I_3481!@BEDROOM-NIGHTSTAND.jpg
Monarch,I 3639.,Nightstand — Grey Cement / Chrome Metal,Bedroom,Nightstands,Not in supplier pricelist (likely discontinued),https://www.monarchspec.com/images/lifestyle_WEBQ50/I_3639!@BEDROOM-NIGHTSTAND.jpg
Monarch,I 3373.,Nightstand — Grey Cement With A Drawer,Bedroom,Nightstands,Not in supplier pricelist (likely discontinued),https://www.monarchspec.com/images/lifestyle_WEBQ50/I_3373!@BEDROOM-NIGHTSTAND.jpg
Monarch,I 3372.,Nightstand — Grey Cement With Chrome Metal,Bedroom,Nightstands,Not in supplier pricelist (likely discontinued),https://www.monarchspec.com/images/lifestyle_WEBQ50/I_3372!@BEDROOM-NIGHTSTAND.jpg
Monarch,I 3185.,Nightstand — Grey Cement With Chrome Metal,Bedroom,Nightstands,Not in supplier pricelist (likely discontinued),https://www.monarchspec.com/images/lifestyle_WEBQ50/I_3185!@BEDROOM-NIGHTSTAND.jpg
Monarch,I 3608.,Nightstand — Grey End Table With 2 Drawers,Bedroom,Nightstands,Not in supplier pricelist (likely discontinued),https://www.monarchspec.com/images/lifestyle_WEBQ50/I_3608!@BEDROOM-NIGHTSTAND.jpg
Monarch,I 2138.,Nightstand — Grey Night Stand With Storage,Bedroom,Nightstands,Not in supplier pricelist (likely discontinued),https://www.monarchspec.com/images/lifestyle_WEBQ50/I_2138!@BEDROOM-NIGHTSTAND.jpg
Monarch,I 3631.,Nightstand — Grey Reclaimed Wood / Black Metal,Bedroom,Nightstands,Not in supplier pricelist (likely discontinued),https://www.monarchspec.com/images/lifestyle_WEBQ50/I_3631!@BEDROOM-NIGHTSTAND.jpg
Monarch,I 3584.,Nightstand — Grey Stone-Look / Black Metal,Bedroom,Nightstands,Not in supplier pricelist (likely discontinued),https://www.monarchspec.com/images/lifestyle_WEBQ50/I_3584!@BEDROOM-NIGHTSTAND.jpg
Monarch,I 2206.,Nightstand — Grey Stone-Look / Black Metal,Bedroom,Nightstands,Not in supplier pricelist (likely discontinued),https://www.monarchspec.com/images/lifestyle_WEBQ50/I_2206!@BEDROOM-NIGHTSTAND.jpg
Monarch,I 3305.,Nightstand — Grey Stone-Look / Black Metal,Bedroom,Nightstands,Not in supplier pricelist (likely discontinued),https://www.monarchspec.com/images/lifestyle_WEBQ50/I_3305!@BEDROOM-NIGHTSTAND.jpg
Monarch,I 3765.,Nightstand — Grey Stone-Look / Black Metal,Bedroom,Nightstands,Not in supplier pricelist (likely discontinued),https://www.monarchspec.com/images/lifestyle_WEBQ50/I_3765!@BEDROOM-NIGHTSTAND.jpg
Monarch,I 3134.,Nightstand — Grey Top,Bedroom,Nightstands,Not in supplier pricelist (likely discontinued),https://www.monarchspec.com/images/lifestyle_WEBQ50/I_3134!@BEDROOM-NIGHTSTAND.jpg
Monarch,I 2134.,Nightstand — Grey Top Night Stand With Storage,Bedroom,Nightstands,Not in supplier pricelist (likely discontinued),https://www.monarchspec.com/images/lifestyle_WEBQ50/I_2134!@BEDROOM-NIGHTSTAND.jpg
Monarch,I 3228.,Nightstand — Grey With Chrome Metal,Bedroom,Nightstands,Not in supplier pricelist (likely discontinued),https://www.monarchspec.com/images/lifestyle_WEBQ50/I_3228!@BEDROOM-NIGHTSTAND.jpg
Monarch,I 3332.,Nightstand — Hammered Black Metal With Tempered,Bedroom,Nightstands,Not in supplier pricelist (likely discontinued),https://www.monarchspec.com/images/lifestyle_WEBQ50/I_3332!@BEDROOM-NIGHTSTAND.jpg
Monarch,I 3163.,Nightstand — Hammered Brown,Bedroom,Nightstands,Not in supplier pricelist (likely discontinued),https://www.monarchspec.com/images/lifestyle_WEBQ50/I_3163!@BEDROOM-NIGHTSTAND.jpg
Monarch,I 3380.,Nightstand — Industrial Grey,Bedroom,Nightstands,Not in supplier pricelist (likely discontinued),https://www.monarchspec.com/images/lifestyle_WEBQ50/I_3380!@BEDROOM-NIGHTSTAND.jpg
Monarch,I 3609.,Nightstand — Light Brown End Table - 2 Drawers,Bedroom,Nightstands,Not in supplier pricelist (likely discontinued),https://www.monarchspec.com/images/lifestyle_WEBQ50/I_3609!@BEDROOM-NIGHTSTAND.jpg
Monarch,I 2794.,Nightstand — Light Walnut / Seagrass-Look End T,Bedroom,Nightstands,Not in supplier pricelist (likely discontinued),https://www.monarchspec.com/images/lifestyle_WEBQ50/I_2794!@BEDROOM-NIGHTSTAND.jpg
Monarch,I 3842.,Nightstand — Natural / Natural Drawer,Bedroom,Nightstands,Not in supplier pricelist (likely discontinued),https://www.monarchspec.com/images/lifestyle_WEBQ50/I_3842!@BEDROOM-NIGHTSTAND.jpg
Monarch,I 3677.,Nightstand — Natural / White Metal,Bedroom,Nightstands,Not in supplier pricelist (likely discontinued),https://www.monarchspec.com/images/lifestyle_WEBQ50/I_3677!@BEDROOM-NIGHTSTAND.jpg
Monarch,I 3775.,Nightstand — Natural / White Metal,Bedroom,Nightstands,Not in supplier pricelist (likely discontinued),https://www.monarchspec.com/images/lifestyle_WEBQ50/I_3775!@BEDROOM-NIGHTSTAND.jpg
Monarch,I 3314.,Nightstand — Satin Black Metal With Tempered Gl,Bedroom,Nightstands,Not in supplier pricelist (likely discontinued),https://www.monarchspec.com/images/lifestyle_WEBQ50/I_3314!@BEDROOM-NIGHTSTAND.jpg
Monarch,I 3929.,Nightstand — Silver Grey Iron Metal Drum End,Bedroom,Nightstands,Not in supplier pricelist (likely discontinued),https://www.monarchspec.com/images/lifestyle_WEBQ50/I_3929!@BEDROOM-NIGHTSTAND.jpg
Monarch,I 3924.,Nightstand — Silver Grey Iron Metal Drum End,Bedroom,Nightstands,Not in supplier pricelist (likely discontinued),https://www.monarchspec.com/images/lifestyle_WEBQ50/I_3924!@BEDROOM-NIGHTSTAND.jpg
Monarch,I 3137.,Nightstand — Silver Metal,Bedroom,Nightstands,Not in supplier pricelist (likely discontinued),https://www.monarchspec.com/images/lifestyle_WEBQ50/I_3137!@BEDROOM-NIGHTSTAND.jpg
Monarch,I 3090.,Nightstand — Silver Metal With Tempered Glass,Bedroom,Nightstands,Not in supplier pricelist (likely discontinued),https://www.monarchspec.com/images/lifestyle_WEBQ50/I_3090!@BEDROOM-NIGHTSTAND.jpg
Monarch,I 3158.,Nightstand — Silver Metal With Tempered Glass,Bedroom,Nightstands,Not in supplier pricelist (likely discontinued),https://www.monarchspec.com/images/lifestyle_WEBQ50/I_3158!@BEDROOM-NIGHTSTAND.jpg
Monarch,I 3106.,Nightstand — Silver Metal With Tempered Glass,Bedroom,Nightstands,Not in supplier pricelist (likely discontinued),https://www.monarchspec.com/images/lifestyle_WEBQ50/I_3106!@BEDROOM-NIGHTSTAND.jpg
Monarch,I 3607.,Nightstand — Walnut End Table With 2 Drawers,Bedroom,Nightstands,Not in supplier pricelist (likely discontinued),https://www.monarchspec.com/images/lifestyle_WEBQ50/I_3607!@BEDROOM-NIGHTSTAND.jpg
Monarch,I 3950.,Nightstand — Washed Grey Veneer End Table,Bedroom,Nightstands,Not in supplier pricelist (likely discontinued),https://www.monarchspec.com/images/lifestyle_WEBQ50/I_3950!@BEDROOM-NIGHTSTAND.jpg
Monarch,I 3980.,Nightstand — Washed Grey Veneer End Table,Bedroom,Nightstands,Not in supplier pricelist (likely discontinued),https://www.monarchspec.com/images/lifestyle_WEBQ50/I_3980!@BEDROOM-NIGHTSTAND.jpg
Monarch,I 3963.,Nightstand — Washed Grey Veneer End Table,Bedroom,Nightstands,Not in supplier pricelist (likely discontinued),https://www.monarchspec.com/images/lifestyle_WEBQ50/I_3963!@BEDROOM-NIGHTSTAND.jpg
Monarch,I 3817.,Nightstand — Washed Oak / Black Metal,Bedroom,Nightstands,Not in supplier pricelist (likely discontinued),https://www.monarchspec.com/images/lifestyle_WEBQ50/I_3817!@BEDROOM-NIGHTSTAND.jpg
Monarch,I 3757.,Nightstand — Washed Oak / Black Metal,Bedroom,Nightstands,Not in supplier pricelist (likely discontinued),https://www.monarchspec.com/images/lifestyle_WEBQ50/I_3757!@BEDROOM-NIGHTSTAND.jpg
Monarch,I 3812.,Nightstand — Washed Oak / Black Metal,Bedroom,Nightstands,Not in supplier pricelist (likely discontinued),https://www.monarchspec.com/images/lifestyle_WEBQ50/I_3812!@BEDROOM-NIGHTSTAND.jpg
Monarch,I 3117.,Nightstand — White,Bedroom,Nightstands,Not in supplier pricelist (likely discontinued),https://www.monarchspec.com/images/lifestyle_WEBQ50/I_3117!@BEDROOM-NIGHTSTAND.jpg
Monarch,I 2475.,Nightstand — White,Bedroom,Nightstands,Not in supplier pricelist (likely discontinued),https://www.monarchspec.com/images/lifestyle_WEBQ50/I_2475!@BEDROOM-NIGHTSTAND.jpg
Monarch,I 2479.,Nightstand — White,Bedroom,Nightstands,Not in supplier pricelist (likely discontinued),https://www.monarchspec.com/images/lifestyle_WEBQ50/I_2479!@BEDROOM-NIGHTSTAND.jpg
Monarch,I 3760.,Nightstand — White / Black Metal,Bedroom,Nightstands,Not in supplier pricelist (likely discontinued),https://www.monarchspec.com/images/lifestyle_WEBQ50/I_3760!@BEDROOM-NIGHTSTAND.jpg
Monarch,I 3770.,Nightstand — White / Black Metal,Bedroom,Nightstands,Not in supplier pricelist (likely discontinued),https://www.monarchspec.com/images/lifestyle_WEBQ50/I_3770!@BEDROOM-NIGHTSTAND.jpg
Monarch,I 3843.,Nightstand — White / Natural Drawer,Bedroom,Nightstands,Not in supplier pricelist (likely discontinued),https://www.monarchspec.com/images/lifestyle_WEBQ50/I_3843!@BEDROOM-NIGHTSTAND.jpg
Monarch,I 2068.,Nightstand — White / Silver / Tempered Glass,Bedroom,Nightstands,Not in supplier pricelist (likely discontinued),https://www.monarchspec.com/images/lifestyle_WEBQ50/I_2068!@BEDROOM-NIGHTSTAND.jpg
Monarch,I 3774.,Nightstand — White / Silver Metal,Bedroom,Nightstands,Not in supplier pricelist (likely discontinued),https://www.monarchspec.com/images/lifestyle_WEBQ50/I_3774!@BEDROOM-NIGHTSTAND.jpg
Monarch,I 3503.,Nightstand — White / Silver Metal / Tempered Gl,Bedroom,Nightstands,Not in supplier pricelist (likely discontinued),https://www.monarchspec.com/images/lifestyle_WEBQ50/I_3503!@BEDROOM-NIGHTSTAND.jpg
Monarch,I 3594.,Nightstand — White / White Metal,Bedroom,Nightstands,Not in supplier pricelist (likely discontinued),https://www.monarchspec.com/images/lifestyle_WEBQ50/I_3594!@BEDROOM-NIGHTSTAND.jpg
Monarch,I 3468.,Nightstand — White / White Metal,Bedroom,Nightstands,Not in supplier pricelist (likely discontinued),https://www.monarchspec.com/images/lifestyle_WEBQ50/I_3468!@BEDROOM-NIGHTSTAND.jpg
Monarch,I 3478.,Nightstand — White / White Metal,Bedroom,Nightstands,Not in supplier pricelist (likely discontinued),https://www.monarchspec.com/images/lifestyle_WEBQ50/I_3478!@BEDROOM-NIGHTSTAND.jpg
Monarch,I 3676.,Nightstand — White / White Metal,Bedroom,Nightstands,Not in supplier pricelist (likely discontinued),https://www.monarchspec.com/images/lifestyle_WEBQ50/I_3676!@BEDROOM-NIGHTSTAND.jpg
Monarch,I 2079.,Nightstand — White / White Metal,Bedroom,Nightstands,Not in supplier pricelist (likely discontinued),https://www.monarchspec.com/images/lifestyle_WEBQ50/I_2079!@BEDROOM-NIGHTSTAND.jpg
Monarch,I 3017.,Nightstand — White Bentwood With Tempered Glass,Bedroom,Nightstands,Not in supplier pricelist (likely discontinued),https://www.monarchspec.com/images/lifestyle_WEBQ50/I_3017!@BEDROOM-NIGHTSTAND.jpg
Monarch,I 3675.,Nightstand — White Marble / Black Metal,Bedroom,Nightstands,Not in supplier pricelist (likely discontinued),https://www.monarchspec.com/images/lifestyle_WEBQ50/I_3675!@BEDROOM-NIGHTSTAND.jpg
Monarch,I 3772.,Nightstand — White Marble / Silver Metal,Bedroom,Nightstands,Not in supplier pricelist (likely discontinued),https://www.monarchspec.com/images/lifestyle_WEBQ50/I_3772!@BEDROOM-NIGHTSTAND.jpg
Monarch,I 3300.,Nightstand — White Marble-Look / Black Metal,Bedroom,Nightstands,Not in supplier pricelist (likely discontinued),https://www.monarchspec.com/images/lifestyle_WEBQ50/I_3300!@BEDROOM-NIGHTSTAND.jpg
Monarch,I 2205.,Nightstand — White Marble-Look / Silver Metal,Bedroom,Nightstands,Not in supplier pricelist (likely discontinued),https://www.monarchspec.com/images/lifestyle_WEBQ50/I_2205!@BEDROOM-NIGHTSTAND.jpg
Monarch,I 3601.,Nightstand — White Metal With A Drawer,Bedroom,Nightstands,Not in supplier pricelist (likely discontinued),https://www.monarchspec.com/images/lifestyle_WEBQ50/I_3601!@BEDROOM-NIGHTSTAND.jpg
Monarch,I 3067.,Nightstand — White Metal With A Magazine Rack,Bedroom,Nightstands,Not in supplier pricelist (likely discontinued),https://www.monarchspec.com/images/lifestyle_WEBQ50/I_3067!@BEDROOM-NIGHTSTAND.jpg
Monarch,I 3037.,Nightstand — White Metal With Frosted Tempered ,Bedroom,Nightstands,Not in supplier pricelist (likely discontinued),https://www.monarchspec.com/images/lifestyle_WEBQ50/I_3037!@BEDROOM-NIGHTSTAND.jpg
Monarch,I 3105.,Nightstand — White Metal With Tempered Glass,Bedroom,Nightstands,Not in supplier pricelist (likely discontinued),https://www.monarchspec.com/images/lifestyle_WEBQ50/I_3105!@BEDROOM-NIGHTSTAND.jpg
Monarch,I 2137.,Nightstand — White Night Stand With Storage,Bedroom,Nightstands,Not in supplier pricelist (likely discontinued),https://www.monarchspec.com/images/lifestyle_WEBQ50/I_2137!@BEDROOM-NIGHTSTAND.jpg
Monarch,I 3917.,Nightstand — White Textured Iron Metal Drum End,Bedroom,Nightstands,Not in supplier pricelist (likely discontinued),https://www.monarchspec.com/images/lifestyle_WEBQ50/I_3917!@BEDROOM-NIGHTSTAND.jpg
Monarch,I 3921.,Nightstand — White Textured Iron Metal Drum End,Bedroom,Nightstands,Not in supplier pricelist (likely discontinued),https://www.monarchspec.com/images/lifestyle_WEBQ50/I_3921!@BEDROOM-NIGHTSTAND.jpg
Monarch,I 3599.,Nightstand — White/ White Metal,Bedroom,Nightstands,Not in supplier pricelist (likely discontinued),https://www.monarchspec.com/images/lifestyle_WEBQ50/I_3599!@BEDROOM-NIGHTSTAND.jpg
Monarch,I 2287,"Barstool — 34""H / Beige Fabric/ Swivel Counte",Decor,Decor Objects,Not in supplier pricelist (likely discontinued),https://www.monarchspec.com/images/lifestyle_WEBQ50/I_2287.jpg
Monarch,I 2285,"Barstool — 34""H / Black Fabric/ Swivel Counte",Decor,Decor Objects,Not in supplier pricelist (likely discontinued),https://www.monarchspec.com/images/lifestyle_WEBQ50/I_2285.jpg
Monarch,I 2286,"Barstool — 34""H / Grey Fabric/ Swivel Counter",Decor,Decor Objects,Not in supplier pricelist (likely discontinued),https://www.monarchspec.com/images/lifestyle_WEBQ50/I_2286.jpg
Monarch,I 2282,"Barstool — 35""H / Black Fabric / Metal Counte",Decor,Decor Objects,Not in supplier pricelist (likely discontinued),https://www.monarchspec.com/images/lifestyle_WEBQ50/I_2282.jpg
Monarch,I 2280,"Barstool — 35""H / Black Pu / Metal Counter He",Decor,Decor Objects,Not in supplier pricelist (likely discontinued),https://www.monarchspec.com/images/lifestyle_WEBQ50/I_2280.jpg
Monarch,I 2283,"Barstool — 35""H / Grey Fabric / Metal Counter",Decor,Decor Objects,Not in supplier pricelist (likely discontinued),https://www.monarchspec.com/images/lifestyle_WEBQ50/I_2283.jpg
Monarch,I 2281,"Barstool — 35""H / Grey Pu / Metal Counter Hei",Decor,Decor Objects,Not in supplier pricelist (likely discontinued),https://www.monarchspec.com/images/lifestyle_WEBQ50/I_2281.jpg
Monarch,I 1290,"Barstool — 39""H / Black Pu / Metal Bar Height",Decor,Decor Objects,Not in supplier pricelist (likely discontinued),https://www.monarchspec.com/images/lifestyle_WEBQ50/I_1290.jpg
Monarch,I 1294,"Barstool — 39""H / Black Pu / Metal Counter He",Decor,Decor Objects,Not in supplier pricelist (likely discontinued),https://www.monarchspec.com/images/lifestyle_WEBQ50/I_1294.jpg
Monarch,I 1292,"Barstool — 39""H / Brown Fabric / Metal Bar He",Decor,Decor Objects,Not in supplier pricelist (likely discontinued),https://www.monarchspec.com/images/lifestyle_WEBQ50/I_1292.jpg
Monarch,I 1291,"Barstool — 39""H / Grey Fabric / Metal Bar Hei",Decor,Decor Objects,Not in supplier pricelist (likely discontinued),https://www.monarchspec.com/images/lifestyle_WEBQ50/I_1291.jpg
Monarch,I 1293,"Barstool — 39""H / Grey Pu / Metal Counter Hei",Decor,Decor Objects,Not in supplier pricelist (likely discontinued),https://www.monarchspec.com/images/lifestyle_WEBQ50/I_1293.jpg
Monarch,I 1296,"Barstool — 41""H / Black Pu / Metal Bar Height",Decor,Decor Objects,Not in supplier pricelist (likely discontinued),https://www.monarchspec.com/images/lifestyle_WEBQ50/I_1296.jpg
Monarch,I 1295,"Barstool — 41""H / Grey Pu / Metal Bar Height",Decor,Decor Objects,Not in supplier pricelist (likely discontinued),https://www.monarchspec.com/images/lifestyle_WEBQ50/I_1295.jpg
Monarch,I 1280,"Barstool — 42""H / Black Pu / Swivel Bar Heigh",Decor,Decor Objects,Not in supplier pricelist (likely discontinued),https://www.monarchspec.com/images/lifestyle_WEBQ50/I_1280.jpg
Monarch,I 1282,"Barstool — 42""H / Brown Fabric / Swivel Bar H",Decor,Decor Objects,Not in supplier pricelist (likely discontinued),https://www.monarchspec.com/images/lifestyle_WEBQ50/I_1282.jpg
Monarch,I 1281,"Barstool — 42""H / Grey Fabric / Swivel Bar He",Decor,Decor Objects,Not in supplier pricelist (likely discontinued),https://www.monarchspec.com/images/lifestyle_WEBQ50/I_1281.jpg
Monarch,I 1251,"Barstool — 42""H / Swivel / Dark Oak Bar Heigh",Decor,Decor Objects,Not in supplier pricelist (likely discontinued),https://www.monarchspec.com/images/lifestyle_WEBQ50/I_1251.jpg
Monarch,I 4000.,Ladder — Dark Taupe / Black Metal,Decor,Decor Objects,Not in supplier pricelist (likely discontinued),https://www.monarchspec.com/images/lifestyle_WEBQ50/I_4000!@BEDROOM.jpg
Monarch,I 9650.,"Lighting — 17""H Table Lamp Black Metal / Beig",Decor,Lighting,Not in supplier pricelist (likely discontinued),https://www.monarchspec.com/images/lifestyle_WEBQ50/I_9650!@BEDROOM.jpg
Monarch,I 9649.,"Lighting — 17""H Table Lamp Nickel Metal / Ivo",Decor,Lighting,Not in supplier pricelist (likely discontinued),https://www.monarchspec.com/images/lifestyle_WEBQ50/I_9649!@BEDROOM.jpg
Monarch,I 9639.,"Lighting — 18""H Table Lamp Black / Ivory Shad",Decor,Lighting,Not in supplier pricelist (likely discontinued),https://www.monarchspec.com/images/lifestyle_WEBQ50/I_9639!@BEDROOM.jpg
Monarch,I 9963,"Lighting — 19""H Table Lamp Black Ceramic/ Ivo",Decor,Lighting,Not in supplier pricelist (likely discontinued),https://www.monarchspec.com/images/lifestyle_WEBQ50/I_9963.jpg
Monarch,I 9967,"Lighting — 19""H Table Lamp Blue Glass / Ivory",Decor,Lighting,Not in supplier pricelist (likely discontinued),https://www.monarchspec.com/images/lifestyle_WEBQ50/I_9967.jpg
Monarch,I 9968,"Lighting — 19""H Table Lamp Grey Glass / Ivory",Decor,Lighting,Not in supplier pricelist (likely discontinued),https://www.monarchspec.com/images/lifestyle_WEBQ50/I_9968.jpg
Monarch,I 9964,"Lighting — 19""H Table Lamp White Ceramic/ Ivo",Decor,Lighting,Not in supplier pricelist (likely discontinued),https://www.monarchspec.com/images/lifestyle_WEBQ50/I_9964.jpg
Monarch,I 9966,"Lighting — 21""H Table Lamp Green Ceramic/ Ivo",Decor,Lighting,Not in supplier pricelist (likely discontinued),https://www.monarchspec.com/images/lifestyle_WEBQ50/I_9966.jpg
Monarch,I 9965,"Lighting — 21""H Table Lamp Grey Ceramic/ Ivor",Decor,Lighting,Not in supplier pricelist (likely discontinued),https://www.monarchspec.com/images/lifestyle_WEBQ50/I_9965.jpg
Monarch,I 9643.,"Lighting — 24""H Table Lamp Black / Ivory / Us",Decor,Lighting,Not in supplier pricelist (likely discontinued),https://www.monarchspec.com/images/lifestyle_WEBQ50/I_9643!@BEDROOM.jpg
Monarch,I 9642.,"Lighting — 24""H Table Lamp Nickel / Grey / Us",Decor,Lighting,Not in supplier pricelist (likely discontinued),https://www.monarchspec.com/images/lifestyle_WEBQ50/I_9642!@BEDROOM.jpg
Monarch,I 9753.,Lighting — Beige / Usb,Decor,Lighting,Not in supplier pricelist (likely discontinued),https://www.monarchspec.com/images/lifestyle_WEBQ50/I_9753!@BEDROOM-LIGHTING.jpg
Monarch,I 9754.,Lighting — Beige / Usb,Decor,Lighting,Not in supplier pricelist (likely discontinued),https://www.monarchspec.com/images/lifestyle_WEBQ50/I_9754!@BEDROOM-LIGHTING.jpg
Monarch,I 9605.,Lighting — Beige Shade,Decor,Lighting,Not in supplier pricelist (likely discontinued),https://www.monarchspec.com/images/lifestyle_WEBQ50/I_9605!@BEDROOM.jpg
Monarch,I 9623.,Lighting — Beige Shade,Decor,Lighting,Not in supplier pricelist (likely discontinued),https://www.monarchspec.com/images/lifestyle_WEBQ50/I_9623!@BEDROOM.jpg
Monarch,I 9709.,Lighting — Beige Shade,Decor,Lighting,Not in supplier pricelist (likely discontinued),https://www.monarchspec.com/images/lifestyle_WEBQ50/I_9709!@BEDROOM.jpg
Monarch,I 9726.,Lighting — Beige Shade,Decor,Lighting,Not in supplier pricelist (likely discontinued),https://www.monarchspec.com/images/lifestyle_WEBQ50/I_9726!@BEDROOM.jpg
Monarch,I 9724.,Lighting — Beige Shade,Decor,Lighting,Not in supplier pricelist (likely discontinued),https://www.monarchspec.com/images/lifestyle_WEBQ50/I_9724!@BEDROOM.jpg
Monarch,I 9713.,Lighting — Beige Shade,Decor,Lighting,Not in supplier pricelist (likely discontinued),https://www.monarchspec.com/images/lifestyle_WEBQ50/I_9713!@BEDROOM.jpg
Monarch,I 9714.,Lighting — Beige Shade,Decor,Lighting,Not in supplier pricelist (likely discontinued),https://www.monarchspec.com/images/lifestyle_WEBQ50/I_9714!@BEDROOM.jpg
Monarch,I 9728.,Lighting — Beige Shade,Decor,Lighting,Not in supplier pricelist (likely discontinued),https://www.monarchspec.com/images/lifestyle_WEBQ50/I_9728!@BEDROOM.jpg
Monarch,I 9703.,Lighting — Beige Shade,Decor,Lighting,Not in supplier pricelist (likely discontinued),https://www.monarchspec.com/images/lifestyle_WEBQ50/I_9703!@BEDROOM.jpg
Monarch,I 9635.,Lighting — Beige Shade,Decor,Lighting,Not in supplier pricelist (likely discontinued),https://www.monarchspec.com/images/lifestyle_WEBQ50/I_9635!@BEDROOM.jpg
Monarch,I 9769.,Lighting — Beige Shade,Decor,Lighting,Not in supplier pricelist (likely discontinued),https://www.monarchspec.com/images/lifestyle_WEBQ50/I_9769!@BEDROOM.jpg
Monarch,I 9628.,Lighting — Beige Shade,Decor,Lighting,Not in supplier pricelist (likely discontinued),https://www.monarchspec.com/images/lifestyle_WEBQ50/I_9628!@BEDROOM.jpg
Monarch,I 9718.,Lighting — Beige Shade,Decor,Lighting,Not in supplier pricelist (likely discontinued),https://www.monarchspec.com/images/lifestyle_WEBQ50/I_9718!@BEDROOM.jpg
Monarch,I 9765.,Lighting — Beige Shade,Decor,Lighting,Not in supplier pricelist (likely discontinued),https://www.monarchspec.com/images/lifestyle_WEBQ50/I_9765!@BEDROOM.jpg
Monarch,I 9631.,Lighting — Beige Shade,Decor,Lighting,Not in supplier pricelist (likely discontinued),https://www.monarchspec.com/images/lifestyle_WEBQ50/I_9631!@BEDROOM.jpg
Monarch,I 9632.,Lighting — Beige Shade,Decor,Lighting,Not in supplier pricelist (likely discontinued),https://www.monarchspec.com/images/lifestyle_WEBQ50/I_9632!@BEDROOM.jpg
Monarch,I 9687,Lighting — Beige Shade,Decor,Lighting,Not in supplier pricelist (likely discontinued),https://www.monarchspec.com/images/lifestyle_WEBQ50/I_9687.jpg
Monarch,I 9773,Lighting — Beige Shade,Decor,Lighting,Not in supplier pricelist (likely discontinued),https://www.monarchspec.com/images/lifestyle_WEBQ50/I_9773.jpg
Monarch,I 9782,Lighting — Beige Shade,Decor,Lighting,Not in supplier pricelist (likely discontinued),https://www.monarchspec.com/images/lifestyle_WEBQ50/I_9782.jpg
Monarch,I 9786,Lighting — Beige Shade,Decor,Lighting,Not in supplier pricelist (likely discontinued),https://www.monarchspec.com/images/lifestyle_WEBQ50/I_9786.jpg
Monarch,I 9794,Lighting — Beige Shade,Decor,Lighting,Not in supplier pricelist (likely discontinued),https://www.monarchspec.com/images/lifestyle_WEBQ50/I_9794.jpg
Monarch,I 9638.,Lighting — Beige Shade / Usb,Decor,Lighting,Not in supplier pricelist (likely discontinued),https://www.monarchspec.com/images/lifestyle_WEBQ50/I_9638!@BEDROOM.jpg
Monarch,I 9658.,Lighting — Black Shade,Decor,Lighting,Not in supplier pricelist (likely discontinued),https://www.monarchspec.com/images/lifestyle_WEBQ50/I_9658!@BEDROOM.jpg
Monarch,I 9606.,Lighting — Black Shade,Decor,Lighting,Not in supplier pricelist (likely discontinued),https://www.monarchspec.com/images/lifestyle_WEBQ50/I_9606!@BEDROOM.jpg
Monarch,I 9629.,Lighting — Black Shade,Decor,Lighting,Not in supplier pricelist (likely discontinued),https://www.monarchspec.com/images/lifestyle_WEBQ50/I_9629!@BEDROOM.jpg
Monarch,I 9621.,Lighting — Black Shade,Decor,Lighting,Not in supplier pricelist (likely discontinued),https://www.monarchspec.com/images/lifestyle_WEBQ50/I_9621!@BEDROOM.jpg
Monarch,I 9618.,Lighting — Black Shade,Decor,Lighting,Not in supplier pricelist (likely discontinued),https://www.monarchspec.com/images/lifestyle_WEBQ50/I_9618!@BEDROOM.jpg
Monarch,I 9766.,Lighting — Black Shade,Decor,Lighting,Not in supplier pricelist (likely discontinued),https://www.monarchspec.com/images/lifestyle_WEBQ50/I_9766!@BEDROOM.jpg
Monarch,I 9802,Lighting — Black Shade,Decor,Lighting,Not in supplier pricelist (likely discontinued),https://www.monarchspec.com/images/lifestyle_WEBQ50/I_9802.jpg
Monarch,I 9911,Lighting — Black Shade,Decor,Lighting,Not in supplier pricelist (likely discontinued),https://www.monarchspec.com/images/lifestyle_WEBQ50/I_9911.jpg
Monarch,I 9645.,Lighting — Black Shade / Usb,Decor,Lighting,Not in supplier pricelist (likely discontinued),https://www.monarchspec.com/images/lifestyle_WEBQ50/I_9645!@BEDROOM.jpg
Monarch,I 9647.,Lighting — Black Shade / Usb,Decor,Lighting,Not in supplier pricelist (likely discontinued),https://www.monarchspec.com/images/lifestyle_WEBQ50/I_9647!@BEDROOM.jpg
Monarch,I 9797,Lighting — Brown Resin / Beige Shade,Decor,Lighting,Not in supplier pricelist (likely discontinued),https://www.monarchspec.com/images/lifestyle_WEBQ50/I_9797.jpg
Monarch,I 9798,Lighting — Brown Resin / Beige Shade,Decor,Lighting,Not in supplier pricelist (likely discontinued),https://www.monarchspec.com/images/lifestyle_WEBQ50/I_9798.jpg
Monarch,I 9637.,Lighting — Glass Shade / Usb,Decor,Lighting,Not in supplier pricelist (likely discontinued),https://www.monarchspec.com/images/lifestyle_WEBQ50/I_9637!@BEDROOM.jpg
Monarch,I 9644.,Lighting — Gold Shade,Decor,Lighting,Not in supplier pricelist (likely discontinued),https://www.monarchspec.com/images/lifestyle_WEBQ50/I_9644!@BEDROOM.jpg
Monarch,I 9757.,Lighting — Grey,Decor,Lighting,Not in supplier pricelist (likely discontinued),https://www.monarchspec.com/images/lifestyle_WEBQ50/I_9757!@BEDROOM-LIGHTING.jpg
Monarch,I 9748.,Lighting — Grey,Decor,Lighting,Not in supplier pricelist (likely discontinued),https://www.monarchspec.com/images/lifestyle_WEBQ50/I_9748!@BEDROOM-LIGHTING.jpg
Monarch,I 9725.,Lighting — Grey Shade,Decor,Lighting,Not in supplier pricelist (likely discontinued),https://www.monarchspec.com/images/lifestyle_WEBQ50/I_9725!@BEDROOM.jpg
Monarch,I 9711.,Lighting — Grey Shade,Decor,Lighting,Not in supplier pricelist (likely discontinued),https://www.monarchspec.com/images/lifestyle_WEBQ50/I_9711!@BEDROOM.jpg
Monarch,I 9701.,Lighting — Grey Shade,Decor,Lighting,Not in supplier pricelist (likely discontinued),https://www.monarchspec.com/images/lifestyle_WEBQ50/I_9701!@BEDROOM.jpg
Monarch,I 9912,Lighting — Grey Shade,Decor,Lighting,Not in supplier pricelist (likely discontinued),https://www.monarchspec.com/images/lifestyle_WEBQ50/I_9912.jpg
Monarch,I 9735.,Lighting — Ivory,Decor,Lighting,Not in supplier pricelist (likely discontinued),https://www.monarchspec.com/images/lifestyle_WEBQ50/I_9735!@BEDROOM-LIGHTING.jpg
Monarch,I 9736.,Lighting — Ivory,Decor,Lighting,Not in supplier pricelist (likely discontinued),https://www.monarchspec.com/images/lifestyle_WEBQ50/I_9736!@BEDROOM-LIGHTING.jpg
Monarch,I 9756.,Lighting — Ivory,Decor,Lighting,Not in supplier pricelist (likely discontinued),https://www.monarchspec.com/images/lifestyle_WEBQ50/I_9756!@BEDROOM-LIGHTING.jpg
Monarch,I 9752.,Lighting — Ivory,Decor,Lighting,Not in supplier pricelist (likely discontinued),https://www.monarchspec.com/images/lifestyle_WEBQ50/I_9752!@BEDROOM-LIGHTING.jpg
Monarch,I 9755.,Lighting — Ivory,Decor,Lighting,Not in supplier pricelist (likely discontinued),https://www.monarchspec.com/images/lifestyle_WEBQ50/I_9755!@BEDROOM-LIGHTING.jpg
Monarch,I 9613.,Lighting — Ivory Shade,Decor,Lighting,Not in supplier pricelist (likely discontinued),https://www.monarchspec.com/images/lifestyle_WEBQ50/I_9613!@BEDROOM.jpg
Monarch,I 9712.,Lighting — Ivory Shade,Decor,Lighting,Not in supplier pricelist (likely discontinued),https://www.monarchspec.com/images/lifestyle_WEBQ50/I_9712!@BEDROOM.jpg
Monarch,I 9614.,Lighting — Ivory Shade,Decor,Lighting,Not in supplier pricelist (likely discontinued),https://www.monarchspec.com/images/lifestyle_WEBQ50/I_9614!@BEDROOM.jpg
Monarch,I 9742.,Lighting — Ivory Shade,Decor,Lighting,Not in supplier pricelist (likely discontinued),https://www.monarchspec.com/images/lifestyle_WEBQ50/I_9742!@BEDROOM.jpg
Monarch,I 9706.,Lighting — Ivory Shade,Decor,Lighting,Not in supplier pricelist (likely discontinued),https://www.monarchspec.com/images/lifestyle_WEBQ50/I_9706!@BEDROOM.jpg
Monarch,I 9607.,Lighting — Ivory Shade,Decor,Lighting,Not in supplier pricelist (likely discontinued),https://www.monarchspec.com/images/lifestyle_WEBQ50/I_9607!@BEDROOM.jpg
Monarch,I 9657.,Lighting — Ivory Shade,Decor,Lighting,Not in supplier pricelist (likely discontinued),https://www.monarchspec.com/images/lifestyle_WEBQ50/I_9657!@BEDROOM.jpg
Monarch,I 9731.,Lighting — Ivory Shade,Decor,Lighting,Not in supplier pricelist (likely discontinued),https://www.monarchspec.com/images/lifestyle_WEBQ50/I_9731!@BEDROOM.jpg
Monarch,I 9723.,Lighting — Ivory Shade,Decor,Lighting,Not in supplier pricelist (likely discontinued),https://www.monarchspec.com/images/lifestyle_WEBQ50/I_9723!@BEDROOM.jpg
Monarch,I 9716.,Lighting — Ivory Shade,Decor,Lighting,Not in supplier pricelist (likely discontinued),https://www.monarchspec.com/images/lifestyle_WEBQ50/I_9716!@BEDROOM.jpg
Monarch,I 9763.,Lighting — Ivory Shade,Decor,Lighting,Not in supplier pricelist (likely discontinued),https://www.monarchspec.com/images/lifestyle_WEBQ50/I_9763!@BEDROOM.jpg
Monarch,I 9762.,Lighting — Ivory Shade,Decor,Lighting,Not in supplier pricelist (likely discontinued),https://www.monarchspec.com/images/lifestyle_WEBQ50/I_9762!@BEDROOM.jpg
Monarch,I 9704.,Lighting — Ivory Shade,Decor,Lighting,Not in supplier pricelist (likely discontinued),https://www.monarchspec.com/images/lifestyle_WEBQ50/I_9704!@BEDROOM.jpg
Monarch,I 9705.,Lighting — Ivory Shade,Decor,Lighting,Not in supplier pricelist (likely discontinued),https://www.monarchspec.com/images/lifestyle_WEBQ50/I_9705!@BEDROOM.jpg
Monarch,I 9615.,Lighting — Ivory Shade,Decor,Lighting,Not in supplier pricelist (likely discontinued),https://www.monarchspec.com/images/lifestyle_WEBQ50/I_9615!@BEDROOM.jpg
Monarch,I 9719.,Lighting — Ivory Shade,Decor,Lighting,Not in supplier pricelist (likely discontinued),https://www.monarchspec.com/images/lifestyle_WEBQ50/I_9719!@BEDROOM.jpg
Monarch,I 9680.,Lighting — Ivory Shade,Decor,Lighting,Not in supplier pricelist (likely discontinued),https://www.monarchspec.com/images/lifestyle_WEBQ50/I_9680!@BEDROOM.jpg
Monarch,I 9679.,Lighting — Ivory Shade,Decor,Lighting,Not in supplier pricelist (likely discontinued),https://www.monarchspec.com/images/lifestyle_WEBQ50/I_9679!@BEDROOM.jpg
Monarch,I 9678.,Lighting — Ivory Shade,Decor,Lighting,Not in supplier pricelist (likely discontinued),https://www.monarchspec.com/images/lifestyle_WEBQ50/I_9678!@BEDROOM.jpg
Monarch,I 9676.,Lighting — Ivory Shade,Decor,Lighting,Not in supplier pricelist (likely discontinued),https://www.monarchspec.com/images/lifestyle_WEBQ50/I_9676!@BEDROOM.jpg
Monarch,I 9677.,Lighting — Ivory Shade,Decor,Lighting,Not in supplier pricelist (likely discontinued),https://www.monarchspec.com/images/lifestyle_WEBQ50/I_9677!@BEDROOM.jpg
Monarch,I 9674.,Lighting — Ivory Shade,Decor,Lighting,Not in supplier pricelist (likely discontinued),https://www.monarchspec.com/images/lifestyle_WEBQ50/I_9674!@BEDROOM.jpg
Monarch,I 9675.,Lighting — Ivory Shade,Decor,Lighting,Not in supplier pricelist (likely discontinued),https://www.monarchspec.com/images/lifestyle_WEBQ50/I_9675!@BEDROOM.jpg
Monarch,I 9625.,Lighting — Ivory Shade,Decor,Lighting,Not in supplier pricelist (likely discontinued),https://www.monarchspec.com/images/lifestyle_WEBQ50/I_9625!@BEDROOM.jpg
Monarch,I 9624.,Lighting — Ivory Shade,Decor,Lighting,Not in supplier pricelist (likely discontinued),https://www.monarchspec.com/images/lifestyle_WEBQ50/I_9624!@BEDROOM.jpg
Monarch,I 9610.,Lighting — Ivory Shade,Decor,Lighting,Not in supplier pricelist (likely discontinued),https://www.monarchspec.com/images/lifestyle_WEBQ50/I_9610!@BEDROOM.jpg
Monarch,I 9609.,Lighting — Ivory Shade,Decor,Lighting,Not in supplier pricelist (likely discontinued),https://www.monarchspec.com/images/lifestyle_WEBQ50/I_9609!@BEDROOM.jpg
Monarch,I 9715.,Lighting — Ivory Shade,Decor,Lighting,Not in supplier pricelist (likely discontinued),https://www.monarchspec.com/images/lifestyle_WEBQ50/I_9715!@BEDROOM.jpg
Monarch,I 9707.,Lighting — Ivory Shade,Decor,Lighting,Not in supplier pricelist (likely discontinued),https://www.monarchspec.com/images/lifestyle_WEBQ50/I_9707!@BEDROOM.jpg
Monarch,I 9663.,Lighting — Ivory Shade,Decor,Lighting,Not in supplier pricelist (likely discontinued),https://www.monarchspec.com/images/lifestyle_WEBQ50/I_9663!@BEDROOM.jpg
Monarch,I 9661.,Lighting — Ivory Shade,Decor,Lighting,Not in supplier pricelist (likely discontinued),https://www.monarchspec.com/images/lifestyle_WEBQ50/I_9661!@BEDROOM.jpg
Monarch,I 9660.,Lighting — Ivory Shade,Decor,Lighting,Not in supplier pricelist (likely discontinued),https://www.monarchspec.com/images/lifestyle_WEBQ50/I_9660!@BEDROOM.jpg
Monarch,I 9662.,Lighting — Ivory Shade,Decor,Lighting,Not in supplier pricelist (likely discontinued),https://www.monarchspec.com/images/lifestyle_WEBQ50/I_9662!@BEDROOM.jpg
Monarch,I 9664.,Lighting — Ivory Shade,Decor,Lighting,Not in supplier pricelist (likely discontinued),https://www.monarchspec.com/images/lifestyle_WEBQ50/I_9664!@BEDROOM.jpg
Monarch,I 9666.,Lighting — Ivory Shade,Decor,Lighting,Not in supplier pricelist (likely discontinued),https://www.monarchspec.com/images/lifestyle_WEBQ50/I_9666!@BEDROOM.jpg
Monarch,I 9665.,Lighting — Ivory Shade,Decor,Lighting,Not in supplier pricelist (likely discontinued),https://www.monarchspec.com/images/lifestyle_WEBQ50/I_9665!@BEDROOM.jpg
Monarch,I 9727.,Lighting — Ivory Shade,Decor,Lighting,Not in supplier pricelist (likely discontinued),https://www.monarchspec.com/images/lifestyle_WEBQ50/I_9727!@BEDROOM.jpg
Monarch,I 9608.,Lighting — Ivory Shade,Decor,Lighting,Not in supplier pricelist (likely discontinued),https://www.monarchspec.com/images/lifestyle_WEBQ50/I_9608!@BEDROOM.jpg
Monarch,I 9743.,Lighting — Ivory Shade,Decor,Lighting,Not in supplier pricelist (likely discontinued),https://www.monarchspec.com/images/lifestyle_WEBQ50/I_9743!@BEDROOM.jpg
Monarch,I 9744.,Lighting — Ivory Shade,Decor,Lighting,Not in supplier pricelist (likely discontinued),https://www.monarchspec.com/images/lifestyle_WEBQ50/I_9744!@BEDROOM.jpg
Monarch,I 9702.,Lighting — Ivory Shade,Decor,Lighting,Not in supplier pricelist (likely discontinued),https://www.monarchspec.com/images/lifestyle_WEBQ50/I_9702!@BEDROOM.jpg
Monarch,I 9720.,Lighting — Ivory Shade,Decor,Lighting,Not in supplier pricelist (likely discontinued),https://www.monarchspec.com/images/lifestyle_WEBQ50/I_9720!@BEDROOM.jpg
Monarch,I 9655.,Lighting — Ivory Shade,Decor,Lighting,Not in supplier pricelist (likely discontinued),https://www.monarchspec.com/images/lifestyle_WEBQ50/I_9655!@BEDROOM.jpg
Monarch,I 9654.,Lighting — Ivory Shade,Decor,Lighting,Not in supplier pricelist (likely discontinued),https://www.monarchspec.com/images/lifestyle_WEBQ50/I_9654!@BEDROOM.jpg
Monarch,I 9721.,Lighting — Ivory Shade,Decor,Lighting,Not in supplier pricelist (likely discontinued),https://www.monarchspec.com/images/lifestyle_WEBQ50/I_9721!@BEDROOM.jpg
Monarch,I 9768.,Lighting — Ivory Shade,Decor,Lighting,Not in supplier pricelist (likely discontinued),https://www.monarchspec.com/images/lifestyle_WEBQ50/I_9768!@BEDROOM.jpg
Monarch,I 9767.,Lighting — Ivory Shade,Decor,Lighting,Not in supplier pricelist (likely discontinued),https://www.monarchspec.com/images/lifestyle_WEBQ50/I_9767!@BEDROOM.jpg
Monarch,I 9622.,Lighting — Ivory Shade,Decor,Lighting,Not in supplier pricelist (likely discontinued),https://www.monarchspec.com/images/lifestyle_WEBQ50/I_9622!@BEDROOM.jpg
Monarch,I 9619.,Lighting — Ivory Shade,Decor,Lighting,Not in supplier pricelist (likely discontinued),https://www.monarchspec.com/images/lifestyle_WEBQ50/I_9619!@BEDROOM.jpg
Monarch,I 9710.,Lighting — Ivory Shade,Decor,Lighting,Not in supplier pricelist (likely discontinued),https://www.monarchspec.com/images/lifestyle_WEBQ50/I_9710!@BEDROOM.jpg
Monarch,I 9612.,Lighting — Ivory Shade,Decor,Lighting,Not in supplier pricelist (likely discontinued),https://www.monarchspec.com/images/lifestyle_WEBQ50/I_9612!@BEDROOM.jpg
Monarch,I 9673.,Lighting — Ivory Shade,Decor,Lighting,Not in supplier pricelist (likely discontinued),https://www.monarchspec.com/images/lifestyle_WEBQ50/I_9673!@BEDROOM.jpg
Monarch,I 9672.,Lighting — Ivory Shade,Decor,Lighting,Not in supplier pricelist (likely discontinued),https://www.monarchspec.com/images/lifestyle_WEBQ50/I_9672!@BEDROOM.jpg
Monarch,I 9671.,Lighting — Ivory Shade,Decor,Lighting,Not in supplier pricelist (likely discontinued),https://www.monarchspec.com/images/lifestyle_WEBQ50/I_9671!@BEDROOM.jpg
Monarch,I 9669.,Lighting — Ivory Shade,Decor,Lighting,Not in supplier pricelist (likely discontinued),https://www.monarchspec.com/images/lifestyle_WEBQ50/I_9669!@BEDROOM.jpg
Monarch,I 9670.,Lighting — Ivory Shade,Decor,Lighting,Not in supplier pricelist (likely discontinued),https://www.monarchspec.com/images/lifestyle_WEBQ50/I_9670!@BEDROOM.jpg
Monarch,I 9667.,Lighting — Ivory Shade,Decor,Lighting,Not in supplier pricelist (likely discontinued),https://www.monarchspec.com/images/lifestyle_WEBQ50/I_9667!@BEDROOM.jpg
Monarch,I 9668.,Lighting — Ivory Shade,Decor,Lighting,Not in supplier pricelist (likely discontinued),https://www.monarchspec.com/images/lifestyle_WEBQ50/I_9668!@BEDROOM.jpg
Monarch,I 9732.,Lighting — Ivory Shade,Decor,Lighting,Not in supplier pricelist (likely discontinued),https://www.monarchspec.com/images/lifestyle_WEBQ50/I_9732!@BEDROOM.jpg
Monarch,I 9734.,Lighting — Ivory Shade,Decor,Lighting,Not in supplier pricelist (likely discontinued),https://www.monarchspec.com/images/lifestyle_WEBQ50/I_9734!@BEDROOM.jpg
Monarch,I 9708.,Lighting — Ivory Shade,Decor,Lighting,Not in supplier pricelist (likely discontinued),https://www.monarchspec.com/images/lifestyle_WEBQ50/I_9708!@BEDROOM.jpg
Monarch,I 9722.,Lighting — Ivory Shade,Decor,Lighting,Not in supplier pricelist (likely discontinued),https://www.monarchspec.com/images/lifestyle_WEBQ50/I_9722!@BEDROOM.jpg
Monarch,I 9617.,Lighting — Ivory Shade,Decor,Lighting,Not in supplier pricelist (likely discontinued),https://www.monarchspec.com/images/lifestyle_WEBQ50/I_9617!@BEDROOM.jpg
Monarch,I 9733.,Lighting — Ivory Shade,Decor,Lighting,Not in supplier pricelist (likely discontinued),https://www.monarchspec.com/images/lifestyle_WEBQ50/I_9733!@BEDROOM.jpg
Monarch,I 9729.,Lighting — Ivory Shade,Decor,Lighting,Not in supplier pricelist (likely discontinued),https://www.monarchspec.com/images/lifestyle_WEBQ50/I_9729!@BEDROOM.jpg
Monarch,I 9730.,Lighting — Ivory Shade,Decor,Lighting,Not in supplier pricelist (likely discontinued),https://www.monarchspec.com/images/lifestyle_WEBQ50/I_9730!@BEDROOM.jpg
Monarch,I 9717.,Lighting — Ivory Shade,Decor,Lighting,Not in supplier pricelist (likely discontinued),https://www.monarchspec.com/images/lifestyle_WEBQ50/I_9717!@BEDROOM.jpg
Monarch,I 9626.,Lighting — Ivory Shade,Decor,Lighting,Not in supplier pricelist (likely discontinued),https://www.monarchspec.com/images/lifestyle_WEBQ50/I_9626!@BEDROOM.jpg
Monarch,I 9633.,Lighting — Ivory Shade,Decor,Lighting,Not in supplier pricelist (likely discontinued),https://www.monarchspec.com/images/lifestyle_WEBQ50/I_9633!@BEDROOM.jpg
Monarch,I 9653.,Lighting — Ivory Shade,Decor,Lighting,Not in supplier pricelist (likely discontinued),https://www.monarchspec.com/images/lifestyle_WEBQ50/I_9653!@BEDROOM.jpg
Monarch,I 9630.,Lighting — Ivory Shade,Decor,Lighting,Not in supplier pricelist (likely discontinued),https://www.monarchspec.com/images/lifestyle_WEBQ50/I_9630!@BEDROOM.jpg
Monarch,I 9738.,Lighting — Ivory Shade,Decor,Lighting,Not in supplier pricelist (likely discontinued),https://www.monarchspec.com/images/lifestyle_WEBQ50/I_9738!@BEDROOM.jpg
Monarch,I 9739.,Lighting — Ivory Shade,Decor,Lighting,Not in supplier pricelist (likely discontinued),https://www.monarchspec.com/images/lifestyle_WEBQ50/I_9739!@BEDROOM.jpg
Monarch,I 9740.,Lighting — Ivory Shade,Decor,Lighting,Not in supplier pricelist (likely discontinued),https://www.monarchspec.com/images/lifestyle_WEBQ50/I_9740!@BEDROOM.jpg
Monarch,I 9741.,Lighting — Ivory Shade,Decor,Lighting,Not in supplier pricelist (likely discontinued),https://www.monarchspec.com/images/lifestyle_WEBQ50/I_9741!@BEDROOM.jpg
Monarch,I 9764.,Lighting — Ivory Shade,Decor,Lighting,Not in supplier pricelist (likely discontinued),https://www.monarchspec.com/images/lifestyle_WEBQ50/I_9764!@BEDROOM.jpg
Monarch,I 9636.,Lighting — Ivory Shade,Decor,Lighting,Not in supplier pricelist (likely discontinued),https://www.monarchspec.com/images/lifestyle_WEBQ50/I_9636!@BEDROOM.jpg
Monarch,I 9758.,Lighting — Ivory Shade,Decor,Lighting,Not in supplier pricelist (likely discontinued),https://www.monarchspec.com/images/lifestyle_WEBQ50/I_9758!@BEDROOM-LIGHTING.jpg
Monarch,I 9759.,Lighting — Ivory Shade,Decor,Lighting,Not in supplier pricelist (likely discontinued),https://www.monarchspec.com/images/lifestyle_WEBQ50/I_9759!@BEDROOM-LIGHTING.jpg
Monarch,I 9760.,Lighting — Ivory Shade,Decor,Lighting,Not in supplier pricelist (likely discontinued),https://www.monarchspec.com/images/lifestyle_WEBQ50/I_9760!@BEDROOM-LIGHTING.jpg
Monarch,I 9761.,Lighting — Ivory Shade,Decor,Lighting,Not in supplier pricelist (likely discontinued),https://www.monarchspec.com/images/lifestyle_WEBQ50/I_9761!@BEDROOM-LIGHTING.jpg
Monarch,I 9737,Lighting — Ivory Shade,Decor,Lighting,Not in supplier pricelist (likely discontinued),https://www.monarchspec.com/images/lifestyle_WEBQ50/I_9737.jpg
Monarch,I 9799,Lighting — Ivory Shade,Decor,Lighting,Not in supplier pricelist (likely discontinued),https://www.monarchspec.com/images/lifestyle_WEBQ50/I_9799.jpg
Monarch,I 9808,Lighting — Ivory Shade,Decor,Lighting,Not in supplier pricelist (likely discontinued),https://www.monarchspec.com/images/lifestyle_WEBQ50/I_9808.jpg
Monarch,I 9811,Lighting — Ivory Shade,Decor,Lighting,Not in supplier pricelist (likely discontinued),https://www.monarchspec.com/images/lifestyle_WEBQ50/I_9811.jpg
Monarch,I 9814,Lighting — Ivory Shade,Decor,Lighting,Not in supplier pricelist (likely discontinued),https://www.monarchspec.com/images/lifestyle_WEBQ50/I_9814.jpg
Monarch,I 9819,Lighting — Ivory Shade,Decor,Lighting,Not in supplier pricelist (likely discontinued),https://www.monarchspec.com/images/lifestyle_WEBQ50/I_9819.jpg
Monarch,I 9646.,Lighting — Ivory Shade /Usb,Decor,Lighting,Not in supplier pricelist (likely discontinued),https://www.monarchspec.com/images/lifestyle_WEBQ50/I_9646!@BEDROOM.jpg
Monarch,I 9659.,Lighting — Nickel Shade / Usb,Decor,Lighting,Not in supplier pricelist (likely discontinued),https://www.monarchspec.com/images/lifestyle_WEBQ50/I_9659!@BEDROOM.jpg
Monarch,I 9745.,Lighting — Usb,Decor,Lighting,Not in supplier pricelist (likely discontinued),https://www.monarchspec.com/images/lifestyle_WEBQ50/I_9745!@BEDROOM-LIGHTING.jpg
Monarch,I 9746.,Lighting — Usb,Decor,Lighting,Not in supplier pricelist (likely discontinued),https://www.monarchspec.com/images/lifestyle_WEBQ50/I_9746!@BEDROOM-LIGHTING.jpg
Monarch,I 3102.,Mirror — Antique White Oval Wood Frame,Decor,Mirrors,Not in supplier pricelist (likely discontinued),https://www.monarchspec.com/images/lifestyle_WEBQ50/I_3102!@BEDROOM.jpg
Monarch,I 9310.,Pillow — Beige Diamond Velvet / 1Pc,Decor,Decor Objects,Not in supplier pricelist (likely discontinued),https://www.monarchspec.com/images/lifestyle_WEBQ50/I_9310!@BEDROOM.jpg
Monarch,I 9262.,Pillow — Dark Green Floral Velvet / 1Pc,Decor,Plants,Not in supplier pricelist (likely discontinued),https://www.monarchspec.com/images/lifestyle_WEBQ50/I_9262!@BEDROOM.jpg
Monarch,I 9263.,Pillow — Dark Green Floral Velvet / 2Pcs,Decor,Plants,Not in supplier pricelist (likely discontinued),https://www.monarchspec.com/images/lifestyle_WEBQ50/I_9263!@BEDROOM.jpg
Monarch,I 9234.,Pillow — Gold / Grey Abstract Dot / 1Pc,Decor,Decor Objects,Not in supplier pricelist (likely discontinued),https://www.monarchspec.com/images/lifestyle_WEBQ50/I_9234!@BEDROOM.jpg
Monarch,I 9235.,Pillow — Gold / Grey Abstract Dot / 2Pcs,Decor,Decor Objects,Not in supplier pricelist (likely discontinued),https://www.monarchspec.com/images/lifestyle_WEBQ50/I_9235!@BEDROOM.jpg
Monarch,I 9334.,Pillow — Gold Satin / 1Pc,Decor,Decor Objects,Not in supplier pricelist (likely discontinued),https://www.monarchspec.com/images/lifestyle_WEBQ50/I_9334!@BEDROOM.jpg
Monarch,I 9335.,Pillow — Gold Satin / 2Pcs,Decor,Decor Objects,Not in supplier pricelist (likely discontinued),https://www.monarchspec.com/images/lifestyle_WEBQ50/I_9335!@BEDROOM.jpg
Monarch,I 9272.,Pillow — Grey Mosaic Velvet / 1Pc,Decor,Decor Objects,Not in supplier pricelist (likely discontinued),https://www.monarchspec.com/images/lifestyle_WEBQ50/I_9272!@BEDROOM.jpg
Monarch,I 9273.,Pillow — Grey Mosaic Velvet / 2Pcs,Decor,Decor Objects,Not in supplier pricelist (likely discontinued),https://www.monarchspec.com/images/lifestyle_WEBQ50/I_9273!@BEDROOM.jpg
Monarch,I 9241.,Pillow — Light / Dark Blue Abstract Dot / 2,Decor,Lighting,Not in supplier pricelist (likely discontinued),https://www.monarchspec.com/images/lifestyle_WEBQ50/I_9241!@BEDROOM.jpg
Monarch,I 9232.,Pillow — Light / Dark Green Abstract Dot / ,Decor,Lighting,Not in supplier pricelist (likely discontinued),https://www.monarchspec.com/images/lifestyle_WEBQ50/I_9232!@BEDROOM.jpg
Monarch,I 9233.,Pillow — Light / Dark Green Abstract Dot/ 2,Decor,Lighting,Not in supplier pricelist (likely discontinued),https://www.monarchspec.com/images/lifestyle_WEBQ50/I_9233!@BEDROOM.jpg
Monarch,I 9228.,Pillow — Light / Dark Taupe Abstract Dot / ,Decor,Lighting,Not in supplier pricelist (likely discontinued),https://www.monarchspec.com/images/lifestyle_WEBQ50/I_9228!@BEDROOM.jpg
Monarch,I 9229.,Pillow — Light / Dark Taupe Abstract Dot/ 2,Decor,Lighting,Not in supplier pricelist (likely discontinued),https://www.monarchspec.com/images/lifestyle_WEBQ50/I_9229!@BEDROOM.jpg
Monarch,I 9230.,Pillow — Light Blue / Grey Abstract Dot / 1,Decor,Lighting,Not in supplier pricelist (likely discontinued),https://www.monarchspec.com/images/lifestyle_WEBQ50/I_9230!@BEDROOM.jpg
Monarch,I 9231.,Pillow — Light Blue / Grey Abstract Dot / 2,Decor,Lighting,Not in supplier pricelist (likely discontinued),https://www.monarchspec.com/images/lifestyle_WEBQ50/I_9231!@BEDROOM.jpg
Monarch,I 9236.,Pillow — Light Grey / Black Abstract Dot / ,Decor,Lighting,Not in supplier pricelist (likely discontinued),https://www.monarchspec.com/images/lifestyle_WEBQ50/I_9236!@BEDROOM.jpg
Monarch,I 9237.,Pillow — Light Grey / Black Abstract Dot/ 2,Decor,Lighting,Not in supplier pricelist (likely discontinued),https://www.monarchspec.com/images/lifestyle_WEBQ50/I_9237!@BEDROOM.jpg
Monarch,I 9256.,Pillow — Light Grey Floral Velvet / 1Pc,Decor,Lighting,Not in supplier pricelist (likely discontinued),https://www.monarchspec.com/images/lifestyle_WEBQ50/I_9256!@BEDROOM.jpg
Monarch,I 9324.,Pillow — Light Purple Feathered Velvet / 1P,Decor,Lighting,Not in supplier pricelist (likely discontinued),https://www.monarchspec.com/images/lifestyle_WEBQ50/I_9324!@BEDROOM.jpg
Monarch,I 9325.,Pillow — Light Purple Feathered Velvet / 2P,Decor,Lighting,Not in supplier pricelist (likely discontinued),https://www.monarchspec.com/images/lifestyle_WEBQ50/I_9325!@BEDROOM.jpg
Monarch,I 9318.,Pillow — Light Taupe Feathered Velvet / 1Pc,Decor,Lighting,Not in supplier pricelist (likely discontinued),https://www.monarchspec.com/images/lifestyle_WEBQ50/I_9318!@BEDROOM.jpg
Monarch,I 9319.,Pillow — Light Taupe Feathered Velvet / 2Pc,Decor,Lighting,Not in supplier pricelist (likely discontinued),https://www.monarchspec.com/images/lifestyle_WEBQ50/I_9319!@BEDROOM.jpg
Monarch,I 9319,Pillow — Light Taupe Feathered Velvet / 2Pc,Decor,Lighting,Not in supplier pricelist (likely discontinued),https://www.monarchspec.com/images/lifestyle_WEBQ50/I_9319.jpg
Monarch,I 9340.,Pillow — Mint Satin / 1Pc,Decor,Decor Objects,Not in supplier pricelist (likely discontinued),https://www.monarchspec.com/images/lifestyle_WEBQ50/I_9340!@BEDROOM.jpg
Monarch,I 9341.,Pillow — Mint Satin / 2Pcs,Decor,Decor Objects,Not in supplier pricelist (likely discontinued),https://www.monarchspec.com/images/lifestyle_WEBQ50/I_9341!@BEDROOM.jpg
Monarch,I 9342.,Pillow — Pale Blue Satin / 1Pc,Decor,Decor Objects,Not in supplier pricelist (likely discontinued),https://www.monarchspec.com/images/lifestyle_WEBQ50/I_9342!@BEDROOM.jpg
Monarch,I 9343.,Pillow — Pale Blue Satin / 2Pcs,Decor,Decor Objects,Not in supplier pricelist (likely discontinued),https://www.monarchspec.com/images/lifestyle_WEBQ50/I_9343!@BEDROOM.jpg
Monarch,I 9288.,Pillow — Patterned Light Green / 1Pc,Decor,Lighting,Not in supplier pricelist (likely discontinued),https://www.monarchspec.com/images/lifestyle_WEBQ50/I_9288!@BEDROOM.jpg
Monarch,I 9338.,Pillow — Pink Satin / 1Pc,Decor,Decor Objects,Not in supplier pricelist (likely discontinued),https://www.monarchspec.com/images/lifestyle_WEBQ50/I_9338!@BEDROOM.jpg
Monarch,I 9339.,Pillow — Pink Satin / 2Pcs,Decor,Decor Objects,Not in supplier pricelist (likely discontinued),https://www.monarchspec.com/images/lifestyle_WEBQ50/I_9339!@BEDROOM.jpg
Monarch,I 9306.,Pillow — Silver Diamond Velvet / 1Pc,Decor,Decor Objects,Not in supplier pricelist (likely discontinued),https://www.monarchspec.com/images/lifestyle_WEBQ50/I_9306!@BEDROOM.jpg
Monarch,I 9336.,Pillow — Silver Satin / 1Pc,Decor,Decor Objects,Not in supplier pricelist (likely discontinued),https://www.monarchspec.com/images/lifestyle_WEBQ50/I_9336!@BEDROOM.jpg
Monarch,I 9337.,Pillow — Silver Satin / 2Pcs,Decor,Decor Objects,Not in supplier pricelist (likely discontinued),https://www.monarchspec.com/images/lifestyle_WEBQ50/I_9337!@BEDROOM.jpg
Monarch,I 9254.,Pillow — Taupe Floral Velvet / 1Pc,Decor,Plants,Not in supplier pricelist (likely discontinued),https://www.monarchspec.com/images/lifestyle_WEBQ50/I_9254!@BEDROOM.jpg
Monarch,8M21K06,Reclining Chair — Light Brown Kylie #06,Decor,Lighting,Not in supplier pricelist (likely discontinued),https://www.monarchspec.com/images/lifestyle_WEBQ50/8M21K06.jpg
Monarch,8M21K19,Reclining Chair — Light Grey Kylie #19,Decor,Lighting,Not in supplier pricelist (likely discontinued),https://www.monarchspec.com/images/lifestyle_WEBQ50/8M21K19.jpg
Monarch,8M32V04,Reclining Love Seat — Brown Fabric Vera #04,Decor,Decor Objects,Not in supplier pricelist (likely discontinued),https://www.monarchspec.com/images/lifestyle_WEBQ50/8M32V04.jpg
Monarch,8M22K24,Reclining Love Seat — Charcoal Grey Fabric Kylie #24,Decor,Decor Objects,Not in supplier pricelist (likely discontinued),https://www.monarchspec.com/images/lifestyle_WEBQ50/8M22K24.jpg
Monarch,8M32V16,Reclining Love Seat — Charcoal Grey Fabric Vera #16,Decor,Decor Objects,Not in supplier pricelist (likely discontinued),https://www.monarchspec.com/images/lifestyle_WEBQ50/8M32V16.jpg
Monarch,8M32V13,Reclining Love Seat — Grey Fabric Vera #13,Decor,Decor Objects,Not in supplier pricelist (likely discontinued),https://www.monarchspec.com/images/lifestyle_WEBQ50/8M32V13.jpg
Monarch,8M22K06,Reclining Love Seat — Light Brown Fabric Kylie #06,Decor,Lighting,Not in supplier pricelist (likely discontinued),https://www.monarchspec.com/images/lifestyle_WEBQ50/8M22K06.jpg
Monarch,8M22K19,Reclining Love Seat — Light Grey Fabric Kylie #19,Decor,Lighting,Not in supplier pricelist (likely discontinued),https://www.monarchspec.com/images/lifestyle_WEBQ50/8M22K19.jpg
Monarch,8P52T86,Reclining Love Seat — Usb Blue Fabric Taurus #86,Decor,Decor Objects,Not in supplier pricelist (likely discontinued),https://www.monarchspec.com/images/lifestyle_WEBQ50/8P52T86.jpg
Monarch,8P62V38,Reclining Love Seat — Usb Brown Fabric Vinci # 38,Decor,Decor Objects,Not in supplier pricelist (likely discontinued),https://www.monarchspec.com/images/lifestyle_WEBQ50/8P62V38.jpg
Monarch,8P52T11,Reclining Love Seat — Usb Grey Fabric Taurus #11,Decor,Decor Objects,Not in supplier pricelist (likely discontinued),https://www.monarchspec.com/images/lifestyle_WEBQ50/8P52T11.jpg
Monarch,8P62V14,Reclining Love Seat — Usb Grey Fabric Vinci # 14,Decor,Decor Objects,Not in supplier pricelist (likely discontinued),https://www.monarchspec.com/images/lifestyle_WEBQ50/8P62V14.jpg
Monarch,8P62V25,Reclining Love Seat — Usb Grey Fabric Vinci # 25,Decor,Decor Objects,Not in supplier pricelist (likely discontinued),https://www.monarchspec.com/images/lifestyle_WEBQ50/8P62V25.jpg
Monarch,8P52T27,Reclining Love Seat — Usb Tan Fabric Taurus #27,Decor,Decor Objects,Not in supplier pricelist (likely discontinued),https://www.monarchspec.com/images/lifestyle_WEBQ50/8P52T27.jpg
Monarch,I 1229,"Dining Chair — 33""H / Black Leather-Look/ Black M",Dining,Dining Chairs,Not in supplier pricelist (likely discontinued),https://www.monarchspec.com/images/lifestyle_WEBQ50/I_1229.jpg
Monarch,I 1224,"Dining Chair — 33""H / Grey Leather-Look / Black M",Dining,Dining Chairs,Not in supplier pricelist (likely discontinued),https://www.monarchspec.com/images/lifestyle_WEBQ50/I_1224.jpg
Monarch,I 1362,"Dining Chair — 37""H Brown Walnut / Brown Fabric",Dining,Dining Chairs,Not in supplier pricelist (likely discontinued),https://www.monarchspec.com/images/lifestyle_WEBQ50/I_1362.jpg
Monarch,I 1133 / I 1157,"Dining Table — 15"" Butterfly / Grey Stone",Dining,Dining Tables,Not in supplier pricelist (likely discontinued),https://www.monarchspec.com/images/lifestyle_WEBQ50/I_1133-I_1157.jpg
Monarch,I 1132 / I 1159,"Dining Table — 15"" Butterfly / White Stone",Dining,Dining Tables,Not in supplier pricelist (likely discontinued),https://www.monarchspec.com/images/lifestyle_WEBQ50/I_1132-I_1159.jpg
Monarch,I 1104 / I 1224,"Dining Table — 16"" Ext. / Metal Base",Dining,Dining Tables,Not in supplier pricelist (likely discontinued),https://www.monarchspec.com/images/lifestyle_WEBQ50/I_1104-I_1224.jpg
Monarch,I 1331 / I 1333 / I 1334,"Dining Table — 18"" Extension",Dining,Dining Tables,Not in supplier pricelist (likely discontinued),https://www.monarchspec.com/images/lifestyle_WEBQ50/I_1331-I_1333-I_1334.jpg
Monarch,I 1331 / I 1332,"Dining Table — 18"" Extension",Dining,Dining Tables,Not in supplier pricelist (likely discontinued),https://www.monarchspec.com/images/lifestyle_WEBQ50/I_1331-I_1332.jpg
Monarch,I 1331 / I 1332 / I 1334,"Dining Table — 18"" Extension",Dining,Dining Tables,Not in supplier pricelist (likely discontinued),https://www.monarchspec.com/images/lifestyle_WEBQ50/I_1331-I_1332-I_1334.jpg
Monarch,I 1331 / I 1333,"Dining Table — 18"" Extension",Dining,Dining Tables,Not in supplier pricelist (likely discontinued),https://www.monarchspec.com/images/lifestyle_WEBQ50/I_1331-I_1333.jpg
Monarch,I 1375 / I 1378 / I 1379,"Dining Table — 18"" Extension Panel",Dining,Dining Tables,Not in supplier pricelist (likely discontinued),https://www.monarchspec.com/images/lifestyle_WEBQ50/I_1375-I_1378-I_1379.jpg
Monarch,I 1375 / I 1378,"Dining Table — 18"" Extension Panel",Dining,Dining Tables,Not in supplier pricelist (likely discontinued),https://www.monarchspec.com/images/lifestyle_WEBQ50/I_1375-I_1378.jpg
Monarch,I 1375 / I 1376 / I 1377,"Dining Table — 18"" Extension Panel",Dining,Dining Tables,Not in supplier pricelist (likely discontinued),https://www.monarchspec.com/images/lifestyle_WEBQ50/I_1375-I_1376-I_1377.jpg
Monarch,I 1375 / I 1376,"Dining Table — 18"" Extension Panel",Dining,Dining Tables,Not in supplier pricelist (likely discontinued),https://www.monarchspec.com/images/lifestyle_WEBQ50/I_1375-I_1376.jpg
Monarch,I 1371 / I 1372 / I 1373,"Dining Table — 18"" Extension Panel",Dining,Dining Tables,Not in supplier pricelist (likely discontinued),https://www.monarchspec.com/images/lifestyle_WEBQ50/I_1371-I_1372-I_1373.jpg
Monarch,I 1371 / I 1372,"Dining Table — 18"" Extension Panel",Dining,Dining Tables,Not in supplier pricelist (likely discontinued),https://www.monarchspec.com/images/lifestyle_WEBQ50/I_1371-I_1372.jpg
Monarch,I 1384 / I 1385,"Dining Table — 36""X 72""",Dining,Dining Tables,Not in supplier pricelist (likely discontinued),https://www.monarchspec.com/images/lifestyle_WEBQ50/I_1384-I_1385.jpg
Monarch,I 1364 / I 1365,"Dining Table — 36""X 72""",Dining,Dining Tables,Not in supplier pricelist (likely discontinued),https://www.monarchspec.com/images/lifestyle_WEBQ50/I_1364-I_1365.jpg
Monarch,I 1364 / I 1369,"Dining Table — 36""X 72""",Dining,Dining Tables,Not in supplier pricelist (likely discontinued),https://www.monarchspec.com/images/lifestyle_WEBQ50/I_1364-I_1369.jpg
Monarch,I 1364 / I 1368,"Dining Table — 36""X 72""",Dining,Dining Tables,Not in supplier pricelist (likely discontinued),https://www.monarchspec.com/images/lifestyle_WEBQ50/I_1364-I_1368.jpg
Monarch,I 1364 / I 1366,"Dining Table — 36""X 72""",Dining,Dining Tables,Not in supplier pricelist (likely discontinued),https://www.monarchspec.com/images/lifestyle_WEBQ50/I_1364-I_1366.jpg
Monarch,I 1364 / I 1367,"Dining Table — 36""X 72""",Dining,Dining Tables,Not in supplier pricelist (likely discontinued),https://www.monarchspec.com/images/lifestyle_WEBQ50/I_1364-I_1367.jpg
Monarch,I 1363 / I 1365,"Dining Table — 48"" Dia.",Dining,Dining Tables,Not in supplier pricelist (likely discontinued),https://www.monarchspec.com/images/lifestyle_WEBQ50/I_1363-I_1365.jpg
Monarch,I 1363 / I 1366,"Dining Table — 48"" Dia.",Dining,Dining Tables,Not in supplier pricelist (likely discontinued),https://www.monarchspec.com/images/lifestyle_WEBQ50/I_1363-I_1366.jpg
Monarch,I 1363 / I 1367,"Dining Table — 48"" Dia.",Dining,Dining Tables,Not in supplier pricelist (likely discontinued),https://www.monarchspec.com/images/lifestyle_WEBQ50/I_1363-I_1367.jpg
Monarch,I 1341 / I 1342,"Dining Table — Antique Brown Veneer 36""X 60""",Dining,Dining Tables,Not in supplier pricelist (likely discontinued),https://www.monarchspec.com/images/lifestyle_WEBQ50/I_1341-I_1342.jpg
Monarch,I 1354 / I 1355,"Dining Table — Antique Cherry Veneer 36""X 60""",Dining,Dining Tables,Not in supplier pricelist (likely discontinued),https://www.monarchspec.com/images/lifestyle_WEBQ50/I_1354-I_1355.jpg
Monarch,I 1346 / I 1347,"Dining Table — Antique Grey Veneer 36""X 60""",Dining,Dining Tables,Not in supplier pricelist (likely discontinued),https://www.monarchspec.com/images/lifestyle_WEBQ50/I_1346-I_1347.jpg
Monarch,I 1255 / I 1256 / I 1257,"Dining Table — Antique Grey Veneer 36""X 60""",Dining,Dining Tables,Not in supplier pricelist (likely discontinued),https://www.monarchspec.com/images/lifestyle_WEBQ50/I_1255-I_1256-I_1257.jpg
Monarch,I 1381 / I 1382 / I 1383,"Dining Table — Antique Grey Veneer 36""X 72""Counte",Dining,Dining Tables,Not in supplier pricelist (likely discontinued),https://www.monarchspec.com/images/lifestyle_WEBQ50/I_1381-I_1382-I_1383.jpg
Monarch,I 1348 / I 1347,"Dining Table — Antique Grey Veneer 48""X 48""",Dining,Dining Tables,Not in supplier pricelist (likely discontinued),https://www.monarchspec.com/images/lifestyle_WEBQ50/I_1348-I_1347.jpg
Monarch,I 1264 / I 1265 / I 1266,"Dining Table — Antique White Veneer 36""X 60""",Dining,Dining Tables,Not in supplier pricelist (likely discontinued),https://www.monarchspec.com/images/lifestyle_WEBQ50/I_1264-I_1265-I_1266.jpg
Monarch,I 1089 / I 1106,Dining Table — Black Reclaimed Wood-Look,Dining,Dining Tables,Not in supplier pricelist (likely discontinued),https://www.monarchspec.com/images/lifestyle_WEBQ50/I_1089-I_1106.jpg
Monarch,I 1089 / I 1113,Dining Table — Black Reclaimed Wood-Look,Dining,Dining Tables,Not in supplier pricelist (likely discontinued),https://www.monarchspec.com/images/lifestyle_WEBQ50/I_1089-I_1113.jpg
Monarch,I 1089 / I 1123,Dining Table — Black Reclaimed Wood-Look,Dining,Dining Tables,Not in supplier pricelist (likely discontinued),https://www.monarchspec.com/images/lifestyle_WEBQ50/I_1089-I_1123.jpg
Monarch,I 1089 / I 1124,Dining Table — Black Reclaimed Wood-Look,Dining,Dining Tables,Not in supplier pricelist (likely discontinued),https://www.monarchspec.com/images/lifestyle_WEBQ50/I_1089-I_1124.jpg
Monarch,I 1166 / I 1106,Dining Table — Black Reclaimed Wood-Look,Dining,Dining Tables,Not in supplier pricelist (likely discontinued),https://www.monarchspec.com/images/lifestyle_WEBQ50/I_1166-I_1106.jpg
Monarch,I 1166 / I 1113,Dining Table — Black Reclaimed Wood-Look,Dining,Dining Tables,Not in supplier pricelist (likely discontinued),https://www.monarchspec.com/images/lifestyle_WEBQ50/I_1166-I_1113.jpg
Monarch,I 1166 / I 1123,Dining Table — Black Reclaimed Wood-Look,Dining,Dining Tables,Not in supplier pricelist (likely discontinued),https://www.monarchspec.com/images/lifestyle_WEBQ50/I_1166-I_1123.jpg
Monarch,I 1166 / I 1124,Dining Table — Black Reclaimed Wood-Look,Dining,Dining Tables,Not in supplier pricelist (likely discontinued),https://www.monarchspec.com/images/lifestyle_WEBQ50/I_1166-I_1124.jpg
Monarch,I 1240 / I 2225,Dining Table — Black-Black Metal Counter Height,Dining,Dining Tables,Not in supplier pricelist (likely discontinued),https://www.monarchspec.com/images/lifestyle_WEBQ50/I_1240-I_2225.jpg
Monarch,I 1240 / I 2226,Dining Table — Black-Black Metal Counter Height,Dining,Dining Tables,Not in supplier pricelist (likely discontinued),https://www.monarchspec.com/images/lifestyle_WEBQ50/I_1240-I_2226.jpg
Monarch,I 1240 / I 2245,Dining Table — Black-Black Metal Counter Height,Dining,Dining Tables,Not in supplier pricelist (likely discontinued),https://www.monarchspec.com/images/lifestyle_WEBQ50/I_1240-I_2245.jpg
Monarch,I 1240 / I 2246,Dining Table — Black-Black Metal Counter Height,Dining,Dining Tables,Not in supplier pricelist (likely discontinued),https://www.monarchspec.com/images/lifestyle_WEBQ50/I_1240-I_2246.jpg
Monarch,I 1240 / I 2384,Dining Table — Black-Black Metal Counter Height,Dining,Dining Tables,Not in supplier pricelist (likely discontinued),https://www.monarchspec.com/images/lifestyle_WEBQ50/I_1240-I_2384.jpg
Monarch,I 1240 / I 2385,Dining Table — Black-Black Metal Counter Height,Dining,Dining Tables,Not in supplier pricelist (likely discontinued),https://www.monarchspec.com/images/lifestyle_WEBQ50/I_1240-I_2385.jpg
Monarch,I 1370 / I 1372,"Dining Table — Brown Veneer 36""X 60""",Dining,Dining Tables,Not in supplier pricelist (likely discontinued),https://www.monarchspec.com/images/lifestyle_WEBQ50/I_1370-I_1372.jpg
Monarch,I 1327 / I 1325,"Dining Table — Cream / Oak Top 9"" Drop Leaf",Dining,Dining Tables,Not in supplier pricelist (likely discontinued),https://www.monarchspec.com/images/lifestyle_WEBQ50/I_1327-I_1325.jpg
Monarch,I 1129 / I 1126,Dining Table — Dark Grey Stone Top / Black Base,Dining,Dining Tables,Not in supplier pricelist (likely discontinued),https://www.monarchspec.com/images/lifestyle_WEBQ50/I_1129-I_1126.jpg
Monarch,I 1141 / I 1106,Dining Table — Dark Taupe / Black Metal,Dining,Dining Tables,Not in supplier pricelist (likely discontinued),https://www.monarchspec.com/images/lifestyle_WEBQ50/I_1141-I_1106.jpg
Monarch,I 1141 / I 1123,Dining Table — Dark Taupe / Black Metal,Dining,Dining Tables,Not in supplier pricelist (likely discontinued),https://www.monarchspec.com/images/lifestyle_WEBQ50/I_1141-I_1123.jpg
Monarch,I 1141 / I 1130,Dining Table — Dark Taupe / Black Metal,Dining,Dining Tables,Not in supplier pricelist (likely discontinued),https://www.monarchspec.com/images/lifestyle_WEBQ50/I_1141-I_1130.jpg
Monarch,I 1141 / I 1131,Dining Table — Dark Taupe / Black Metal,Dining,Dining Tables,Not in supplier pricelist (likely discontinued),https://www.monarchspec.com/images/lifestyle_WEBQ50/I_1141-I_1131.jpg
Monarch,I 1137 / I 1114,Dining Table — Dark Taupe / Black Metal,Dining,Dining Tables,Not in supplier pricelist (likely discontinued),https://www.monarchspec.com/images/lifestyle_WEBQ50/I_1137-I_1114.jpg
Monarch,I 1137 / I 1106,Dining Table — Dark Taupe / Black Metal,Dining,Dining Tables,Not in supplier pricelist (likely discontinued),https://www.monarchspec.com/images/lifestyle_WEBQ50/I_1137-I_1106.jpg
Monarch,I 1137 / I 1113,Dining Table — Dark Taupe / Black Metal,Dining,Dining Tables,Not in supplier pricelist (likely discontinued),https://www.monarchspec.com/images/lifestyle_WEBQ50/I_1137-I_1113.jpg
Monarch,I 1137 / I 1123,Dining Table — Dark Taupe / Black Metal,Dining,Dining Tables,Not in supplier pricelist (likely discontinued),https://www.monarchspec.com/images/lifestyle_WEBQ50/I_1137-I_1123.jpg
Monarch,I 1137 / I 1124,Dining Table — Dark Taupe / Black Metal,Dining,Dining Tables,Not in supplier pricelist (likely discontinued),https://www.monarchspec.com/images/lifestyle_WEBQ50/I_1137-I_1124.jpg
Monarch,I 1137 / I 1130,Dining Table — Dark Taupe / Black Metal,Dining,Dining Tables,Not in supplier pricelist (likely discontinued),https://www.monarchspec.com/images/lifestyle_WEBQ50/I_1137-I_1130.jpg
Monarch,I 1137 / I 1131,Dining Table — Dark Taupe / Black Metal,Dining,Dining Tables,Not in supplier pricelist (likely discontinued),https://www.monarchspec.com/images/lifestyle_WEBQ50/I_1137-I_1131.jpg
Monarch,I 1137 / I 1149,Dining Table — Dark Taupe / Black Metal,Dining,Dining Tables,Not in supplier pricelist (likely discontinued),https://www.monarchspec.com/images/lifestyle_WEBQ50/I_1137-I_1149.jpg
Monarch,I 1137 / I 1182,Dining Table — Dark Taupe / Black Metal,Dining,Dining Tables,Not in supplier pricelist (likely discontinued),https://www.monarchspec.com/images/lifestyle_WEBQ50/I_1137-I_1182.jpg
Monarch,I 1203 / I 2384,Dining Table — Dark Taupe Counter Height,Dining,Dining Tables,Not in supplier pricelist (likely discontinued),https://www.monarchspec.com/images/lifestyle_WEBQ50/I_1203-I_2384.jpg
Monarch,I 1203 / I 2225,Dining Table — Dark Taupe Counter Height,Dining,Dining Tables,Not in supplier pricelist (likely discontinued),https://www.monarchspec.com/images/lifestyle_WEBQ50/I_1203-I_2225.jpg
Monarch,I 1203 / I 2245,Dining Table — Dark Taupe Counter Height,Dining,Dining Tables,Not in supplier pricelist (likely discontinued),https://www.monarchspec.com/images/lifestyle_WEBQ50/I_1203-I_2245.jpg
Monarch,I 1387 / I 1388,"Dining Table — Dark Walnut Veneer 36""X 72""Counter",Dining,Dining Tables,Not in supplier pricelist (likely discontinued),https://www.monarchspec.com/images/lifestyle_WEBQ50/I_1387-I_1388.jpg
Monarch,I 1330 / I 1332 / I 1334,"Dining Table — Espresso Veneer 36""X 60""",Dining,Dining Tables,Not in supplier pricelist (likely discontinued),https://www.monarchspec.com/images/lifestyle_WEBQ50/I_1330-I_1332-I_1334.jpg
Monarch,I 1330 / I 1332,"Dining Table — Espresso Veneer 36""X 60""",Dining,Dining Tables,Not in supplier pricelist (likely discontinued),https://www.monarchspec.com/images/lifestyle_WEBQ50/I_1330-I_1332.jpg
Monarch,I 1330 / I 1333,"Dining Table — Espresso Veneer 36""X 60""",Dining,Dining Tables,Not in supplier pricelist (likely discontinued),https://www.monarchspec.com/images/lifestyle_WEBQ50/I_1330-I_1333.jpg
Monarch,I 1330 / I 1333 / I 1334,"Dining Table — Espresso Veneer 36""X 60""",Dining,Dining Tables,Not in supplier pricelist (likely discontinued),https://www.monarchspec.com/images/lifestyle_WEBQ50/I_1330-I_1333-I_1334.jpg
Monarch,I 1140 / I 1106,Dining Table — Grey / Black Metal,Dining,Dining Tables,Not in supplier pricelist (likely discontinued),https://www.monarchspec.com/images/lifestyle_WEBQ50/I_1140-I_1106.jpg
Monarch,I 1140 / I 1123,Dining Table — Grey / Black Metal,Dining,Dining Tables,Not in supplier pricelist (likely discontinued),https://www.monarchspec.com/images/lifestyle_WEBQ50/I_1140-I_1123.jpg
Monarch,I 1140 / I 1130,Dining Table — Grey / Black Metal,Dining,Dining Tables,Not in supplier pricelist (likely discontinued),https://www.monarchspec.com/images/lifestyle_WEBQ50/I_1140-I_1130.jpg
Monarch,I 1140 / I 1131,Dining Table — Grey / Black Metal,Dining,Dining Tables,Not in supplier pricelist (likely discontinued),https://www.monarchspec.com/images/lifestyle_WEBQ50/I_1140-I_1131.jpg
Monarch,I 1136 / I 1124,Dining Table — Grey / Black Metal,Dining,Dining Tables,Not in supplier pricelist (likely discontinued),https://www.monarchspec.com/images/lifestyle_WEBQ50/I_1136-I_1124.jpg
Monarch,I 1136 / I 1106,Dining Table — Grey / Black Metal,Dining,Dining Tables,Not in supplier pricelist (likely discontinued),https://www.monarchspec.com/images/lifestyle_WEBQ50/I_1136-I_1106.jpg
Monarch,I 1136 / I 1123,Dining Table — Grey / Black Metal,Dining,Dining Tables,Not in supplier pricelist (likely discontinued),https://www.monarchspec.com/images/lifestyle_WEBQ50/I_1136-I_1123.jpg
Monarch,I 1136 / I 1187,Dining Table — Grey / Black Metal,Dining,Dining Tables,Not in supplier pricelist (likely discontinued),https://www.monarchspec.com/images/lifestyle_WEBQ50/I_1136-I_1187.jpg
Monarch,I 1136 / I 1193,Dining Table — Grey / Black Metal,Dining,Dining Tables,Not in supplier pricelist (likely discontinued),https://www.monarchspec.com/images/lifestyle_WEBQ50/I_1136-I_1193.jpg
Monarch,I 1136 / I 1215,Dining Table — Grey / Black Metal,Dining,Dining Tables,Not in supplier pricelist (likely discontinued),https://www.monarchspec.com/images/lifestyle_WEBQ50/I_1136-I_1215.jpg
Monarch,I 1136 / I 1148,Dining Table — Grey / Black Metal,Dining,Dining Tables,Not in supplier pricelist (likely discontinued),https://www.monarchspec.com/images/lifestyle_WEBQ50/I_1136-I_1148.jpg
Monarch,I 1059 / I 1071,Dining Table — Grey / Chrome Metal,Dining,Dining Tables,Not in supplier pricelist (likely discontinued),https://www.monarchspec.com/images/lifestyle_WEBQ50/I_1059-I_1071.jpg
Monarch,I 1059 / I 1033,Dining Table — Grey / Chrome Metal,Dining,Dining Tables,Not in supplier pricelist (likely discontinued),https://www.monarchspec.com/images/lifestyle_WEBQ50/I_1059-I_1033.jpg
Monarch,I 1059 / I 1034,Dining Table — Grey / Chrome Metal,Dining,Dining Tables,Not in supplier pricelist (likely discontinued),https://www.monarchspec.com/images/lifestyle_WEBQ50/I_1059-I_1034.jpg
Monarch,I 1059 / I 1067,Dining Table — Grey / Chrome Metal,Dining,Dining Tables,Not in supplier pricelist (likely discontinued),https://www.monarchspec.com/images/lifestyle_WEBQ50/I_1059-I_1067.jpg
Monarch,I 1059 / I 1072,Dining Table — Grey / Chrome Metal,Dining,Dining Tables,Not in supplier pricelist (likely discontinued),https://www.monarchspec.com/images/lifestyle_WEBQ50/I_1059-I_1072.jpg
Monarch,I 1059 / I 1075,Dining Table — Grey / Chrome Metal,Dining,Dining Tables,Not in supplier pricelist (likely discontinued),https://www.monarchspec.com/images/lifestyle_WEBQ50/I_1059-I_1075.jpg
Monarch,I 1059 / I 1076,Dining Table — Grey / Chrome Metal,Dining,Dining Tables,Not in supplier pricelist (likely discontinued),https://www.monarchspec.com/images/lifestyle_WEBQ50/I_1059-I_1076.jpg
Monarch,I 1059 / I 1077,Dining Table — Grey / Chrome Metal,Dining,Dining Tables,Not in supplier pricelist (likely discontinued),https://www.monarchspec.com/images/lifestyle_WEBQ50/I_1059-I_1077.jpg
Monarch,I 1059 / I 1092,Dining Table — Grey / Chrome Metal,Dining,Dining Tables,Not in supplier pricelist (likely discontinued),https://www.monarchspec.com/images/lifestyle_WEBQ50/I_1059-I_1092.jpg
Monarch,I 1059 / I 1093,Dining Table — Grey / Chrome Metal,Dining,Dining Tables,Not in supplier pricelist (likely discontinued),https://www.monarchspec.com/images/lifestyle_WEBQ50/I_1059-I_1093.jpg
Monarch,I 1059 / I 1094,Dining Table — Grey / Chrome Metal,Dining,Dining Tables,Not in supplier pricelist (likely discontinued),https://www.monarchspec.com/images/lifestyle_WEBQ50/I_1059-I_1094.jpg
Monarch,I 1120 / I 1075,Dining Table — Grey / Chrome Metal,Dining,Dining Tables,Not in supplier pricelist (likely discontinued),https://www.monarchspec.com/images/lifestyle_WEBQ50/I_1120-I_1075.jpg
Monarch,I 1120 / I 1033,Dining Table — Grey / Chrome Metal,Dining,Dining Tables,Not in supplier pricelist (likely discontinued),https://www.monarchspec.com/images/lifestyle_WEBQ50/I_1120-I_1033.jpg
Monarch,I 1120 / I 1034,Dining Table — Grey / Chrome Metal,Dining,Dining Tables,Not in supplier pricelist (likely discontinued),https://www.monarchspec.com/images/lifestyle_WEBQ50/I_1120-I_1034.jpg
Monarch,I 1120 / I 1071,Dining Table — Grey / Chrome Metal,Dining,Dining Tables,Not in supplier pricelist (likely discontinued),https://www.monarchspec.com/images/lifestyle_WEBQ50/I_1120-I_1071.jpg
Monarch,I 1120 / I 1072,Dining Table — Grey / Chrome Metal,Dining,Dining Tables,Not in supplier pricelist (likely discontinued),https://www.monarchspec.com/images/lifestyle_WEBQ50/I_1120-I_1072.jpg
Monarch,I 1120 / I 1076,Dining Table — Grey / Chrome Metal,Dining,Dining Tables,Not in supplier pricelist (likely discontinued),https://www.monarchspec.com/images/lifestyle_WEBQ50/I_1120-I_1076.jpg
Monarch,I 1120 / I 1077,Dining Table — Grey / Chrome Metal,Dining,Dining Tables,Not in supplier pricelist (likely discontinued),https://www.monarchspec.com/images/lifestyle_WEBQ50/I_1120-I_1077.jpg
Monarch,I 1120 / I 1092,Dining Table — Grey / Chrome Metal,Dining,Dining Tables,Not in supplier pricelist (likely discontinued),https://www.monarchspec.com/images/lifestyle_WEBQ50/I_1120-I_1092.jpg
Monarch,I 1120 / I 1093,Dining Table — Grey / Chrome Metal,Dining,Dining Tables,Not in supplier pricelist (likely discontinued),https://www.monarchspec.com/images/lifestyle_WEBQ50/I_1120-I_1093.jpg
Monarch,I 1120 / I 1094,Dining Table — Grey / Chrome Metal,Dining,Dining Tables,Not in supplier pricelist (likely discontinued),https://www.monarchspec.com/images/lifestyle_WEBQ50/I_1120-I_1094.jpg
Monarch,I 1119 / I 1077,Dining Table — Grey Cement / Chrome Metal,Dining,Dining Tables,Not in supplier pricelist (likely discontinued),https://www.monarchspec.com/images/lifestyle_WEBQ50/I_1119-I_1077.jpg
Monarch,I 1119 / I 1033,Dining Table — Grey Cement / Chrome Metal,Dining,Dining Tables,Not in supplier pricelist (likely discontinued),https://www.monarchspec.com/images/lifestyle_WEBQ50/I_1119-I_1033.jpg
Monarch,I 1119 / I 1034,Dining Table — Grey Cement / Chrome Metal,Dining,Dining Tables,Not in supplier pricelist (likely discontinued),https://www.monarchspec.com/images/lifestyle_WEBQ50/I_1119-I_1034.jpg
Monarch,I 1119 / I 1071,Dining Table — Grey Cement / Chrome Metal,Dining,Dining Tables,Not in supplier pricelist (likely discontinued),https://www.monarchspec.com/images/lifestyle_WEBQ50/I_1119-I_1071.jpg
Monarch,I 1119 / I 1072,Dining Table — Grey Cement / Chrome Metal,Dining,Dining Tables,Not in supplier pricelist (likely discontinued),https://www.monarchspec.com/images/lifestyle_WEBQ50/I_1119-I_1072.jpg
Monarch,I 1119 / I 1075,Dining Table — Grey Cement / Chrome Metal,Dining,Dining Tables,Not in supplier pricelist (likely discontinued),https://www.monarchspec.com/images/lifestyle_WEBQ50/I_1119-I_1075.jpg
Monarch,I 1119 / I 1076,Dining Table — Grey Cement / Chrome Metal,Dining,Dining Tables,Not in supplier pricelist (likely discontinued),https://www.monarchspec.com/images/lifestyle_WEBQ50/I_1119-I_1076.jpg
Monarch,I 1119 / I 1092,Dining Table — Grey Cement / Chrome Metal,Dining,Dining Tables,Not in supplier pricelist (likely discontinued),https://www.monarchspec.com/images/lifestyle_WEBQ50/I_1119-I_1092.jpg
Monarch,I 1119 / I 1093,Dining Table — Grey Cement / Chrome Metal,Dining,Dining Tables,Not in supplier pricelist (likely discontinued),https://www.monarchspec.com/images/lifestyle_WEBQ50/I_1119-I_1093.jpg
Monarch,I 1119 / I 1094,Dining Table — Grey Cement / Chrome Metal,Dining,Dining Tables,Not in supplier pricelist (likely discontinued),https://www.monarchspec.com/images/lifestyle_WEBQ50/I_1119-I_1094.jpg
Monarch,I 1204 / I 2246,Dining Table — Grey Counter Height,Dining,Dining Tables,Not in supplier pricelist (likely discontinued),https://www.monarchspec.com/images/lifestyle_WEBQ50/I_1204-I_2246.jpg
Monarch,I 1204 / I 2226,Dining Table — Grey Counter Height,Dining,Dining Tables,Not in supplier pricelist (likely discontinued),https://www.monarchspec.com/images/lifestyle_WEBQ50/I_1204-I_2226.jpg
Monarch,I 1204 / I 2385,Dining Table — Grey Counter Height,Dining,Dining Tables,Not in supplier pricelist (likely discontinued),https://www.monarchspec.com/images/lifestyle_WEBQ50/I_1204-I_2385.jpg
Monarch,I 1164 / I 1123,Dining Table — Grey Reclaimed Wood-Look,Dining,Dining Tables,Not in supplier pricelist (likely discontinued),https://www.monarchspec.com/images/lifestyle_WEBQ50/I_1164-I_1123.jpg
Monarch,I 1164 / I 1106,Dining Table — Grey Reclaimed Wood-Look,Dining,Dining Tables,Not in supplier pricelist (likely discontinued),https://www.monarchspec.com/images/lifestyle_WEBQ50/I_1164-I_1106.jpg
Monarch,I 1164 / I 1113,Dining Table — Grey Reclaimed Wood-Look,Dining,Dining Tables,Not in supplier pricelist (likely discontinued),https://www.monarchspec.com/images/lifestyle_WEBQ50/I_1164-I_1113.jpg
Monarch,I 1164 / I 1124,Dining Table — Grey Reclaimed Wood-Look,Dining,Dining Tables,Not in supplier pricelist (likely discontinued),https://www.monarchspec.com/images/lifestyle_WEBQ50/I_1164-I_1124.jpg
Monarch,I 1241 / I 2387,Dining Table — Grey-White Metal Counter Height,Dining,Dining Tables,Not in supplier pricelist (likely discontinued),https://www.monarchspec.com/images/lifestyle_WEBQ50/I_1241-I_2387.jpg
Monarch,I 1241 / I 2227,Dining Table — Grey-White Metal Counter Height,Dining,Dining Tables,Not in supplier pricelist (likely discontinued),https://www.monarchspec.com/images/lifestyle_WEBQ50/I_1241-I_2227.jpg
Monarch,I 1241 / I 2247,Dining Table — Grey-White Metal Counter Height,Dining,Dining Tables,Not in supplier pricelist (likely discontinued),https://www.monarchspec.com/images/lifestyle_WEBQ50/I_1241-I_2247.jpg
Monarch,I 1090 / I 1190,Dining Table — High Glossy White,Dining,Dining Tables,Not in supplier pricelist (likely discontinued),https://www.monarchspec.com/images/lifestyle_WEBQ50/I_1090-I_1190.jpg
Monarch,I 1090 / I 1071,Dining Table — High Glossy White,Dining,Dining Tables,Not in supplier pricelist (likely discontinued),https://www.monarchspec.com/images/lifestyle_WEBQ50/I_1090-I_1071.jpg
Monarch,I 1090 / I 1072,Dining Table — High Glossy White,Dining,Dining Tables,Not in supplier pricelist (likely discontinued),https://www.monarchspec.com/images/lifestyle_WEBQ50/I_1090-I_1072.jpg
Monarch,I 1335 / I 1336,"Dining Table — Light Brown Veneer 36""X 60""",Dining,Dining Tables,Not in supplier pricelist (likely discontinued),https://www.monarchspec.com/images/lifestyle_WEBQ50/I_1335-I_1336.jpg
Monarch,I 1276 / I 1271,"Dining Table — Metal 30""X 44""X 60"" / 16"" Extensio",Dining,Dining Tables,Not in supplier pricelist (likely discontinued),https://www.monarchspec.com/images/lifestyle_WEBQ50/I_1276-I_1271.jpg
Monarch,I 1277 / I 1270,"Dining Table — Metal 30""X 44""X 60"" / 16"" Extensio",Dining,Dining Tables,Not in supplier pricelist (likely discontinued),https://www.monarchspec.com/images/lifestyle_WEBQ50/I_1277-I_1270.jpg
Monarch,I 1278 / I 1275,"Dining Table — Metal 30""X 44""X 60"" / 16"" Extensio",Dining,Dining Tables,Not in supplier pricelist (likely discontinued),https://www.monarchspec.com/images/lifestyle_WEBQ50/I_1278-I_1275.jpg
Monarch,I 1088 / I 1188,Dining Table — Taupe Reclaimed Wood-Look,Dining,Dining Tables,Not in supplier pricelist (likely discontinued),https://www.monarchspec.com/images/lifestyle_WEBQ50/I_1088-I_1188.jpg
Monarch,I 1088 / I 1106,Dining Table — Taupe Reclaimed Wood-Look,Dining,Dining Tables,Not in supplier pricelist (likely discontinued),https://www.monarchspec.com/images/lifestyle_WEBQ50/I_1088-I_1106.jpg
Monarch,I 1088 / I 1114,Dining Table — Taupe Reclaimed Wood-Look,Dining,Dining Tables,Not in supplier pricelist (likely discontinued),https://www.monarchspec.com/images/lifestyle_WEBQ50/I_1088-I_1114.jpg
Monarch,I 1088 / I 1123,Dining Table — Taupe Reclaimed Wood-Look,Dining,Dining Tables,Not in supplier pricelist (likely discontinued),https://www.monarchspec.com/images/lifestyle_WEBQ50/I_1088-I_1123.jpg
Monarch,I 1088 / I 1216,Dining Table — Taupe Reclaimed Wood-Look,Dining,Dining Tables,Not in supplier pricelist (likely discontinued),https://www.monarchspec.com/images/lifestyle_WEBQ50/I_1088-I_1216.jpg
Monarch,I 1269 / I 1273,Dining Table — Tempered Glass Top / Black Metal,Dining,Dining Tables,Not in supplier pricelist (likely discontinued),https://www.monarchspec.com/images/lifestyle_WEBQ50/I_1269-I_1273.jpg
Monarch,I 1105 / I 1229,Dining Table — Walnut Top / Black Metal Base,Dining,Dining Tables,Not in supplier pricelist (likely discontinued),https://www.monarchspec.com/images/lifestyle_WEBQ50/I_1105-I_1229.jpg
Monarch,I 1217 / I 1220,"Dining Table — Walnut Veneer 36""X 60""",Dining,Dining Tables,Not in supplier pricelist (likely discontinued),https://www.monarchspec.com/images/lifestyle_WEBQ50/I_1217-I_1220.jpg
Monarch,I 1217 / I 1218,"Dining Table — Walnut Veneer 36""X 60""",Dining,Dining Tables,Not in supplier pricelist (likely discontinued),https://www.monarchspec.com/images/lifestyle_WEBQ50/I_1217-I_1218.jpg
Monarch,I 1217 / I 1219,"Dining Table — Walnut Veneer 36""X 60""",Dining,Dining Tables,Not in supplier pricelist (likely discontinued),https://www.monarchspec.com/images/lifestyle_WEBQ50/I_1217-I_1219.jpg
Monarch,I 1217 / I 1221,"Dining Table — Walnut Veneer 36""X 60""",Dining,Dining Tables,Not in supplier pricelist (likely discontinued),https://www.monarchspec.com/images/lifestyle_WEBQ50/I_1217-I_1221.jpg
Monarch,I 1202 / I 2227,Dining Table — White Counter Height,Dining,Dining Tables,Not in supplier pricelist (likely discontinued),https://www.monarchspec.com/images/lifestyle_WEBQ50/I_1202-I_2227.jpg
Monarch,I 1202 / I 2247,Dining Table — White Counter Height,Dining,Dining Tables,Not in supplier pricelist (likely discontinued),https://www.monarchspec.com/images/lifestyle_WEBQ50/I_1202-I_2247.jpg
Monarch,I 1202 / I 2387,Dining Table — White Counter Height,Dining,Dining Tables,Not in supplier pricelist (likely discontinued),https://www.monarchspec.com/images/lifestyle_WEBQ50/I_1202-I_2387.jpg
Monarch,I 1226 / I 1115,Dining Table — White Faux Marble Top / Black Base,Dining,Dining Tables,Not in supplier pricelist (likely discontinued),https://www.monarchspec.com/images/lifestyle_WEBQ50/I_1226-I_1115.jpg
Monarch,I 1227 / I 1228,Dining Table — White Faux Marble Top / Black Base,Dining,Dining Tables,Not in supplier pricelist (likely discontinued),https://www.monarchspec.com/images/lifestyle_WEBQ50/I_1227-I_1228.jpg
Monarch,I 1128 / I 1125,Dining Table — White Stone Top / Black Base,Dining,Dining Tables,Not in supplier pricelist (likely discontinued),https://www.monarchspec.com/images/lifestyle_WEBQ50/I_1128-I_1125.jpg
Monarch,I 1323 / I 1320,Dining Table — White Veneer Top,Dining,Dining Tables,Not in supplier pricelist (likely discontinued),https://www.monarchspec.com/images/lifestyle_WEBQ50/I_1323-I_1320.jpg
Monarch,I 8112,Accent Chair — Black Fabric,Living Room,Chairs,Not in supplier pricelist (likely discontinued),https://www.monarchspec.com/images/lifestyle_WEBQ50/I_8112.jpg
Monarch,I 8119,Accent Chair — Black Fabric,Living Room,Chairs,Not in supplier pricelist (likely discontinued),https://www.monarchspec.com/images/lifestyle_WEBQ50/I_8119.jpg
Monarch,I 8200,Accent Chair — Black Fabric,Living Room,Chairs,Not in supplier pricelist (likely discontinued),https://www.monarchspec.com/images/lifestyle_WEBQ50/I_8200.jpg
Monarch,I 8110,Accent Chair — Cream Fabric,Living Room,Chairs,Not in supplier pricelist (likely discontinued),https://www.monarchspec.com/images/lifestyle_WEBQ50/I_8110.jpg
Monarch,I 8117,Accent Chair — Cream Fabric,Living Room,Chairs,Not in supplier pricelist (likely discontinued),https://www.monarchspec.com/images/lifestyle_WEBQ50/I_8117.jpg
Monarch,I 8158,Accent Chair — Cream Fabric,Living Room,Chairs,Not in supplier pricelist (likely discontinued),https://www.monarchspec.com/images/lifestyle_WEBQ50/I_8158.jpg
Monarch,I 8147,Accent Chair — Dark Blue Fabric,Living Room,Chairs,Not in supplier pricelist (likely discontinued),https://www.monarchspec.com/images/lifestyle_WEBQ50/I_8147.jpg
Monarch,I 8179,Accent Chair — Dark Blue Fabric,Living Room,Chairs,Not in supplier pricelist (likely discontinued),https://www.monarchspec.com/images/lifestyle_WEBQ50/I_8179.jpg
Monarch,I 8207,Accent Chair — Dark Blue Fabric,Living Room,Chairs,Not in supplier pricelist (likely discontinued),https://www.monarchspec.com/images/lifestyle_WEBQ50/I_8207.jpg
Monarch,I 8146,Accent Chair — Dark Green Fabric,Living Room,Chairs,Not in supplier pricelist (likely discontinued),https://www.monarchspec.com/images/lifestyle_WEBQ50/I_8146.jpg
Monarch,I 8154,Accent Chair — Dark Green Fabric,Living Room,Chairs,Not in supplier pricelist (likely discontinued),https://www.monarchspec.com/images/lifestyle_WEBQ50/I_8154.jpg
Monarch,I 8206,Accent Chair — Dark Green Fabric,Living Room,Chairs,Not in supplier pricelist (likely discontinued),https://www.monarchspec.com/images/lifestyle_WEBQ50/I_8206.jpg
Monarch,I 8111,Accent Chair — Dark Grey Fabric,Living Room,Chairs,Not in supplier pricelist (likely discontinued),https://www.monarchspec.com/images/lifestyle_WEBQ50/I_8111.jpg
Monarch,I 8148,Accent Chair — Dark Grey Fabric,Living Room,Chairs,Not in supplier pricelist (likely discontinued),https://www.monarchspec.com/images/lifestyle_WEBQ50/I_8148.jpg
Monarch,I 8178,Accent Chair — Dark Grey Fabric,Living Room,Chairs,Not in supplier pricelist (likely discontinued),https://www.monarchspec.com/images/lifestyle_WEBQ50/I_8178.jpg
Monarch,I 8201,Accent Chair — Dark Grey Fabric,Living Room,Chairs,Not in supplier pricelist (likely discontinued),https://www.monarchspec.com/images/lifestyle_WEBQ50/I_8201.jpg
Monarch,I 8157,Accent Chair — Dark Red Fabric,Living Room,Chairs,Not in supplier pricelist (likely discontinued),https://www.monarchspec.com/images/lifestyle_WEBQ50/I_8157.jpg
Monarch,I 8115,Accent Chair — Green Fabric,Living Room,Chairs,Not in supplier pricelist (likely discontinued),https://www.monarchspec.com/images/lifestyle_WEBQ50/I_8115.jpg
Monarch,I 8177,Accent Chair — Green Fabric,Living Room,Chairs,Not in supplier pricelist (likely discontinued),https://www.monarchspec.com/images/lifestyle_WEBQ50/I_8177.jpg
Monarch,I 8122,Accent Chair — Grey Fabric,Living Room,Chairs,Not in supplier pricelist (likely discontinued),https://www.monarchspec.com/images/lifestyle_WEBQ50/I_8122.jpg
Monarch,I 8159,Accent Chair — Grey Fabric,Living Room,Chairs,Not in supplier pricelist (likely discontinued),https://www.monarchspec.com/images/lifestyle_WEBQ50/I_8159.jpg
Monarch,I 8025,Accent Chair — Light Brown Fabric,Living Room,Chairs,Not in supplier pricelist (likely discontinued),https://www.monarchspec.com/images/lifestyle_WEBQ50/I_8025.jpg
Monarch,I 8145,Accent Chair — Light Brown Fabric,Living Room,Chairs,Not in supplier pricelist (likely discontinued),https://www.monarchspec.com/images/lifestyle_WEBQ50/I_8145.jpg
Monarch,I 8176,Accent Chair — Light Brown Fabric,Living Room,Chairs,Not in supplier pricelist (likely discontinued),https://www.monarchspec.com/images/lifestyle_WEBQ50/I_8176.jpg
Monarch,I 8202,Accent Chair — Light Brown Fabric,Living Room,Chairs,Not in supplier pricelist (likely discontinued),https://www.monarchspec.com/images/lifestyle_WEBQ50/I_8202.jpg
Monarch,I 8203,Accent Chair — Orange Fabric,Living Room,Chairs,Not in supplier pricelist (likely discontinued),https://www.monarchspec.com/images/lifestyle_WEBQ50/I_8203.jpg
Monarch,I 8205,Accent Chair — Rust Fabric,Living Room,Chairs,Not in supplier pricelist (likely discontinued),https://www.monarchspec.com/images/lifestyle_WEBQ50/I_8205.jpg
Monarch,I 8120,Accent Chair — Taupe Fabric,Living Room,Chairs,Not in supplier pricelist (likely discontinued),https://www.monarchspec.com/images/lifestyle_WEBQ50/I_8120.jpg
Monarch,I 8121,Accent Chair — Terracota Fabric,Living Room,Chairs,Not in supplier pricelist (likely discontinued),https://www.monarchspec.com/images/lifestyle_WEBQ50/I_8121.jpg
Monarch,I 8204,Accent Chair — Terracotta Fabric,Living Room,Chairs,Not in supplier pricelist (likely discontinued),https://www.monarchspec.com/images/lifestyle_WEBQ50/I_8204.jpg
Monarch,I 2157.,Accent Table — Black / Black Corner Console,Living Room,Accent Tables,Not in supplier pricelist (likely discontinued),https://www.monarchspec.com/images/lifestyle_WEBQ50/I_2157!@BEDROOM.jpg
Monarch,I 2250.,Accent Table — Black / Black Metal Hall Console,Living Room,Accent Tables,Not in supplier pricelist (likely discontinued),https://www.monarchspec.com/images/lifestyle_WEBQ50/I_2250!@BEDROOM.jpg
Monarch,I 3512.,Accent Table — Black / Black Metal Hall Console,Living Room,Accent Tables,Not in supplier pricelist (likely discontinued),https://www.monarchspec.com/images/lifestyle_WEBQ50/I_3512!@BEDROOM.jpg
Monarch,I 2219.,Accent Table — Black / Black Metal Hall Console,Living Room,Accent Tables,Not in supplier pricelist (likely discontinued),https://www.monarchspec.com/images/lifestyle_WEBQ50/I_2219!@BEDROOM.jpg
Monarch,I 2406.,Accent Table — Black / Cement-Look Hall Console,Living Room,Accent Tables,Not in supplier pricelist (likely discontinued),https://www.monarchspec.com/images/lifestyle_WEBQ50/I_2406!@BEDROOM.jpg
Monarch,I 3657,Accent Table — Black Corner Console,Living Room,Accent Tables,Not in supplier pricelist (likely discontinued),https://www.monarchspec.com/images/lifestyle_WEBQ50/I_3657.jpg
Monarch,I 3657.,Accent Table — Black Corner Console,Living Room,Accent Tables,Not in supplier pricelist (likely discontinued),https://www.monarchspec.com/images/lifestyle_WEBQ50/I_3657!@BEDROOM.jpg
Monarch,I 2439.,Accent Table — Black Hall Console,Living Room,Accent Tables,Not in supplier pricelist (likely discontinued),https://www.monarchspec.com/images/lifestyle_WEBQ50/I_2439!@BEDROOM.jpg
Monarch,I 4150,Accent Table — Black Indoor Or Outdoor,Living Room,Accent Tables,Not in supplier pricelist (likely discontinued),https://www.monarchspec.com/images/lifestyle_WEBQ50/I_4150.jpg
Monarch,I 4112.,Accent Table — Black Indoor Or Outdoor,Living Room,Accent Tables,Not in supplier pricelist (likely discontinued),https://www.monarchspec.com/images/lifestyle_WEBQ50/I_4112!@OUTDOOR.jpg
Monarch,I 4122.,Accent Table — Black Indoor Or Outdoor,Living Room,Accent Tables,Not in supplier pricelist (likely discontinued),https://www.monarchspec.com/images/lifestyle_WEBQ50/I_4122!@OUTDOOR.jpg
Monarch,I 4117.,Accent Table — Black Indoor Or Outdoor,Living Room,Accent Tables,Not in supplier pricelist (likely discontinued),https://www.monarchspec.com/images/lifestyle_WEBQ50/I_4117!@OUTDOOR.jpg
Monarch,I 4132.,Accent Table — Black Indoor Or Outdoor,Living Room,Accent Tables,Not in supplier pricelist (likely discontinued),https://www.monarchspec.com/images/lifestyle_WEBQ50/I_4132!@OUTDOOR.jpg
Monarch,I 4127.,Accent Table — Black Indoor Or Outdoor,Living Room,Accent Tables,Not in supplier pricelist (likely discontinued),https://www.monarchspec.com/images/lifestyle_WEBQ50/I_4127!@OUTDOOR.jpg
Monarch,I 4150.,Accent Table — Black Indoor Or Outdoor,Living Room,Accent Tables,Not in supplier pricelist (likely discontinued),https://www.monarchspec.com/images/lifestyle_WEBQ50/I_4150!@OUTDOOR.jpg
Monarch,I 4154.,Accent Table — Black Indoor Or Outdoor,Living Room,Accent Tables,Not in supplier pricelist (likely discontinued),https://www.monarchspec.com/images/lifestyle_WEBQ50/I_4154!@OUTDOOR.jpg
Monarch,I 4146.,Accent Table — Black Indoor Or Outdoor,Living Room,Accent Tables,Not in supplier pricelist (likely discontinued),https://www.monarchspec.com/images/lifestyle_WEBQ50/I_4146!@OUTDOOR.jpg
Monarch,I 4162.,Accent Table — Black Indoor Or Outdoor,Living Room,Accent Tables,Not in supplier pricelist (likely discontinued),https://www.monarchspec.com/images/lifestyle_WEBQ50/I_4162!@OUTDOOR.jpg
Monarch,I 2158.,Accent Table — Black Marble / Black Corner Consol,Living Room,Accent Tables,Not in supplier pricelist (likely discontinued),https://www.monarchspec.com/images/lifestyle_WEBQ50/I_2158!@BEDROOM.jpg
Monarch,I 2126.,Accent Table — Black Marble / Black Hall Console,Living Room,Accent Tables,Not in supplier pricelist (likely discontinued),https://www.monarchspec.com/images/lifestyle_WEBQ50/I_2126!@BEDROOM.jpg
Monarch,I 2220.,Accent Table — Black Marble / Black Metal Console,Living Room,Accent Tables,Not in supplier pricelist (likely discontinued),https://www.monarchspec.com/images/lifestyle_WEBQ50/I_2220!@BEDROOM.jpg
Monarch,I 2824,Accent Table — Black Metal,Living Room,Accent Tables,Not in supplier pricelist (likely discontinued),https://www.monarchspec.com/images/lifestyle_WEBQ50/I_2824.jpg
Monarch,I 2829,Accent Table — Black Metal,Living Room,Accent Tables,Not in supplier pricelist (likely discontinued),https://www.monarchspec.com/images/lifestyle_WEBQ50/I_2829.jpg
Monarch,I 2861.,Accent Table — Black Reclaimed Wood-Look / Black,Living Room,Accent Tables,Not in supplier pricelist (likely discontinued),https://www.monarchspec.com/images/lifestyle_WEBQ50/I_2861!@BEDROOM.jpg
Monarch,I 2867,Accent Table — Black Wood-Look With 1 Drawer,Living Room,Accent Tables,Not in supplier pricelist (likely discontinued),https://www.monarchspec.com/images/lifestyle_WEBQ50/I_2867.jpg
Monarch,I 2851.,Accent Table — Brown Reclaimed Wood-Look / Black,Living Room,Accent Tables,Not in supplier pricelist (likely discontinued),https://www.monarchspec.com/images/lifestyle_WEBQ50/I_2851!@BEDROOM.jpg
Monarch,I 3453.,Accent Table — Brown Reclaimed Wood/ Black Consol,Living Room,Accent Tables,Not in supplier pricelist (likely discontinued),https://www.monarchspec.com/images/lifestyle_WEBQ50/I_3453!@BEDROOM.jpg
Monarch,I 2436.,Accent Table — Cement-Look Hall Console,Living Room,Accent Tables,Not in supplier pricelist (likely discontinued),https://www.monarchspec.com/images/lifestyle_WEBQ50/I_2436!@BEDROOM.jpg
Monarch,I 3661.,Accent Table — Cherry Corner Console,Living Room,Accent Tables,Not in supplier pricelist (likely discontinued),https://www.monarchspec.com/images/lifestyle_WEBQ50/I_3661!@BEDROOM.jpg
Monarch,I 3056,Accent Table — Chrome Metal,Living Room,Accent Tables,Not in supplier pricelist (likely discontinued),https://www.monarchspec.com/images/lifestyle_WEBQ50/I_3056.jpg
Monarch,I 2155.,Accent Table — Dark Taupe / Black Corner Console,Living Room,Accent Tables,Not in supplier pricelist (likely discontinued),https://www.monarchspec.com/images/lifestyle_WEBQ50/I_2155!@BEDROOM.jpg
Monarch,I 3511.,Accent Table — Dark Taupe / Black Hall Console,Living Room,Accent Tables,Not in supplier pricelist (likely discontinued),https://www.monarchspec.com/images/lifestyle_WEBQ50/I_3511!@BEDROOM.jpg
Monarch,I 2253.,Accent Table — Dark Taupe / Black Metal Console,Living Room,Accent Tables,Not in supplier pricelist (likely discontinued),https://www.monarchspec.com/images/lifestyle_WEBQ50/I_2253!@BEDROOM.jpg
Monarch,I 2218.,Accent Table — Dark Taupe / Black Metal Console,Living Room,Accent Tables,Not in supplier pricelist (likely discontinued),https://www.monarchspec.com/images/lifestyle_WEBQ50/I_2218!@BEDROOM.jpg
Monarch,I 3299.,Accent Table — Dark Taupe / Chrome Metal,Living Room,Accent Tables,Not in supplier pricelist (likely discontinued),https://www.monarchspec.com/images/lifestyle_WEBQ50/I_3299!@BEDROOM.jpg
Monarch,I 3169.,Accent Table — Dark Taupe / Chrome Metal,Living Room,Accent Tables,Not in supplier pricelist (likely discontinued),https://www.monarchspec.com/images/lifestyle_WEBQ50/I_3169!@BEDROOM.jpg
Monarch,I 3055.,Accent Table — Dark Taupe / Tempered Glass,Living Room,Accent Tables,Not in supplier pricelist (likely discontinued),https://www.monarchspec.com/images/lifestyle_WEBQ50/I_3055!@BEDROOM.jpg
Monarch,I 3659.,Accent Table — Dark Taupe Corner Console,Living Room,Accent Tables,Not in supplier pricelist (likely discontinued),https://www.monarchspec.com/images/lifestyle_WEBQ50/I_3659!@BEDROOM.jpg
Monarch,I 2472.,Accent Table — Dark Taupe Hall Console,Living Room,Accent Tables,Not in supplier pricelist (likely discontinued),https://www.monarchspec.com/images/lifestyle_WEBQ50/I_2472!@BEDROOM.jpg
Monarch,I 2452.,Accent Table — Dark Taupe Hall Console,Living Room,Accent Tables,Not in supplier pricelist (likely discontinued),https://www.monarchspec.com/images/lifestyle_WEBQ50/I_2452!@BEDROOM.jpg
Monarch,I 2446.,Accent Table — Dark Taupe Hall Console,Living Room,Accent Tables,Not in supplier pricelist (likely discontinued),https://www.monarchspec.com/images/lifestyle_WEBQ50/I_2446!@BEDROOM.jpg
Monarch,I 2416.,Accent Table — Dark Taupe Hall Console,Living Room,Accent Tables,Not in supplier pricelist (likely discontinued),https://www.monarchspec.com/images/lifestyle_WEBQ50/I_2416!@BEDROOM.jpg
Monarch,I 2435.,Accent Table — Dark Taupe Hall Console,Living Room,Accent Tables,Not in supplier pricelist (likely discontinued),https://www.monarchspec.com/images/lifestyle_WEBQ50/I_2435!@BEDROOM.jpg
Monarch,I 3534.,Accent Table — Espresso / Black Metal Hall Consol,Living Room,Accent Tables,Not in supplier pricelist (likely discontinued),https://www.monarchspec.com/images/lifestyle_WEBQ50/I_3534!@BEDROOM.jpg
Monarch,I 3574.,Accent Table — Espresso / Black Metal Hall Consol,Living Room,Accent Tables,Not in supplier pricelist (likely discontinued),https://www.monarchspec.com/images/lifestyle_WEBQ50/I_3574!@BEDROOM.jpg
Monarch,I 3582.,Accent Table — Espresso / Black Metal Hall Consol,Living Room,Accent Tables,Not in supplier pricelist (likely discontinued),https://www.monarchspec.com/images/lifestyle_WEBQ50/I_3582!@BEDROOM.jpg
Monarch,I 2215.,Accent Table — Espresso / Black Metal Hall Consol,Living Room,Accent Tables,Not in supplier pricelist (likely discontinued),https://www.monarchspec.com/images/lifestyle_WEBQ50/I_2215!@BEDROOM.jpg
Monarch,I 3660.,Accent Table — Espresso Corner Console,Living Room,Accent Tables,Not in supplier pricelist (likely discontinued),https://www.monarchspec.com/images/lifestyle_WEBQ50/I_3660!@BEDROOM.jpg
Monarch,I 2445.,Accent Table — Espresso Hall Console,Living Room,Accent Tables,Not in supplier pricelist (likely discontinued),https://www.monarchspec.com/images/lifestyle_WEBQ50/I_2445!@BEDROOM.jpg
Monarch,I 7983S.,Accent Table — Espresso Marble Top,Living Room,Accent Tables,Not in supplier pricelist (likely discontinued),https://www.monarchspec.com/images/lifestyle_WEBQ50/I_7983S!@BEDROOM.jpg
Monarch,I 3297.,Accent Table — Glossy White / Chrome Metal,Living Room,Accent Tables,Not in supplier pricelist (likely discontinued),https://www.monarchspec.com/images/lifestyle_WEBQ50/I_3297!@BEDROOM.jpg
Monarch,I 3288.,Accent Table — Glossy White / Tempered Glass,Living Room,Accent Tables,Not in supplier pricelist (likely discontinued),https://www.monarchspec.com/images/lifestyle_WEBQ50/I_3288!@BEDROOM.jpg
Monarch,I 3446.,Accent Table — Gold Metal With Tempered Glass,Living Room,Accent Tables,Not in supplier pricelist (likely discontinued),https://www.monarchspec.com/images/lifestyle_WEBQ50/I_3446!@BEDROOM.jpg
Monarch,I 2156.,Accent Table — Grey / Black Corner Console,Living Room,Accent Tables,Not in supplier pricelist (likely discontinued),https://www.monarchspec.com/images/lifestyle_WEBQ50/I_2156!@BEDROOM.jpg
Monarch,I 3514.,Accent Table — Grey / Black Metal Hall Console,Living Room,Accent Tables,Not in supplier pricelist (likely discontinued),https://www.monarchspec.com/images/lifestyle_WEBQ50/I_3514!@BEDROOM.jpg
Monarch,I 3532.,Accent Table — Grey / Black Metal Hall Console,Living Room,Accent Tables,Not in supplier pricelist (likely discontinued),https://www.monarchspec.com/images/lifestyle_WEBQ50/I_3532!@BEDROOM.jpg
Monarch,I 3572.,Accent Table — Grey / Black Metal Hall Console,Living Room,Accent Tables,Not in supplier pricelist (likely discontinued),https://www.monarchspec.com/images/lifestyle_WEBQ50/I_3572!@BEDROOM.jpg
Monarch,I 3576.,Accent Table — Grey / Black Metal Hall Console,Living Room,Accent Tables,Not in supplier pricelist (likely discontinued),https://www.monarchspec.com/images/lifestyle_WEBQ50/I_3576!@BEDROOM.jpg
Monarch,I 3232.,Accent Table — Grey Cement / Tempered Glass,Living Room,Accent Tables,Not in supplier pricelist (likely discontinued),https://www.monarchspec.com/images/lifestyle_WEBQ50/I_3232!@BEDROOM.jpg
Monarch,I 3658.,Accent Table — Grey Corner Console,Living Room,Accent Tables,Not in supplier pricelist (likely discontinued),https://www.monarchspec.com/images/lifestyle_WEBQ50/I_3658!@BEDROOM.jpg
Monarch,I 4110.,Accent Table — Grey Indoor Or Outdoor,Living Room,Accent Tables,Not in supplier pricelist (likely discontinued),https://www.monarchspec.com/images/lifestyle_WEBQ50/I_4110!@OUTDOOR.jpg
Monarch,I 4120.,Accent Table — Grey Indoor Or Outdoor,Living Room,Accent Tables,Not in supplier pricelist (likely discontinued),https://www.monarchspec.com/images/lifestyle_WEBQ50/I_4120!@OUTDOOR.jpg
Monarch,I 4115.,Accent Table — Grey Indoor Or Outdoor,Living Room,Accent Tables,Not in supplier pricelist (likely discontinued),https://www.monarchspec.com/images/lifestyle_WEBQ50/I_4115!@OUTDOOR.jpg
Monarch,I 4130.,Accent Table — Grey Indoor Or Outdoor,Living Room,Accent Tables,Not in supplier pricelist (likely discontinued),https://www.monarchspec.com/images/lifestyle_WEBQ50/I_4130!@OUTDOOR.jpg
Monarch,I 4125.,Accent Table — Grey Indoor Or Outdoor,Living Room,Accent Tables,Not in supplier pricelist (likely discontinued),https://www.monarchspec.com/images/lifestyle_WEBQ50/I_4125!@OUTDOOR.jpg
Monarch,I 4148.,Accent Table — Grey Indoor Or Outdoor,Living Room,Accent Tables,Not in supplier pricelist (likely discontinued),https://www.monarchspec.com/images/lifestyle_WEBQ50/I_4148!@OUTDOOR.jpg
Monarch,I 4152.,Accent Table — Grey Indoor Or Outdoor,Living Room,Accent Tables,Not in supplier pricelist (likely discontinued),https://www.monarchspec.com/images/lifestyle_WEBQ50/I_4152!@OUTDOOR.jpg
Monarch,I 4144.,Accent Table — Grey Indoor Or Outdoor,Living Room,Accent Tables,Not in supplier pricelist (likely discontinued),https://www.monarchspec.com/images/lifestyle_WEBQ50/I_4144!@OUTDOOR.jpg
Monarch,I 4160.,Accent Table — Grey Indoor Or Outdoor,Living Room,Accent Tables,Not in supplier pricelist (likely discontinued),https://www.monarchspec.com/images/lifestyle_WEBQ50/I_4160!@OUTDOOR.jpg
Monarch,I 3454.,Accent Table — Grey Reclaimed Wood / Black Consol,Living Room,Accent Tables,Not in supplier pricelist (likely discontinued),https://www.monarchspec.com/images/lifestyle_WEBQ50/I_3454!@BEDROOM.jpg
Monarch,I 2222.,Accent Table — Natural / White Metal Hall Console,Living Room,Accent Tables,Not in supplier pricelist (likely discontinued),https://www.monarchspec.com/images/lifestyle_WEBQ50/I_2222!@BEDROOM.jpg
Monarch,I 2887,Accent Table — Natural Oak-Look With A Bottom She,Living Room,Accent Tables,Not in supplier pricelist (likely discontinued),https://www.monarchspec.com/images/lifestyle_WEBQ50/I_2887.jpg
Monarch,I 2128.,Accent Table — Silver / Tempered Glass Hall Conso,Living Room,Accent Tables,Not in supplier pricelist (likely discontinued),https://www.monarchspec.com/images/lifestyle_WEBQ50/I_2128!@BEDROOM.jpg
Monarch,I 3533.,Accent Table — Taupe / Black Metal Hall Console,Living Room,Accent Tables,Not in supplier pricelist (likely discontinued),https://www.monarchspec.com/images/lifestyle_WEBQ50/I_3533!@BEDROOM.jpg
Monarch,I 3573.,Accent Table — Taupe / Black Metal Hall Console,Living Room,Accent Tables,Not in supplier pricelist (likely discontinued),https://www.monarchspec.com/images/lifestyle_WEBQ50/I_3573!@BEDROOM.jpg
Monarch,I 3455.,Accent Table — Taupe Reclaimed Wood / Black Conso,Living Room,Accent Tables,Not in supplier pricelist (likely discontinued),https://www.monarchspec.com/images/lifestyle_WEBQ50/I_3455!@BEDROOM.jpg
Monarch,I 2827,Accent Table — Travertine Marble-Look / Black,Living Room,Accent Tables,Not in supplier pricelist (likely discontinued),https://www.monarchspec.com/images/lifestyle_WEBQ50/I_2827.jpg
Monarch,I 4113.,Accent Table — Walnut Indoor Or Outdoor,Living Room,Accent Tables,Not in supplier pricelist (likely discontinued),https://www.monarchspec.com/images/lifestyle_WEBQ50/I_4113!@OUTDOOR.jpg
Monarch,I 4123.,Accent Table — Walnut Indoor Or Outdoor,Living Room,Accent Tables,Not in supplier pricelist (likely discontinued),https://www.monarchspec.com/images/lifestyle_WEBQ50/I_4123!@OUTDOOR.jpg
Monarch,I 4133.,Accent Table — Walnut Indoor Or Outdoor,Living Room,Accent Tables,Not in supplier pricelist (likely discontinued),https://www.monarchspec.com/images/lifestyle_WEBQ50/I_4133!@OUTDOOR.jpg
Monarch,I 4128.,Accent Table — Walnut Indoor Or Outdoor,Living Room,Accent Tables,Not in supplier pricelist (likely discontinued),https://www.monarchspec.com/images/lifestyle_WEBQ50/I_4128!@OUTDOOR.jpg
Monarch,I 4155.,Accent Table — Walnut Indoor Or Outdoor,Living Room,Accent Tables,Not in supplier pricelist (likely discontinued),https://www.monarchspec.com/images/lifestyle_WEBQ50/I_4155!@OUTDOOR.jpg
Monarch,I 2252.,Accent Table — White / Black Metal Console,Living Room,Accent Tables,Not in supplier pricelist (likely discontinued),https://www.monarchspec.com/images/lifestyle_WEBQ50/I_2252!@BEDROOM.jpg
Monarch,I 2405.,Accent Table — White / Cement-Look Hall Console,Living Room,Accent Tables,Not in supplier pricelist (likely discontinued),https://www.monarchspec.com/images/lifestyle_WEBQ50/I_2405!@BEDROOM.jpg
Monarch,I 2160.,Accent Table — White / White Corner Console,Living Room,Accent Tables,Not in supplier pricelist (likely discontinued),https://www.monarchspec.com/images/lifestyle_WEBQ50/I_2160!@BEDROOM.jpg
Monarch,I 3468,Accent Table — White / White Metal,Living Room,Accent Tables,Not in supplier pricelist (likely discontinued),https://www.monarchspec.com/images/lifestyle_WEBQ50/I_3468.jpg
Monarch,I 3656.,Accent Table — White Corner Console,Living Room,Accent Tables,Not in supplier pricelist (likely discontinued),https://www.monarchspec.com/images/lifestyle_WEBQ50/I_3656!@BEDROOM.jpg
Monarch,I 2560.,Accent Table — White Hall Console,Living Room,Accent Tables,Not in supplier pricelist (likely discontinued),https://www.monarchspec.com/images/lifestyle_WEBQ50/I_2560!@BEDROOM.jpg
Monarch,I 2438.,Accent Table — White Hall Console,Living Room,Accent Tables,Not in supplier pricelist (likely discontinued),https://www.monarchspec.com/images/lifestyle_WEBQ50/I_2438!@BEDROOM.jpg
Monarch,I 2429.,Accent Table — White Hall Console,Living Room,Accent Tables,Not in supplier pricelist (likely discontinued),https://www.monarchspec.com/images/lifestyle_WEBQ50/I_2429!@BEDROOM.jpg
Monarch,I 4111.,Accent Table — White Indoor Or Outdoor,Living Room,Accent Tables,Not in supplier pricelist (likely discontinued),https://www.monarchspec.com/images/lifestyle_WEBQ50/I_4111!@OUTDOOR.jpg
Monarch,I 4121.,Accent Table — White Indoor Or Outdoor,Living Room,Accent Tables,Not in supplier pricelist (likely discontinued),https://www.monarchspec.com/images/lifestyle_WEBQ50/I_4121!@OUTDOOR.jpg
Monarch,I 4116.,Accent Table — White Indoor Or Outdoor,Living Room,Accent Tables,Not in supplier pricelist (likely discontinued),https://www.monarchspec.com/images/lifestyle_WEBQ50/I_4116!@OUTDOOR.jpg
Monarch,I 4131.,Accent Table — White Indoor Or Outdoor,Living Room,Accent Tables,Not in supplier pricelist (likely discontinued),https://www.monarchspec.com/images/lifestyle_WEBQ50/I_4131!@OUTDOOR.jpg
Monarch,I 4126.,Accent Table — White Indoor Or Outdoor,Living Room,Accent Tables,Not in supplier pricelist (likely discontinued),https://www.monarchspec.com/images/lifestyle_WEBQ50/I_4126!@OUTDOOR.jpg
Monarch,I 4149.,Accent Table — White Indoor Or Outdoor,Living Room,Accent Tables,Not in supplier pricelist (likely discontinued),https://www.monarchspec.com/images/lifestyle_WEBQ50/I_4149!@OUTDOOR.jpg
Monarch,I 4153.,Accent Table — White Indoor Or Outdoor,Living Room,Accent Tables,Not in supplier pricelist (likely discontinued),https://www.monarchspec.com/images/lifestyle_WEBQ50/I_4153!@OUTDOOR.jpg
Monarch,I 4145.,Accent Table — White Indoor Or Outdoor,Living Room,Accent Tables,Not in supplier pricelist (likely discontinued),https://www.monarchspec.com/images/lifestyle_WEBQ50/I_4145!@OUTDOOR.jpg
Monarch,I 4161.,Accent Table — White Indoor Or Outdoor,Living Room,Accent Tables,Not in supplier pricelist (likely discontinued),https://www.monarchspec.com/images/lifestyle_WEBQ50/I_4161!@OUTDOOR.jpg
Monarch,I 2159.,Accent Table — White Marble / Black Corner Consol,Living Room,Accent Tables,Not in supplier pricelist (likely discontinued),https://www.monarchspec.com/images/lifestyle_WEBQ50/I_2159!@BEDROOM.jpg
Monarch,I 2255.,Accent Table — White Marble / Black Metal Console,Living Room,Accent Tables,Not in supplier pricelist (likely discontinued),https://www.monarchspec.com/images/lifestyle_WEBQ50/I_2255!@BEDROOM.jpg
Monarch,I 2221.,Accent Table — White Marble / Black Metal Console,Living Room,Accent Tables,Not in supplier pricelist (likely discontinued),https://www.monarchspec.com/images/lifestyle_WEBQ50/I_2221!@BEDROOM.jpg
Monarch,I 2112.,Accent Table — White Metal Hall Console,Living Room,Accent Tables,Not in supplier pricelist (likely discontinued),https://www.monarchspec.com/images/lifestyle_WEBQ50/I_2112!@BEDROOM.jpg
Monarch,I 1373.,Bench — Brown / Dark Brown Pu Seat,Living Room,Ottomans,Not in supplier pricelist (likely discontinued),https://www.monarchspec.com/images/lifestyle_WEBQ50/I_1373!@BEDROOM.jpg
Monarch,I 4501.,Bench — Dark Taupe Storage / Black Metal,Living Room,Ottomans,Not in supplier pricelist (likely discontinued),https://www.monarchspec.com/images/lifestyle_WEBQ50/I_4501!@BEDROOM.jpg
Monarch,I 1334.,Bench — Espresso / Black Pu Seat,Living Room,Ottomans,Not in supplier pricelist (likely discontinued),https://www.monarchspec.com/images/lifestyle_WEBQ50/I_1334!@BEDROOM.jpg
Monarch,I 1379.,Bench — Grey / Brown Fabric Seat,Living Room,Ottomans,Not in supplier pricelist (likely discontinued),https://www.monarchspec.com/images/lifestyle_WEBQ50/I_1379!@BEDROOM.jpg
Monarch,I 1377.,Bench — Grey / Cream Fabric Seat,Living Room,Ottomans,Not in supplier pricelist (likely discontinued),https://www.monarchspec.com/images/lifestyle_WEBQ50/I_1377!@BEDROOM.jpg
Monarch,I 4500.,Bench — Grey Storage / Black Metal,Living Room,Ottomans,Not in supplier pricelist (likely discontinued),https://www.monarchspec.com/images/lifestyle_WEBQ50/I_4500!@BEDROOM.jpg
Monarch,I 1266.,Bench — Upholstered Beige Fabric,Living Room,Ottomans,Not in supplier pricelist (likely discontinued),https://www.monarchspec.com/images/lifestyle_WEBQ50/I_1266!@BEDROOM.jpg
Monarch,I 8244,Bench — Upholstered Black Fabric,Living Room,Ottomans,Not in supplier pricelist (likely discontinued),https://www.monarchspec.com/images/lifestyle_WEBQ50/I_8244.jpg
Monarch,I 8245,Bench — Upholstered Brown Fabric,Living Room,Ottomans,Not in supplier pricelist (likely discontinued),https://www.monarchspec.com/images/lifestyle_WEBQ50/I_8245.jpg
Monarch,I 8242,Bench — Upholstered Cream Fabric,Living Room,Ottomans,Not in supplier pricelist (likely discontinued),https://www.monarchspec.com/images/lifestyle_WEBQ50/I_8242.jpg
Monarch,I 8221,Bench — Upholstered Dark Grey Fabric,Living Room,Ottomans,Not in supplier pricelist (likely discontinued),https://www.monarchspec.com/images/lifestyle_WEBQ50/I_8221.jpg
Monarch,I 1257.,Bench — Upholstered Grey Fabric,Living Room,Ottomans,Not in supplier pricelist (likely discontinued),https://www.monarchspec.com/images/lifestyle_WEBQ50/I_1257!@BEDROOM.jpg
Monarch,I 8243,Bench — Upholstered Grey Fabric,Living Room,Ottomans,Not in supplier pricelist (likely discontinued),https://www.monarchspec.com/images/lifestyle_WEBQ50/I_8243.jpg
Monarch,I 8246,Bench — Upholstered Grey Fabric,Living Room,Ottomans,Not in supplier pricelist (likely discontinued),https://www.monarchspec.com/images/lifestyle_WEBQ50/I_8246.jpg
Monarch,I 8222,Bench — Upholstered Light Brown Fabric,Living Room,Ottomans,Not in supplier pricelist (likely discontinued),https://www.monarchspec.com/images/lifestyle_WEBQ50/I_8222.jpg
Monarch,I 8226,Bench — Upholstered Light Brown Fabric,Living Room,Ottomans,Not in supplier pricelist (likely discontinued),https://www.monarchspec.com/images/lifestyle_WEBQ50/I_8226.jpg
Monarch,I 8225,Bench — Upholstered Light Grey Fabric,Living Room,Ottomans,Not in supplier pricelist (likely discontinued),https://www.monarchspec.com/images/lifestyle_WEBQ50/I_8225.jpg
Monarch,I 1433.,Bench — Washed Grey / Dark Grey Fabric,Living Room,Ottomans,Not in supplier pricelist (likely discontinued),https://www.monarchspec.com/images/lifestyle_WEBQ50/I_1433!@BEDROOM.jpg
Monarch,I 2819,Coffee Table — Black Metal,Living Room,Coffee Tables,Not in supplier pricelist (likely discontinued),https://www.monarchspec.com/images/lifestyle_WEBQ50/I_2819.jpg
Monarch,I 2866,Coffee Table — Black Wood-Look With 2 Drawers,Living Room,Coffee Tables,Not in supplier pricelist (likely discontinued),https://www.monarchspec.com/images/lifestyle_WEBQ50/I_2866.jpg
Monarch,I 3796,Coffee Table — Grey / Black Metal,Living Room,Coffee Tables,Not in supplier pricelist (likely discontinued),https://www.monarchspec.com/images/lifestyle_WEBQ50/I_3796.jpg
Monarch,I 2886,Coffee Table — Natural Oak-Look With A Bottom She,Living Room,Coffee Tables,Not in supplier pricelist (likely discontinued),https://www.monarchspec.com/images/lifestyle_WEBQ50/I_2886.jpg
Monarch,I 9013.,Ottoman — Natural Wood Legs,Living Room,Ottomans,Not in supplier pricelist (likely discontinued),https://www.monarchspec.com/images/lifestyle_WEBQ50/I_9013!@BEDROOM.jpg
Monarch,I 4030,Outdoor Chair — Set Of 4,Living Room,Chairs,Not in supplier pricelist (likely discontinued),https://www.monarchspec.com/images/lifestyle_WEBQ50/I_4030.jpg
Monarch,I 4031,Outdoor Chair — Set Of 4,Living Room,Chairs,Not in supplier pricelist (likely discontinued),https://www.monarchspec.com/images/lifestyle_WEBQ50/I_4031.jpg
Monarch,I 4032,Outdoor Chair — Set Of 4,Living Room,Chairs,Not in supplier pricelist (likely discontinued),https://www.monarchspec.com/images/lifestyle_WEBQ50/I_4032.jpg
Monarch,I 4033,Outdoor Chair — Set Of 4,Living Room,Chairs,Not in supplier pricelist (likely discontinued),https://www.monarchspec.com/images/lifestyle_WEBQ50/I_4033.jpg
Monarch,I 4034,Outdoor Chair — Set Of 4,Living Room,Chairs,Not in supplier pricelist (likely discontinued),https://www.monarchspec.com/images/lifestyle_WEBQ50/I_4034.jpg
Monarch,I 4052,"Outdoor Table — 32"" X 32"" Black Metal With Tempere",Living Room,Accent Tables,Not in supplier pricelist (likely discontinued),https://www.monarchspec.com/images/lifestyle_WEBQ50/I_4052.jpg
Monarch,I 4051,"Outdoor Table — 32"" X 32"" Grey Metal With Tempered",Living Room,Accent Tables,Not in supplier pricelist (likely discontinued),https://www.monarchspec.com/images/lifestyle_WEBQ50/I_4051.jpg
Monarch,I 4050,"Outdoor Table — 32"" X 32"" White Metal With Tempere",Living Room,Accent Tables,Not in supplier pricelist (likely discontinued),https://www.monarchspec.com/images/lifestyle_WEBQ50/I_4050.jpg
Monarch,I 4062,"Outdoor Table — 36"" X 60"" Black Metal With Tempere",Living Room,Accent Tables,Not in supplier pricelist (likely discontinued),https://www.monarchspec.com/images/lifestyle_WEBQ50/I_4062.jpg
Monarch,I 4061,"Outdoor Table — 36"" X 60"" Grey Metal With Tempered",Living Room,Accent Tables,Not in supplier pricelist (likely discontinued),https://www.monarchspec.com/images/lifestyle_WEBQ50/I_4061.jpg
Monarch,I 4060,"Outdoor Table — 36"" X 60"" White Metal With Tempere",Living Room,Accent Tables,Not in supplier pricelist (likely discontinued),https://www.monarchspec.com/images/lifestyle_WEBQ50/I_4060.jpg
Monarch,I 4057,"Outdoor Table — 48"" X 48"" Black Metal With Tempere",Living Room,Accent Tables,Not in supplier pricelist (likely discontinued),https://www.monarchspec.com/images/lifestyle_WEBQ50/I_4057.jpg
Monarch,I 4056,"Outdoor Table — 48"" X 48"" Grey Metal With Tempered",Living Room,Accent Tables,Not in supplier pricelist (likely discontinued),https://www.monarchspec.com/images/lifestyle_WEBQ50/I_4056.jpg
Monarch,I 4055,"Outdoor Table — 48"" X 48"" White Metal With Tempere",Living Room,Accent Tables,Not in supplier pricelist (likely discontinued),https://www.monarchspec.com/images/lifestyle_WEBQ50/I_4055.jpg
Monarch,8M31V04,Reclining Chair — Brown Vera #04,Living Room,Chairs,Not in supplier pricelist (likely discontinued),https://www.monarchspec.com/images/lifestyle_WEBQ50/8M31V04.jpg
Monarch,8M21K24,Reclining Chair — Charcoal Grey Kylie #24,Living Room,Chairs,Not in supplier pricelist (likely discontinued),https://www.monarchspec.com/images/lifestyle_WEBQ50/8M21K24.jpg
Monarch,8M31V16,Reclining Chair — Charcoal Grey Vera #16,Living Room,Chairs,Not in supplier pricelist (likely discontinued),https://www.monarchspec.com/images/lifestyle_WEBQ50/8M31V16.jpg
Monarch,8M31V13,Reclining Chair — Grey Vera #13,Living Room,Chairs,Not in supplier pricelist (likely discontinued),https://www.monarchspec.com/images/lifestyle_WEBQ50/8M31V13.jpg
Monarch,8P51T86,Reclining Chair — Usb Blue Taurus #86,Living Room,Chairs,Not in supplier pricelist (likely discontinued),https://www.monarchspec.com/images/lifestyle_WEBQ50/8P51T86.jpg
Monarch,I 8402,Reclining Chair — Usb Brown Lumos #31,Living Room,Chairs,Not in supplier pricelist (likely discontinued),https://www.monarchspec.com/images/lifestyle_WEBQ50/I_8402.jpg
Monarch,I 8407,Reclining Chair — Usb Brown Lumos #31,Living Room,Chairs,Not in supplier pricelist (likely discontinued),https://www.monarchspec.com/images/lifestyle_WEBQ50/I_8407.jpg
Monarch,8P61V38,Reclining Chair — Usb Brown Vinci #38,Living Room,Chairs,Not in supplier pricelist (likely discontinued),https://www.monarchspec.com/images/lifestyle_WEBQ50/8P61V38.jpg
Monarch,I 8401,Reclining Chair — Usb Grey Lumos #13,Living Room,Chairs,Not in supplier pricelist (likely discontinued),https://www.monarchspec.com/images/lifestyle_WEBQ50/I_8401.jpg
Monarch,I 8406,Reclining Chair — Usb Grey Lumos #13,Living Room,Chairs,Not in supplier pricelist (likely discontinued),https://www.monarchspec.com/images/lifestyle_WEBQ50/I_8406.jpg
Monarch,8P51T11,Reclining Chair — Usb Grey Taurus #11,Living Room,Chairs,Not in supplier pricelist (likely discontinued),https://www.monarchspec.com/images/lifestyle_WEBQ50/8P51T11.jpg
Monarch,8P61V14,Reclining Chair — Usb Grey Vinci #14,Living Room,Chairs,Not in supplier pricelist (likely discontinued),https://www.monarchspec.com/images/lifestyle_WEBQ50/8P61V14.jpg
Monarch,8P61V25,Reclining Chair — Usb Grey Vinci #25,Living Room,Chairs,Not in supplier pricelist (likely discontinued),https://www.monarchspec.com/images/lifestyle_WEBQ50/8P61V25.jpg
Monarch,I 8400,Reclining Chair — Usb Silver Lumos #10,Living Room,Chairs,Not in supplier pricelist (likely discontinued),https://www.monarchspec.com/images/lifestyle_WEBQ50/I_8400.jpg
Monarch,I 8405,Reclining Chair — Usb Silver Lumos #10,Living Room,Chairs,Not in supplier pricelist (likely discontinued),https://www.monarchspec.com/images/lifestyle_WEBQ50/I_8405.jpg
Monarch,8P51T27,Reclining Chair — Usb Tan Taurus #27,Living Room,Chairs,Not in supplier pricelist (likely discontinued),https://www.monarchspec.com/images/lifestyle_WEBQ50/8P51T27.jpg
Monarch,8M33V04,Reclining Sofa — Brown Fabric Vera #04,Living Room,Sofas,Not in supplier pricelist (likely discontinued),https://www.monarchspec.com/images/lifestyle_WEBQ50/8M33V04.jpg
Monarch,8M23K24,Reclining Sofa — Charcoal Grey Fabric Kylie #24,Living Room,Sofas,Not in supplier pricelist (likely discontinued),https://www.monarchspec.com/images/lifestyle_WEBQ50/8M23K24.jpg
Monarch,8M33V16,Reclining Sofa — Charcoal Grey Fabric Vera #16,Living Room,Sofas,Not in supplier pricelist (likely discontinued),https://www.monarchspec.com/images/lifestyle_WEBQ50/8M33V16.jpg
Monarch,8M33V13,Reclining Sofa — Grey Fabric Vera #13,Living Room,Sofas,Not in supplier pricelist (likely discontinued),https://www.monarchspec.com/images/lifestyle_WEBQ50/8M33V13.jpg
Monarch,8M23K06,Reclining Sofa — Light Brown Fabric Kylie #06,Living Room,Sofas,Not in supplier pricelist (likely discontinued),https://www.monarchspec.com/images/lifestyle_WEBQ50/8M23K06.jpg
Monarch,8M23K19,Reclining Sofa — Light Grey Fabric Kylie #19,Living Room,Sofas,Not in supplier pricelist (likely discontinued),https://www.monarchspec.com/images/lifestyle_WEBQ50/8M23K19.jpg
Monarch,8P53T86,Reclining Sofa — Usb - Blue Fabric Taurus #86,Living Room,Sofas,Not in supplier pricelist (likely discontinued),https://www.monarchspec.com/images/lifestyle_WEBQ50/8P53T86.jpg
Monarch,8P63V38,Reclining Sofa — Usb - Brown Fabric Vinci #38,Living Room,Sofas,Not in supplier pricelist (likely discontinued),https://www.monarchspec.com/images/lifestyle_WEBQ50/8P63V38.jpg
Monarch,8P53T11,Reclining Sofa — Usb - Grey Fabric Taurus #11,Living Room,Sofas,Not in supplier pricelist (likely discontinued),https://www.monarchspec.com/images/lifestyle_WEBQ50/8P53T11.jpg
Monarch,8P63V14,Reclining Sofa — Usb - Grey Fabric Vinci #14,Living Room,Sofas,Not in supplier pricelist (likely discontinued),https://www.monarchspec.com/images/lifestyle_WEBQ50/8P63V14.jpg
Monarch,8P63V25,Reclining Sofa — Usb - Grey Fabric Vinci #25,Living Room,Sofas,Not in supplier pricelist (likely discontinued),https://www.monarchspec.com/images/lifestyle_WEBQ50/8P63V25.jpg
Monarch,8P53T27,Reclining Sofa — Usb - Tan Fabric Taurus #27,Living Room,Sofas,Not in supplier pricelist (likely discontinued),https://www.monarchspec.com/images/lifestyle_WEBQ50/8P53T27.jpg
Monarch,I 2865,Tv Stand — Black Wood-Look With 2 Doors / Dra,Living Room,Tv Media,Not in supplier pricelist (likely discontinued),https://www.monarchspec.com/images/lifestyle_WEBQ50/I_2865.jpg
Monarch,I 2843,Tv Stand — Black Wood-Look With 4 Doors,Living Room,Tv Media,Not in supplier pricelist (likely discontinued),https://www.monarchspec.com/images/lifestyle_WEBQ50/I_2843.jpg
Monarch,I 2842,Tv Stand — Dark Brown Wood-Look With 4 Doors,Living Room,Tv Media,Not in supplier pricelist (likely discontinued),https://www.monarchspec.com/images/lifestyle_WEBQ50/I_2842.jpg
Monarch,I 2617,Tv Stand — Grey / Black Metal,Living Room,Tv Media,Not in supplier pricelist (likely discontinued),https://www.monarchspec.com/images/lifestyle_WEBQ50/I_2617.jpg
Monarch,I 2885,Tv Stand — Natural Oak-Look With 4 Doors,Living Room,Tv Media,Not in supplier pricelist (likely discontinued),https://www.monarchspec.com/images/lifestyle_WEBQ50/I_2885.jpg
Monarch,I 2818,Tv Stand — Travertine Marble-Look / 3 Drawers,Living Room,Tv Media,Not in supplier pricelist (likely discontinued),https://www.monarchspec.com/images/lifestyle_WEBQ50/I_2818.jpg
Monarch,I 3610.,Bookcase — Black / Black Metal Corner Etagere,Office,Bookcases,Not in supplier pricelist (likely discontinued),https://www.monarchspec.com/images/lifestyle_WEBQ50/I_3610!@BEDROOM.jpg
Monarch,I 3649.,Bookcase — Black / Black Metal Corner Etagere,Office,Bookcases,Not in supplier pricelist (likely discontinued),https://www.monarchspec.com/images/lifestyle_WEBQ50/I_3649!@BEDROOM.jpg
Monarch,I 2499.,Bookcase — Black Corner Accent Etagere,Office,Bookcases,Not in supplier pricelist (likely discontinued),https://www.monarchspec.com/images/lifestyle_WEBQ50/I_2499!@BEDROOM.jpg
Monarch,I 3650.,Bookcase — Black Marble / Black Metal Corner,Office,Bookcases,Not in supplier pricelist (likely discontinued),https://www.monarchspec.com/images/lifestyle_WEBQ50/I_3650!@BEDROOM.jpg
Monarch,I 3683.,Bookcase — Black Metal,Office,Bookcases,Not in supplier pricelist (likely discontinued),https://www.monarchspec.com/images/lifestyle_WEBQ50/I_3683!@BEDROOM.jpg
Monarch,I 2868,Bookcase — Black Wood-Look With 2 Doors,Office,Bookcases,Not in supplier pricelist (likely discontinued),https://www.monarchspec.com/images/lifestyle_WEBQ50/I_2868.jpg
Monarch,I 2469.,Bookcase — Brown Oak Corner Accent Etagere,Office,Bookcases,Not in supplier pricelist (likely discontinued),https://www.monarchspec.com/images/lifestyle_WEBQ50/I_2469!@BEDROOM.jpg
Monarch,I 2202.,Bookcase — Brown Reclaimed Wood-Look / Black ,Office,Bookcases,Not in supplier pricelist (likely discontinued),https://www.monarchspec.com/images/lifestyle_WEBQ50/I_2202!@BEDROOM.jpg
Monarch,I 2201.,Bookcase — Dark Taupe / Black Metal,Office,Bookcases,Not in supplier pricelist (likely discontinued),https://www.monarchspec.com/images/lifestyle_WEBQ50/I_2201!@BEDROOM.jpg
Monarch,I 7228.,Bookcase — Dark Taupe / Black Metal,Office,Bookcases,Not in supplier pricelist (likely discontinued),https://www.monarchspec.com/images/lifestyle_WEBQ50/I_7228!@BEDROOM.jpg
Monarch,I 7800.,Bookcase — Dark Taupe / Black Metal,Office,Bookcases,Not in supplier pricelist (likely discontinued),https://www.monarchspec.com/images/lifestyle_WEBQ50/I_7800!@BEDROOM.jpg
Monarch,I 7232.,Bookcase — Dark Taupe / Black Metal,Office,Bookcases,Not in supplier pricelist (likely discontinued),https://www.monarchspec.com/images/lifestyle_WEBQ50/I_7232!@BEDROOM.jpg
Monarch,I 3611.,Bookcase — Dark Taupe / Black Metal Corner Et,Office,Bookcases,Not in supplier pricelist (likely discontinued),https://www.monarchspec.com/images/lifestyle_WEBQ50/I_3611!@BEDROOM.jpg
Monarch,I 3621.,Bookcase — Dark Taupe / Black Metal Corner Et,Office,Bookcases,Not in supplier pricelist (likely discontinued),https://www.monarchspec.com/images/lifestyle_WEBQ50/I_3621!@BEDROOM.jpg
Monarch,I 3648.,Bookcase — Dark Taupe / Black Metal Corner Et,Office,Bookcases,Not in supplier pricelist (likely discontinued),https://www.monarchspec.com/images/lifestyle_WEBQ50/I_3648!@BEDROOM.jpg
Monarch,I 2428.,Bookcase — Dark Taupe Accent Etagere,Office,Bookcases,Not in supplier pricelist (likely discontinued),https://www.monarchspec.com/images/lifestyle_WEBQ50/I_2428!@BEDROOM.jpg
Monarch,I 2497.,Bookcase — Dark Taupe Corner Accent Etagere,Office,Bookcases,Not in supplier pricelist (likely discontinued),https://www.monarchspec.com/images/lifestyle_WEBQ50/I_2497!@BEDROOM.jpg
Monarch,I 2424.,Bookcase — Dark Taupe Corner Accent Etagere,Office,Bookcases,Not in supplier pricelist (likely discontinued),https://www.monarchspec.com/images/lifestyle_WEBQ50/I_2424!@BEDROOM.jpg
Monarch,I 2464.,Bookcase — Dark Walnut Corner Accent Etagere,Office,Bookcases,Not in supplier pricelist (likely discontinued),https://www.monarchspec.com/images/lifestyle_WEBQ50/I_2464!@BEDROOM.jpg
Monarch,I 3612.,Bookcase — Espresso / Black Metal Corner Etag,Office,Bookcases,Not in supplier pricelist (likely discontinued),https://www.monarchspec.com/images/lifestyle_WEBQ50/I_3612!@BEDROOM.jpg
Monarch,I 3622.,Bookcase — Espresso / Black Metal Corner Etag,Office,Bookcases,Not in supplier pricelist (likely discontinued),https://www.monarchspec.com/images/lifestyle_WEBQ50/I_3622!@BEDROOM.jpg
Monarch,I 3645.,Bookcase — Espresso / Black Metal Corner Etag,Office,Bookcases,Not in supplier pricelist (likely discontinued),https://www.monarchspec.com/images/lifestyle_WEBQ50/I_3645!@BEDROOM.jpg
Monarch,I 3617,Bookcase — Espresso / Black Metal Etagere,Office,Bookcases,Not in supplier pricelist (likely discontinued),https://www.monarchspec.com/images/lifestyle_WEBQ50/I_3617.jpg
Monarch,I 3617.,Bookcase — Espresso / Black Metal Etagere,Office,Bookcases,Not in supplier pricelist (likely discontinued),https://www.monarchspec.com/images/lifestyle_WEBQ50/I_3617!@BEDROOM.jpg
Monarch,I 7239.,Bookcase — Espresso / Silver Metal,Office,Bookcases,Not in supplier pricelist (likely discontinued),https://www.monarchspec.com/images/lifestyle_WEBQ50/I_7239!@BEDROOM.jpg
Monarch,I 2426.,Bookcase — Espresso Accent Etagere,Office,Bookcases,Not in supplier pricelist (likely discontinued),https://www.monarchspec.com/images/lifestyle_WEBQ50/I_2426!@BEDROOM.jpg
Monarch,I 2495.,Bookcase — Espresso Corner Accent Etagere,Office,Bookcases,Not in supplier pricelist (likely discontinued),https://www.monarchspec.com/images/lifestyle_WEBQ50/I_2495!@BEDROOM.jpg
Monarch,I 2765.,Bookcase — Espresso Corner Etagere W/ Drawer,Office,Bookcases,Not in supplier pricelist (likely discontinued),https://www.monarchspec.com/images/lifestyle_WEBQ50/I_2765!@BEDROOM.jpg
Monarch,I 2542.,Bookcase — Espresso Ladder W/ 2 Storage Drawe,Office,Bookcases,Not in supplier pricelist (likely discontinued),https://www.monarchspec.com/images/lifestyle_WEBQ50/I_2542!@BEDROOM.jpg
Monarch,I 2200.,Bookcase — Grey / Black Metal,Office,Bookcases,Not in supplier pricelist (likely discontinued),https://www.monarchspec.com/images/lifestyle_WEBQ50/I_2200!@BEDROOM.jpg
Monarch,I 3647.,Bookcase — Grey / Black Metal Corner Etagere,Office,Bookcases,Not in supplier pricelist (likely discontinued),https://www.monarchspec.com/images/lifestyle_WEBQ50/I_3647!@BEDROOM.jpg
Monarch,I 2750.,Bookcase — Grey-Black Corner Accent Etagere,Office,Bookcases,Not in supplier pricelist (likely discontinued),https://www.monarchspec.com/images/lifestyle_WEBQ50/I_2750!@BEDROOM.jpg
Monarch,I 2756.,Bookcase — Grey-White Ladder With 2 Storage D,Office,Bookcases,Not in supplier pricelist (likely discontinued),https://www.monarchspec.com/images/lifestyle_WEBQ50/I_2756!@BEDROOM.jpg
Monarch,I 2433.,Bookcase — Industrial Grey Corner Accent Etag,Office,Bookcases,Not in supplier pricelist (likely discontinued),https://www.monarchspec.com/images/lifestyle_WEBQ50/I_2433!@BEDROOM.jpg
Monarch,I 3684.,Bookcase — Ladder Black Marble / Black Metal,Office,Bookcases,Not in supplier pricelist (likely discontinued),https://www.monarchspec.com/images/lifestyle_WEBQ50/I_3684!@BEDROOM.jpg
Monarch,I 3685.,Bookcase — Ladder White Marble / Black Metal,Office,Bookcases,Not in supplier pricelist (likely discontinued),https://www.monarchspec.com/images/lifestyle_WEBQ50/I_3685!@BEDROOM.jpg
Monarch,I 2888,Bookcase — Natural Oak-Look With 2 Doors,Office,Bookcases,Not in supplier pricelist (likely discontinued),https://www.monarchspec.com/images/lifestyle_WEBQ50/I_2888.jpg
Monarch,I 7158.,Bookcase — Silver Metal With Tempered Glass,Office,Bookcases,Not in supplier pricelist (likely discontinued),https://www.monarchspec.com/images/lifestyle_WEBQ50/I_7158!@BEDROOM.jpg
Monarch,I 7233.,Bookcase — White / Silver Metal,Office,Bookcases,Not in supplier pricelist (likely discontinued),https://www.monarchspec.com/images/lifestyle_WEBQ50/I_7233!@BEDROOM.jpg
Monarch,I 7801.,Bookcase — White / White Metal,Office,Bookcases,Not in supplier pricelist (likely discontinued),https://www.monarchspec.com/images/lifestyle_WEBQ50/I_7801!@BEDROOM.jpg
Monarch,I 3613.,Bookcase — White / White Metal Corner Etagere,Office,Bookcases,Not in supplier pricelist (likely discontinued),https://www.monarchspec.com/images/lifestyle_WEBQ50/I_3613!@BEDROOM.jpg
Monarch,I 3623.,Bookcase — White / White Metal Corner Etagere,Office,Bookcases,Not in supplier pricelist (likely discontinued),https://www.monarchspec.com/images/lifestyle_WEBQ50/I_3623!@BEDROOM.jpg
Monarch,I 3665.,Bookcase — White / White Metal Corner Etagere,Office,Bookcases,Not in supplier pricelist (likely discontinued),https://www.monarchspec.com/images/lifestyle_WEBQ50/I_3665!@BEDROOM.jpg
Monarch,I 2427.,Bookcase — White Accent Etagere,Office,Bookcases,Not in supplier pricelist (likely discontinued),https://www.monarchspec.com/images/lifestyle_WEBQ50/I_2427!@BEDROOM.jpg
Monarch,I 2496.,Bookcase — White Corner Accent Etagere,Office,Bookcases,Not in supplier pricelist (likely discontinued),https://www.monarchspec.com/images/lifestyle_WEBQ50/I_2496!@BEDROOM.jpg
Monarch,I 2425.,Bookcase — White Corner Accent Etagere,Office,Bookcases,Not in supplier pricelist (likely discontinued),https://www.monarchspec.com/images/lifestyle_WEBQ50/I_2425!@BEDROOM.jpg
Monarch,I 2562.,Bookcase — White Ladder With 2 Storage Drawer,Office,Bookcases,Not in supplier pricelist (likely discontinued),https://www.monarchspec.com/images/lifestyle_WEBQ50/I_2562!@BEDROOM.jpg
Monarch,I 3651.,Bookcase — White Marble / Black Metal Corner,Office,Bookcases,Not in supplier pricelist (likely discontinued),https://www.monarchspec.com/images/lifestyle_WEBQ50/I_3651!@BEDROOM.jpg
Monarch,I 3687.,Bookcase — White Metal,Office,Bookcases,Not in supplier pricelist (likely discontinued),https://www.monarchspec.com/images/lifestyle_WEBQ50/I_3687!@BEDROOM.jpg
Monarch,I 7159.,Bookcase — White Metal With Tempered Glass,Office,Bookcases,Not in supplier pricelist (likely discontinued),https://www.monarchspec.com/images/lifestyle_WEBQ50/I_7159!@BEDROOM.jpg
Monarch,I 7191.,Computer Desk — Dark Taupe With A Storage Drawer,Office,Desks,Not in supplier pricelist (likely discontinued),https://www.monarchspec.com/images/lifestyle_WEBQ50/I_7191!@ACCENTS.jpg
Monarch,I 7190.,Computer Desk — Espresso With A Storage Drawer,Office,Desks,Not in supplier pricelist (likely discontinued),https://www.monarchspec.com/images/lifestyle_WEBQ50/I_7190!@ACCENTS.jpg
Monarch,I 7192.,Computer Desk — Grey With A Storage Drawer,Office,Desks,Not in supplier pricelist (likely discontinued),https://www.monarchspec.com/images/lifestyle_WEBQ50/I_7192!@ACCENTS.jpg
Sofa by Fancy,SF-3825,1636 Huttwill Chocolate,Decor,Decor Objects,No pricelist from this supplier yet,https://sofabyfancy.com/wp-content/uploads/2026/07/1636-Huttwill-Chocolate-3Pc-Set-Room-copy-scaled-1.jpg
Sofa by Fancy,SF-3539,1636 Huttwill Iron,Decor,Decor Objects,No pricelist from this supplier yet,https://sofabyfancy.com/wp-content/uploads/2026/07/1636-Huttwill-Iron.jpg
Sofa by Fancy,SF-3830,1683 Arbour Grey,Decor,Decor Objects,No pricelist from this supplier yet,https://sofabyfancy.com/wp-content/uploads/2026/07/1683-Arbour-Grey-1.jpg
Sofa by Fancy,SF-3834,1699 El Iron,Decor,Decor Objects,No pricelist from this supplier yet,https://sofabyfancy.com/wp-content/uploads/2026/07/1699-El-Iron-1.jpg
Sofa by Fancy,SF-3832,1699 El Khaki,Decor,Decor Objects,No pricelist from this supplier yet,https://sofabyfancy.com/wp-content/uploads/2026/07/1699-El-Khaki-1.jpg
Sofa by Fancy,SF-3850,1775 Lyons Charcoal,Decor,Decor Objects,No pricelist from this supplier yet,https://sofabyfancy.com/wp-content/uploads/2026/07/1775-Lyons-Charcoal-1.jpg
Sofa by Fancy,SF-3647,1775 Lyons Slate,Decor,Decor Objects,No pricelist from this supplier yet,https://sofabyfancy.com/wp-content/uploads/2026/07/1775-Lyons-Slate-Room.jpg
Sofa by Fancy,SF-4001,2241 Velva Grey,Decor,Decor Objects,No pricelist from this supplier yet,https://sofabyfancy.com/wp-content/uploads/2026/07/2241-Velva-Grey.jpg
Sofa by Fancy,SF-3561,2268 Cadenza,Decor,Decor Objects,No pricelist from this supplier yet,https://sofabyfancy.com/wp-content/uploads/2026/07/2268-Fabric-product.jpg
Sofa by Fancy,SF-3564,2269 Brighton,Decor,Decor Objects,No pricelist from this supplier yet,https://sofabyfancy.com/wp-content/uploads/2026/07/2269-Fabric-product.jpg
Sofa by Fancy,SF-3573,2555 Addison,Decor,Decor Objects,No pricelist from this supplier yet,https://sofabyfancy.com/wp-content/uploads/2026/07/2555-Fabric-product.jpg
Sofa by Fancy,SF-4013,2559 Musone Olive,Decor,Decor Objects,No pricelist from this supplier yet,https://sofabyfancy.com/wp-content/uploads/2026/07/musone-olive-1.jpg
Sofa by Fancy,SF-3549,2644,Decor,Decor Objects,No pricelist from this supplier yet,https://sofabyfancy.com/wp-content/uploads/2026/07/2644-Fabric-product.jpg
Sofa by Fancy,SF-4049,2935,Decor,Decor Objects,No pricelist from this supplier yet,https://sofabyfancy.com/wp-content/uploads/2026/07/2935-1.jpg
Sofa by Fancy,SF-4032,2955,Decor,Decor Objects,No pricelist from this supplier yet,https://sofabyfancy.com/wp-content/uploads/2026/07/2955-1.jpg
Sofa by Fancy,SF-4039,2985,Decor,Decor Objects,No pricelist from this supplier yet,https://sofabyfancy.com/wp-content/uploads/2026/07/2985-1.jpg
Sofa by Fancy,SF-4044,2995,Decor,Decor Objects,No pricelist from this supplier yet,https://sofabyfancy.com/wp-content/uploads/2026/07/2995-1.jpg
Sofa by Fancy,SF-3639,3003 Erin,Decor,Decor Objects,No pricelist from this supplier yet,https://sofabyfancy.com/wp-content/uploads/2026/07/3003-Fabric-product-1.jpg
Sofa by Fancy,SF-3641,3009 Fowler,Decor,Decor Objects,No pricelist from this supplier yet,https://sofabyfancy.com/wp-content/uploads/2026/07/3009-Fabric-product-1.jpg
Sofa by Fancy,SF-3340,4000,Decor,Decor Objects,No pricelist from this supplier yet,https://sofabyfancy.com/wp-content/uploads/2026/07/4000_product_image.jpg
Sofa by Fancy,SF-3692,4000 Neptune Umber,Decor,Decor Objects,No pricelist from this supplier yet,https://sofabyfancy.com/wp-content/uploads/2026/07/4000.png
Sofa by Fancy,SF-3937,4060 Zurick Brown,Decor,Decor Objects,No pricelist from this supplier yet,https://sofabyfancy.com/wp-content/uploads/2026/07/4060-Zurick-Brown-1.jpg
Sofa by Fancy,SF-3935,4060 Zurick Merlot,Decor,Decor Objects,No pricelist from this supplier yet,https://sofabyfancy.com/wp-content/uploads/2026/07/4060-Zurick-Merlot-1.jpg
Sofa by Fancy,SF-3352,4070 Missouri Brown / Pampa Chocolate,Decor,Decor Objects,No pricelist from this supplier yet,https://sofabyfancy.com/wp-content/uploads/2026/07/4070_legacy_product_image.jpg
Sofa by Fancy,SF-3701,4145 Flair 140,Decor,Decor Objects,No pricelist from this supplier yet,https://sofabyfancy.com/wp-content/uploads/2026/07/4145-Flair-140-1.jpg
Sofa by Fancy,SF-3839,4145 Flair 60,Decor,Decor Objects,No pricelist from this supplier yet,https://sofabyfancy.com/wp-content/uploads/2026/07/4145-Flair-60-1.jpg
Sofa by Fancy,SF-3941,4145 Zurick Bisque,Decor,Decor Objects,No pricelist from this supplier yet,https://sofabyfancy.com/wp-content/uploads/2026/07/4145-Zurick-Bisque-1.jpg
Sofa by Fancy,SF-3943,4145 Zurick Black,Decor,Decor Objects,No pricelist from this supplier yet,https://sofabyfancy.com/wp-content/uploads/2026/07/4145-Zurick-Black-2.jpg
Sofa by Fancy,SF-3862,4150 Wade Coffee,Decor,Decor Objects,No pricelist from this supplier yet,https://sofabyfancy.com/wp-content/uploads/2026/07/4150-WADE-Coffee-1.jpg
Sofa by Fancy,SF-3355,4150 Wade Dove,Decor,Decor Objects,No pricelist from this supplier yet,https://sofabyfancy.com/wp-content/uploads/2026/07/4150-wade-Dove.jpg
Sofa by Fancy,SF-3866,4316 Gibson Graphite,Decor,Decor Objects,No pricelist from this supplier yet,https://sofabyfancy.com/wp-content/uploads/2026/07/4316-Gibson-Graphite-1.jpg
Sofa by Fancy,SF-3200,4316 Gibson Silver,Decor,Decor Objects,No pricelist from this supplier yet,https://sofabyfancy.com/wp-content/uploads/2026/07/4316-Gibson-Silver.jpg
Sofa by Fancy,SF-3575,4325 Roma Cocoa,Decor,Decor Objects,No pricelist from this supplier yet,https://sofabyfancy.com/wp-content/uploads/2026/07/4325-Roma-Cocoa.jpg
Sofa by Fancy,SF-3871,4325 Roma Platinum,Decor,Decor Objects,No pricelist from this supplier yet,https://sofabyfancy.com/wp-content/uploads/2026/07/4325-Roma-Platinum-1.jpg
Sofa by Fancy,SF-3884,4328 Concan Charcoal,Decor,Decor Objects,No pricelist from this supplier yet,https://sofabyfancy.com/wp-content/uploads/2026/07/4328-Concan-Charcoal-1.jpg
Sofa by Fancy,SF-3198,4328 Concan Grey,Decor,Decor Objects,No pricelist from this supplier yet,https://sofabyfancy.com/wp-content/uploads/2026/07/4328-Concan-Grey.jpg
Sofa by Fancy,SF-3581,4352 Austin,Decor,Decor Objects,No pricelist from this supplier yet,https://sofabyfancy.com/wp-content/uploads/2026/07/4352-Fabric-product.jpg
Sofa by Fancy,SF-3946,4375 Zurick Buff,Decor,Decor Objects,No pricelist from this supplier yet,https://sofabyfancy.com/wp-content/uploads/2026/07/4375-Zurick-Buff-1.jpg
Sofa by Fancy,SF-3687,4375 Zurick Chocolate,Decor,Decor Objects,No pricelist from this supplier yet,https://sofabyfancy.com/wp-content/uploads/2026/07/4375-Zurick-Chocolate-1.jpg
Sofa by Fancy,SF-3888,4383 Pennylane Anthracite,Decor,Decor Objects,No pricelist from this supplier yet,https://sofabyfancy.com/wp-content/uploads/2026/07/4383-Pennylane-Anthracite-1.jpg
Sofa by Fancy,SF-3196,4383 Pennylane Silver,Decor,Decor Objects,No pricelist from this supplier yet,https://sofabyfancy.com/wp-content/uploads/2026/07/4383-Pennylane-Silver.jpg
Sofa by Fancy,SF-3518,4392 Kalmar Charcoal,Decor,Decor Objects,No pricelist from this supplier yet,https://sofabyfancy.com/wp-content/uploads/2026/07/4392-Kalmar-Charcoal.jpg
Sofa by Fancy,SF-3194,4392 Kalmar Chocolate,Decor,Decor Objects,No pricelist from this supplier yet,https://sofabyfancy.com/wp-content/uploads/2026/07/4392-Kalmar-Chocolate.jpg
Sofa by Fancy,SF-3950,4392 Zurick Black,Decor,Decor Objects,No pricelist from this supplier yet,https://sofabyfancy.com/wp-content/uploads/2026/07/4392-Zurick-Black-1.jpg
Sofa by Fancy,SF-5005,4392 Zurick Chocolate,Decor,Decor Objects,No pricelist from this supplier yet,https://sofabyfancy.com/wp-content/uploads/2026/07/4392-Zurick-Chocolate-1.jpg
Sofa by Fancy,SF-3521,4395 Trapeze 60,Decor,Decor Objects,No pricelist from this supplier yet,https://sofabyfancy.com/wp-content/uploads/2026/07/4395-Trapezze-6.jpg
Sofa by Fancy,SF-5006,4395 Zurick Cranberry-No Nails,Decor,Decor Objects,No pricelist from this supplier yet,https://sofabyfancy.com/wp-content/uploads/2026/07/4395.png
Sofa by Fancy,SF-3954,4395 Zurick Grey-No Nails,Decor,Decor Objects,No pricelist from this supplier yet,https://sofabyfancy.com/wp-content/uploads/2026/07/4395-Zurick-Grey.png
Sofa by Fancy,SF-3585,4414 Durant Coin,Decor,Decor Objects,No pricelist from this supplier yet,https://sofabyfancy.com/wp-content/uploads/2026/07/4414-Durant-Coin-1.jpg
Sofa by Fancy,SF-3191,4414 Durant Grey,Decor,Decor Objects,No pricelist from this supplier yet,https://sofabyfancy.com/wp-content/uploads/2026/07/4414-Durant-Grey.jpg
Sofa by Fancy,SF-3960,4414 Zurick Ice,Decor,Decor Objects,No pricelist from this supplier yet,https://sofabyfancy.com/wp-content/uploads/2026/07/4414-Zurick-Ice.jpg
Sofa by Fancy,SF-5007,4414 Zurick Navy,Decor,Decor Objects,No pricelist from this supplier yet,https://sofabyfancy.com/wp-content/uploads/2026/07/4414-Zurick-Navy-1.jpg
Sofa by Fancy,SF-3526,4415 Bedford Brown (With Nails),Decor,Decor Objects,No pricelist from this supplier yet,https://sofabyfancy.com/wp-content/uploads/2026/07/4415-Leather-product-1.jpg
Sofa by Fancy,SF-3897,4415 Bedford Oat (With Nails),Decor,Decor Objects,No pricelist from this supplier yet,https://sofabyfancy.com/wp-content/uploads/2026/07/4415-Bedford-Oat-1.jpg
Sofa by Fancy,SF-3899,4415 Beehive Smoke (Without Nails),Decor,Decor Objects,No pricelist from this supplier yet,https://sofabyfancy.com/wp-content/uploads/2026/07/4415-Beehive-Smoke-1.jpg
Sofa by Fancy,SF-3528,4416 Rayado Charcoal,Decor,Decor Objects,No pricelist from this supplier yet,https://sofabyfancy.com/wp-content/uploads/2026/07/4416-Rayado-Charcoal.jpg
Sofa by Fancy,SF-3589,4416 Rayado Smoke,Decor,Decor Objects,No pricelist from this supplier yet,https://sofabyfancy.com/wp-content/uploads/2026/07/4416-Rayado-Smoke-2.jpg
Sofa by Fancy,SF-3189,4424 Svalbard Mocha,Decor,Decor Objects,No pricelist from this supplier yet,https://sofabyfancy.com/wp-content/uploads/2026/07/4424_product_image.jpg
Sofa by Fancy,SF-3908,4424 Svalbard Slate,Decor,Decor Objects,No pricelist from this supplier yet,https://sofabyfancy.com/wp-content/uploads/2026/07/4424-Svalbard-Slate-1.jpg
Sofa by Fancy,SF-3912,4442 Harman Grey,Decor,Decor Objects,No pricelist from this supplier yet,https://sofabyfancy.com/wp-content/uploads/2026/07/4442-Harman-Grey-1.jpg
Sofa by Fancy,SF-3910,4442 Harman Spruce,Decor,Decor Objects,No pricelist from this supplier yet,https://sofabyfancy.com/wp-content/uploads/2026/07/4442-Harman-Spruce-1.jpg
Sofa by Fancy,SF-3551,4445,Decor,Decor Objects,No pricelist from this supplier yet,https://sofabyfancy.com/wp-content/uploads/2026/07/4445-Fabric-product-1.jpg
Sofa by Fancy,SF-4016,4472 Whisper 62,Decor,Decor Objects,No pricelist from this supplier yet,https://sofabyfancy.com/wp-content/uploads/2026/07/whisper-32-1.jpg
Sofa by Fancy,SF-3914,4475 Troy 210,Decor,Decor Objects,No pricelist from this supplier yet,https://sofabyfancy.com/wp-content/uploads/2026/07/4475-Troy-210-1.jpg
Sofa by Fancy,SF-3916,4475 Troy 60,Decor,Decor Objects,No pricelist from this supplier yet,https://sofabyfancy.com/wp-content/uploads/2026/07/4475-Troy-60-1.jpg
Sofa by Fancy,SF-3501,4800,Decor,Decor Objects,No pricelist from this supplier yet,https://sofabyfancy.com/wp-content/uploads/2026/07/4800-Leather-product.jpg
Sofa by Fancy,SF-3690,4800 Havana,Decor,Decor Objects,No pricelist from this supplier yet,https://sofabyfancy.com/wp-content/uploads/2026/07/4800-HAVANA.jpg
Sofa by Fancy,SF-3965,4800 Zurick Black,Decor,Decor Objects,No pricelist from this supplier yet,https://sofabyfancy.com/wp-content/uploads/2026/07/4800-ZURICK-BLACK.png
Sofa by Fancy,SF-3967,4800 Zurick Chocolate,Decor,Decor Objects,No pricelist from this supplier yet,https://sofabyfancy.com/wp-content/uploads/2026/07/4800-ZURICK-BROWN.png
Sofa by Fancy,SF-3920,5000 Albia Cranberry,Decor,Decor Objects,No pricelist from this supplier yet,https://sofabyfancy.com/wp-content/uploads/2026/07/5000-albia-cranberry-1-1.jpg
Sofa by Fancy,SF-3918,5000 Albia Steel Grey,Decor,Decor Objects,No pricelist from this supplier yet,https://sofabyfancy.com/wp-content/uploads/2026/07/5000-steel-grey-1-1.jpg
Sofa by Fancy,SF-3971,5000 Zurick Chocolate,Decor,Decor Objects,No pricelist from this supplier yet,https://sofabyfancy.com/wp-content/uploads/2026/07/5000-Zurick-Chocolate-1.jpg
Sofa by Fancy,SF-3973,5000 Zurick Grey,Decor,Decor Objects,No pricelist from this supplier yet,https://sofabyfancy.com/wp-content/uploads/2026/07/5000-zuric-grey-1.jpg
Sofa by Fancy,SF-3977,5509 Florance Wood,Decor,Decor Objects,No pricelist from this supplier yet,https://sofabyfancy.com/wp-content/uploads/2026/07/5509-Florance-Wood-1.jpg
Sofa by Fancy,SF-3186,5509 Megan,Decor,Decor Objects,No pricelist from this supplier yet,https://sofabyfancy.com/wp-content/uploads/2026/07/5509_product_image.jpg
Sofa by Fancy,SF-3979,5543 Zurick Slate,Decor,Decor Objects,No pricelist from this supplier yet,https://sofabyfancy.com/wp-content/uploads/2026/07/5543-Zurick-Slate-1-1.jpg
Sofa by Fancy,SF-3981,5543 Zurick Steelgrey,Decor,Decor Objects,No pricelist from this supplier yet,https://sofabyfancy.com/wp-content/uploads/2026/07/5543-STEEL-GREY.png
Sofa by Fancy,SF-3608,5545 Sama Silver,Decor,Decor Objects,No pricelist from this supplier yet,https://sofabyfancy.com/wp-content/uploads/2026/07/5545-Shanti.jpg
Sofa by Fancy,SF-3184,5557 Bella,Decor,Decor Objects,No pricelist from this supplier yet,https://sofabyfancy.com/wp-content/uploads/2026/07/5557_product_image.jpg
Sofa by Fancy,SF-5010,5557 Florance Fossil,Decor,Decor Objects,No pricelist from this supplier yet,https://sofabyfancy.com/wp-content/uploads/2026/07/5557-Florance-Fossil-1.jpg
Sofa by Fancy,SF-3985,5557 Florance Linen,Decor,Decor Objects,No pricelist from this supplier yet,https://sofabyfancy.com/wp-content/uploads/2026/07/5557-Florance-Linen-1.jpg
Sofa by Fancy,SF-3613,6050 Lovey’s Mocha,Decor,Decor Objects,No pricelist from this supplier yet,https://sofabyfancy.com/wp-content/uploads/2026/07/6050-Loveys-Mocha-1.jpg
Sofa by Fancy,SF-3925,6050 Lovey’s Pewter,Decor,Decor Objects,No pricelist from this supplier yet,https://sofabyfancy.com/wp-content/uploads/2026/07/6050-Loveys-Pewter-1.jpg
Sofa by Fancy,SF-3992,7557 Zurick Chocolate,Decor,Decor Objects,No pricelist from this supplier yet,https://sofabyfancy.com/wp-content/uploads/2026/07/7557-Zurick-Chocolate.png
Sofa by Fancy,SF-3664,8350 Heather,Decor,Decor Objects,No pricelist from this supplier yet,https://sofabyfancy.com/wp-content/uploads/2026/07/8350-Heather.jpg
Sofa by Fancy,SF-3656,9555 Sorrento,Decor,Decor Objects,No pricelist from this supplier yet,https://sofabyfancy.com/wp-content/uploads/2026/07/9555-SORRENTO-1-1.jpg
Sofa by Fancy,SF-3930,9559 Zesus Fawn,Decor,Decor Objects,No pricelist from this supplier yet,https://sofabyfancy.com/wp-content/uploads/2026/07/9559-Zesus-Fawn-1.jpg
Sofa by Fancy,SF-3182,9559 Zesus Silver,Decor,Decor Objects,No pricelist from this supplier yet,https://sofabyfancy.com/wp-content/uploads/2026/07/9559-Zesus-Silver.jpg
Sofa by Fancy,SF-3466,9909 Avanti,Decor,Decor Objects,No pricelist from this supplier yet,https://sofabyfancy.com/wp-content/uploads/2026/07/9909-Sectional-product.jpg
Sofa by Fancy,SF-3855,1775 Lyons Charcoal,Living Room,Sectionals,No pricelist from this supplier yet,https://sofabyfancy.com/wp-content/uploads/2026/07/1775-Lyons-Charcoal.jpg
Sofa by Fancy,SF-3852,1775 Lyons Slate,Living Room,Sectionals,No pricelist from this supplier yet,https://sofabyfancy.com/wp-content/uploads/2026/07/1775-Lyons-Slate.png
Sofa by Fancy,SF-4731,2000 Glamour 70,Living Room,Chairs,No pricelist from this supplier yet,https://sofabyfancy.com/wp-content/uploads/2026/07/2000-glamour-70.jpg
Sofa by Fancy,SF-3349,2002 NIAGARA / 2003 LUXY,Living Room,Chairs,No pricelist from this supplier yet,https://sofabyfancy.com/wp-content/uploads/2026/07/2002_product_image-1.jpg
Sofa by Fancy,SF-4734,2004 Brianna Night,Living Room,Chairs,No pricelist from this supplier yet,https://sofabyfancy.com/wp-content/uploads/2026/07/2004-Brianna-Night.jpg
Sofa by Fancy,SF-5020,2008 Paradiso Fondue,Living Room,Chairs,No pricelist from this supplier yet,https://sofabyfancy.com/wp-content/uploads/2026/07/2008-PARADISO-FONDUE.png
Sofa by Fancy,SF-4736,2009 Catalyst 91 Flannel,Living Room,Chairs,No pricelist from this supplier yet,https://sofabyfancy.com/wp-content/uploads/2026/07/2009-Catalyst-91-Flannel.jpg
Sofa by Fancy,SF-3623,2015 Brayden,Living Room,Chairs,No pricelist from this supplier yet,https://sofabyfancy.com/wp-content/uploads/2026/07/2015-Fabric-product-1.jpg
Sofa by Fancy,SF-4738,2022 Osage Umber,Living Room,Chairs,No pricelist from this supplier yet,https://sofabyfancy.com/wp-content/uploads/2026/07/2022-Osage-Umber.jpg
Sofa by Fancy,SF-4740,2023 Paradiso Cappacino,Living Room,Chairs,No pricelist from this supplier yet,https://sofabyfancy.com/wp-content/uploads/2026/07/2023-Paradiso-Cappacino.jpg
Sofa by Fancy,SF-4742,2028 Glamour 68,Living Room,Chairs,No pricelist from this supplier yet,https://sofabyfancy.com/wp-content/uploads/2026/07/2028-Glamour-68.jpg
Sofa by Fancy,SF-4744,2038 Evora Silver,Living Room,Chairs,No pricelist from this supplier yet,https://sofabyfancy.com/wp-content/uploads/2026/07/2038-Evora-Silver.jpg
Sofa by Fancy,SF-4846,2039 CHAIR,Living Room,Chairs,No pricelist from this supplier yet,https://sofabyfancy.com/wp-content/uploads/2026/07/2039-Chair-with-Baseline.jpg
Sofa by Fancy,SF-4817,2052 Zurick Steel Grey,Living Room,Chairs,No pricelist from this supplier yet,https://sofabyfancy.com/wp-content/uploads/2026/07/2052-Zurick-Steel-Grey.jpg
Sofa by Fancy,SF-4747,2060 Mia Oyester,Living Room,Chairs,No pricelist from this supplier yet,https://sofabyfancy.com/wp-content/uploads/2026/07/2060-Mia-Oyester.jpg
Sofa by Fancy,SF-3635,2064 CUDDLER,Living Room,Chairs,No pricelist from this supplier yet,https://sofabyfancy.com/wp-content/uploads/2026/07/2064-Fabric-product-1.jpg
Sofa by Fancy,SF-3637,2065 Skyler,Living Room,Chairs,No pricelist from this supplier yet,https://sofabyfancy.com/wp-content/uploads/2026/07/2065-Fabric-product-1.jpg
Sofa by Fancy,SF-4820,2067 Teddy White,Living Room,Chairs,No pricelist from this supplier yet,https://sofabyfancy.com/wp-content/uploads/2026/07/2067-Teddy-White.jpg
Sofa by Fancy,SF-4823,2102 SWIVEL Uni White,Living Room,Chairs,No pricelist from this supplier yet,https://sofabyfancy.com/wp-content/uploads/2026/07/2102-Uni-White.jpg
Sofa by Fancy,SF-4825,2104 Swivel Sippy White,Living Room,Chairs,No pricelist from this supplier yet,https://sofabyfancy.com/wp-content/uploads/2026/07/2104-Swivel-Sippy-White.jpg
Sofa by Fancy,SF-4828,2105 Rocker Swivel Andrea Grey,Living Room,Chairs,No pricelist from this supplier yet,https://sofabyfancy.com/wp-content/uploads/2026/07/2105-Rocker-Swivel-Andrea-Grey.jpg
Sofa by Fancy,SF-4749,2106-2107-Rocker,Living Room,Chairs,No pricelist from this supplier yet,https://sofabyfancy.com/wp-content/uploads/2026/07/2106-2107-Rocker.jpg
Sofa by Fancy,SF-4751,2109 Swivel PREMIUM AQUA,Living Room,Chairs,No pricelist from this supplier yet,https://sofabyfancy.com/wp-content/uploads/2026/07/2109-Swivel.jpg
Sofa by Fancy,SF-4244,2297 Andrea Cream,Living Room,Living Sets,No pricelist from this supplier yet,https://sofabyfancy.com/wp-content/uploads/2026/07/2297-full-set-1.jpg
Sofa by Fancy,SF-4213,2301 Mia Oyester,Living Room,Living Sets,No pricelist from this supplier yet,https://sofabyfancy.com/wp-content/uploads/2026/07/2301-mia-oyster-1.jpg
Sofa by Fancy,SF-4753,2402 Trival Raven,Living Room,Chairs,No pricelist from this supplier yet,https://sofabyfancy.com/wp-content/uploads/2026/07/2402-Trival-Raven.jpg
Sofa by Fancy,SF-4757,2403 ISLAY APPLE/MIA 102 CORAL,Living Room,Chairs,No pricelist from this supplier yet,https://sofabyfancy.com/wp-content/uploads/2026/07/2403.jpg
Sofa by Fancy,SF-4830,2404 Butterfly Steel,Living Room,Chairs,No pricelist from this supplier yet,https://sofabyfancy.com/wp-content/uploads/2026/07/2404-Butterfly-Steel.jpg
Sofa by Fancy,SF-4832,2405 Ferrari 14 Blue,Living Room,Chairs,No pricelist from this supplier yet,https://sofabyfancy.com/wp-content/uploads/2026/07/2405-Ferrari-14-Blue.jpg
Sofa by Fancy,SF-4759,2406 Surprise Mustard,Living Room,Chairs,No pricelist from this supplier yet,https://sofabyfancy.com/wp-content/uploads/2026/07/2406-Surprise-Mustard.jpg
Sofa by Fancy,SF-4120,2521 Paradiso Lead,Living Room,Living Sets,No pricelist from this supplier yet,https://sofabyfancy.com/wp-content/uploads/2026/07/2521-Set-1.jpg
Sofa by Fancy,SF-4835,2526 Zurick Navy,Living Room,Living Sets,No pricelist from this supplier yet,https://sofabyfancy.com/wp-content/uploads/2026/07/2526-Zurick-Navy.jpg
Sofa by Fancy,SF-4239,2529 Boca Stucco,Living Room,Living Sets,No pricelist from this supplier yet,https://sofabyfancy.com/wp-content/uploads/2026/07/2529-full-set-1.jpg
Sofa by Fancy,SF-4125,2535 Paradiso Cappacino,Living Room,Living Sets,No pricelist from this supplier yet,https://sofabyfancy.com/wp-content/uploads/2026/07/2535-Paradiso-Cappacino-1.jpg
Sofa by Fancy,SF-4480,4070 Missouri Grey/Pampa black,Living Room,Living Sets,No pricelist from this supplier yet,https://sofabyfancy.com/wp-content/uploads/2026/07/4070-scaled-1.jpg
Sofa by Fancy,SF-3878,4326 Rebel Ash,Living Room,Sectionals,No pricelist from this supplier yet,https://sofabyfancy.com/wp-content/uploads/2026/07/4326-Sofa-Floating-Chaise-Rebel-Gravel-1.jpg
Sofa by Fancy,SF-3880,4326 Rebel Gravel,Living Room,Sectionals,No pricelist from this supplier yet,https://sofabyfancy.com/wp-content/uploads/2026/07/4326-Sofa-Floating-Chaise-Rebel-Ash-1.jpg
Sofa by Fancy,SF-4947,4395 Trapeze 6,Living Room,Living Sets,No pricelist from this supplier yet,https://sofabyfancy.com/wp-content/uploads/2026/07/4395-Trapeze-6.png
Sofa by Fancy,SF-4254,4473 Whisper 210,Living Room,Living Sets,No pricelist from this supplier yet,https://sofabyfancy.com/wp-content/uploads/2026/07/4473-Whisper-210.png
Sofa by Fancy,SF-4935,5509 Florance Bone,Living Room,Living Sets,No pricelist from this supplier yet,https://sofabyfancy.com/wp-content/uploads/2026/07/5509.png
Sofa by Fancy,SF-5017,5521 Scarlett 61,Living Room,Sectionals,No pricelist from this supplier yet,https://sofabyfancy.com/wp-content/uploads/2026/07/5521-Scarlett-61.jpg
Sofa by Fancy,SF-5014,5526 Paradiso Grey,Living Room,Living Sets,No pricelist from this supplier yet,https://sofabyfancy.com/wp-content/uploads/2026/07/5526-Paradiso-Grey-2.jpg
Sofa by Fancy,SF-4191,5527 Pardiso Fondue,Living Room,Living Sets,No pricelist from this supplier yet,https://sofabyfancy.com/wp-content/uploads/2026/07/5527-1.jpg
Sofa by Fancy,SF-4135,5542 Premium Silver,Living Room,Living Sets,No pricelist from this supplier yet,https://sofabyfancy.com/wp-content/uploads/2026/07/5542-Premium-Silver-1.jpg
Sofa by Fancy,SF-4976,5549 Spring Silver,Living Room,Living Sets,No pricelist from this supplier yet,https://sofabyfancy.com/wp-content/uploads/2026/07/5549-ROOM-SPRING-SILVER.png
Sofa by Fancy,SF-4978,5553 Brooklyn 206,Living Room,Living Sets,No pricelist from this supplier yet,https://sofabyfancy.com/wp-content/uploads/2026/07/5553-Brooklyn-206.png
Sofa by Fancy,SF-4249,5577 Premium Silver,Living Room,Living Sets,No pricelist from this supplier yet,https://sofabyfancy.com/wp-content/uploads/2026/07/5577-full-set-1.jpg
Sofa by Fancy,SF-4221,5595 Whisper 210,Living Room,Sectionals,No pricelist from this supplier yet,https://sofabyfancy.com/wp-content/uploads/2026/07/5595-sectional-1.jpg
Sofa by Fancy,SF-4992,7005 YETTE BONE,Living Room,Living Sets,No pricelist from this supplier yet,https://sofabyfancy.com/wp-content/uploads/2026/07/7005-YETTE-BONE.png
Sofa by Fancy,SF-4937,7557 Zurick Cobblestone,Living Room,Living Sets,No pricelist from this supplier yet,https://sofabyfancy.com/wp-content/uploads/2026/07/7557-Zurick-Cobblestone.png
Sofa by Fancy,SF-4202,7705 Tease Bisque,Living Room,Living Sets,No pricelist from this supplier yet,https://sofabyfancy.com/wp-content/uploads/2026/07/7705-1.jpg
Sofa by Fancy,SF-4981,7707 Talia 10,Living Room,Living Sets,No pricelist from this supplier yet,https://sofabyfancy.com/wp-content/uploads/2026/07/7707-TALIA-10.png
Sofa by Fancy,SF-5019,7721 Walter 63 Cream,Living Room,Living Sets,No pricelist from this supplier yet,https://sofabyfancy.com/wp-content/uploads/2026/07/7721-Walter-63-Cream.png
Sofa by Fancy,SF-3559,9220 Labby Charcoal,Living Room,Sectionals,No pricelist from this supplier yet,https://sofabyfancy.com/wp-content/uploads/2026/07/9220-Fabric-product.jpg
Sofa by Fancy,SF-4140,9575 Paradiso Sugarcookie,Living Room,Living Sets,No pricelist from this supplier yet,https://sofabyfancy.com/wp-content/uploads/2026/07/9575-Paradiso-Sugarcookie-1.jpg
Sofa by Fancy,SF-3995,9814 Florance Charcoal,Living Room,Sectionals,No pricelist from this supplier yet,https://sofabyfancy.com/wp-content/uploads/2026/07/9814-Florance-Charcoal-1.jpg
Sofa by Fancy,SF-3997,9814 Florance Wood,Living Room,Sectionals,No pricelist from this supplier yet,https://sofabyfancy.com/wp-content/uploads/2026/07/9814-Florance-Wood-2.jpg
Sofa by Fancy,SF-4517,9814 Pulsar 304 Blue,Living Room,Sectionals,No pricelist from this supplier yet,https://sofabyfancy.com/wp-content/uploads/2026/07/9814-Pulsar-304-Blue.png
Sofa by Fancy,SF-3457,9814 Roma Ash,Living Room,Sectionals,No pricelist from this supplier yet,https://sofabyfancy.com/wp-content/uploads/2026/07/9814-Sectional-product.jpg
Sofa by Fancy,SF-3450,9821 Zurich Chocolate,Living Room,Sectionals,No pricelist from this supplier yet,https://sofabyfancy.com/wp-content/uploads/2026/07/9821-set.jpg
Sofa by Fancy,SF-3460,9825 Truffle Rich Grey,Living Room,Sectionals,No pricelist from this supplier yet,https://sofabyfancy.com/wp-content/uploads/2026/07/9825-Sectional-product.jpg
Sofa by Fancy,SF-4522,9825 Truffle Sage,Living Room,Sectionals,No pricelist from this supplier yet,https://sofabyfancy.com/wp-content/uploads/2026/07/9825-SECTIONAL-TRUFFLE-SAGE-1.jpg
Sofa by Fancy,SF-4110,9849 Floyd Grey,Living Room,Sectionals,No pricelist from this supplier yet,https://sofabyfancy.com/wp-content/uploads/2026/07/Floyd-Grey-1.jpg
Sofa by Fancy,SF-4108,9849 Floyd Shadow,Living Room,Sectionals,No pricelist from this supplier yet,https://sofabyfancy.com/wp-content/uploads/2026/07/9849-Floyd-shadow-1.jpg
Sofa by Fancy,SF-4524,9851 Ruba Anthracite,Living Room,Sectionals,No pricelist from this supplier yet,https://sofabyfancy.com/wp-content/uploads/2026/07/9851-SECTIONAL-RUBA-ANTHRACITE-1.jpg
Sofa by Fancy,SF-3173,9851 Ruba Silver,Living Room,Sectionals,No pricelist from this supplier yet,https://sofabyfancy.com/wp-content/uploads/2026/07/9851_product_image.jpg
Sofa by Fancy,SF-4530,9865 Jargon Charcoal,Living Room,Sectionals,No pricelist from this supplier yet,https://sofabyfancy.com/wp-content/uploads/2026/07/9865-Jargon-Charcoal.png
Sofa by Fancy,SF-4532,9865 Jargon Ocean,Living Room,Sectionals,No pricelist from this supplier yet,https://sofabyfancy.com/wp-content/uploads/2026/07/9865-Jargon-Ocean.png
Sofa by Fancy,SF-3344,9880 Chocolate,Living Room,Sectionals,No pricelist from this supplier yet,https://sofabyfancy.com/wp-content/uploads/2026/07/9880_product_image.jpg
Sofa by Fancy,SF-4103,9882 Pennylane Anthrcaite,Living Room,Sectionals,No pricelist from this supplier yet,https://sofabyfancy.com/wp-content/uploads/2026/07/9882-Pennylane-Anthrcaite-1.jpg
Sofa by Fancy,SF-4106,9882 Pennylane Silver,Living Room,Sectionals,No pricelist from this supplier yet,https://sofabyfancy.com/wp-content/uploads/2026/07/9882-Pennylane-silver-1.jpg
Sofa by Fancy,SF-3653,9883 Pennylane Anthracite,Living Room,Sectionals,No pricelist from this supplier yet,https://sofabyfancy.com/wp-content/uploads/2026/07/Pennylane-anthracite-1.jpg
Sofa by Fancy,SF-4527,9883 Pennylane Silver,Living Room,Sectionals,No pricelist from this supplier yet,https://sofabyfancy.com/wp-content/uploads/2026/07/9883-SECTIONAL-PENNYLANE-ANTHACITE-1.jpg
Sofa by Fancy,SF-3667,9883 Zurick Black,Living Room,Sectionals,No pricelist from this supplier yet,https://sofabyfancy.com/wp-content/uploads/2026/07/9883-Zurick-Black.png
Sofa by Fancy,SF-4084,9883 Zurick Grey,Living Room,Sectionals,No pricelist from this supplier yet,https://sofabyfancy.com/wp-content/uploads/2026/07/9883-ZURICK-GREY.png
Sofa by Fancy,SF-3446,9900 Sectional,Living Room,Sectionals,No pricelist from this supplier yet,https://sofabyfancy.com/wp-content/uploads/2026/07/9900-Sectional-product-1.jpg
Sofa by Fancy,SF-4100,9905 Woodbine Argean,Living Room,Sectionals,No pricelist from this supplier yet,https://sofabyfancy.com/wp-content/uploads/2026/07/9905-woodbine-1.jpg
Sofa by Fancy,SF-4097,9905 Woodbine Charcoal,Living Room,Sectionals,No pricelist from this supplier yet,https://sofabyfancy.com/wp-content/uploads/2026/07/9905-woodbine-charcoal-1.jpg
Sofa by Fancy,SF-3470,9907 Clones Charcoal,Living Room,Sectionals,No pricelist from this supplier yet,https://sofabyfancy.com/wp-content/uploads/2026/07/9907-charcoal.jpg
Sofa by Fancy,SF-4026,9907 Clones White,Living Room,Sectionals,No pricelist from this supplier yet,https://sofabyfancy.com/wp-content/uploads/2026/07/9907-white-1.jpg
Sofa by Fancy,SF-3161,9909 Rayado Pewter,Living Room,Sectionals,No pricelist from this supplier yet,https://sofabyfancy.com/wp-content/uploads/2026/07/9909-royado-pewter.jpg
Sofa by Fancy,SF-4075,9909 Rayado Shadow,Living Room,Sectionals,No pricelist from this supplier yet,https://sofabyfancy.com/wp-content/uploads/2026/07/royado-shadow-1.jpg
Sofa by Fancy,SF-3477,9920 Albia Ice,Living Room,Sectionals,No pricelist from this supplier yet,https://sofabyfancy.com/wp-content/uploads/2026/07/9920-Sectional-product.jpg
Sofa by Fancy,SF-3482,9925 Medley Taupe,Living Room,Sectionals,No pricelist from this supplier yet,https://sofabyfancy.com/wp-content/uploads/2026/07/9925-Sectional-product.jpg
Sofa by Fancy,SF-4999,9932 MISTRESS BIRCH,Living Room,Sectionals,No pricelist from this supplier yet,https://sofabyfancy.com/wp-content/uploads/2026/07/9932.png
Titus,T-13482,Charley Bedroom Set,Bedroom,Bedroom Sets,No pricelist from this supplier yet,https://www.titusfurniture.ca/wp-content/uploads/2026/01/CharleyA-scaled.jpg
Titus,T-12251,Charley Bedroom Set (Antique White),Bedroom,Bedroom Sets,No pricelist from this supplier yet,https://www.titusfurniture.ca/wp-content/uploads/2024/05/CharleyA_WEB.jpg
Titus,T-12253,Charley Bedroom Set (Grey),Bedroom,Bedroom Sets,No pricelist from this supplier yet,https://www.titusfurniture.ca/wp-content/uploads/2024/05/CharleyG_WEB.jpg
Titus,T-462,Deluxe Futon Mattress,Bedroom,Mattresses,No pricelist from this supplier yet,https://www.titusfurniture.ca/wp-content/uploads/2013/11/FutonRev_Web.jpg
Titus,T-13564,Felicia Bedroom Set,Bedroom,Bedroom Sets,No pricelist from this supplier yet,https://www.titusfurniture.ca/wp-content/uploads/2026/01/Felicia-scaled.jpg
Titus,T-7631,Hampton Bedroom Set,Bedroom,Bedroom Sets,No pricelist from this supplier yet,https://www.titusfurniture.ca/wp-content/uploads/2019/08/Hampton_web.jpg
Titus,T-13550,Jenna Bedroom Set,Bedroom,Bedroom Sets,No pricelist from this supplier yet,https://www.titusfurniture.ca/wp-content/uploads/2026/01/JENNA_WEB.jpg
Titus,T-3782,Jenna Bedroom Set,Bedroom,Bedroom Sets,No pricelist from this supplier yet,https://www.titusfurniture.ca/wp-content/uploads/2017/09/JennaWeb.png
Titus,T-13576,Katrina Bedroom Set,Bedroom,Bedroom Sets,No pricelist from this supplier yet,https://www.titusfurniture.ca/wp-content/uploads/2024/06/Katrina_WEB_2.jpg
Titus,T-12314,Katrina Bedroom Set,Bedroom,Bedroom Sets,No pricelist from this supplier yet,https://www.titusfurniture.ca/wp-content/uploads/2024/06/Katrina_WEB_2.jpg
Titus,T-13512,Louis Phillipe Bedroom Set,Bedroom,Bedroom Sets,No pricelist from this supplier yet,https://www.titusfurniture.ca/wp-content/uploads/2026/01/LP_DC_REV_WEB-1-scaled.jpg
Titus,T-1831,Louis Phillipe Bedroom Set (Dark Cherry),Bedroom,Bedroom Sets,No pricelist from this supplier yet,https://www.titusfurniture.ca/wp-content/uploads/2014/06/louis-phillipe-cherry.jpg
Titus,T-5558,Louis Phillipe Bedroom Set (Grey),Bedroom,Bedroom Sets,No pricelist from this supplier yet,https://www.titusfurniture.ca/wp-content/uploads/2019/03/LP_GREY_REVISED_WEB.jpg
Titus,T-13502,Olivia Bedroom Set,Bedroom,Bedroom Sets,No pricelist from this supplier yet,https://www.titusfurniture.ca/wp-content/uploads/2026/01/OLIVIA_WEB.jpg
Titus,T-7739,Olivia Bedroom Set,Bedroom,Bedroom Sets,No pricelist from this supplier yet,https://www.titusfurniture.ca/wp-content/uploads/2019/10/OLIVIA_WEB.jpg
Titus,T-16286,Olivia Bedroom Set (Copy),Bedroom,Bedroom Sets,No pricelist from this supplier yet,https://www.titusfurniture.ca/wp-content/uploads/2026/01/OLIVIA_WEB.jpg
Titus,T-5518,R110,Bedroom,Beds,No pricelist from this supplier yet,https://www.titusfurniture.ca/wp-content/uploads/2019/03/R110_Titus_Bed_Frame_WEB-e1562337917373.jpg
Titus,T-10161,R115,Bedroom,Headboards,No pricelist from this supplier yet,https://www.titusfurniture.ca/wp-content/uploads/2021/06/115_10_Web.jpg
Titus,T-1855,R120,Bedroom,Beds,No pricelist from this supplier yet,https://www.titusfurniture.ca/wp-content/uploads/2015/10/120_26_WEB.jpg
Titus,T-3148,R125,Bedroom,Beds,No pricelist from this supplier yet,https://www.titusfurniture.ca/wp-content/uploads/2016/11/125_26_WEB.jpg
Titus,T-3901,R128,Bedroom,Beds,No pricelist from this supplier yet,https://www.titusfurniture.ca/wp-content/uploads/2017/11/128_open_closed_WEB.jpg
Titus,T-8238,R130,Bedroom,Beds,No pricelist from this supplier yet,https://www.titusfurniture.ca/wp-content/uploads/2020/03/R130B_WEB.jpg
Titus,T-5857,R131,Bedroom,Headboards,No pricelist from this supplier yet,https://www.titusfurniture.ca/wp-content/uploads/2019/04/131_26_WEB-1.jpg
Titus,T-5864,R132,Bedroom,Headboards,No pricelist from this supplier yet,https://www.titusfurniture.ca/wp-content/uploads/2019/04/132_26_WEB-1.jpg
Titus,T-1862,R134,Bedroom,Beds,No pricelist from this supplier yet,https://www.titusfurniture.ca/wp-content/uploads/2015/10/134_26_HB_WEB.jpg
Titus,T-1863,R135,Bedroom,Beds,No pricelist from this supplier yet,https://www.titusfurniture.ca/wp-content/uploads/2015/10/135_26_HB_WEB.jpg
Titus,T-10162,R137,Bedroom,Headboards,No pricelist from this supplier yet,https://www.titusfurniture.ca/wp-content/uploads/2021/06/137_HB_Web.jpg
Titus,T-3150,R141,Bedroom,Beds,No pricelist from this supplier yet,https://www.titusfurniture.ca/wp-content/uploads/2016/11/141_26_HB_WEB.jpg
Titus,T-3152,R142,Bedroom,Beds,No pricelist from this supplier yet,https://www.titusfurniture.ca/wp-content/uploads/2016/11/142_26_HB_WEB.jpg
Titus,T-1860,R143,Bedroom,Beds,No pricelist from this supplier yet,https://www.titusfurniture.ca/wp-content/uploads/2015/10/143_26_HB_WEB.jpg
Titus,T-1858,R145,Bedroom,Beds,No pricelist from this supplier yet,https://www.titusfurniture.ca/wp-content/uploads/2015/10/145_26_HB_WEB.jpg
Titus,T-8241,R146,Bedroom,Beds,No pricelist from this supplier yet,https://www.titusfurniture.ca/wp-content/uploads/2020/03/R146B_WEB.jpg
Titus,T-1861,R147,Bedroom,Beds,No pricelist from this supplier yet,https://www.titusfurniture.ca/wp-content/uploads/2015/10/147_26_HB_WEB.jpg
Titus,T-8113,R148,Bedroom,Beds,No pricelist from this supplier yet,https://www.titusfurniture.ca/wp-content/uploads/2019/12/R148_WEB.jpg
Titus,T-1865,R149,Bedroom,Beds,No pricelist from this supplier yet,https://www.titusfurniture.ca/wp-content/uploads/2015/10/149_26_HB_WEB.jpg
Titus,T-5885,R150,Bedroom,Headboards,No pricelist from this supplier yet,https://www.titusfurniture.ca/wp-content/uploads/2019/04/150_26_WEB-1.jpg
Titus,T-9593,R151,Bedroom,Beds,No pricelist from this supplier yet,https://www.titusfurniture.ca/wp-content/uploads/2019/04/151_26_WEB-1.jpg
Titus,T-5891,R152,Bedroom,Headboards,No pricelist from this supplier yet,https://www.titusfurniture.ca/wp-content/uploads/2019/04/152_26_WEB-1.jpg
Titus,R153,R153,Bedroom,Beds,No pricelist from this supplier yet,https://www.titusfurniture.ca/wp-content/uploads/2016/11/153_26_WEB.jpg
Titus,T-5876,R155,Bedroom,Headboards,No pricelist from this supplier yet,https://www.titusfurniture.ca/wp-content/uploads/2019/04/155_26_WEB.jpg
Titus,T-3910,R156,Bedroom,Beds,No pricelist from this supplier yet,https://www.titusfurniture.ca/wp-content/uploads/2017/11/156_26_HB_WEB.jpg
Titus,T-3160,R157,Bedroom,Beds,No pricelist from this supplier yet,https://www.titusfurniture.ca/wp-content/uploads/2016/11/157_26_WEB.jpg
Titus,R158,R158,Bedroom,Headboards,No pricelist from this supplier yet,https://www.titusfurniture.ca/wp-content/uploads/2019/04/158_26_WEB.jpg
Titus,T-5374,R159,Bedroom,Headboards,No pricelist from this supplier yet,https://www.titusfurniture.ca/wp-content/uploads/2019/01/159_26_WEB-1.jpg
Titus,T-1839,R160,Bedroom,Beds,No pricelist from this supplier yet,https://www.titusfurniture.ca/wp-content/uploads/2015/10/160_26_WEB-1.jpg
Titus,T-1840,R161,Bedroom,Beds,No pricelist from this supplier yet,https://www.titusfurniture.ca/wp-content/uploads/2015/10/161_26_WEB.jpg
Titus,T-1842,R162,Bedroom,Beds,No pricelist from this supplier yet,https://www.titusfurniture.ca/wp-content/uploads/2015/10/162_26_WEB-1.jpg
Titus,T-1843,R163,Bedroom,Beds,No pricelist from this supplier yet,https://www.titusfurniture.ca/wp-content/uploads/2015/10/163_26_WEB-1.jpg
Titus,T-3730,R164,Bedroom,Beds,No pricelist from this supplier yet,https://www.titusfurniture.ca/wp-content/uploads/2017/06/164_26_WEB.jpg
Titus,T-10165,R165,Bedroom,Beds,No pricelist from this supplier yet,https://www.titusfurniture.ca/wp-content/uploads/2021/06/165_26_Web.jpg
Titus,T-2047,R166,Bedroom,Beds,No pricelist from this supplier yet,https://www.titusfurniture.ca/wp-content/uploads/2015/10/166_26_WEB.jpg
Titus,R167,R167,Bedroom,Beds,No pricelist from this supplier yet,https://www.titusfurniture.ca/wp-content/uploads/2021/06/167_26_Web.jpg
Titus,T-5941,R168,Bedroom,Headboards,No pricelist from this supplier yet,https://www.titusfurniture.ca/wp-content/uploads/2019/04/168_26_WEB-1.jpg
Titus,T-5838,R169,Bedroom,Headboards,No pricelist from this supplier yet,https://www.titusfurniture.ca/wp-content/uploads/2019/04/169_26_WEB-1.jpg
Titus,T-10169,R170,Bedroom,Headboards,No pricelist from this supplier yet,https://www.titusfurniture.ca/wp-content/uploads/2021/06/170_10_Web.jpg
Titus,T-10170,R171,Bedroom,Headboards,No pricelist from this supplier yet,https://www.titusfurniture.ca/wp-content/uploads/2021/06/171_10_Web.jpg
Titus,T-5958,R172,Bedroom,Headboards,No pricelist from this supplier yet,https://www.titusfurniture.ca/wp-content/uploads/2019/04/172_26_REVISED_WEB.jpg
Titus,T-5953,R173,Bedroom,Headboards,No pricelist from this supplier yet,https://www.titusfurniture.ca/wp-content/uploads/2019/04/173_26_WEB-1.jpg
Titus,T-5968,R174,Bedroom,Headboards,No pricelist from this supplier yet,https://www.titusfurniture.ca/wp-content/uploads/2019/04/174_26_WEB-1.jpg
Titus,T-5963,R175,Bedroom,Headboards,No pricelist from this supplier yet,https://www.titusfurniture.ca/wp-content/uploads/2019/04/175_26_WEB-1.jpg
Titus,T-5973,R176,Bedroom,Headboards,No pricelist from this supplier yet,https://www.titusfurniture.ca/wp-content/uploads/2019/04/176_26_WEB-1.jpg
Titus,T-3886,R177,Bedroom,Beds,No pricelist from this supplier yet,https://www.titusfurniture.ca/wp-content/uploads/2017/10/177_40_WEB.jpg
Titus,T-4379,R178,Bedroom,Beds,No pricelist from this supplier yet,https://www.titusfurniture.ca/wp-content/uploads/2018/06/R178_WEB1-e1562339677255.jpg
Titus,T-4394,R179,Bedroom,Headboards,No pricelist from this supplier yet,https://www.titusfurniture.ca/wp-content/uploads/2018/06/179_40_WEB-1.jpg
Titus,T-3163,R180,Bedroom,Beds,No pricelist from this supplier yet,https://www.titusfurniture.ca/wp-content/uploads/2016/11/180_26_WEB.jpg
Titus,T-1851,R181,Bedroom,Beds,No pricelist from this supplier yet,https://www.titusfurniture.ca/wp-content/uploads/2015/10/181_26_WEB.jpg
Titus,T-3743,R182,Bedroom,Beds,No pricelist from this supplier yet,https://www.titusfurniture.ca/wp-content/uploads/2017/07/182_26_WEB.jpg
Titus,T-1850,R183,Bedroom,Beds,No pricelist from this supplier yet,https://www.titusfurniture.ca/wp-content/uploads/2015/10/183_55_WEB_2.jpg
Titus,T-3166,R184,Bedroom,Beds,No pricelist from this supplier yet,https://www.titusfurniture.ca/wp-content/uploads/2016/11/184_26_WEB-1.jpg
Titus,T-2284,R185,Bedroom,Beds,No pricelist from this supplier yet,https://www.titusfurniture.ca/wp-content/uploads/2016/02/185_26_WEB-1.jpg
Titus,T-3733,R186,Bedroom,Beds,No pricelist from this supplier yet,https://www.titusfurniture.ca/wp-content/uploads/2017/06/186_26_WEB-1.jpg
Titus,T-1849,R187,Bedroom,Beds,No pricelist from this supplier yet,https://www.titusfurniture.ca/wp-content/uploads/2015/10/187_40_WEB.jpg
Titus,T-3168,R188,Bedroom,Beds,No pricelist from this supplier yet,https://www.titusfurniture.ca/wp-content/uploads/2016/11/188_26_REV_WEB.jpg
Titus,T-3171,R189,Bedroom,Beds,No pricelist from this supplier yet,https://www.titusfurniture.ca/wp-content/uploads/2016/11/189_Trundel_26_WEB.jpg
Titus,T-1866,R190,Bedroom,Beds,No pricelist from this supplier yet,https://www.titusfurniture.ca/wp-content/uploads/2015/10/190_26_WEB-1.jpg
Titus,T-10171,R191,Bedroom,Beds,No pricelist from this supplier yet,https://www.titusfurniture.ca/wp-content/uploads/2021/06/191_Web.jpg
Titus,T-1835,R192,Bedroom,Beds,No pricelist from this supplier yet,https://www.titusfurniture.ca/wp-content/uploads/2015/10/192_26_WEB.jpg
Titus,T-1832,R193,Bedroom,Beds,No pricelist from this supplier yet,https://www.titusfurniture.ca/wp-content/uploads/2015/10/193_26_WEB-1.jpg
Titus,T-1847,R194,Bedroom,Beds,No pricelist from this supplier yet,https://www.titusfurniture.ca/wp-content/uploads/2015/10/194_26_WEB.jpg
Titus,T-5916,R195,Bedroom,Headboards,No pricelist from this supplier yet,https://www.titusfurniture.ca/wp-content/uploads/2019/04/195_26_WEB.jpg
Titus,T-1844,R197,Bedroom,Beds,No pricelist from this supplier yet,https://www.titusfurniture.ca/wp-content/uploads/2015/10/197_26_WEB-1.jpg
Titus,T-1834,R198,Bedroom,Beds,No pricelist from this supplier yet,https://www.titusfurniture.ca/wp-content/uploads/2015/10/198_26_26B_WEB.jpg
Titus,T-1833,R199,Bedroom,Beds,No pricelist from this supplier yet,https://www.titusfurniture.ca/wp-content/uploads/2015/10/199_26_10B_WEB.jpg
Titus,T-1870,R355,Bedroom,Beds,No pricelist from this supplier yet,https://www.titusfurniture.ca/wp-content/uploads/2015/10/355-open-w-matress_26_WEB.jpg
Titus,T-1868,R380,Bedroom,Beds,No pricelist from this supplier yet,https://www.titusfurniture.ca/wp-content/uploads/2015/10/380-closed_26_WEB.jpg
Titus,T-2043,"T-53 39″/54″/60″ Frame (6 Glides, 1 Centre Support)",Bedroom,Beds,No pricelist from this supplier yet,https://www.titusfurniture.ca/wp-content/uploads/2015/10/T53_WEB-copy.jpg
Titus,T-2044,"T-54 60″/78″ Frame (4 Wheels, 2 Glides, 1 Centre Support)",Bedroom,Beds,No pricelist from this supplier yet,https://www.titusfurniture.ca/wp-content/uploads/2013/11/T541.jpg
Titus,T-2045,"T-55 39″/54″ Double-Ended Frame (4 Wheels, 2 Glides)",Bedroom,Beds,No pricelist from this supplier yet,https://www.titusfurniture.ca/wp-content/uploads/2015/10/T55_RGB.jpg
Titus,T-2046,"T-56 60″/78″ Double-Ended Frame (4 Wheels, 2 Glides, 1 Centre Support)",Bedroom,Beds,No pricelist from this supplier yet,https://www.titusfurniture.ca/wp-content/uploads/2015/10/T56_RGB.jpg
Titus,T-5666,T2100,Bedroom,Beds,No pricelist from this supplier yet,https://www.titusfurniture.ca/wp-content/uploads/2019/03/2100E-scaled.jpg
Titus,T-12990,T2102,Bedroom,Beds,No pricelist from this supplier yet,https://www.titusfurniture.ca/wp-content/uploads/2025/11/T2102C_WEB_1.jpg
Titus,T-12995,T2103,Bedroom,Beds,No pricelist from this supplier yet,https://www.titusfurniture.ca/wp-content/uploads/2025/11/T2103G_1_2-scaled.jpg
Titus,T-13000,T2104,Bedroom,Beds,No pricelist from this supplier yet,https://www.titusfurniture.ca/wp-content/uploads/2025/11/T2104_WEB_1.jpg
Titus,T-12589,T2105,Bedroom,Beds,No pricelist from this supplier yet,https://www.titusfurniture.ca/wp-content/uploads/2024/12/T2105B_WEB.jpg
Titus,T-12592,T2106,Bedroom,Beds,No pricelist from this supplier yet,https://www.titusfurniture.ca/wp-content/uploads/2024/12/T2106G_WEB.jpg
Titus,T-12595,T2107,Bedroom,Beds,No pricelist from this supplier yet,https://www.titusfurniture.ca/wp-content/uploads/2024/12/T2107G_WEB.jpg
Titus,T-12621,T2108,Bedroom,Beds,No pricelist from this supplier yet,https://www.titusfurniture.ca/wp-content/uploads/2025/01/T2108G_WEB.jpg
Titus,T-12624,T2109,Bedroom,Beds,No pricelist from this supplier yet,https://www.titusfurniture.ca/wp-content/uploads/2025/01/T2109B_WEB.jpg
Titus,T-5317,T2110,Bedroom,Beds,No pricelist from this supplier yet,https://www.titusfurniture.ca/wp-content/uploads/2018/12/2110-linen_light-grey_WEB.jpg
Titus,T-5321,T2113,Bedroom,Beds,No pricelist from this supplier yet,https://www.titusfurniture.ca/wp-content/uploads/2018/12/2113-F_linen_WEB.jpg
Titus,T-11400,T2114,Bedroom,Beds,No pricelist from this supplier yet,https://www.titusfurniture.ca/wp-content/uploads/2023/06/2114B_WEB.jpg
Titus,T-5325,T2116,Bedroom,Beds,No pricelist from this supplier yet,https://www.titusfurniture.ca/wp-content/uploads/2018/12/2116-F_WEB.jpg
Titus,T-9050,T2118,Bedroom,Beds,No pricelist from this supplier yet,https://www.titusfurniture.ca/wp-content/uploads/2020/12/2118c_web.jpg
Titus,T-9053,T2119,Bedroom,Beds,No pricelist from this supplier yet,https://www.titusfurniture.ca/wp-content/uploads/2020/12/2119c_web.jpg
Titus,T-11490,T2120,Bedroom,Beds,No pricelist from this supplier yet,https://www.titusfurniture.ca/wp-content/uploads/2023/09/T2120G_CLOSED-scaled.jpg
Titus,T-11483,T2125,Bedroom,Beds,No pricelist from this supplier yet,https://www.titusfurniture.ca/wp-content/uploads/2023/09/T2125C_CLOSED-scaled.jpg
Titus,T-11994,T2128,Bedroom,Beds,No pricelist from this supplier yet,https://www.titusfurniture.ca/wp-content/uploads/2024/03/T2128G_WEB_1-1.jpg
Titus,T-5653,T2152,Bedroom,Beds,No pricelist from this supplier yet,https://www.titusfurniture.ca/wp-content/uploads/2019/03/2152-scaled.jpg
Titus,T-9047,T2157,Bedroom,Beds,No pricelist from this supplier yet,https://www.titusfurniture.ca/wp-content/uploads/2020/12/T2157_WEB_2-1.jpg
Titus,T-11855,T2160,Bedroom,Beds,No pricelist from this supplier yet,https://www.titusfurniture.ca/wp-content/uploads/2023/11/T2160G_WEB3-1.jpg
Titus,T-11877,T2162,Bedroom,Beds,No pricelist from this supplier yet,https://www.titusfurniture.ca/wp-content/uploads/2023/12/T2162_1.jpg
Titus,T-11284,T2175,Bedroom,Beds,No pricelist from this supplier yet,https://www.titusfurniture.ca/wp-content/uploads/2023/03/T2175B_WEB_2.jpg
Titus,T-12414,T2177,Bedroom,Beds,No pricelist from this supplier yet,https://www.titusfurniture.ca/wp-content/uploads/2024/08/T2177GF_WEB1.jpg
Titus,T-12066,T2178,Bedroom,Beds,No pricelist from this supplier yet,https://www.titusfurniture.ca/wp-content/uploads/2024/04/T2178_WEB_1.jpg
Titus,T-11288,T2190,Bedroom,Beds,No pricelist from this supplier yet,https://www.titusfurniture.ca/wp-content/uploads/2023/03/2190C_WEB.jpg
Titus,T-11480,T2192,Bedroom,Beds,No pricelist from this supplier yet,https://www.titusfurniture.ca/wp-content/uploads/2023/09/T2192G_WEB.jpg
Titus,T-12295,T2196,Bedroom,Beds,No pricelist from this supplier yet,https://www.titusfurniture.ca/wp-content/uploads/2024/06/T2196_whiteside-scaled.jpg
Titus,T-1881,T2201,Bedroom,Beds,No pricelist from this supplier yet,https://www.titusfurniture.ca/wp-content/uploads/2015/10/2201_REV_WEB1.jpg
Titus,T-11943,T2202,Bedroom,Beds,No pricelist from this supplier yet,https://www.titusfurniture.ca/wp-content/uploads/2024/02/T2202_WEB.jpg
Titus,T-12016,T2205,Bedroom,Beds,No pricelist from this supplier yet,https://www.titusfurniture.ca/wp-content/uploads/2024/03/2205B_WEB.jpg
Titus,T-5578,T2233,Bedroom,Beds,No pricelist from this supplier yet,https://www.titusfurniture.ca/wp-content/uploads/2019/03/2233_NEW_REV_WEB.jpg
Titus,T-15423,T2240,Bedroom,Beds,No pricelist from this supplier yet,https://www.titusfurniture.ca/wp-content/uploads/2026/02/2240Grey-1-1-scaled.jpg
Titus,T-15432,T2246,Bedroom,Beds,No pricelist from this supplier yet,https://www.titusfurniture.ca/wp-content/uploads/2026/02/T-2246BN-2-1-scaled.jpg
Titus,T-15441,T2248,Bedroom,Beds,No pricelist from this supplier yet,https://www.titusfurniture.ca/wp-content/uploads/2026/02/2248W-2-scaled.jpg
Titus,T-12572,T2288,Bedroom,Beds,No pricelist from this supplier yet,https://www.titusfurniture.ca/wp-content/uploads/2024/11/T2288_WEB.jpg
Titus,T-1883,T2300,Bedroom,Beds,No pricelist from this supplier yet,https://www.titusfurniture.ca/wp-content/uploads/2015/10/2300_REV_WEB1.jpg
Titus,T-1882,T2310,Bedroom,Beds,No pricelist from this supplier yet,https://www.titusfurniture.ca/wp-content/uploads/2015/10/2310-scaled.jpg
Titus,T-1879,T2320,Bedroom,Beds,No pricelist from this supplier yet,https://www.titusfurniture.ca/wp-content/uploads/2015/10/2320_REV_WEB2.jpg
Titus,T-1880,T2330,Bedroom,Beds,No pricelist from this supplier yet,https://www.titusfurniture.ca/wp-content/uploads/2015/10/2330_REV_WEB1.jpg
Titus,T-12262,T2334,Bedroom,Beds,No pricelist from this supplier yet,https://www.titusfurniture.ca/wp-content/uploads/2024/05/T2334_WHITE_with_function-scaled.jpg
Titus,T-3071,T2335,Bedroom,Beds,No pricelist from this supplier yet,https://www.titusfurniture.ca/wp-content/uploads/2016/09/2335_WEB1.png
Titus,T-3073,T2336,Bedroom,Beds,No pricelist from this supplier yet,https://www.titusfurniture.ca/wp-content/uploads/2016/09/2336_black_WEB.png
Titus,T-4432,T2337G,Bedroom,Beds,No pricelist from this supplier yet,https://www.titusfurniture.ca/wp-content/uploads/2018/06/T2337G_WEB.jpg
Titus,T-1872,T2350,Bedroom,Beds,No pricelist from this supplier yet,https://www.titusfurniture.ca/wp-content/uploads/2015/10/2350_REV_WEB2.jpg
Titus,T-1873,T2355,Bedroom,Beds,No pricelist from this supplier yet,https://www.titusfurniture.ca/wp-content/uploads/2015/10/2355GREY_web.jpg
Titus,T-2103,T2358,Bedroom,Beds,No pricelist from this supplier yet,https://www.titusfurniture.ca/wp-content/uploads/2015/11/2358_REV_WEB2.jpg
Titus,T-1871,T2361,Bedroom,Beds,No pricelist from this supplier yet,https://www.titusfurniture.ca/wp-content/uploads/2015/10/2361_WEB_1.jpg
Titus,T-11536,T2365,Bedroom,Beds,No pricelist from this supplier yet,https://www.titusfurniture.ca/wp-content/uploads/2023/10/T2365_WEB_1.jpg
Titus,T-3838,T2366,Bedroom,Beds,No pricelist from this supplier yet,https://www.titusfurniture.ca/wp-content/uploads/2017/10/2366_REV_WEB1.jpg
Titus,T-9056,T2367,Bedroom,Beds,No pricelist from this supplier yet,https://www.titusfurniture.ca/wp-content/uploads/2020/12/2367G_WEB.jpg
Titus,T-11957,T2379,Bedroom,Beds,No pricelist from this supplier yet,https://www.titusfurniture.ca/wp-content/uploads/2024/03/T2379B_1_WEB.jpg
Titus,T-11411,T2380,Bedroom,Beds,No pricelist from this supplier yet,https://www.titusfurniture.ca/wp-content/uploads/2023/06/2380GR_WEB.jpg
Titus,T-11442,T2385,Bedroom,Beds,No pricelist from this supplier yet,https://www.titusfurniture.ca/wp-content/uploads/2023/08/2385G_WEB.jpg
Titus,T-12952,T2395,Bedroom,Beds,No pricelist from this supplier yet,https://www.titusfurniture.ca/wp-content/uploads/2025/10/T2395B_WEB.jpg
Titus,T-3841,T2400,Bedroom,Beds,No pricelist from this supplier yet,https://www.titusfurniture.ca/wp-content/uploads/2017/10/T2400Web-1.png
Titus,T-11988,T2412,Bedroom,Beds,No pricelist from this supplier yet,https://www.titusfurniture.ca/wp-content/uploads/2024/03/T2412_WEB_1-1.jpg
Titus,T-9058,T2425,Bedroom,Beds,No pricelist from this supplier yet,https://www.titusfurniture.ca/wp-content/uploads/2020/12/2425_web1.jpg
Titus,T-11294,T2430,Bedroom,Beds,No pricelist from this supplier yet,https://www.titusfurniture.ca/wp-content/uploads/2023/03/T2430_WEB_2.jpg
Titus,T-11298,T2450,Bedroom,Beds,No pricelist from this supplier yet,https://www.titusfurniture.ca/wp-content/uploads/2023/03/T2450_1_WEB.jpg
Titus,T-5445,T49 39″/54″/60″ Frame (6 Glides),Bedroom,Beds,No pricelist from this supplier yet,https://www.titusfurniture.ca/wp-content/uploads/2019/02/T49_WEB.jpg
Titus,T-2037,"T5, T6, T10-S, T20-D, T30-Q Foam Mattress",Bedroom,Mattresses,No pricelist from this supplier yet,https://www.titusfurniture.ca/wp-content/uploads/2015/10/T10_20_30_NEW_WEB1.jpg
Titus,T-2040,T50 39″ Frame (4 Glides),Bedroom,Beds,No pricelist from this supplier yet,https://www.titusfurniture.ca/wp-content/uploads/2015/10/T50_WEB_2.jpg
Titus,T-2041,"T51 39″/54″/60″ Frame (4 Wheels, 2 Glides)",Bedroom,Beds,No pricelist from this supplier yet,https://www.titusfurniture.ca/wp-content/uploads/2013/11/T511.jpg
Titus,T-2042,"T52 39″/54″/60″ Frame (4 Wheels, 2 Glides, 1 Centre Support)",Bedroom,Beds,No pricelist from this supplier yet,https://www.titusfurniture.ca/wp-content/uploads/2013/11/T521.jpg
Titus,T-9515,"T57 60″/78″ Frame (6 Glides, 1 Centre Support)",Bedroom,Beds,No pricelist from this supplier yet,https://www.titusfurniture.ca/wp-content/uploads/2021/01/T57_WEB.jpg
Titus,T-460,"T60, T70 Futon Mattress",Bedroom,Mattresses,No pricelist from this supplier yet,https://www.titusfurniture.ca/wp-content/uploads/2013/11/T60_70_WEB.png
Titus,T-2035,"T610, T620",Bedroom,Beds,No pricelist from this supplier yet,https://www.titusfurniture.ca/wp-content/uploads/2015/10/T610_2_REV_WEB2.jpg
Titus,T-2049,T660,Bedroom,Beds,No pricelist from this supplier yet,https://www.titusfurniture.ca/wp-content/uploads/2013/11/6601.jpg
Titus,T-12639,T665,Bedroom,Beds,No pricelist from this supplier yet,https://www.titusfurniture.ca/wp-content/uploads/2025/01/T665B_WEB_1-1.jpg
Titus,T-11220,"T670, T675",Bedroom,Beds,No pricelist from this supplier yet,https://www.titusfurniture.ca/wp-content/uploads/2023/01/670_675_WEB_1-1.jpg
Titus,T-9064,T958,Bedroom,Beds,No pricelist from this supplier yet,https://www.titusfurniture.ca/wp-content/uploads/2020/12/T958_web.jpg
Titus,T-12535,"T960, T961",Bedroom,Beds,No pricelist from this supplier yet,https://www.titusfurniture.ca/wp-content/uploads/2021/12/960_961_WEB.jpg
Titus,T-3065,845,Decor,Decor Objects,No pricelist from this supplier yet,https://www.titusfurniture.ca/wp-content/uploads/2016/09/845_26_2_WEB.jpg
Titus,T-11928,R112,Decor,Decor Objects,No pricelist from this supplier yet,https://www.titusfurniture.ca/wp-content/uploads/2024/02/R112_WEB_1.jpg
Titus,T-10868,R129,Decor,Decor Objects,No pricelist from this supplier yet,https://www.titusfurniture.ca/wp-content/uploads/2022/04/R129_1_WEB.jpg
Titus,T-11124,R1503,Decor,Decor Objects,No pricelist from this supplier yet,https://www.titusfurniture.ca/wp-content/uploads/2022/07/1503_1_WEB.jpg
Titus,T-12139,R1508,Decor,Decor Objects,No pricelist from this supplier yet,https://www.titusfurniture.ca/wp-content/uploads/2024/04/R1508_WEB.jpg
Titus,T-12141,R1509,Decor,Decor Objects,No pricelist from this supplier yet,https://www.titusfurniture.ca/wp-content/uploads/2024/04/T1509_WEB.jpg
Titus,T-11128,R1517,Decor,Decor Objects,No pricelist from this supplier yet,https://www.titusfurniture.ca/wp-content/uploads/2022/07/1517_1_WEB.jpg
Titus,T-11132,R1540,Decor,Decor Objects,No pricelist from this supplier yet,https://www.titusfurniture.ca/wp-content/uploads/2022/07/1540_1_WEB.jpg
Titus,T-10257,R1605,Decor,Decor Objects,No pricelist from this supplier yet,https://www.titusfurniture.ca/wp-content/uploads/2021/09/1605WEB_1.jpg
Titus,T-3825,R1800,Decor,Decor Objects,No pricelist from this supplier yet,https://www.titusfurniture.ca/wp-content/uploads/2017/10/T1800Web5.png
Titus,T-11365,R345,Decor,Decor Objects,No pricelist from this supplier yet,https://www.titusfurniture.ca/wp-content/uploads/2023/03/R345_61_WEB_1.jpg
Titus,T-10217,R369,Decor,Decor Objects,No pricelist from this supplier yet,https://www.titusfurniture.ca/wp-content/uploads/2021/08/369_WEB_1.jpg
Titus,T-2023,R830_835,Decor,Decor Objects,No pricelist from this supplier yet,https://www.titusfurniture.ca/wp-content/uploads/2015/10/830_26_WEB.jpg
Titus,T-2024,R835,Decor,Decor Objects,No pricelist from this supplier yet,https://www.titusfurniture.ca/wp-content/uploads/2015/10/830_835_1_WEB.jpg
Titus,T-6066,R848_849,Decor,Decor Objects,No pricelist from this supplier yet,https://www.titusfurniture.ca/wp-content/uploads/2019/04/849_26_WEB.jpg
Titus,T-2292,R850_851,Decor,Decor Objects,No pricelist from this supplier yet,https://www.titusfurniture.ca/wp-content/uploads/2016/02/850_26_WEB.jpg
Titus,T-2322,R852_853,Decor,Decor Objects,No pricelist from this supplier yet,https://www.titusfurniture.ca/wp-content/uploads/2016/02/852_26_WEB.jpg
Titus,T-2340,R854_855,Decor,Decor Objects,No pricelist from this supplier yet,https://www.titusfurniture.ca/wp-content/uploads/2016/02/854_26_WEB.jpg
Titus,T-2349,R860,Decor,Decor Objects,No pricelist from this supplier yet,https://www.titusfurniture.ca/wp-content/uploads/2016/02/860_60_WEB.jpg
Titus,T-2358,R861,Decor,Decor Objects,No pricelist from this supplier yet,https://www.titusfurniture.ca/wp-content/uploads/2016/02/861_26_WEB.jpg
Titus,T-2370,R862,Decor,Decor Objects,No pricelist from this supplier yet,https://www.titusfurniture.ca/wp-content/uploads/2016/02/862_26_WEB.jpg
Titus,T-2388,R863,Decor,Decor Objects,No pricelist from this supplier yet,https://www.titusfurniture.ca/wp-content/uploads/2016/02/863_26_WEB.jpg
Titus,T-2379,R864,Decor,Decor Objects,No pricelist from this supplier yet,https://www.titusfurniture.ca/wp-content/uploads/2016/02/864_26_WEB.jpg
Titus,T-6018,R867,Decor,Decor Objects,No pricelist from this supplier yet,https://www.titusfurniture.ca/wp-content/uploads/2019/04/867_26_WEB.jpg
Titus,R869,R869,Decor,Decor Objects,No pricelist from this supplier yet,https://www.titusfurniture.ca/wp-content/uploads/2019/04/869_26_WEB.jpg
Titus,T-6077,R871,Decor,Decor Objects,No pricelist from this supplier yet,https://www.titusfurniture.ca/wp-content/uploads/2019/04/871_26_WEB.jpg
Titus,T-6082,R873,Decor,Decor Objects,No pricelist from this supplier yet,https://www.titusfurniture.ca/wp-content/uploads/2019/04/873_26_WEB.jpg
Titus,T-6087,R875,Decor,Decor Objects,No pricelist from this supplier yet,https://www.titusfurniture.ca/wp-content/uploads/2019/04/875_26_WEB.jpg
Titus,T-3250,R886,Decor,Decor Objects,No pricelist from this supplier yet,https://www.titusfurniture.ca/wp-content/uploads/2016/11/886-legs_rgb_WEB.jpg
Titus,T-3253,R887,Decor,Decor Objects,No pricelist from this supplier yet,https://www.titusfurniture.ca/wp-content/uploads/2016/11/887_WEB.jpg
Titus,T-3256,R888,Decor,Decor Objects,No pricelist from this supplier yet,https://www.titusfurniture.ca/wp-content/uploads/2016/11/888_cr-legs_RGB_WEB.jpg
Titus,T-3259,R889,Decor,Decor Objects,No pricelist from this supplier yet,https://www.titusfurniture.ca/wp-content/uploads/2016/11/889_WEB.jpg
Titus,T-2415,R890,Decor,Decor Objects,No pricelist from this supplier yet,https://www.titusfurniture.ca/wp-content/uploads/2016/02/890_26_WEB.jpg
Titus,T-2424,R891,Decor,Decor Objects,No pricelist from this supplier yet,https://www.titusfurniture.ca/wp-content/uploads/2016/02/891_26_WEB.jpg
Titus,T-6043,R894,Decor,Decor Objects,No pricelist from this supplier yet,https://www.titusfurniture.ca/wp-content/uploads/2019/04/894_26_WEB.jpg
Titus,T-2433,R895,Decor,Decor Objects,No pricelist from this supplier yet,https://www.titusfurniture.ca/wp-content/uploads/2016/02/895_26_WEB.jpg
Titus,T-6052,R896,Decor,Decor Objects,No pricelist from this supplier yet,https://www.titusfurniture.ca/wp-content/uploads/2019/04/896_26_WEB.jpg
Titus,T-2442,R897,Decor,Decor Objects,No pricelist from this supplier yet,https://www.titusfurniture.ca/wp-content/uploads/2016/02/897_26_WEB.jpg
Titus,T-2451,R898,Decor,Decor Objects,No pricelist from this supplier yet,https://www.titusfurniture.ca/wp-content/uploads/2016/02/898_40_WEB.jpg
Titus,T-2460,R899,Decor,Decor Objects,No pricelist from this supplier yet,https://www.titusfurniture.ca/wp-content/uploads/2016/02/899_40_WEB.jpg
Titus,T-6097,R900,Decor,Decor Objects,No pricelist from this supplier yet,https://www.titusfurniture.ca/wp-content/uploads/2019/04/900_40_WEB.jpg
Titus,T-6092,R901,Decor,Decor Objects,No pricelist from this supplier yet,https://www.titusfurniture.ca/wp-content/uploads/2019/04/901_40_WEB.jpg
Titus,T-9616,T1014,Decor,Decor Objects,No pricelist from this supplier yet,https://www.titusfurniture.ca/wp-content/uploads/2021/02/1014_1_WEB.jpg
Titus,T-9621,T1018,Decor,Decor Objects,No pricelist from this supplier yet,https://www.titusfurniture.ca/wp-content/uploads/2021/02/1018_1_WEB.jpg
Titus,T-9625,T1019,Decor,Decor Objects,No pricelist from this supplier yet,https://www.titusfurniture.ca/wp-content/uploads/2021/02/1019_1_WEB.jpg
Titus,T-7701,T1020,Decor,Decor Objects,No pricelist from this supplier yet,https://www.titusfurniture.ca/wp-content/uploads/2019/10/1020_1_WEB.jpg
Titus,T-7705,T1022,Decor,Decor Objects,No pricelist from this supplier yet,https://www.titusfurniture.ca/wp-content/uploads/2019/10/1022_1_WEB.jpg
Titus,T-15522,T1031,Decor,Decor Objects,No pricelist from this supplier yet,https://www.titusfurniture.ca/wp-content/uploads/2026/02/T1031G_1_2-scaled.jpg
Titus,T-15526,T1032,Decor,Decor Objects,No pricelist from this supplier yet,https://www.titusfurniture.ca/wp-content/uploads/2026/02/T1032_1_2-scaled.jpg
Titus,T-15529,T1041,Decor,Decor Objects,No pricelist from this supplier yet,https://www.titusfurniture.ca/wp-content/uploads/2026/02/T1041_1_2_2-scaled.jpg
Titus,T-15546,T1042,Decor,Decor Objects,No pricelist from this supplier yet,https://www.titusfurniture.ca/wp-content/uploads/2026/02/T1042_1_3-scaled.jpg
Titus,T-15551,T1043,Decor,Decor Objects,No pricelist from this supplier yet,https://www.titusfurniture.ca/wp-content/uploads/2026/02/olive-scaled.png
Titus,T-12238,T1117,Decor,Decor Objects,No pricelist from this supplier yet,https://www.titusfurniture.ca/wp-content/uploads/2024/05/T1117C_WEB-1.jpg
Titus,T-14493,T1119,Decor,Decor Objects,No pricelist from this supplier yet,https://www.titusfurniture.ca/wp-content/uploads/2026/01/1119_Charcoal-scaled.jpg
Titus,T-14505,T1121,Decor,Decor Objects,No pricelist from this supplier yet,https://www.titusfurniture.ca/wp-content/uploads/2026/01/T1121C_WEB_2.jpg
Titus,T-13359,T1125,Decor,Decor Objects,No pricelist from this supplier yet,https://www.titusfurniture.ca/wp-content/uploads/2026/01/T-1125-Grey-scaled.jpg
Titus,T-14514,T1130,Decor,Decor Objects,No pricelist from this supplier yet,https://www.titusfurniture.ca/wp-content/uploads/2026/01/T-1130-C-123-scaled.jpg
Titus,T-10198,T1173,Decor,Decor Objects,No pricelist from this supplier yet,https://www.titusfurniture.ca/wp-content/uploads/2021/07/1173_WEB_REV1.jpg
Titus,T-12564,T1176,Decor,Decor Objects,No pricelist from this supplier yet,https://www.titusfurniture.ca/wp-content/uploads/2024/11/T1176_WEB.jpg
Titus,T-5514,"T12-S, T22-D, T32-Q",Decor,Decor Objects,No pricelist from this supplier yet,https://www.titusfurniture.ca/wp-content/uploads/2019/03/12_22_32_WEB1.jpg
Titus,T-4509,T1217,Decor,Decor Objects,No pricelist from this supplier yet,https://www.titusfurniture.ca/wp-content/uploads/2018/06/14478cd9-5191-4f44-8934-bcfa0b89f44e-scaled.png
Titus,T-11512,T1218,Decor,Decor Objects,No pricelist from this supplier yet,https://www.titusfurniture.ca/wp-content/uploads/2023/10/T1218_WEB_1-1.jpg
Titus,T-11201,T1225,Decor,Decor Objects,No pricelist from this supplier yet,https://www.titusfurniture.ca/wp-content/uploads/2022/12/1225_WEB_1.jpg
Titus,T-12286,T1226,Decor,Decor Objects,No pricelist from this supplier yet,https://www.titusfurniture.ca/wp-content/uploads/2024/06/T1226_WEB_1.jpg
Titus,T-12129,T1228,Decor,Decor Objects,No pricelist from this supplier yet,https://www.titusfurniture.ca/wp-content/uploads/2024/04/ChatGPT-Image-Jul-28-2026-09_40_18-AM-scaled.png
Titus,T-8342,T1232,Decor,Decor Objects,No pricelist from this supplier yet,https://www.titusfurniture.ca/wp-content/uploads/2020/06/1232_2_WEB.jpg
Titus,T-12272,T1234,Decor,Decor Objects,No pricelist from this supplier yet,https://www.titusfurniture.ca/wp-content/uploads/2024/05/T1234G_WEB_1.jpg
Titus,T-12133,T1235,Decor,Decor Objects,No pricelist from this supplier yet,https://www.titusfurniture.ca/wp-content/uploads/2024/04/T1235W_WEB.jpg
Titus,T-12684,T1236,Decor,Decor Objects,No pricelist from this supplier yet,https://www.titusfurniture.ca/wp-content/uploads/2025/01/1236_WEB_2.jpg
Titus,T-12136,T1239/1240,Decor,Decor Objects,No pricelist from this supplier yet,https://www.titusfurniture.ca/wp-content/uploads/2024/04/T1239G_WEB_2.jpg
Titus,T-12975,T1245,Decor,Decor Objects,No pricelist from this supplier yet,https://www.titusfurniture.ca/wp-content/uploads/2025/10/1245_1_WEB_REV.jpg
Titus,T-11968,T1247,Decor,Decor Objects,No pricelist from this supplier yet,https://www.titusfurniture.ca/wp-content/uploads/2024/03/T1247G_WEB_1.jpg
Titus,T-15517,T1248,Decor,Decor Objects,No pricelist from this supplier yet,https://www.titusfurniture.ca/wp-content/uploads/2026/03/T1248-1-scaled.jpg
Titus,T-14583,T1310,Decor,Decor Objects,No pricelist from this supplier yet,https://www.titusfurniture.ca/wp-content/uploads/2024/03/T1247G_WEB_1.jpg
Titus,T-14597,T1312,Decor,Decor Objects,No pricelist from this supplier yet,https://www.titusfurniture.ca/wp-content/uploads/2026/01/T1312G_2-scaled.jpg
Titus,T-13356,T1330,Decor,Decor Objects,No pricelist from this supplier yet,https://www.titusfurniture.ca/wp-content/uploads/2026/01/T-1330-Charcoal-scaled.jpg
Titus,T-13362,T1332,Decor,Decor Objects,No pricelist from this supplier yet,https://www.titusfurniture.ca/wp-content/uploads/2026/01/T-1332-Grey-1-scaled.png
Titus,T-13365,T1333,Decor,Decor Objects,No pricelist from this supplier yet,https://www.titusfurniture.ca/wp-content/uploads/2026/01/T1333-Charcoal-scaled.jpg
Titus,T-26803,T1335,Decor,Decor Objects,No pricelist from this supplier yet,https://www.titusfurniture.ca/wp-content/uploads/2026/07/T-1335-Studio-Photo-Motion-_-1-scaled.jpg
Titus,T-14536,T1342,Decor,Decor Objects,No pricelist from this supplier yet,https://www.titusfurniture.ca/wp-content/uploads/2026/01/1342_chocolate_features-1-scaled.png
Titus,T-3003,T1415,Decor,Decor Objects,No pricelist from this supplier yet,https://www.titusfurniture.ca/wp-content/uploads/2016/06/1415E_WEB-1.jpg
Titus,T-8380,T1420,Decor,Decor Objects,No pricelist from this supplier yet,https://www.titusfurniture.ca/wp-content/uploads/2020/07/1420_WEB-1.png
Titus,T-1920,T1500,Decor,Decor Objects,No pricelist from this supplier yet,https://www.titusfurniture.ca/wp-content/uploads/2015/10/1500_WEB_1.jpg
Titus,T-9210,T1512,Decor,Decor Objects,No pricelist from this supplier yet,https://www.titusfurniture.ca/wp-content/uploads/2020/12/1512A_2021_ALT_1_WEB.jpg
Titus,T-12402,T1530,Decor,Decor Objects,No pricelist from this supplier yet,https://www.titusfurniture.ca/wp-content/uploads/2024/08/T1530G_WEB1.jpg
Titus,T-8898,T1582,Decor,Decor Objects,No pricelist from this supplier yet,https://www.titusfurniture.ca/wp-content/uploads/2020/09/T1582B_WEB-1.jpg
Titus,T-1936,T1600,Decor,Decor Objects,No pricelist from this supplier yet,https://www.titusfurniture.ca/wp-content/uploads/2015/10/1600_WEB_3.jpg
Titus,T-1937,T1700,Decor,Decor Objects,No pricelist from this supplier yet,https://www.titusfurniture.ca/wp-content/uploads/2015/10/1700_WEB_1.jpg
Titus,T-12305,T1812,Decor,Decor Objects,No pricelist from this supplier yet,https://www.titusfurniture.ca/wp-content/uploads/2024/06/T1812C_WEB_1.jpg
Titus,T-9079,T210,Decor,Decor Objects,No pricelist from this supplier yet,https://www.titusfurniture.ca/wp-content/uploads/2020/12/210GC_2021_WEB.jpg
Titus,T-9004,T211,Decor,Decor Objects,No pricelist from this supplier yet,https://www.titusfurniture.ca/wp-content/uploads/2020/11/ChatGPT-Image-Jan-19-2026-04_27_16-PM-scaled.png
Titus,T-9009,T212,Decor,Decor Objects,No pricelist from this supplier yet,https://www.titusfurniture.ca/wp-content/uploads/2020/11/212G_2021_WEB.jpg
Titus,T-11555,T214,Decor,Decor Objects,No pricelist from this supplier yet,https://www.titusfurniture.ca/wp-content/uploads/2023/10/T214G_WEB.jpg
Titus,T-11585,T215,Decor,Decor Objects,No pricelist from this supplier yet,https://www.titusfurniture.ca/wp-content/uploads/2023/10/T215G_WEB.jpg
Titus,T-14196,T2164,Decor,Decor Objects,No pricelist from this supplier yet,https://www.titusfurniture.ca/wp-content/uploads/2026/01/T2164W_1.jpg
Titus,T-11698,T219,Decor,Decor Objects,No pricelist from this supplier yet,https://www.titusfurniture.ca/wp-content/uploads/2023/10/T219W_WEB.jpg
Titus,T-1990,T220,Decor,Decor Objects,No pricelist from this supplier yet,https://www.titusfurniture.ca/wp-content/uploads/2015/10/220_WEB_1.jpg
Titus,T-14033,T2208,Decor,Decor Objects,No pricelist from this supplier yet,https://www.titusfurniture.ca/wp-content/uploads/2026/01/2208G_RGB-scaled.jpg
Titus,T-1992,T230,Decor,Decor Objects,No pricelist from this supplier yet,https://www.titusfurniture.ca/wp-content/uploads/2015/10/230_2_WEB.jpg
Titus,T-14172,T2342,Decor,Decor Objects,No pricelist from this supplier yet,https://www.titusfurniture.ca/wp-content/uploads/2015/10/2341E_WEB_3.jpg
Titus,T-1993,T240,Decor,Decor Objects,No pricelist from this supplier yet,https://www.titusfurniture.ca/wp-content/uploads/2015/10/240_3_WEB.jpg
Titus,T-12037,T241,Decor,Decor Objects,No pricelist from this supplier yet,https://www.titusfurniture.ca/wp-content/uploads/2024/03/241_WEB.jpg
Titus,T-4280,T246,Decor,Decor Objects,No pricelist from this supplier yet,https://www.titusfurniture.ca/wp-content/uploads/2018/06/246B_WEB.jpg
Titus,T-11238,T247,Decor,Decor Objects,No pricelist from this supplier yet,https://www.titusfurniture.ca/wp-content/uploads/2023/01/247B_WEB.jpg
Titus,T-3208,T248,Decor,Decor Objects,No pricelist from this supplier yet,https://www.titusfurniture.ca/wp-content/uploads/2016/11/T248E_WEB_2.jpg
Titus,T-5749,T249,Decor,Decor Objects,No pricelist from this supplier yet,https://www.titusfurniture.ca/wp-content/uploads/2019/03/249_WEB-1.jpg
Titus,T-5747,T250,Decor,Decor Objects,No pricelist from this supplier yet,https://www.titusfurniture.ca/wp-content/uploads/2019/03/250_WEB-1.jpg
Titus,T-3033,T2500,Decor,Decor Objects,No pricelist from this supplier yet,https://www.titusfurniture.ca/wp-content/uploads/2016/06/T2500_Espresso-scaled.jpg
Titus,T-1886,T2501,Decor,Decor Objects,No pricelist from this supplier yet,https://www.titusfurniture.ca/wp-content/uploads/2015/10/T2501_Espresso-scaled.jpg
Titus,T-1888,T2502,Decor,Decor Objects,No pricelist from this supplier yet,https://www.titusfurniture.ca/wp-content/uploads/2015/10/2502_WEB_1.jpg
Titus,T-15461,T2515,Decor,Decor Objects,No pricelist from this supplier yet,https://www.titusfurniture.ca/wp-content/uploads/2026/02/MG-0900-45-TTBB-Grey-MasteGrade-251023_002-scaled.jpg
Titus,T-9521,T256,Decor,Decor Objects,No pricelist from this supplier yet,https://www.titusfurniture.ca/wp-content/uploads/2021/01/256G_1_WEB.jpg
Titus,T-9522,T258,Decor,Decor Objects,No pricelist from this supplier yet,https://www.titusfurniture.ca/wp-content/uploads/2021/01/258G_1_WEB.jpg
Titus,T-15489,T2593,Decor,Decor Objects,No pricelist from this supplier yet,https://www.titusfurniture.ca/wp-content/uploads/2026/02/T2593-E-2-scaled.jpg
Titus,T-10916,T2594,Decor,Decor Objects,No pricelist from this supplier yet,https://www.titusfurniture.ca/wp-content/uploads/2026/02/T2593-W-1-scaled.jpg
Titus,T-12581,T2595,Decor,Decor Objects,No pricelist from this supplier yet,https://www.titusfurniture.ca/wp-content/uploads/2024/12/T2595-E-1-1-scaled.jpg
Titus,T-14425,"T2600, T2601",Decor,Decor Objects,No pricelist from this supplier yet,https://www.titusfurniture.ca/wp-content/uploads/2026/01/2600-and-2601_WEB-scaled.jpg
Titus,T-12163,T265,Decor,Decor Objects,No pricelist from this supplier yet,https://www.titusfurniture.ca/wp-content/uploads/2024/04/T265_WEB_2.jpg
Titus,T-1890,T2700,Decor,Decor Objects,No pricelist from this supplier yet,https://www.titusfurniture.ca/wp-content/uploads/2021/12/960_961_WEB.jpg
Titus,T-10651,T2710,Decor,Decor Objects,No pricelist from this supplier yet,https://www.titusfurniture.ca/wp-content/uploads/2021/12/T210E_WEB-1-scaled.jpg
Titus,T-10243,T280,Decor,Decor Objects,No pricelist from this supplier yet,https://www.titusfurniture.ca/wp-content/uploads/2021/09/280_2_WEB.jpg
Titus,T-1896,T2800,Decor,Decor Objects,No pricelist from this supplier yet,https://www.titusfurniture.ca/wp-content/uploads/2015/10/2800E_WEB_REV-1.jpg
Titus,T-1894,T2810,Decor,Decor Objects,No pricelist from this supplier yet,https://www.titusfurniture.ca/wp-content/uploads/2015/10/2810B_WEB-2.jpg
Titus,T-10245,T282,Decor,Decor Objects,No pricelist from this supplier yet,https://www.titusfurniture.ca/wp-content/uploads/2021/09/282_2_WEB.jpg
Titus,T-1895,T2820,Decor,Decor Objects,No pricelist from this supplier yet,https://www.titusfurniture.ca/wp-content/uploads/2015/10/2820G_WEB.jpg
Titus,T-11314,T2830,Decor,Decor Objects,No pricelist from this supplier yet,https://www.titusfurniture.ca/wp-content/uploads/2023/03/2830B_WEB-1.jpg
Titus,T-14468,T2910,Decor,Decor Objects,No pricelist from this supplier yet,https://www.titusfurniture.ca/wp-content/uploads/2023/03/2830B_WEB.jpg
Titus,T-15629,T3009,Decor,Decor Objects,No pricelist from this supplier yet,https://www.titusfurniture.ca/wp-content/uploads/2023/09/3009_265_WEB.jpg
Titus,T-15634,T3016,Decor,Decor Objects,No pricelist from this supplier yet,https://www.titusfurniture.ca/wp-content/uploads/2024/04/T3036_3016_WEB.jpg
Titus,T-15640,"T3036, 3038",Decor,Decor Objects,No pricelist from this supplier yet,https://www.titusfurniture.ca/wp-content/uploads/2024/04/T3036_3016_WEB.jpg
Titus,T-14780,T3038/3016,Decor,Decor Objects,No pricelist from this supplier yet,https://www.titusfurniture.ca/wp-content/uploads/2024/04/T3036_3016_WEB.jpg
Titus,T-15645,T3106,Decor,Decor Objects,No pricelist from this supplier yet,https://www.titusfurniture.ca/wp-content/uploads/2019/03/3106_250_WEB.jpg
Titus,T-14886,T3205/3204,Decor,Decor Objects,No pricelist from this supplier yet,https://www.titusfurniture.ca/wp-content/uploads/2026/01/3205_WEB.jpg
Titus,T-8302,T3260-C,Decor,Decor Objects,No pricelist from this supplier yet,https://www.titusfurniture.ca/wp-content/uploads/2020/04/3260E_WEB.jpg
Titus,T-12039,T3261,Decor,Decor Objects,No pricelist from this supplier yet,https://www.titusfurniture.ca/wp-content/uploads/2024/03/3261G_WB.jpg
Titus,T-4631,T3270-C,Decor,Decor Objects,No pricelist from this supplier yet,https://www.titusfurniture.ca/wp-content/uploads/2018/06/3270C_WEB_REVISED.jpg
Titus,T-8115,T3280,Decor,Decor Objects,No pricelist from this supplier yet,https://www.titusfurniture.ca/wp-content/uploads/2019/12/3280_1.jpg
Titus,T-11773,T3285,Decor,Decor Objects,No pricelist from this supplier yet,https://www.titusfurniture.ca/wp-content/uploads/2023/11/3285_WEB_2.jpg
Titus,T-12931,T3290,Decor,Decor Objects,No pricelist from this supplier yet,https://www.titusfurniture.ca/wp-content/uploads/2025/09/T3290_WEB_1.jpg
Titus,T-12753,T3295,Decor,Decor Objects,No pricelist from this supplier yet,https://www.titusfurniture.ca/wp-content/uploads/2025/06/3295_WEB_1.jpg
Titus,T-12757,T3299,Decor,Decor Objects,No pricelist from this supplier yet,https://www.titusfurniture.ca/wp-content/uploads/2025/06/3299_WEB_1.jpg
Titus,T-14922,T3310/212,Decor,Decor Objects,No pricelist from this supplier yet,https://www.titusfurniture.ca/wp-content/uploads/2026/01/3310_212G_2021-scaled.jpg
Titus,T-14940,T3310/280,Decor,Decor Objects,No pricelist from this supplier yet,
Titus,T-14962,T3310/282,Decor,Decor Objects,No pricelist from this supplier yet,
Titus,T-14931,T3311/215,Decor,Decor Objects,No pricelist from this supplier yet,https://www.titusfurniture.ca/wp-content/uploads/2025/01/T3311_215BL_WEB.jpg
Titus,T-14951,T3315/280,Decor,Decor Objects,No pricelist from this supplier yet,
Titus,T-14969,T3315/282,Decor,Decor Objects,No pricelist from this supplier yet,
Titus,T-9070,T3817,Decor,Decor Objects,No pricelist from this supplier yet,https://www.titusfurniture.ca/wp-content/uploads/2020/12/3817_2021_WEB.jpg
Titus,T-2010,T5000,Decor,Decor Objects,No pricelist from this supplier yet,https://www.titusfurniture.ca/wp-content/uploads/2013/11/50001.jpg
Titus,T-2011,T5001,Decor,Decor Objects,No pricelist from this supplier yet,https://www.titusfurniture.ca/wp-content/uploads/2015/10/5001_WEB.jpg
Titus,T-2012,T5002,Decor,Decor Objects,No pricelist from this supplier yet,https://www.titusfurniture.ca/wp-content/uploads/2015/10/5002_1_WEB.jpg
Titus,T-5276,T5005,Decor,Decor Objects,No pricelist from this supplier yet,https://www.titusfurniture.ca/wp-content/uploads/2018/11/5005_WEB1.jpg
Titus,T-11457,T5006,Decor,Decor Objects,No pricelist from this supplier yet,https://www.titusfurniture.ca/wp-content/uploads/2023/09/5006C_WEB.jpg
Titus,T-11614,T5014,Decor,Decor Objects,No pricelist from this supplier yet,https://www.titusfurniture.ca/wp-content/uploads/2023/10/T5014_WEB.jpg
Titus,T-4315,T5015,Decor,Decor Objects,No pricelist from this supplier yet,https://www.titusfurniture.ca/wp-content/uploads/2018/06/T5015_WEB.jpg
Titus,T-4318,T5016,Decor,Decor Objects,No pricelist from this supplier yet,https://www.titusfurniture.ca/wp-content/uploads/2018/06/T5016_WEB-1.jpg
Titus,T-11616,T5017,Decor,Decor Objects,No pricelist from this supplier yet,https://www.titusfurniture.ca/wp-content/uploads/2023/10/T5017_WEB.jpg
Titus,T-4285,T5018,Decor,Decor Objects,No pricelist from this supplier yet,https://www.titusfurniture.ca/wp-content/uploads/2018/06/T5018_WEB.jpg
Titus,T-11619,T5019,Decor,Decor Objects,No pricelist from this supplier yet,https://www.titusfurniture.ca/wp-content/uploads/2023/10/T5019_WEB.jpg
Titus,T-1998,T5022,Decor,Decor Objects,No pricelist from this supplier yet,https://www.titusfurniture.ca/wp-content/uploads/2015/07/5022.png
Titus,T-3246,T5065,Decor,Decor Objects,No pricelist from this supplier yet,https://www.titusfurniture.ca/wp-content/uploads/2016/11/5065_WEB_2.jpg
Titus,T-3248,T5066,Decor,Decor Objects,No pricelist from this supplier yet,https://www.titusfurniture.ca/wp-content/uploads/2016/11/5066_1_web.jpg
Titus,T-8292,T5069,Decor,Decor Objects,No pricelist from this supplier yet,https://www.titusfurniture.ca/wp-content/uploads/2020/04/5069_REVISED-scaled.jpg
Titus,T-10691,T5134,Decor,Decor Objects,No pricelist from this supplier yet,https://www.titusfurniture.ca/wp-content/uploads/2022/01/5134_WEB.jpg
Titus,T-5804,T5135,Decor,Decor Objects,No pricelist from this supplier yet,https://www.titusfurniture.ca/wp-content/uploads/2019/03/T-5135_WEB.jpg
Titus,T-11767,T5140,Decor,Decor Objects,No pricelist from this supplier yet,https://www.titusfurniture.ca/wp-content/uploads/2023/11/T5140_WEB.jpg
Titus,T-9024,T5338,Decor,Decor Objects,No pricelist from this supplier yet,https://www.titusfurniture.ca/wp-content/uploads/2020/11/T5338_WEB_2.jpg
Titus,T-11621,T5348,Decor,Decor Objects,No pricelist from this supplier yet,https://www.titusfurniture.ca/wp-content/uploads/2023/10/T5348G_WEB_2.jpg
Titus,T-11625,T5501,Decor,Decor Objects,No pricelist from this supplier yet,https://www.titusfurniture.ca/wp-content/uploads/2023/10/5501_lifestyle_1-scaled.png
Titus,T-11627,T5503,Decor,Decor Objects,No pricelist from this supplier yet,https://www.titusfurniture.ca/wp-content/uploads/2023/10/5503_lifestyle-scaled.png
Titus,T-11630,T5505,Decor,Decor Objects,No pricelist from this supplier yet,https://www.titusfurniture.ca/wp-content/uploads/2023/10/t5505_lifestyle1-scaled.png
Titus,T-5571,T5600,Decor,Decor Objects,No pricelist from this supplier yet,https://www.titusfurniture.ca/wp-content/uploads/2019/03/5600C_WEB_2.jpg
Titus,T-11460,T5601,Decor,Decor Objects,No pricelist from this supplier yet,https://www.titusfurniture.ca/wp-content/uploads/2023/09/T5601_WEB.jpg
Titus,T-5573,T5602,Decor,Decor Objects,No pricelist from this supplier yet,https://www.titusfurniture.ca/wp-content/uploads/2019/03/5602_WEB.jpg
Titus,T-5566,T5610,Decor,Decor Objects,No pricelist from this supplier yet,https://www.titusfurniture.ca/wp-content/uploads/2019/03/5610_1_WEB.jpg
Titus,T-2029,T701,Decor,Decor Objects,No pricelist from this supplier yet,https://www.titusfurniture.ca/wp-content/uploads/2015/10/701_WEB_2.jpg
Titus,T-5817,T750,Decor,Decor Objects,No pricelist from this supplier yet,https://www.titusfurniture.ca/wp-content/uploads/2019/03/T-750_WEB.jpg
Titus,T-5819,T752,Decor,Decor Objects,No pricelist from this supplier yet,https://www.titusfurniture.ca/wp-content/uploads/2019/03/T-752_WEB.jpg
Titus,T-11769,T787,Decor,Decor Objects,No pricelist from this supplier yet,https://www.titusfurniture.ca/wp-content/uploads/2023/11/T787_WEB.jpg
Titus,T-8273,T788,Decor,Decor Objects,No pricelist from this supplier yet,https://www.titusfurniture.ca/wp-content/uploads/2020/04/T788_WEB_3.jpg
Titus,T-11771,T789,Decor,Decor Objects,No pricelist from this supplier yet,https://www.titusfurniture.ca/wp-content/uploads/2023/11/T789_WEB.jpg
Titus,T-8367,T790,Decor,Decor Objects,No pricelist from this supplier yet,https://www.titusfurniture.ca/wp-content/uploads/2020/07/T790_WEB1.jpg
Titus,T-11521,T818,Decor,Decor Objects,No pricelist from this supplier yet,https://www.titusfurniture.ca/wp-content/uploads/2023/10/T818BK_WEB.jpg
Titus,T-4736,T826,Decor,Decor Objects,No pricelist from this supplier yet,https://www.titusfurniture.ca/wp-content/uploads/2018/06/R826_WEB1.jpg
Titus,T-3268,T905,Decor,Decor Objects,No pricelist from this supplier yet,https://www.titusfurniture.ca/wp-content/uploads/2016/11/T905_WEB_2.jpg
Titus,T-15375,T920,Decor,Decor Objects,No pricelist from this supplier yet,https://www.titusfurniture.ca/wp-content/uploads/2026/02/T920_ADJUSTED-scaled.jpg
Titus,T-14380,T965,Decor,Decor Objects,No pricelist from this supplier yet,https://www.titusfurniture.ca/wp-content/uploads/2021/12/960_961_WEB.jpg
Titus,T-14392,T975,Decor,Decor Objects,No pricelist from this supplier yet,https://www.titusfurniture.ca/wp-content/uploads/2026/01/975B-scaled.jpg
Titus,T-15495,T257,Dining,Dining Sets,No pricelist from this supplier yet,https://www.titusfurniture.ca/wp-content/uploads/2026/02/T257B_2_web-scaled.jpg
Titus,T-1956,T3009/220,Dining,Dining Sets,No pricelist from this supplier yet,https://www.titusfurniture.ca/wp-content/uploads/2015/10/3009_220_WEB.jpg
Titus,T-5307,T3009/246,Dining,Dining Sets,No pricelist from this supplier yet,https://www.titusfurniture.ca/wp-content/uploads/2018/12/3009_246G_WEB-1.jpg
Titus,T-11473,T3009/265,Dining,Dining Sets,No pricelist from this supplier yet,https://www.titusfurniture.ca/wp-content/uploads/2023/09/3009_265_WEB.jpg
Titus,T-5741,T3022/3022,Dining,Dining Sets,No pricelist from this supplier yet,https://www.titusfurniture.ca/wp-content/uploads/2019/03/3022_WEB.jpg
Titus,T-3878,T3036/230,Dining,Dining Sets,No pricelist from this supplier yet,https://www.titusfurniture.ca/wp-content/uploads/2017/10/3036_230.jpg
Titus,T-3880,T3036/240,Dining,Dining Sets,No pricelist from this supplier yet,https://www.titusfurniture.ca/wp-content/uploads/2017/10/3036_240_WEB_1.jpg
Titus,T-12035,T3036/241,Dining,Dining Sets,No pricelist from this supplier yet,https://www.titusfurniture.ca/wp-content/uploads/2024/03/3036_241_WEB.jpg
Titus,T-9780,T3036/256,Dining,Dining Sets,No pricelist from this supplier yet,https://www.titusfurniture.ca/wp-content/uploads/2021/02/3036_256C_WEB.jpg
Titus,T-9786,T3036/258,Dining,Dining Sets,No pricelist from this supplier yet,https://www.titusfurniture.ca/wp-content/uploads/2021/02/3036_258G_2021_WEB.jpg
Titus,T-12165,T3036/3016,Dining,Dining Sets,No pricelist from this supplier yet,https://www.titusfurniture.ca/wp-content/uploads/2024/04/T3036_3016_WEB-1.jpg
Titus,T-11423,T3036/3055,Dining,Dining Sets,No pricelist from this supplier yet,https://www.titusfurniture.ca/wp-content/uploads/2023/06/3036_3055B_WEB-1.jpg
Titus,T-3882,T3038/230,Dining,Dining Sets,No pricelist from this supplier yet,https://www.titusfurniture.ca/wp-content/uploads/2017/10/3038_230_WEB_1.jpg
Titus,T-3884,T3038/240,Dining,Dining Sets,No pricelist from this supplier yet,https://www.titusfurniture.ca/wp-content/uploads/2017/10/3038_240_WEB_1.jpg
Titus,T-9783,T3038/256,Dining,Dining Sets,No pricelist from this supplier yet,https://www.titusfurniture.ca/wp-content/uploads/2021/02/3038_256G_2021_WEB-1.jpg
Titus,T-9789,T3038/258,Dining,Dining Sets,No pricelist from this supplier yet,https://www.titusfurniture.ca/wp-content/uploads/2021/02/3038_258G_WEB.jpg
Titus,T-12528,T3055,Dining,Dining Sets,No pricelist from this supplier yet,https://www.titusfurniture.ca/wp-content/uploads/2023/06/3055B_WEB.jpg
Titus,T-5461,T3105/248,Dining,Dining Sets,No pricelist from this supplier yet,https://www.titusfurniture.ca/wp-content/uploads/2019/02/3105_248_WEB.jpg
Titus,T-5739,T3105/250,Dining,Dining Sets,No pricelist from this supplier yet,https://www.titusfurniture.ca/wp-content/uploads/2019/03/3105_250_WEB.jpg
Titus,T-3215,T3105/3105,Dining,Dining Sets,No pricelist from this supplier yet,https://www.titusfurniture.ca/wp-content/uploads/2016/11/3105_WEB.png
Titus,T-5463,T3106/248,Dining,Dining Sets,No pricelist from this supplier yet,https://www.titusfurniture.ca/wp-content/uploads/2019/02/3106_248_WEB.jpg
Titus,T-5737,T3106/250,Dining,Dining Sets,No pricelist from this supplier yet,https://www.titusfurniture.ca/wp-content/uploads/2019/03/3106_250_WEB.jpg
Titus,T-3217,T3106/3105,Dining,Dining Sets,No pricelist from this supplier yet,https://www.titusfurniture.ca/wp-content/uploads/2016/11/3106_WEB.png
Titus,T-15651,T3107,Dining,Dining Sets,No pricelist from this supplier yet,https://www.titusfurniture.ca/wp-content/uploads/2019/03/3107_250_WEB.jpg
Titus,T-5465,T3107/248,Dining,Dining Sets,No pricelist from this supplier yet,https://www.titusfurniture.ca/wp-content/uploads/2019/02/3107_248_WEB.jpg
Titus,T-5733,T3107/250,Dining,Dining Sets,No pricelist from this supplier yet,https://www.titusfurniture.ca/wp-content/uploads/2019/03/3107_250_WEB.jpg
Titus,T-3219,T3107/3105,Dining,Dining Sets,No pricelist from this supplier yet,https://www.titusfurniture.ca/wp-content/uploads/2016/11/3107_WEB.png
Titus,T-5744,T3112,Dining,Dining Sets,No pricelist from this supplier yet,https://www.titusfurniture.ca/wp-content/uploads/2019/03/3112_WEB.jpg
Titus,T-11505,T3114,Dining,Dining Sets,No pricelist from this supplier yet,https://www.titusfurniture.ca/wp-content/uploads/2023/09/3114_WEB.jpg
Titus,T-5473,T3115/248,Dining,Dining Sets,No pricelist from this supplier yet,https://www.titusfurniture.ca/wp-content/uploads/2019/02/3115_248_WEB.jpg
Titus,T-5731,T3115/249,Dining,Dining Sets,No pricelist from this supplier yet,https://www.titusfurniture.ca/wp-content/uploads/2019/03/3115_249_WEB.jpg
Titus,T-5403,T3115/3115,Dining,Dining Sets,No pricelist from this supplier yet,https://www.titusfurniture.ca/wp-content/uploads/2019/02/3115_WEB.jpg
Titus,T-5475,T3116/248,Dining,Dining Sets,No pricelist from this supplier yet,https://www.titusfurniture.ca/wp-content/uploads/2019/02/3116_248WEB.jpg
Titus,T-5729,T3116/249,Dining,Dining Sets,No pricelist from this supplier yet,https://www.titusfurniture.ca/wp-content/uploads/2019/03/3116_249_WEB.jpg
Titus,T-5405,T3116/3115,Dining,Dining Sets,No pricelist from this supplier yet,https://www.titusfurniture.ca/wp-content/uploads/2019/02/3116_WEB.jpg
Titus,T-5477,T3117/248,Dining,Dining Sets,No pricelist from this supplier yet,https://www.titusfurniture.ca/wp-content/uploads/2019/02/3117_248WEB.jpg
Titus,T-5726,T3117/249,Dining,Dining Sets,No pricelist from this supplier yet,https://www.titusfurniture.ca/wp-content/uploads/2019/03/3117_249GL_WEB.jpg
Titus,T-5407,T3117/3115,Dining,Dining Sets,No pricelist from this supplier yet,https://www.titusfurniture.ca/wp-content/uploads/2019/02/3117_WEB.jpg
Titus,T-9816,T3200/210,Dining,Dining Sets,No pricelist from this supplier yet,https://www.titusfurniture.ca/wp-content/uploads/2021/02/3200_210BB_WEB-1.jpg
Titus,T-1971,T3200/3200,Dining,Dining Sets,No pricelist from this supplier yet,https://www.titusfurniture.ca/wp-content/uploads/2013/11/3200_01_0715.png
Titus,T-9813,T3201/210,Dining,Dining Sets,No pricelist from this supplier yet,https://www.titusfurniture.ca/wp-content/uploads/2021/02/3201_210BB_WEB.jpg
Titus,T-1972,T3201/3200,Dining,Dining Sets,No pricelist from this supplier yet,https://www.titusfurniture.ca/wp-content/uploads/2013/11/3201_0715.jpg
Titus,T-15502,T3201/3201,Dining,Dining Sets,No pricelist from this supplier yet,https://www.titusfurniture.ca/wp-content/uploads/2026/02/3201-7pc-scaled.jpg
Titus,T-12320,T3201/3261,Dining,Dining Sets,No pricelist from this supplier yet,https://www.titusfurniture.ca/wp-content/uploads/2024/06/T3201_3261B_WEB-1.jpg
Titus,T-11867,T3204/3204,Dining,Dining Sets,No pricelist from this supplier yet,https://www.titusfurniture.ca/wp-content/uploads/2023/11/3204_WEB-1.jpg
Titus,T-9803,T3206/212,Dining,Dining Sets,No pricelist from this supplier yet,https://www.titusfurniture.ca/wp-content/uploads/2021/02/3206_212P_2021_REV_WEB-1.jpg
Titus,T-12167,T3206/215,Dining,Dining Sets,No pricelist from this supplier yet,https://www.titusfurniture.ca/wp-content/uploads/2024/04/T3206_215BK_WEB-1.jpg
Titus,T-7977,T3206/3206,Dining,Dining Sets,No pricelist from this supplier yet,https://www.titusfurniture.ca/wp-content/uploads/2019/10/3206_RGB_WEB.jpg
Titus,T-9807,T3207/212,Dining,Dining Sets,No pricelist from this supplier yet,https://www.titusfurniture.ca/wp-content/uploads/2021/02/3207_212B_2021_WEB-1.jpg
Titus,T-7979,T3207/3207,Dining,Dining Sets,No pricelist from this supplier yet,https://www.titusfurniture.ca/wp-content/uploads/2019/10/3207_WEB.jpg
Titus,T-12171,T3207/3407,Dining,Dining Sets,No pricelist from this supplier yet,https://www.titusfurniture.ca/wp-content/uploads/2024/04/T3207_3407_WEB.jpg
Titus,T-7981,T3208,Dining,Dining Sets,No pricelist from this supplier yet,https://www.titusfurniture.ca/wp-content/uploads/2019/10/3208_WEB.jpg
Titus,T-1974,T3215,Dining,Dining Sets,No pricelist from this supplier yet,https://www.titusfurniture.ca/wp-content/uploads/2015/10/3215_3_WEB.jpg
Titus,T-3089,T3220,Dining,Dining Sets,No pricelist from this supplier yet,https://www.titusfurniture.ca/wp-content/uploads/2016/09/3220_WEB.png
Titus,T-13469,T3260,Dining,Dining Sets,No pricelist from this supplier yet,https://www.titusfurniture.ca/wp-content/uploads/2026/01/3260E_WEB.jpg
Titus,T-12652,T3311/215,Dining,Dining Sets,No pricelist from this supplier yet,https://www.titusfurniture.ca/wp-content/uploads/2025/01/T3311_215BK_WEB-1.jpg
Titus,T-11544,T3345/214,Dining,Dining Sets,No pricelist from this supplier yet,https://www.titusfurniture.ca/wp-content/uploads/2023/10/T3345_214BK_WEB-1.jpg
Titus,T-9749,T3350/210,Dining,Dining Sets,No pricelist from this supplier yet,https://www.titusfurniture.ca/wp-content/uploads/2021/02/3350_210BB_7_2021_WEB-1.jpg
Titus,T-9754,T3350/211,Dining,Dining Sets,No pricelist from this supplier yet,https://www.titusfurniture.ca/wp-content/uploads/2021/02/3350_211B_7_2021_WEB.jpg
Titus,T-9761,T3355/210,Dining,Dining Sets,No pricelist from this supplier yet,https://www.titusfurniture.ca/wp-content/uploads/2021/02/3355_210G_7_2021_REV_WEB-1.jpg
Titus,T-12173,T3355/247,Dining,Dining Sets,No pricelist from this supplier yet,https://www.titusfurniture.ca/wp-content/uploads/2024/04/ChatGPT-Image-Jul-21-2026-04_27_58-PM-scaled.png
Titus,T-9766,T3360/210,Dining,Dining Sets,No pricelist from this supplier yet,https://www.titusfurniture.ca/wp-content/uploads/2021/02/3360_210GC_7_WEB.jpg
Titus,T-12177,T3360/247,Dining,Dining Sets,No pricelist from this supplier yet,https://www.titusfurniture.ca/wp-content/uploads/2024/04/T3360_T247G_WEB-1.jpg
Titus,T-12923,T3401/3401,Dining,Dining Sets,No pricelist from this supplier yet,https://www.titusfurniture.ca/wp-content/uploads/2015/10/3401_WEB_1.jpg
Titus,T-12924,T3402-T,Dining,Dining Sets,No pricelist from this supplier yet,https://www.titusfurniture.ca/wp-content/uploads/2015/10/3402_3401_WEB_1.jpg
Titus,T-13464,T3406-T,Dining,Dining Sets,No pricelist from this supplier yet,https://www.titusfurniture.ca/wp-content/uploads/2026/01/122712249-scaled.jpg
Titus,T-12802,T3406/3260,Dining,Dining Sets,No pricelist from this supplier yet,https://www.titusfurniture.ca/wp-content/uploads/2025/06/T3406_3260_WEB_2.jpg
Titus,T-12836,T3406/3261,Dining,Dining Sets,No pricelist from this supplier yet,https://www.titusfurniture.ca/wp-content/uploads/2025/07/T3406_3261G_WEB.jpg
Titus,T-12721,T3406/3407,Dining,Dining Sets,No pricelist from this supplier yet,https://www.titusfurniture.ca/wp-content/uploads/2025/03/T3406_3407_WEB_1.jpg
Titus,T-1980,T3407,Dining,Dining Sets,No pricelist from this supplier yet,https://www.titusfurniture.ca/wp-content/uploads/2015/07/3407.png
Titus,T-11560,T3408,Dining,Dining Sets,No pricelist from this supplier yet,https://www.titusfurniture.ca/wp-content/uploads/2023/10/T3408_WEB.jpg
Titus,T-11562,T3409,Dining,Dining Sets,No pricelist from this supplier yet,https://www.titusfurniture.ca/wp-content/uploads/2023/10/T3409_WEB.jpg
Titus,T-9829,T3460/210,Dining,Dining Sets,No pricelist from this supplier yet,https://www.titusfurniture.ca/wp-content/uploads/2021/02/3460_210GC_WEB.jpg
Titus,T-12181,T3460/247,Dining,Dining Sets,No pricelist from this supplier yet,https://www.titusfurniture.ca/wp-content/uploads/2024/04/T3460_247B_WEB-1.jpg
Titus,T-5279,T3460/3460,Dining,Dining Sets,No pricelist from this supplier yet,https://www.titusfurniture.ca/wp-content/uploads/2018/11/3460_WEB.jpg
Titus,T-9832,T3461/210,Dining,Dining Sets,No pricelist from this supplier yet,https://www.titusfurniture.ca/wp-content/uploads/2021/02/3461_210BB_WEB.jpg
Titus,T-12185,T3461/214,Dining,Dining Sets,No pricelist from this supplier yet,https://www.titusfurniture.ca/wp-content/uploads/2024/04/T3461_214BK_WEB-2.jpg
Titus,T-9835,T3461/280,Dining,Dining Sets,No pricelist from this supplier yet,https://www.titusfurniture.ca/wp-content/uploads/2021/02/3461_280_2021_WEB.jpg
Titus,T-9837,T3461/282,Dining,Dining Sets,No pricelist from this supplier yet,https://www.titusfurniture.ca/wp-content/uploads/2021/02/3461_282_2021_WEB.jpg
Titus,T-9845,T3465/210,Dining,Dining Sets,No pricelist from this supplier yet,https://www.titusfurniture.ca/wp-content/uploads/2021/02/3465_210GC_5_WEB.jpg
Titus,T-12189,T3465/247,Dining,Dining Sets,No pricelist from this supplier yet,https://www.titusfurniture.ca/wp-content/uploads/2024/04/T3465_247B_WEB-1.jpg
Titus,T-9842,T3465/3460,Dining,Dining Sets,No pricelist from this supplier yet,https://www.titusfurniture.ca/wp-content/uploads/2021/02/3465_3460_5pc_WEB.jpg
Titus,T-12193,T3466/210,Dining,Dining Sets,No pricelist from this supplier yet,https://www.titusfurniture.ca/wp-content/uploads/2024/04/T3466_210BB_WEB-1.jpg
Titus,T-11548,T3466/214,Dining,Dining Sets,No pricelist from this supplier yet,https://www.titusfurniture.ca/wp-content/uploads/2026/01/T3466_214BK_WEB.jpg
Titus,T-11552,T3466/3261,Dining,Dining Sets,No pricelist from this supplier yet,https://www.titusfurniture.ca/wp-content/uploads/2023/10/T3466_3261GR_WEB.jpg
Titus,T-9825,T3476/212,Dining,Dining Sets,No pricelist from this supplier yet,https://www.titusfurniture.ca/wp-content/uploads/2021/02/3476_212P_2021_WEB.jpg
Titus,T-11914,T3476/215,Dining,Dining Sets,No pricelist from this supplier yet,https://www.titusfurniture.ca/wp-content/uploads/2024/01/T3476_215GR_WEB.jpg
Titus,T-9821,T3476/280,Dining,Dining Sets,No pricelist from this supplier yet,https://www.titusfurniture.ca/wp-content/uploads/2021/02/3476_280_2021_WEB.jpg
Titus,T-9823,T3476/282,Dining,Dining Sets,No pricelist from this supplier yet,https://www.titusfurniture.ca/wp-content/uploads/2021/02/3476_282_2021_WEB.jpg
Titus,T-9819,T3476/3206,Dining,Dining Sets,No pricelist from this supplier yet,https://www.titusfurniture.ca/wp-content/uploads/2021/02/3476_3206_2021_WEB.jpg
Titus,T-9792,T3485/212,Dining,Dining Sets,No pricelist from this supplier yet,https://www.titusfurniture.ca/wp-content/uploads/2021/02/3485_212B_2021_REV_WEB.jpg
Titus,T-12196,T3485/215,Dining,Dining Sets,No pricelist from this supplier yet,https://www.titusfurniture.ca/wp-content/uploads/2024/04/T3485_215BK_WEB.jpg
Titus,T-9799,T3485/280,Dining,Dining Sets,No pricelist from this supplier yet,https://www.titusfurniture.ca/wp-content/uploads/2021/02/3485_280_2021_REV_WEB.jpg
Titus,T-9801,T3485/282,Dining,Dining Sets,No pricelist from this supplier yet,https://www.titusfurniture.ca/wp-content/uploads/2021/02/3485_282_2021_REV_WEB.jpg
Titus,T-9796,T3485/3206,Dining,Dining Sets,No pricelist from this supplier yet,https://www.titusfurniture.ca/wp-content/uploads/2021/02/3485_3206_2021_REV_WEB.jpg
Titus,T-11540,T3525/214,Dining,Dining Sets,No pricelist from this supplier yet,https://www.titusfurniture.ca/wp-content/uploads/2023/10/T3525_214BU_WEB-1.jpg
Titus,T-12804,T3525/3261,Dining,Dining Sets,No pricelist from this supplier yet,https://www.titusfurniture.ca/wp-content/uploads/2025/06/T3525_3261B_WEB-2.jpg
Titus,T-11569,T3528/212,Dining,Dining Sets,No pricelist from this supplier yet,https://www.titusfurniture.ca/wp-content/uploads/2023/10/T3528_212B_WEB1-1.jpg
Titus,T-11581,T3528/215,Dining,Dining Sets,No pricelist from this supplier yet,https://www.titusfurniture.ca/wp-content/uploads/2023/10/T3528_215BK_WEB-1.jpg
Titus,T-12200,T3528/280,Dining,Dining Sets,No pricelist from this supplier yet,https://www.titusfurniture.ca/wp-content/uploads/2024/04/T3528_280_WEB.jpg
Titus,T-12202,T3528/282,Dining,Dining Sets,No pricelist from this supplier yet,https://www.titusfurniture.ca/wp-content/uploads/2024/04/T3528_282_WEB.jpg
Titus,T-11577,T3529/212,Dining,Dining Sets,No pricelist from this supplier yet,https://www.titusfurniture.ca/wp-content/uploads/2023/10/T3529_212P_WEB-1.jpg
Titus,T-12204,T3529/280,Dining,Dining Sets,No pricelist from this supplier yet,https://www.titusfurniture.ca/wp-content/uploads/2024/04/T3529_280_WEB.jpg
Titus,T-12206,T3529/282,Dining,Dining Sets,No pricelist from this supplier yet,https://www.titusfurniture.ca/wp-content/uploads/2024/04/T3529_282_WEB.jpg
Titus,T-11564,T3547/219,Dining,Dining Sets,No pricelist from this supplier yet,https://www.titusfurniture.ca/wp-content/uploads/2026/01/T3547_219BL_WEB.jpg
Titus,T-3232,T3565,Dining,Dining Sets,No pricelist from this supplier yet,https://www.titusfurniture.ca/wp-content/uploads/2016/11/3565_1_WEB.jpg
Titus,T-3849,T3600,Dining,Dining Sets,No pricelist from this supplier yet,https://www.titusfurniture.ca/wp-content/uploads/2017/10/T3600Web.png
Titus,T-3853,T3720/3720,Dining,Dining Sets,No pricelist from this supplier yet,https://www.titusfurniture.ca/wp-content/uploads/2017/10/T3720Web.png
Titus,T-3855,T3721/3720,Dining,Dining Sets,No pricelist from this supplier yet,https://www.titusfurniture.ca/wp-content/uploads/2017/10/T3721Web.png
Titus,T-12208,T3722/3261,Dining,Dining Sets,No pricelist from this supplier yet,https://www.titusfurniture.ca/wp-content/uploads/2024/04/T3722_T3261B_WEB-1.jpg
Titus,T-3857,T3722/3720,Dining,Dining Sets,No pricelist from this supplier yet,https://www.titusfurniture.ca/wp-content/uploads/2017/10/T3722Web.png
Titus,T-11610,T3750,Dining,Dining Sets,No pricelist from this supplier yet,https://www.titusfurniture.ca/wp-content/uploads/2023/10/T3750_WEB_2.jpg
Titus,T-11612,T3755,Dining,Dining Sets,No pricelist from this supplier yet,https://www.titusfurniture.ca/wp-content/uploads/2023/10/T3755_WEB-1.jpg
Titus,T-11589,T3810/212,Dining,Dining Sets,No pricelist from this supplier yet,https://www.titusfurniture.ca/wp-content/uploads/2023/10/T3810B_212P_WEB.jpg
Titus,T-11593,T3810/215,Dining,Dining Sets,No pricelist from this supplier yet,https://www.titusfurniture.ca/wp-content/uploads/2023/10/T3810W_215BK_WEB.jpg
Titus,T-11601,T3810/219,Dining,Dining Sets,No pricelist from this supplier yet,https://www.titusfurniture.ca/wp-content/uploads/2023/10/T3810W_219W_WEB.jpg
Titus,T-9066,T3815/3815,Dining,Dining Sets,No pricelist from this supplier yet,https://www.titusfurniture.ca/wp-content/uploads/2020/12/3815_SET_2021_WEB.jpg
Titus,T-9068,T3815/3816,Dining,Dining Sets,No pricelist from this supplier yet,https://www.titusfurniture.ca/wp-content/uploads/2020/12/3815_3816_2021_WEB.jpg
Titus,T-3237,T5037,Living Room,Accent Tables,No pricelist from this supplier yet,https://www.titusfurniture.ca/wp-content/uploads/2016/11/5037_1_web.jpg
WT Studio,WT-93,1820 1024,Custom Studio,Banquettes,No pricelist from this supplier yet,https://images.squarespace-cdn.com/content/v1/6698103bbb613502b63e1ff7/b813be0a-2f17-48db-998a-8b0cadfaca12/1820-1024.jpg?format=1000w
WT Studio,WT-1,Banquette 1,Custom Studio,Banquettes,No pricelist from this supplier yet,https://images.squarespace-cdn.com/content/v1/6698103bbb613502b63e1ff7/24235199-190d-46c1-ab7c-2ba0d7fbaf79/Banquette_1.1.png?format=1000w
WT Studio,WT-118,Banquette 1,Custom Studio,Showcase,No pricelist from this supplier yet,https://images.squarespace-cdn.com/content/v1/6698103bbb613502b63e1ff7/c897bc46-e0eb-4156-bd5f-13779f71e9ba/Banquette_1.1.jpg?format=1000w
WT Studio,WT-5,Banquette 2,Custom Studio,Banquettes,No pricelist from this supplier yet,https://images.squarespace-cdn.com/content/v1/6698103bbb613502b63e1ff7/c19fc627-c636-44d8-8bfe-fbdea0f148dc/Banquette_2.1.png?format=1000w
WT Studio,WT-3,Banquette 3,Custom Studio,Banquettes,No pricelist from this supplier yet,https://images.squarespace-cdn.com/content/v1/6698103bbb613502b63e1ff7/efdb023c-bd62-432c-b3c0-602f9b3ef942/Banquette_3.1.png?format=1000w
WT Studio,WT-7,Banquette 4,Custom Studio,Banquettes,No pricelist from this supplier yet,https://images.squarespace-cdn.com/content/v1/6698103bbb613502b63e1ff7/9b1c43c5-b799-4286-b366-88db3326e0be/Banquette_4.2+%281%29.png?format=1000w
WT Studio,WT-91,Banquette 4,Custom Studio,Banquettes,No pricelist from this supplier yet,https://images.squarespace-cdn.com/content/v1/6698103bbb613502b63e1ff7/8ae73748-388f-491e-b27a-111319eee545/Banquette_4.1.png?format=1000w
WT Studio,WT-6,Banquette 5,Custom Studio,Banquettes,No pricelist from this supplier yet,https://images.squarespace-cdn.com/content/v1/6698103bbb613502b63e1ff7/425be80e-6dff-4972-a617-56bde566f7d8/Banquette_5.1.png?format=1000w
WT Studio,WT-9,Banquette 6,Custom Studio,Banquettes,No pricelist from this supplier yet,https://images.squarespace-cdn.com/content/v1/6698103bbb613502b63e1ff7/78e502d0-1f01-4e73-ae19-355b6813006e/Banquette_6.1.png?format=1000w
WT Studio,WT-2,Banquette 8,Custom Studio,Banquettes,No pricelist from this supplier yet,https://images.squarespace-cdn.com/content/v1/6698103bbb613502b63e1ff7/ff8b3415-6201-4f6f-8d44-08e9f239b2c3/Banquette_8.1.png?format=1000w
WT Studio,WT-8,Banquette 9,Custom Studio,Banquettes,No pricelist from this supplier yet,https://images.squarespace-cdn.com/content/v1/6698103bbb613502b63e1ff7/22b32081-5479-44f2-b0f4-58504f6ff7c6/Banquette_9.2.png?format=1000w
WT Studio,WT-92,Banquette 9,Custom Studio,Banquettes,No pricelist from this supplier yet,https://images.squarespace-cdn.com/content/v1/6698103bbb613502b63e1ff7/8944e2b5-74ac-4934-a679-e3af6e6d9bf5/Banquette_9.1+%281%29.png?format=1000w
WT Studio,WT-102,Boardroom A01,Custom Studio,Tables,No pricelist from this supplier yet,https://images.squarespace-cdn.com/content/v1/6698103bbb613502b63e1ff7/5e4ed794-3df9-48a3-b4a1-6f88b24f0e88/Boardroom_A01.png?format=1000w
WT Studio,WT-106,Com Table 1,Custom Studio,Tables,No pricelist from this supplier yet,https://images.squarespace-cdn.com/content/v1/6698103bbb613502b63e1ff7/46d05172-10f6-4123-b475-857954add3c8/com_table_1.1.png?format=1000w
WT Studio,WT-97,Com Table 2,Custom Studio,Tables,No pricelist from this supplier yet,https://images.squarespace-cdn.com/content/v1/6698103bbb613502b63e1ff7/4457c9f3-c207-4897-a47a-a176afe5aaf2/com_table_2.1.png?format=1000w
WT Studio,WT-117,Com Table 2,Custom Studio,Showcase,No pricelist from this supplier yet,https://images.squarespace-cdn.com/content/v1/6698103bbb613502b63e1ff7/e2a7a46c-3a92-44ab-beff-9c3ac15e05b5/com_table_2.2.jpg?format=1000w
WT Studio,WT-95,Com Table 4,Custom Studio,Tables,No pricelist from this supplier yet,https://images.squarespace-cdn.com/content/v1/6698103bbb613502b63e1ff7/dc8e0573-5de0-41cd-ab9e-1ac81414a93a/com_table_4.1.png?format=1000w
WT Studio,WT-94,Com Table 5,Custom Studio,Tables,No pricelist from this supplier yet,https://images.squarespace-cdn.com/content/v1/6698103bbb613502b63e1ff7/f4de61b4-c692-49e0-aee1-4cf83c0c3859/com_table_5.2.png?format=1000w
WT Studio,WT-105,Con Table 6,Custom Studio,Tables,No pricelist from this supplier yet,https://images.squarespace-cdn.com/content/v1/6698103bbb613502b63e1ff7/41471395-20e9-4fe3-9f42-c1f22e45d610/con_table_6.1.png?format=1000w
WT Studio,WT-107,Con Table 8,Custom Studio,Tables,No pricelist from this supplier yet,https://images.squarespace-cdn.com/content/v1/6698103bbb613502b63e1ff7/c8fef589-de7f-4b5c-9395-84084e8ee708/con_table_8.2.png?format=1000w
WT Studio,WT-104,Con Table 9,Custom Studio,Tables,No pricelist from this supplier yet,https://images.squarespace-cdn.com/content/v1/6698103bbb613502b63e1ff7/1c244fac-7c38-4f4c-ba92-94a9830a662b/con_table_9.2.png?format=1000w
WT Studio,WT-90,Configuratorimage Bolster Channel Cylinder,Custom Studio,Banquettes,No pricelist from this supplier yet,https://images.squarespace-cdn.com/content/6698103bbb613502b63e1ff7/120344de-4fc0-4001-8d63-b814bf9c66be/ConfiguratorImage-Bolster-Channel-Cylinder.jpg?format=1000w
WT Studio,WT-87,Configuratorimage Bolster Channel Drum,Custom Studio,Banquettes,No pricelist from this supplier yet,https://images.squarespace-cdn.com/content/6698103bbb613502b63e1ff7/8be48823-8b66-4084-a17d-4dbf0437f08a/ConfiguratorImage-Bolster-Channel-Drum.jpg?format=1000w
WT Studio,WT-89,Configuratorimage Channel Channel+Thick Fin+Panel,Custom Studio,Banquettes,No pricelist from this supplier yet,https://images.squarespace-cdn.com/content/6698103bbb613502b63e1ff7/d869b02d-4572-41b6-80c6-f159f423c76a/ConfiguratorImage-Channel-Channel+Thick-Fin+Panel.jpg?format=1000w
WT Studio,WT-86,Configuratorimage Double+Bolster Plush Drum,Custom Studio,Banquettes,No pricelist from this supplier yet,https://images.squarespace-cdn.com/content/6698103bbb613502b63e1ff7/fb51fcd2-f901-416a-860e-077db651a44f/ConfiguratorImage-Double+Bolster-Plush-Drum.jpg?format=1000w
WT Studio,WT-84,Configuratorimage Double+Bolster Plush Plinth,Custom Studio,Banquettes,No pricelist from this supplier yet,https://images.squarespace-cdn.com/content/6698103bbb613502b63e1ff7/11d4d4aa-41da-45b0-8d34-0472102fee25/ConfiguratorImage-Double+Bolster-Plush-Plinth.jpg?format=1000w
WT Studio,WT-83,Configuratorimage Double+Bolster Plush Post,Custom Studio,Banquettes,No pricelist from this supplier yet,https://images.squarespace-cdn.com/content/6698103bbb613502b63e1ff7/9f2c59c4-4cf8-426f-9e6b-8c276873d7a5/ConfiguratorImage-Double+Bolster-Plush-Post.jpg?format=1000w
WT Studio,WT-85,Configuratorimage Double+Bolster Standard Drum,Custom Studio,Banquettes,No pricelist from this supplier yet,https://images.squarespace-cdn.com/content/6698103bbb613502b63e1ff7/9ee1ed42-d0f0-452c-a6fc-ebd0667903cf/ConfiguratorImage-Double+Bolster-Standard-Drum.jpg?format=1000w
WT Studio,WT-72,Configuratorimage Double+Bolster Standard Fin,Custom Studio,Banquettes,No pricelist from this supplier yet,https://images.squarespace-cdn.com/content/6698103bbb613502b63e1ff7/62924623-19de-4bd3-b0e1-3b86eda7eb8a/ConfiguratorImage-Double+Bolster-Standard-Fin.jpg?format=1000w
WT Studio,WT-82,Configuratorimage Double+Bolster Standard Plinth,Custom Studio,Banquettes,No pricelist from this supplier yet,https://images.squarespace-cdn.com/content/6698103bbb613502b63e1ff7/e2c8cd35-a63c-4130-a6bf-a8a0939fb6d6/ConfiguratorImage-Double+Bolster-Standard-Plinth.jpg?format=1000w
WT Studio,WT-81,Configuratorimage Double+Bolster Standard Post,Custom Studio,Banquettes,No pricelist from this supplier yet,https://images.squarespace-cdn.com/content/6698103bbb613502b63e1ff7/f89adad7-3a51-48ca-b3b7-b6fa722ac4eb/ConfiguratorImage-Double+Bolster-Standard-Post.jpg?format=1000w
WT Studio,WT-54,Configuratorimage Double+Bolster Vertical+Channel%,Custom Studio,Banquettes,No pricelist from this supplier yet,https://images.squarespace-cdn.com/content/6698103bbb613502b63e1ff7/67ad1d7b-bdbe-4376-97e7-c6a345917dcd/ConfiguratorImage-Double+Bolster-Vertical+Channel%2C+Standard-Drum.jpg?format=1000w
WT Studio,WT-67,Configuratorimage Double+Bolster Vertical+Channel%,Custom Studio,Banquettes,No pricelist from this supplier yet,https://images.squarespace-cdn.com/content/6698103bbb613502b63e1ff7/c1df810c-44fd-41d7-afb4-594960377f19/ConfiguratorImage-Double+Bolster-Vertical+Channel%2C+Plush-Plinth.jpg?format=1000w
WT Studio,WT-68,Configuratorimage Double+Bolster Vertical+Channel%,Custom Studio,Banquettes,No pricelist from this supplier yet,https://images.squarespace-cdn.com/content/6698103bbb613502b63e1ff7/a03b11de-b535-48b9-91dd-e56afd704824/ConfiguratorImage-Double+Bolster-Vertical+Channel%2C+Standard-Fin.jpg?format=1000w
WT Studio,WT-71,Configuratorimage Double+Bolster Vertical+Channel%,Custom Studio,Banquettes,No pricelist from this supplier yet,https://images.squarespace-cdn.com/content/6698103bbb613502b63e1ff7/7693eb6b-ff03-468a-b760-98713bb1aa55/ConfiguratorImage-Double+Bolster-Vertical+Channel%2C+Standard-Plinth.jpg?format=1000w
WT Studio,WT-74,Configuratorimage Double+Bolster Vertical+Channel%,Custom Studio,Banquettes,No pricelist from this supplier yet,https://images.squarespace-cdn.com/content/6698103bbb613502b63e1ff7/120d61c9-e0a8-49c7-ad83-ed68b461adff/ConfiguratorImage-Double+Bolster-Vertical+Channel%2C+Plush-Fin.jpg?format=1000w
WT Studio,WT-75,Configuratorimage Double+Bolster Vertical+Channel%,Custom Studio,Banquettes,No pricelist from this supplier yet,https://images.squarespace-cdn.com/content/6698103bbb613502b63e1ff7/c24157f4-d1bb-47f5-9000-244ce66bae7d/ConfiguratorImage-Double+Bolster-Vertical+Channel%2C+Standard-Post.jpg?format=1000w
WT Studio,WT-76,Configuratorimage Double+Bolster Vertical+Channel%,Custom Studio,Banquettes,No pricelist from this supplier yet,https://images.squarespace-cdn.com/content/6698103bbb613502b63e1ff7/5b2865a7-ad5f-4378-a368-5ec8fdd4bf02/ConfiguratorImage-Double+Bolster-Vertical+Channel%2C+Plush-Drum.jpg?format=1000w
WT Studio,WT-79,Configuratorimage Double+Bolster Vertical+Channel%,Custom Studio,Banquettes,No pricelist from this supplier yet,https://images.squarespace-cdn.com/content/6698103bbb613502b63e1ff7/434ea2f8-a504-41e7-9de1-d8d7f7245e25/ConfiguratorImage-Double+Bolster-Vertical+Channel%2C+Plush-Post.jpg?format=1000w
WT Studio,WT-88,Configuratorimage Plain Channel Plinth,Custom Studio,Banquettes,No pricelist from this supplier yet,https://images.squarespace-cdn.com/content/6698103bbb613502b63e1ff7/c581a342-86d9-4a9c-ba4d-69bdfd71822b/ConfiguratorImage-Plain-Channel-Plinth.jpg?format=1000w
WT Studio,WT-66,Configuratorimage Plush Vertical+Channel%2C+Standa,Custom Studio,Banquettes,No pricelist from this supplier yet,https://images.squarespace-cdn.com/content/6698103bbb613502b63e1ff7/778048d1-4fe0-4f0f-85e4-df197c9a7315/ConfiguratorImage-Plush-Vertical+Channel%2C+Standard-Plinth.jpg?format=1000w
WT Studio,WT-78,Configuratorimage Plush+Back Plush Drum,Custom Studio,Banquettes,No pricelist from this supplier yet,https://images.squarespace-cdn.com/content/6698103bbb613502b63e1ff7/910a9156-6a91-43d4-bdb5-757f7c6841fa/ConfiguratorImage-Plush+Back-Plush-Drum.jpg?format=1000w
WT Studio,WT-77,Configuratorimage Plush+Back Plush Fin,Custom Studio,Banquettes,No pricelist from this supplier yet,https://images.squarespace-cdn.com/content/6698103bbb613502b63e1ff7/b9c0ce90-223b-4ca7-a534-de3825f41a83/ConfiguratorImage-Plush+Back-Plush-Fin.jpg?format=1000w
WT Studio,WT-73,Configuratorimage Plush+Back Plush Plinth,Custom Studio,Banquettes,No pricelist from this supplier yet,https://images.squarespace-cdn.com/content/6698103bbb613502b63e1ff7/1b1e4746-ce02-4469-818a-ff890f155145/ConfiguratorImage-Plush+Back-Plush-Plinth.jpg?format=1000w
WT Studio,WT-80,Configuratorimage Plush+Back Plush Post,Custom Studio,Banquettes,No pricelist from this supplier yet,https://images.squarespace-cdn.com/content/6698103bbb613502b63e1ff7/cfa95488-027c-487b-bd9d-afe97a5db1af/ConfiguratorImage-Plush+Back-Plush-Post.jpg?format=1000w
WT Studio,WT-62,Configuratorimage Plush+Back Standard Drum,Custom Studio,Banquettes,No pricelist from this supplier yet,https://images.squarespace-cdn.com/content/6698103bbb613502b63e1ff7/8e64c582-9e50-4f41-b63c-eccfa7cf835b/ConfiguratorImage-Plush+Back-Standard-Drum.jpg?format=1000w
WT Studio,WT-63,Configuratorimage Plush+Back Standard Fin,Custom Studio,Banquettes,No pricelist from this supplier yet,https://images.squarespace-cdn.com/content/6698103bbb613502b63e1ff7/993f237a-9073-4748-836d-3a6dcb1b834c/ConfiguratorImage-Plush+Back-Standard-Fin.jpg?format=1000w
WT Studio,WT-70,Configuratorimage Plush+Back Standard Plinth,Custom Studio,Banquettes,No pricelist from this supplier yet,https://images.squarespace-cdn.com/content/6698103bbb613502b63e1ff7/eecfb9c4-05fa-44dd-ab8a-450c948111ea/ConfiguratorImage-Plush+Back-Standard-Plinth.jpg?format=1000w
WT Studio,WT-69,Configuratorimage Plush+Back Standard Post,Custom Studio,Banquettes,No pricelist from this supplier yet,https://images.squarespace-cdn.com/content/6698103bbb613502b63e1ff7/c0aebb7f-4b28-49f3-9f28-004ed1a4802e/ConfiguratorImage-Plush+Back-Standard-Post.jpg?format=1000w
WT Studio,WT-55,Configuratorimage Plush+Back Vertical+Channel%2C+P,Custom Studio,Banquettes,No pricelist from this supplier yet,https://images.squarespace-cdn.com/content/6698103bbb613502b63e1ff7/00bf8cd0-78a0-47df-aac4-31a5b953779e/ConfiguratorImage-Plush+Back-Vertical+Channel%2C+Plush-Drum.jpg?format=1000w
WT Studio,WT-58,Configuratorimage Plush+Back Vertical+Channel%2C+P,Custom Studio,Banquettes,No pricelist from this supplier yet,https://images.squarespace-cdn.com/content/6698103bbb613502b63e1ff7/5dec7b34-945a-477a-8b82-a907be332344/ConfiguratorImage-Plush+Back-Vertical+Channel%2C+Plush-Post.jpg?format=1000w
WT Studio,WT-60,Configuratorimage Plush+Back Vertical+Channel%2C+P,Custom Studio,Banquettes,No pricelist from this supplier yet,https://images.squarespace-cdn.com/content/6698103bbb613502b63e1ff7/62095ce5-cd28-4c10-a457-bae2943ffa92/ConfiguratorImage-Plush+Back-Vertical+Channel%2C+Plush-Plinth.jpg?format=1000w
WT Studio,WT-65,Configuratorimage Plush+Back Vertical+Channel%2C+P,Custom Studio,Banquettes,No pricelist from this supplier yet,https://images.squarespace-cdn.com/content/6698103bbb613502b63e1ff7/b2bfb3a5-a59d-438a-b93a-fd4c0c53efbb/ConfiguratorImage-Plush+Back-Vertical+Channel%2C+Plush-Fin.jpg?format=1000w
WT Studio,WT-52,Configuratorimage Plush+Back Vertical+Channel%2C+S,Custom Studio,Banquettes,No pricelist from this supplier yet,https://images.squarespace-cdn.com/content/6698103bbb613502b63e1ff7/70fbe3b9-56aa-4670-ba68-96730a547d0c/ConfiguratorImage-Plush+Back-Vertical+Channel%2C+Standard-Post.jpg?format=1000w
WT Studio,WT-61,Configuratorimage Plush+Back Vertical+Channel%2C+S,Custom Studio,Banquettes,No pricelist from this supplier yet,https://images.squarespace-cdn.com/content/6698103bbb613502b63e1ff7/85968059-ddcb-4f42-a3ce-0090f030d2ce/ConfiguratorImage-Plush+Back-Vertical+Channel%2C+Standard-Fin.jpg?format=1000w
WT Studio,WT-59,Configuratorimage Single+Bolster Plush Drum,Custom Studio,Banquettes,No pricelist from this supplier yet,https://images.squarespace-cdn.com/content/6698103bbb613502b63e1ff7/f19031af-d89a-447b-a3dc-a0c98d5a3668/ConfiguratorImage-Single+Bolster-Plush-Drum.jpg?format=1000w
WT Studio,WT-46,Configuratorimage Single+Bolster Plush Fin,Custom Studio,Banquettes,No pricelist from this supplier yet,https://images.squarespace-cdn.com/content/6698103bbb613502b63e1ff7/cc67a13a-87ab-40cc-b47d-e19a1628a52d/ConfiguratorImage-Single+Bolster-Plush-Fin.jpg?format=1000w
WT Studio,WT-56,Configuratorimage Single+Bolster Plush Post,Custom Studio,Banquettes,No pricelist from this supplier yet,https://images.squarespace-cdn.com/content/6698103bbb613502b63e1ff7/91a0d578-3b97-414c-9c88-a43f1931caba/ConfiguratorImage-Single+Bolster-Plush-Post.jpg?format=1000w
WT Studio,WT-64,Configuratorimage Single+Bolster Plush%2Cfin,Custom Studio,Banquettes,No pricelist from this supplier yet,https://images.squarespace-cdn.com/content/6698103bbb613502b63e1ff7/4d9ccb0e-1d9d-472d-8bf9-667c3a8bddfa/ConfiguratorImage-Single+Bolster-Plush%2CFin.jpg?format=1000w
WT Studio,WT-50,Configuratorimage Single+Bolster Standard Drum,Custom Studio,Banquettes,No pricelist from this supplier yet,https://images.squarespace-cdn.com/content/6698103bbb613502b63e1ff7/0916d947-ee1e-44d4-9290-0eac2be4a60e/ConfiguratorImage-Single+Bolster-Standard-Drum.jpg?format=1000w
WT Studio,WT-53,Configuratorimage Single+Bolster Standard Fin,Custom Studio,Banquettes,No pricelist from this supplier yet,https://images.squarespace-cdn.com/content/6698103bbb613502b63e1ff7/00d3b839-fabe-45bd-8888-6a25104475e4/ConfiguratorImage-Single+Bolster-Standard-Fin.jpg?format=1000w
WT Studio,WT-43,Configuratorimage Single+Bolster Standard Plinth,Custom Studio,Banquettes,No pricelist from this supplier yet,https://images.squarespace-cdn.com/content/6698103bbb613502b63e1ff7/3cab49b2-5d73-4659-aca8-223333c307ff/ConfiguratorImage-Single+Bolster-Standard-Plinth.jpg?format=1000w
WT Studio,WT-57,Configuratorimage Single+Bolster Standard Post,Custom Studio,Banquettes,No pricelist from this supplier yet,https://images.squarespace-cdn.com/content/6698103bbb613502b63e1ff7/f5a8fea2-59c1-49e8-a5c8-f9feb86d248c/ConfiguratorImage-Single+Bolster-Standard-Post.jpg?format=1000w
WT Studio,WT-31,Configuratorimage Single+Bolster Vertical+Channel%,Custom Studio,Banquettes,No pricelist from this supplier yet,https://images.squarespace-cdn.com/content/6698103bbb613502b63e1ff7/c4c7016a-f26b-4b08-974d-3d306177d38a/ConfiguratorImage-Single+Bolster-Vertical+Channel%2C+Plush-Plinth.jpg?format=1000w
WT Studio,WT-37,Configuratorimage Single+Bolster Vertical+Channel%,Custom Studio,Banquettes,No pricelist from this supplier yet,https://images.squarespace-cdn.com/content/6698103bbb613502b63e1ff7/e19281df-d5ae-4b2a-bbc3-9a3ea713d26c/ConfiguratorImage-Single+Bolster-Vertical+Channel%2C+Standard-Post.jpg?format=1000w
WT Studio,WT-40,Configuratorimage Single+Bolster Vertical+Channel%,Custom Studio,Banquettes,No pricelist from this supplier yet,https://images.squarespace-cdn.com/content/6698103bbb613502b63e1ff7/85f0a1ea-b3d8-4ed8-b545-ec3c5cf29734/ConfiguratorImage-Single+Bolster-Vertical+Channel%2C+Standard-Drum.jpg?format=1000w
WT Studio,WT-45,Configuratorimage Single+Bolster Vertical+Channel%,Custom Studio,Banquettes,No pricelist from this supplier yet,https://images.squarespace-cdn.com/content/6698103bbb613502b63e1ff7/eff8e088-9730-4a72-ab35-9b00829fa9b6/ConfiguratorImage-Single+Bolster-Vertical+Channel%2C+Plush-Drum.jpg?format=1000w
WT Studio,WT-47,Configuratorimage Single+Bolster Vertical+Channel%,Custom Studio,Banquettes,No pricelist from this supplier yet,https://images.squarespace-cdn.com/content/6698103bbb613502b63e1ff7/4fd60bc5-ffc5-4c0e-b1f1-3bf7975bbf7d/ConfiguratorImage-Single+Bolster-Vertical+Channel%2C+Standard-Plinth.jpg?format=1000w
WT Studio,WT-48,Configuratorimage Single+Bolster Vertical+Channel%,Custom Studio,Banquettes,No pricelist from this supplier yet,https://images.squarespace-cdn.com/content/6698103bbb613502b63e1ff7/fcffdbc1-3f49-4d61-b087-bad936a0b5ff/ConfiguratorImage-Single+Bolster-Vertical+Channel%2C+Standard-Fin.jpg?format=1000w
WT Studio,WT-49,Configuratorimage Single+Bolster Vertical+Channel%,Custom Studio,Banquettes,No pricelist from this supplier yet,https://images.squarespace-cdn.com/content/6698103bbb613502b63e1ff7/49bd687f-e1ba-4d7f-8266-c9d693fd0259/ConfiguratorImage-Single+Bolster-Vertical+Channel%2C+Plush-Fin.jpg?format=1000w
WT Studio,WT-51,Configuratorimage Single+Bolster Vertical+Channel%,Custom Studio,Banquettes,No pricelist from this supplier yet,https://images.squarespace-cdn.com/content/6698103bbb613502b63e1ff7/fb0e58ad-953f-4ba6-91ab-a6f4be24e999/ConfiguratorImage-Single+Bolster-Vertical+Channel%2C+Plush-Post.jpg?format=1000w
WT Studio,WT-32,Configuratorimage Triple+Bolster Plush Drum,Custom Studio,Banquettes,No pricelist from this supplier yet,https://images.squarespace-cdn.com/content/6698103bbb613502b63e1ff7/cf4ccdba-c453-4c96-a6b6-c8bd9e90c0ef/ConfiguratorImage-Triple+Bolster-Plush-Drum.jpg?format=1000w
WT Studio,WT-39,Configuratorimage Triple+Bolster Plush Plinth,Custom Studio,Banquettes,No pricelist from this supplier yet,https://images.squarespace-cdn.com/content/6698103bbb613502b63e1ff7/9831ef8a-eb56-4996-8f70-8ee99547f07f/ConfiguratorImage-Triple+Bolster-Plush-Plinth.jpg?format=1000w
WT Studio,WT-33,Configuratorimage Triple+Bolster Plush Post,Custom Studio,Banquettes,No pricelist from this supplier yet,https://images.squarespace-cdn.com/content/6698103bbb613502b63e1ff7/6beab6ce-4d4d-4242-94bd-7e24e87c3397/ConfiguratorImage-Triple+Bolster-Plush-Post.jpg?format=1000w
WT Studio,WT-44,Configuratorimage Triple+Bolster Standard Drum,Custom Studio,Banquettes,No pricelist from this supplier yet,https://images.squarespace-cdn.com/content/6698103bbb613502b63e1ff7/18c68045-dd9d-4c9e-b7fb-1904802ae127/ConfiguratorImage-Triple+Bolster-Standard-Drum.jpg?format=1000w
WT Studio,WT-28,Configuratorimage Triple+Bolster Standard Plinth,Custom Studio,Banquettes,No pricelist from this supplier yet,https://images.squarespace-cdn.com/content/6698103bbb613502b63e1ff7/6762e292-9962-4fd3-8fe7-0ecc62cec8cf/ConfiguratorImage-Triple+Bolster-Standard-Plinth.jpg?format=1000w
WT Studio,WT-38,Configuratorimage Triple+Bolster Standard Post,Custom Studio,Banquettes,No pricelist from this supplier yet,https://images.squarespace-cdn.com/content/6698103bbb613502b63e1ff7/022ec344-5f4f-43e0-900f-94c23347d6fd/ConfiguratorImage-Triple+Bolster-Standard-Post.jpg?format=1000w
WT Studio,WT-13,Configuratorimage Triple+Bolster Vertical+Channel%,Custom Studio,Banquettes,No pricelist from this supplier yet,https://images.squarespace-cdn.com/content/6698103bbb613502b63e1ff7/21f0b7ea-ebb0-4ead-bb40-450da0b42d63/ConfiguratorImage-Triple+Bolster-Vertical+Channel%2C+Standard-Plinth.jpg?format=1000w
WT Studio,WT-15,Configuratorimage Triple+Bolster Vertical+Channel%,Custom Studio,Banquettes,No pricelist from this supplier yet,https://images.squarespace-cdn.com/content/6698103bbb613502b63e1ff7/4c26e19a-01b4-4656-8304-6a7fba53d4b7/ConfiguratorImage-Triple+Bolster-Vertical+Channel%2C+Plush-Post.jpg?format=1000w
WT Studio,WT-20,Configuratorimage Triple+Bolster Vertical+Channel%,Custom Studio,Banquettes,No pricelist from this supplier yet,https://images.squarespace-cdn.com/content/6698103bbb613502b63e1ff7/953573eb-be9f-4beb-9f58-4ca43b19d1dc/ConfiguratorImage-Triple+Bolster-Vertical+Channel%2C+Standard-Fin.jpg?format=1000w
WT Studio,WT-23,Configuratorimage Triple+Bolster Vertical+Channel%,Custom Studio,Banquettes,No pricelist from this supplier yet,https://images.squarespace-cdn.com/content/6698103bbb613502b63e1ff7/2c9409d9-1d7a-4ed1-90ee-66cb7da7da7c/ConfiguratorImage-Triple+Bolster-Vertical+Channel%2C+Standard-Drum.jpg?format=1000w
WT Studio,WT-25,Configuratorimage Triple+Bolster Vertical+Channel%,Custom Studio,Banquettes,No pricelist from this supplier yet,https://images.squarespace-cdn.com/content/6698103bbb613502b63e1ff7/6d7cdbbf-24f3-4993-9a88-9f7bfed354e0/ConfiguratorImage-Triple+Bolster-Vertical+Channel%2C+Standard-Post.jpg?format=1000w
WT Studio,WT-36,Configuratorimage Triple+Bolster Vertical+Channel%,Custom Studio,Banquettes,No pricelist from this supplier yet,https://images.squarespace-cdn.com/content/6698103bbb613502b63e1ff7/021443a9-965a-491b-b5e4-1ae34bd8ae26/ConfiguratorImage-Triple+Bolster-Vertical+Channel%2C+Plush-Drum.jpg?format=1000w
WT Studio,WT-41,Configuratorimage Triple+Bolster Vertical+Channel%,Custom Studio,Banquettes,No pricelist from this supplier yet,https://images.squarespace-cdn.com/content/6698103bbb613502b63e1ff7/9eba1c79-b51a-441c-a41c-5fbfc3a29626/ConfiguratorImage-Triple+Bolster-Vertical+Channel%2C+Plush-Fin.jpg?format=1000w
WT Studio,WT-42,Configuratorimage Triple+Bolster Vertical+Channel%,Custom Studio,Banquettes,No pricelist from this supplier yet,https://images.squarespace-cdn.com/content/6698103bbb613502b63e1ff7/de0af6cb-ae34-467a-8f42-61007d334d7c/ConfiguratorImage-Triple+Bolster-Vertical+Channel%2C+Plush-Plinth.jpg?format=1000w
WT Studio,WT-34,Configuratorimage Vertical+Channel Plush%2C Plinth,Custom Studio,Banquettes,No pricelist from this supplier yet,https://images.squarespace-cdn.com/content/6698103bbb613502b63e1ff7/a62ba92c-44c2-4437-986a-a5efd841ff93/ConfiguratorImage-Vertical+Channel-Plush%2C-Plinth.jpg?format=1000w
WT Studio,WT-17,Configuratorimage Vertical+Channel Standard Drum,Custom Studio,Banquettes,No pricelist from this supplier yet,https://images.squarespace-cdn.com/content/6698103bbb613502b63e1ff7/a153048b-0643-4e73-8292-ea68a402eb5a/ConfiguratorImage-Vertical+Channel-Standard-Drum.jpg?format=1000w
WT Studio,WT-30,Configuratorimage Vertical+Channel Standard Fin,Custom Studio,Banquettes,No pricelist from this supplier yet,https://images.squarespace-cdn.com/content/6698103bbb613502b63e1ff7/faab6d40-0d05-4180-87a0-3be4b703ac2d/ConfiguratorImage-Vertical+Channel-Standard-Fin.jpg?format=1000w
WT Studio,WT-12,Configuratorimage Vertical+Channel Standard Post,Custom Studio,Banquettes,No pricelist from this supplier yet,https://images.squarespace-cdn.com/content/6698103bbb613502b63e1ff7/a5e7a82c-b4fc-426a-9a81-6bac84660f5b/ConfiguratorImage-Vertical+Channel-Standard-Post.jpg?format=1000w
WT Studio,WT-35,Configuratorimage Vertical+Channel Standard%2C Pli,Custom Studio,Banquettes,No pricelist from this supplier yet,https://images.squarespace-cdn.com/content/6698103bbb613502b63e1ff7/e0529486-a01c-4a6b-9a26-0a5712841921/ConfiguratorImage-Vertical+Channel-Standard%2C-Plinth.jpg?format=1000w
WT Studio,WT-11,Configuratorimage Vertical+Channel Vertical+Channe,Custom Studio,Banquettes,No pricelist from this supplier yet,https://images.squarespace-cdn.com/content/6698103bbb613502b63e1ff7/7d6a5a2e-e9ef-4792-bdb2-7aeccdff6072/ConfiguratorImage-Vertical+Channel-Vertical+Channel%2C+Plush-Fin.jpg?format=1000w
WT Studio,WT-14,Configuratorimage Vertical+Channel Vertical+Channe,Custom Studio,Banquettes,No pricelist from this supplier yet,https://images.squarespace-cdn.com/content/6698103bbb613502b63e1ff7/5352cbe9-76f4-4a7e-9a55-92928008971d/ConfiguratorImage-Vertical+Channel-Vertical+Channel%2C+Standard-Plinth.jpg?format=1000w
WT Studio,WT-16,Configuratorimage Vertical+Channel Vertical+Channe,Custom Studio,Banquettes,No pricelist from this supplier yet,https://images.squarespace-cdn.com/content/6698103bbb613502b63e1ff7/6bfbaf87-b495-423c-b43d-5c50ba8fbda8/ConfiguratorImage-Vertical+Channel-Vertical+Channel%2C+Standard-Drum.jpg?format=1000w
WT Studio,WT-18,Configuratorimage Vertical+Channel Vertical+Channe,Custom Studio,Banquettes,No pricelist from this supplier yet,https://images.squarespace-cdn.com/content/6698103bbb613502b63e1ff7/823ca903-e07e-4087-a6e4-ae011e022f3f/ConfiguratorImage-Vertical+Channel-Vertical+Channel%2C+Standard-Post.jpg?format=1000w
WT Studio,WT-19,Configuratorimage Vertical+Channel Vertical+Channe,Custom Studio,Banquettes,No pricelist from this supplier yet,https://images.squarespace-cdn.com/content/6698103bbb613502b63e1ff7/feee6d71-8c47-4082-bc1a-47079ad2f0e2/ConfiguratorImage-Vertical+Channel-Vertical+Channel%2C+Plush-Post.jpg?format=1000w
WT Studio,WT-22,Configuratorimage Vertical+Channel Vertical+Channe,Custom Studio,Banquettes,No pricelist from this supplier yet,https://images.squarespace-cdn.com/content/6698103bbb613502b63e1ff7/7c11d7ff-4fd9-4120-bca4-b0800f7c31b8/ConfiguratorImage-Vertical+Channel-Vertical+Channel%2C+Plush-Drum.jpg?format=1000w
WT Studio,WT-24,Configuratorimage Vertical+Channel Vertical+Channe,Custom Studio,Banquettes,No pricelist from this supplier yet,https://images.squarespace-cdn.com/content/6698103bbb613502b63e1ff7/94bd919b-ffe7-4889-bb06-3f4fa8f53e98/ConfiguratorImage-Vertical+Channel-Vertical+Channel%2C+Standard-Fin.jpg?format=1000w
WT Studio,WT-26,Configuratorimage Vertical+Channel Vertical+Channe,Custom Studio,Banquettes,No pricelist from this supplier yet,https://images.squarespace-cdn.com/content/6698103bbb613502b63e1ff7/72ad3a83-0514-4055-a201-13c68d70aa5b/ConfiguratorImage-Vertical+Channel-Vertical+Channel%2C+Plush-Plinth.jpg?format=1000w
WT Studio,WT-29,Configuratorimage Vertical+Channel%2C+Plush Drum,Custom Studio,Banquettes,No pricelist from this supplier yet,https://images.squarespace-cdn.com/content/6698103bbb613502b63e1ff7/4a7534e8-92a0-4de1-8024-d9ce829d924c/ConfiguratorImage-Vertical+Channel%2C+Plush-Drum.jpg?format=1000w
WT Studio,WT-27,Configuratorimage Vertical+Channel%2C+Plush Fin,Custom Studio,Banquettes,No pricelist from this supplier yet,https://images.squarespace-cdn.com/content/6698103bbb613502b63e1ff7/a927c939-ec9b-4533-9ea2-63905068d47f/ConfiguratorImage-Vertical+Channel%2C+Plush-Fin.jpg?format=1000w
WT Studio,WT-21,Configuratorimage Vertical+Channel%2C+Plush Post,Custom Studio,Banquettes,No pricelist from this supplier yet,https://images.squarespace-cdn.com/content/6698103bbb613502b63e1ff7/773a1472-5294-4d4b-8e43-996b914ce07c/ConfiguratorImage-Vertical+Channel%2C+Plush-Post.jpg?format=1000w
WT Studio,WT-96,Din Table 1,Custom Studio,Tables,No pricelist from this supplier yet,https://images.squarespace-cdn.com/content/v1/6698103bbb613502b63e1ff7/c2b52600-43d5-4f24-b1ae-db5e1d4c18e0/din_table_1.1.png?format=1000w
WT Studio,WT-108,Din Table 1,Custom Studio,Tables,No pricelist from this supplier yet,https://images.squarespace-cdn.com/content/v1/6698103bbb613502b63e1ff7/e08eb300-611f-473b-9c30-7885d0c683a9/din_table_1.1.jpg?format=1000w
WT Studio,WT-103,Din Table 2,Custom Studio,Tables,No pricelist from this supplier yet,https://images.squarespace-cdn.com/content/v1/6698103bbb613502b63e1ff7/6105e351-a924-4808-b36a-21d559f50864/din_table_2.2.png?format=1000w
WT Studio,WT-4,Half Round Channeled 01,Custom Studio,Banquettes,No pricelist from this supplier yet,https://images.squarespace-cdn.com/content/v1/6698103bbb613502b63e1ff7/827d6e61-1b3c-479e-a65a-45e18f39aa7a/Half_Round_Channeled_01.png?format=1000w
WT Studio,WT-113,Storage 1,Custom Studio,Storage,No pricelist from this supplier yet,https://images.squarespace-cdn.com/content/v1/6698103bbb613502b63e1ff7/09383c68-dcd6-474f-ad91-b74834b8e031/storage_1.1.png?format=1000w
WT Studio,WT-119,Storage 1,Custom Studio,Showcase,No pricelist from this supplier yet,https://images.squarespace-cdn.com/content/v1/6698103bbb613502b63e1ff7/b3e9a758-a73c-447f-ba1c-b48b6c704a5c/storage_1.2.png?format=1000w
WT Studio,WT-100,Storage 2,Custom Studio,Tables,No pricelist from this supplier yet,https://images.squarespace-cdn.com/content/v1/6698103bbb613502b63e1ff7/8be3f647-76a9-4a1e-a3a7-dc147bf11c76/storage_2.1.png?format=1000w
WT Studio,WT-114,Storage 2,Custom Studio,Storage,No pricelist from this supplier yet,https://images.squarespace-cdn.com/content/v1/6698103bbb613502b63e1ff7/429f129c-65a2-48b6-bb13-c498ffb2179c/storage_2.2.png?format=1000w
WT Studio,WT-99,Storage 3,Custom Studio,Tables,No pricelist from this supplier yet,https://images.squarespace-cdn.com/content/v1/6698103bbb613502b63e1ff7/628d9a64-a768-4488-8533-a081a2c74a5d/storage_3.1.png?format=1000w
WT Studio,WT-110,Storage 3,Custom Studio,Storage,No pricelist from this supplier yet,https://images.squarespace-cdn.com/content/v1/6698103bbb613502b63e1ff7/32b64613-bd0a-4204-87af-43562c07d203/storage_3.1+%281%29.png?format=1000w
WT Studio,WT-115,Storage 4,Custom Studio,Storage,No pricelist from this supplier yet,https://images.squarespace-cdn.com/content/v1/6698103bbb613502b63e1ff7/df8d0423-371c-4983-af9a-6c4595c5a741/storage_4.1.png?format=1000w
WT Studio,WT-98,Storage 5,Custom Studio,Tables,No pricelist from this supplier yet,https://images.squarespace-cdn.com/content/v1/6698103bbb613502b63e1ff7/0d92d9fe-c212-449c-b3b8-7718a0f1be99/storage_5.1.png?format=1000w
WT Studio,WT-109,Storage 5,Custom Studio,Storage,No pricelist from this supplier yet,https://images.squarespace-cdn.com/content/v1/6698103bbb613502b63e1ff7/6057c38a-e151-47df-914c-092c9f9ced7d/storage_5.2.png?format=1000w
WT Studio,WT-111,Storage 6,Custom Studio,Storage,No pricelist from this supplier yet,https://images.squarespace-cdn.com/content/v1/6698103bbb613502b63e1ff7/62a57dcc-7dca-4085-8ae1-6834f60a7b79/storage_6.2.png?format=1000w
WT Studio,WT-101,Storage 7,Custom Studio,Tables,No pricelist from this supplier yet,https://images.squarespace-cdn.com/content/v1/6698103bbb613502b63e1ff7/c047b1bc-c943-4ae3-acff-a5dcd25c5be1/storage_7.1.png?format=1000w
WT Studio,WT-112,Storage 7,Custom Studio,Storage,No pricelist from this supplier yet,https://images.squarespace-cdn.com/content/v1/6698103bbb613502b63e1ff7/a21a3791-852f-4bf2-9550-c23a33e3bffb/storage_7.2.png?format=1000w
WT Studio,WT-0,Woodtech Env1,Custom Studio,Banquettes,No pricelist from this supplier yet,https://images.squarespace-cdn.com/content/v1/6698103bbb613502b63e1ff7/3b199de1-c3d0-434f-85a0-68b0ada83bba/WoodTech_Env1.1.png?format=1000w
WT Studio,WT-10,Woodtech Env2,Custom Studio,Banquettes,No pricelist from this supplier yet,https://images.squarespace-cdn.com/content/v1/6698103bbb613502b63e1ff7/f82671ff-6d01-45e3-9852-9b18e43e8c71/WoodTech_Env2.1.png?format=1000w
WT Studio,WT-116,Woodtech Env3,Custom Studio,Showcase,No pricelist from this supplier yet,https://images.squarespace-cdn.com/content/v1/6698103bbb613502b63e1ff7/1250c958-984a-4e93-9b4b-3825c4b6de04/WoodTech_Env3.1+%282%29.png?format=1000w
