product,sku,supplier,department,type,displayed_price,expected_price,pricelist_line,status,issue,correction
Amiyah,L2865,Matrix,,,Removed,,,FAIL,"no 'None' line exists for this collection; $9,762 is the '3 pc set' line","Removed from the storefront — collection heading, not a sellable product"
Baltimore,B853,Matrix,,,Removed,,,FAIL,"no 'None' line exists for this collection; $5,667 is the 'queen complete set w/ lift up' line","Removed from the storefront — collection heading, not a sellable product"
Sterling,1714,Matrix,,,Removed,,,FAIL,"no 'None' line exists for this collection; $5,352 is the 'queen complete set w/ lift up' line","Removed from the storefront — collection heading, not a sellable product"
Sterling,1814,Matrix,,,Removed,,,FAIL,"no 'None' line exists for this collection; $5,352 is the 'queen complete set w/ lift up' line","Removed from the storefront — collection heading, not a sellable product"
1366T Youth — Rowan Collection,1366TYouth,Mazin,Bedroom,youth,On request,,,FAIL,no 'None' line in this collection; $353 is 'Mirror',Price withdrawn — now Price on request (no supplier line proves it)
1718BR Bedroom — Begonia Collection,1718BRBedroom,Mazin,Bedroom,beds,On request,,,FAIL,no 'None' line in this collection; $315 is 'Mirror',Price withdrawn — now Price on request (no supplier line proves it)
1718NC Bedroom — Begonia Collection,1718NCBedroom,Mazin,Bedroom,beds,On request,,,FAIL,no 'None' line in this collection; $315 is 'Mirror',Price withdrawn — now Price on request (no supplier line proves it)
1730NB Bedroom — Cotterill Collection,1730NBBedroom,Mazin,Bedroom,beds,On request,,,FAIL,no 'None' line in this collection; $230 is 'Full Footboard & Slats',Price withdrawn — now Price on request (no supplier line proves it)
2322 Bedroom — York Collection,2322Bedroom,Mazin,Bedroom,beds,On request,,,FAIL,no 'None' line in this collection; $258 is 'Full/Twin Side Rails',Price withdrawn — now Price on request (no supplier line proves it)
2336 Bedroom — Charlotte Collection,2336Bedroom,Mazin,Bedroom,beds,On request,,,FAIL,no 'None' line in this collection; $425 is 'Mirror w/beveled Hickory Acacia',Price withdrawn — now Price on request (no supplier line proves it)
2384 Bedroom — Linea Collection,2384Bedroom,Mazin,Bedroom,beds,On request,,,FAIL,no 'None' line in this collection; $290 is 'Wall Panels for Night Stand Piece',Price withdrawn — now Price on request (no supplier line proves it)
2390 Bedroom — Lumin Collection,2390Bedroom,Mazin,Bedroom,beds,On request,,,FAIL,no 'None' line in this collection; $488 is 'Mirror w/LED',Price withdrawn — now Price on request (no supplier line proves it)
2391 Bedroom — Noctis Collection,2391Bedroom,Mazin,Bedroom,beds,On request,,,FAIL,no 'None' line in this collection; $539 is 'Mirror',Price withdrawn — now Price on request (no supplier line proves it)
2392 Bedroom — Bridgepoint Collection,2392Bedroom,Mazin,Bedroom,beds,On request,,,FAIL,no 'None' line in this collection; $293 is 'Eastern King/Queen Side Rails',Price withdrawn — now Price on request (no supplier line proves it)
2393 Bedroom — Dalston Collection,2393Bedroom,Mazin,Bedroom,beds,On request,,,FAIL,no 'None' line in this collection; $268 is 'Mirror',Price withdrawn — now Price on request (no supplier line proves it)
2399 Bedroom — Emerson Collection,2399Bedroom,Mazin,Bedroom,beds,On request,,,FAIL,no 'None' line in this collection; $945 is 'Queen Uph Bed in a Box',Price withdrawn — now Price on request (no supplier line proves it)
2411 Bedroom — Fitzroy Collection,2411Bedroom,Mazin,Bedroom,beds,On request,,,FAIL,"no 'None' line in this collection; $1,969 is 'Queen Bed w/Fireplace Corduroy'",Price withdrawn — now Price on request (no supplier line proves it)
2418 Bedroom — Oakmont Collection,2418Bedroom,Mazin,Bedroom,beds,On request,,,FAIL,no 'None' line in this collection; $400 is 'Eastern King/Queen Side Rails',Price withdrawn — now Price on request (no supplier line proves it)
2424 Bedroom — Gilmartin Collection,2424Bedroom,Mazin,Bedroom,beds,On request,,,FAIL,"no 'None' line in this collection; $1,030 is 'Eastern King/Queen Side Rails'",Price withdrawn — now Price on request (no supplier line proves it)
2425 Bedroom — Garrison Collection,2425Bedroom,Mazin,Bedroom,beds,On request,,,FAIL,no 'None' line in this collection; $337 is 'Eastern King/Queen Side Rails',Price withdrawn — now Price on request (no supplier line proves it)
2434SV Bedroom — Anatole Collection,2434SVBedroom,Mazin,Bedroom,beds,On request,,,FAIL,no 'None' line in this collection; $621 is 'Eastern King/Queen Side Rails',Price withdrawn — now Price on request (no supplier line proves it)
2447 Bedroom — Matisse Collection,2447Bedroom,Mazin,Bedroom,beds,On request,,,FAIL,no 'None' line in this collection; $331 is 'Side Chair Fabric',Price withdrawn — now Price on request (no supplier line proves it)
2447PN Bedroom — Matisse Collection,2447PNBedroom,Mazin,Bedroom,beds,On request,,,FAIL,no 'None' line in this collection; $331 is 'Side Chair Fabric',Price withdrawn — now Price on request (no supplier line proves it)
2451 Bedroom — Montrose Collection,2451Bedroom,Mazin,Bedroom,beds,On request,,,FAIL,no 'None' line in this collection; $365 is 'Eastern King/Queen Side Rails',Price withdrawn — now Price on request (no supplier line proves it)
2455 Bedroom — Orlo Collection,2455Bedroom,Mazin,Bedroom,beds,On request,,,FAIL,no 'None' line in this collection; $425 is 'Mirror w/LED Lacquer',Price withdrawn — now Price on request (no supplier line proves it)
2455NBK Bedroom — Orlo Collection,2455NBKBedroom,Mazin,Bedroom,beds,On request,,,FAIL,no 'None' line in this collection; $425 is 'Mirror w/LED Lacquer',Price withdrawn — now Price on request (no supplier line proves it)
2455NWH  Bedroom — Orlo Collection,2455NWHBedroom,Mazin,Bedroom,beds,On request,,,FAIL,no 'None' line in this collection; $425 is 'Mirror w/LED Lacquer',Price withdrawn — now Price on request (no supplier line proves it)
2457 Bedroom — Ripple Collection,2457Bedroom,Mazin,Bedroom,beds,On request,,,FAIL,no 'None' line in this collection; $504 is 'Mrror w/LED Faux Marble Top',Price withdrawn — now Price on request (no supplier line proves it)
2473 Bedroom — Buckingham Collection,2473Bedroom,Mazin,Bedroom,beds,On request,,,FAIL,no 'None' line in this collection; $721 is 'Eastern King/Queen Side Rails',Price withdrawn — now Price on request (no supplier line proves it)
2496 Bedroom — Aeon Collection,2496Bedroom,Mazin,Bedroom,beds,On request,,,FAIL,no 'None' line in this collection; $535 is 'Mirror Bleached & veneer',Price withdrawn — now Price on request (no supplier line proves it)
Aeon — Bed,2496,Mazin,Bedroom,beds,On request,,,FAIL,"shows $2,079 (= 'King Uph Bed Bleached & veneer') but this item is 'Queen Uph Bed Bleached & veneer' = $1,575",Price withdrawn — now Price on request (no supplier line proves it)
Aria Dresser Beige,B2011,Matrix,Bedroom,dressers,On request,,,FAIL,"no 'dresser' line exists for this collection; $1,194 is the 'dresser & mirror' line",Price withdrawn — now Price on request (no supplier line proves it)
Baltimore Dresser Dark Grey,B851,Matrix,Bedroom,dressers,On request,,,FAIL,"no 'dresser' line exists for this collection; $1,257 is the 'dresser & mirror' line",Price withdrawn — now Price on request (no supplier line proves it)
Baltimore Dresser Dark Grey,B853,Matrix,Bedroom,dressers,On request,,,FAIL,"no 'dresser' line exists for this collection; $1,257 is the 'dresser & mirror' line",Price withdrawn — now Price on request (no supplier line proves it)
Baltimore Dresser Dark Walnut,B851,Matrix,Bedroom,dressers,On request,,,FAIL,"no 'dresser' line exists for this collection; $1,257 is the 'dresser & mirror' line",Price withdrawn — now Price on request (no supplier line proves it)
Baltimore Dresser Dark Walnut,B853,Matrix,Bedroom,dressers,On request,,,FAIL,"no 'dresser' line exists for this collection; $1,257 is the 'dresser & mirror' line",Price withdrawn — now Price on request (no supplier line proves it)
Berlin Dresser Grey,B2251,Matrix,Bedroom,dressers,On request,,,FAIL,"no 'dresser' line exists for this collection; $1,950 is the 'dresser & mirror' line",Price withdrawn — now Price on request (no supplier line proves it)
Bristal Dresser Beige,B1781,Matrix,Bedroom,dressers,On request,,,FAIL,"no 'dresser' line exists for this collection; $1,572 is the 'dresser & mirror' line",Price withdrawn — now Price on request (no supplier line proves it)
Bronco Dresser Grey,B2031,Matrix,Bedroom,dressers,On request,,,FAIL,"no 'dresser' line exists for this collection; $1,351 is the 'dresser & mirror' line",Price withdrawn — now Price on request (no supplier line proves it)
Bronco Full bed Grey,B2031,Matrix,Bedroom,beds,On request,,,FAIL,"no 'bed' line exists for this collection; $2,139 is the 'queen bed' line",Price withdrawn — now Price on request (no supplier line proves it)
Brooklyn Dresser Gun Metal,B1161,Matrix,Bedroom,dressers,On request,,,FAIL,no 'dresser' line exists for this collection; $847 is the 'dresser & mirror' line,Price withdrawn — now Price on request (no supplier line proves it)
Brooklyn Dresser White,B1161,Matrix,Bedroom,dressers,On request,,,FAIL,no 'dresser' line exists for this collection; $847 is the 'dresser & mirror' line,Price withdrawn — now Price on request (no supplier line proves it)
Brooklyn Full bed Gun metal,B1161,Matrix,Bedroom,beds,On request,,,FAIL,"no 'bed' line exists for this collection; $1,194 is the 'queen bed' line",Price withdrawn — now Price on request (no supplier line proves it)
Charlotte — Bed,2336,Mazin,Bedroom,beds,On request,,,FAIL,"shows $2,788 (= 'King Storage Bed Hickory Acacia') but this item is 'Queen Storage Bed Hickory Acacia' = $2,252",Price withdrawn — now Price on request (no supplier line proves it)
Chole Dresser Grey Angly,B1681,Matrix,Bedroom,dressers,On request,,,FAIL,"no 'dresser' line exists for this collection; $1,887 is the 'dresser & mirror' line",Price withdrawn — now Price on request (no supplier line proves it)
Crystal Dresser Black,B1391,Matrix,Bedroom,dressers,On request,,,FAIL,"no 'dresser' line exists for this collection; $1,666 is the 'dresser & mirror' line",Price withdrawn — now Price on request (no supplier line proves it)
Crystal Dresser White,B1391,Matrix,Bedroom,dressers,On request,,,FAIL,"no 'dresser' line exists for this collection; $1,666 is the 'dresser & mirror' line",Price withdrawn — now Price on request (no supplier line proves it)
Cypress Dresser Black,B1071,Matrix,Bedroom,dressers,On request,,,FAIL,"no 'dresser' line exists for this collection; $1,666 is the 'dresser & mirror' line",Price withdrawn — now Price on request (no supplier line proves it)
Cypress Dresser White,B1071,Matrix,Bedroom,dressers,On request,,,FAIL,"no 'dresser' line exists for this collection; $1,666 is the 'dresser & mirror' line",Price withdrawn — now Price on request (no supplier line proves it)
Daisy Dresser Taupe,B1551,Matrix,Bedroom,dressers,On request,,,FAIL,"no 'dresser' line exists for this collection; $1,509 is the 'dresser & mirror' line",Price withdrawn — now Price on request (no supplier line proves it)
Denver Dresser Light Grey,B1571,Matrix,Bedroom,dressers,On request,,,FAIL,no 'dresser' line exists for this collection; $879 is the 'dresser & mirror' line,Price withdrawn — now Price on request (no supplier line proves it)
Denver Full bed Light grey,B1571,Matrix,Bedroom,beds,On request,,,FAIL,"no 'bed' line exists for this collection; $1,194 is the 'queen bed' line",Price withdrawn — now Price on request (no supplier line proves it)
Denver Twin bed Light grey,B1571,Matrix,Bedroom,beds,On request,,,FAIL,"no 'bed' line exists for this collection; $1,194 is the 'queen bed' line",Price withdrawn — now Price on request (no supplier line proves it)
Destiny Dresser Silver,B1171,Matrix,Bedroom,dressers,On request,,,FAIL,"no 'dresser' line exists for this collection; $1,351 is the 'dresser & mirror' line",Price withdrawn — now Price on request (no supplier line proves it)
Destiny King bed Silver,B1171,Matrix,Bedroom,beds,On request,,,FAIL,"no 'bed' line exists for this collection; $2,139 is the 'queen bed' line",Price withdrawn — now Price on request (no supplier line proves it)
Disco Dresser Grey,B1961,Matrix,Bedroom,dressers,On request,,,FAIL,"no 'dresser' line exists for this collection; $1,792 is the 'dresser & mirror' line",Price withdrawn — now Price on request (no supplier line proves it)
Elara Dresser Grey,B1941,Matrix,Bedroom,dressers,On request,,,FAIL,"no 'dresser' line exists for this collection; $1,194 is the 'dresser & mirror' line",Price withdrawn — now Price on request (no supplier line proves it)
Ember Dresser Graphite,B1471,Matrix,Bedroom,dressers,On request,,,FAIL,"no 'dresser' line exists for this collection; $1,950 is the 'dresser & mirror' line",Price withdrawn — now Price on request (no supplier line proves it)
Geneva Dresser Riversend,B2191,Matrix,Bedroom,dressers,On request,,,FAIL,"no 'dresser' line exists for this collection; $2,202 is the 'dresser & mirror' line",Price withdrawn — now Price on request (no supplier line proves it)
Germani Dresser Brown,B1801,Matrix,Bedroom,dressers,On request,,,FAIL,"no 'dresser' line exists for this collection; $1,824 is the 'dresser & mirror' line",Price withdrawn — now Price on request (no supplier line proves it)
Ginger King bed Gun metal,B1141,Matrix,Bedroom,beds,On request,,,FAIL,"no 'bed' line exists for this collection; $2,832 is the 'king bed + 2 nightstand =' line",Price withdrawn — now Price on request (no supplier line proves it)
Ginger King bed White,B1141,Matrix,Bedroom,beds,On request,,,FAIL,"no 'bed' line exists for this collection; $2,832 is the 'king bed + 2 nightstand =' line",Price withdrawn — now Price on request (no supplier line proves it)
Ginger Nightstand Gun metal,B1141,Matrix,Bedroom,nightstands,On request,,,FAIL,"no 'nightstand' line exists for this collection; $2,517 is the 'queen bed + 2 nightstand =' line",Price withdrawn — now Price on request (no supplier line proves it)
Ginger Nightstand White,B1141,Matrix,Bedroom,nightstands,On request,,,FAIL,"no 'nightstand' line exists for this collection; $2,517 is the 'queen bed + 2 nightstand =' line",Price withdrawn — now Price on request (no supplier line proves it)
Ginger Queen bed Gun metal,B1141,Matrix,Bedroom,beds,On request,,,FAIL,"no 'bed' line exists for this collection; $2,517 is the 'queen bed + 2 nightstand =' line",Price withdrawn — now Price on request (no supplier line proves it)
Ginger Queen bed White,B1141,Matrix,Bedroom,beds,On request,,,FAIL,"no 'bed' line exists for this collection; $2,517 is the 'queen bed + 2 nightstand =' line",Price withdrawn — now Price on request (no supplier line proves it)
Houston Dresser Walnut,B1991,Matrix,Bedroom,dressers,On request,,,FAIL,"no 'dresser' line exists for this collection; $1,099 is the 'dresser & mirror' line",Price withdrawn — now Price on request (no supplier line proves it)
Hugo Dresser Light Grey,B2411,Matrix,Bedroom,dressers,On request,,,FAIL,"no 'dresser' line exists for this collection; $1,383 is the 'dresser & mirror' line",Price withdrawn — now Price on request (no supplier line proves it)
Jasmine Dresser Beige Gold,B1291,Matrix,Bedroom,dressers,On request,,,FAIL,"no 'dresser' line exists for this collection; $1,729 is the 'dresser & mirror' line",Price withdrawn — now Price on request (no supplier line proves it)
Kenzo Dresser Dark Walnut,B1441,Matrix,Bedroom,dressers,On request,,,FAIL,"no 'dresser' line exists for this collection; $1,288 is the 'dresser & mirror' line",Price withdrawn — now Price on request (no supplier line proves it)
Laguna Dresser White,B1831,Matrix,Bedroom,dressers,On request,,,FAIL,"no 'dresser' line exists for this collection; $1,572 is the 'dresser & mirror' line",Price withdrawn — now Price on request (no supplier line proves it)
Landmark Dresser Silver,B1861,Matrix,Bedroom,dressers,On request,,,FAIL,"no 'dresser' line exists for this collection; $1,729 is the 'dresser & mirror' line",Price withdrawn — now Price on request (no supplier line proves it)
Laura Dresser White Gold,B1401,Matrix,Bedroom,dressers,On request,,,FAIL,"no 'dresser' line exists for this collection; $1,887 is the 'dresser & mirror' line",Price withdrawn — now Price on request (no supplier line proves it)
Lavita Dresser Grey,B1741,Matrix,Bedroom,dressers,On request,,,FAIL,"no 'dresser' line exists for this collection; $1,981 is the 'dresser & mirror' line",Price withdrawn — now Price on request (no supplier line proves it)
Leonor Dresser Zebra White,B1981,Matrix,Bedroom,dressers,On request,,,FAIL,"no 'dresser' line exists for this collection; $1,824 is the 'dresser & mirror' line",Price withdrawn — now Price on request (no supplier line proves it)
Lexington Dresser Cream,B2241,Matrix,Bedroom,dressers,On request,,,FAIL,"no 'dresser' line exists for this collection; $1,761 is the 'dresser & mirror' line",Price withdrawn — now Price on request (no supplier line proves it)
Lisbon Dresser Grey,B2261,Matrix,Bedroom,dressers,On request,,,FAIL,"no 'dresser' line exists for this collection; $2,107 is the 'dresser & mirror' line",Price withdrawn — now Price on request (no supplier line proves it)
Lorenzo Dresser Grey,B1341,Matrix,Bedroom,dressers,On request,,,FAIL,"no 'dresser' line exists for this collection; $2,296 is the 'dresser & mirror' line",Price withdrawn — now Price on request (no supplier line proves it)
Madrid Dresser Graphite,B1631,Matrix,Bedroom,dressers,On request,,,FAIL,"no 'dresser' line exists for this collection; $2,044 is the 'dresser & mirror' line",Price withdrawn — now Price on request (no supplier line proves it)
Manchester Dresser Walnut Grey,B1911,Matrix,Bedroom,dressers,On request,,,FAIL,"no 'dresser' line exists for this collection; $1,792 is the 'dresser & mirror' line",Price withdrawn — now Price on request (no supplier line proves it)
Monaco Dresser Beige,B1971,Matrix,Bedroom,dressers,On request,,,FAIL,"no 'dresser' line exists for this collection; $2,044 is the 'dresser & mirror' line",Price withdrawn — now Price on request (no supplier line proves it)
Munich Dresser White,B1711,Matrix,Bedroom,dressers,On request,,,FAIL,"no 'dresser' line exists for this collection; $1,666 is the 'dresser & mirror' line",Price withdrawn — now Price on request (no supplier line proves it)
Obsession Dresser White Gold,B1581,Matrix,Bedroom,dressers,On request,,,FAIL,"no 'dresser' line exists for this collection; $1,477 is the 'dresser & mirror' line",Price withdrawn — now Price on request (no supplier line proves it)
Olympia Dresser Grey,B2201,Matrix,Bedroom,dressers,On request,,,FAIL,"no 'dresser' line exists for this collection; $1,729 is the 'dresser & mirror' line",Price withdrawn — now Price on request (no supplier line proves it)
Passion Queen bed Milky white,B1331,Matrix,Bedroom,beds,On request,,,FAIL,"no 'bed' line exists for this collection; $2,517 is the 'king bed' line",Price withdrawn — now Price on request (no supplier line proves it)
Rachel Dresser White,B1621,Matrix,Bedroom,dressers,On request,,,FAIL,"no 'dresser' line exists for this collection; $1,824 is the 'dresser & mirror' line",Price withdrawn — now Price on request (no supplier line proves it)
Roma Dresser Champagne,B391,Matrix,Bedroom,dressers,On request,,,FAIL,"no 'dresser' line exists for this collection; $2,359 is the 'dresser & mirror' line",Price withdrawn — now Price on request (no supplier line proves it)
Roma Dresser Dark Walnut,B391,Matrix,Bedroom,dressers,On request,,,FAIL,"no 'dresser' line exists for this collection; $2,359 is the 'dresser & mirror' line",Price withdrawn — now Price on request (no supplier line proves it)
Rylee Dresser Grey,B1061,Matrix,Bedroom,dressers,On request,,,FAIL,"no 'dresser' line exists for this collection; $1,036 is the 'dresser & mirror' line",Price withdrawn — now Price on request (no supplier line proves it)
Samantha Dresser Olive Silver,B1591,Matrix,Bedroom,dressers,On request,,,FAIL,"no 'dresser' line exists for this collection; $1,824 is the 'dresser & mirror' line",Price withdrawn — now Price on request (no supplier line proves it)
Samantha Queen bed Olive silver,B1591,Matrix,Bedroom,beds,On request,,,FAIL,"no 'bed' line exists for this collection; $2,895 is the 'king bed' line",Price withdrawn — now Price on request (no supplier line proves it)
Seville Dresser White,B2221,Matrix,Bedroom,dressers,On request,,,FAIL,"no 'dresser' line exists for this collection; $1,887 is the 'dresser & mirror' line",Price withdrawn — now Price on request (no supplier line proves it)
Skylar Dresser Grey,B1051,Matrix,Bedroom,dressers,On request,,,FAIL,"no 'dresser' line exists for this collection; $1,288 is the 'dresser & mirror' line",Price withdrawn — now Price on request (no supplier line proves it)
Sophia Dresser Black,B1181,Matrix,Bedroom,dressers,On request,,,FAIL,"no 'dresser' line exists for this collection; $1,162 is the 'dresser & mirror' line",Price withdrawn — now Price on request (no supplier line proves it)
Sophia Dresser Grey,B1181,Matrix,Bedroom,dressers,On request,,,FAIL,"no 'dresser' line exists for this collection; $1,162 is the 'dresser & mirror' line",Price withdrawn — now Price on request (no supplier line proves it)
Sophia Dresser Navy,B1181,Matrix,Bedroom,dressers,On request,,,FAIL,"no 'dresser' line exists for this collection; $1,162 is the 'dresser & mirror' line",Price withdrawn — now Price on request (no supplier line proves it)
Sterling Dresser Silver,1714,Matrix,Bedroom,dressers,On request,,,FAIL,"no 'dresser' line exists for this collection; $1,194 is the 'dresser & mirror' line",Price withdrawn — now Price on request (no supplier line proves it)
Sterling Dresser Silver,B2231,Matrix,Bedroom,dressers,On request,,,FAIL,"no 'dresser' line exists for this collection; $1,194 is the 'dresser & mirror' line",Price withdrawn — now Price on request (no supplier line proves it)
Sterling Dresser White,1814,Matrix,Bedroom,dressers,On request,,,FAIL,"no 'dresser' line exists for this collection; $1,194 is the 'dresser & mirror' line",Price withdrawn — now Price on request (no supplier line proves it)
Sterling Dresser White,B2231,Matrix,Bedroom,dressers,On request,,,FAIL,"no 'dresser' line exists for this collection; $1,194 is the 'dresser & mirror' line",Price withdrawn — now Price on request (no supplier line proves it)
Sydney Dresser Grey,B2021,Matrix,Bedroom,dressers,On request,,,FAIL,"no 'dresser' line exists for this collection; $1,414 is the 'dresser & mirror' line",Price withdrawn — now Price on request (no supplier line proves it)
Talia Dresser Black,B2071,Matrix,Bedroom,dressers,On request,,,FAIL,"no 'dresser' line exists for this collection; $1,666 is the 'dresser & mirror' line",Price withdrawn — now Price on request (no supplier line proves it)
Talia Dresser White,B2071,Matrix,Bedroom,dressers,On request,,,FAIL,"no 'dresser' line exists for this collection; $1,666 is the 'dresser & mirror' line",Price withdrawn — now Price on request (no supplier line proves it)
Treasure Dresser Grey,B1951,Matrix,Bedroom,dressers,On request,,,FAIL,"no 'dresser' line exists for this collection; $1,635 is the 'dresser & mirror' line",Price withdrawn — now Price on request (no supplier line proves it)
Treasure Dresser White,B1951,Matrix,Bedroom,dressers,On request,,,FAIL,"no 'dresser' line exists for this collection; $1,635 is the 'dresser & mirror' line",Price withdrawn — now Price on request (no supplier line proves it)
Venice Dresser Grey,B1921,Matrix,Bedroom,dressers,On request,,,FAIL,"no 'dresser' line exists for this collection; $1,887 is the 'dresser & mirror' line",Price withdrawn — now Price on request (no supplier line proves it)
Zain Dresser Grey Angly White,B1891,Matrix,Bedroom,dressers,On request,,,FAIL,"no 'dresser' line exists for this collection; $1,572 is the 'dresser & mirror' line",Price withdrawn — now Price on request (no supplier line proves it)
2423BR Dining — Junipero Collection,2423BRDining,Mazin,Dining Room,dining-sets,On request,,,FAIL,no 'None' line in this collection; $205 is 'Counter-height Chair',Price withdrawn — now Price on request (no supplier line proves it)
2447-102 Dining — Matisse Collection,2447-102Dining,Mazin,Dining Room,dining-sets,On request,,,FAIL,"shows $331 (= 'Side Chair Fabric') but this item is 'pc Set Round Table & Sides' = $2,803",Price withdrawn — now Price on request (no supplier line proves it)
2447-60RD Dining — Matisse Collection,2447-60RDDining,Mazin,Dining Room,dining-sets,On request,,,FAIL,"shows $331 (= 'Side Chair Fabric') but this item is 'pc Set Round Table & Sides' = $2,803",Price withdrawn — now Price on request (no supplier line proves it)
5503BK Dining — Yannis Collection,5503BKDining,Mazin,Dining Room,dining-sets,On request,,,FAIL,"shows $353 (= 'Side Chair Chrome Tube PU') but this item is 'pc Dining Set' = $3,443",Price withdrawn — now Price on request (no supplier line proves it)
5599N Dining — Glissand Collection,5599NDining,Mazin,Dining Room,dining-sets,On request,,,FAIL,"shows $252 (= 'Side Chair PU') but this item is 'pc Set' = $3,062",Price withdrawn — now Price on request (no supplier line proves it)
5709WH Dining — Blair Farm Collection,5709WHDining,Mazin,Dining Room,dining-sets,On request,,,FAIL,"no 'None' line in this collection; $2,196 is 'pc Pack Dinette'",Price withdrawn — now Price on request (no supplier line proves it)
5898 Dining — Aiden Collection,5898Dining,Mazin,Dining Room,dining-sets,On request,,,FAIL,no 'None' line in this collection; $255 is 'Side Chair',Price withdrawn — now Price on request (no supplier line proves it)
5982-36 Dining — Savile Collection,5982-36Dining,Mazin,Dining Room,dining-sets,On request,,,FAIL,"shows $268 (= 'Dining Chair w/ fabric') but this item is 'pc Dining Set' = $1,701",Price withdrawn — now Price on request (no supplier line proves it)
5982-60 Dining — Savile Collection,5982-60Dining,Mazin,Dining Room,dining-sets,On request,,,FAIL,"shows $268 (= 'Dining Chair w/ fabric') but this item is 'pc Dining Set' = $1,701",Price withdrawn — now Price on request (no supplier line proves it)
5985 Dining — Ogden Collection,5985Dining,Mazin,Dining Room,dining-sets,On request,,,FAIL,no 'None' line in this collection; $290 is 'Side Chair',Price withdrawn — now Price on request (no supplier line proves it)
5999 Dining — Soma Collection,5999Dining,Mazin,Dining Room,dining-sets,On request,,,FAIL,"shows $410 (= 'Dining chair') but this item is 'pc Dining Set' = $3,118",Price withdrawn — now Price on request (no supplier line proves it)
6022-36 Dining — Tyler Collection,6022-36Dining,Mazin,Dining Room,dining-sets,On request,,,FAIL,no 'None' line in this collection; $261 is 'Side Chair',Price withdrawn — now Price on request (no supplier line proves it)
6022-65 Dining — Tyler Collection,6022-65Dining,Mazin,Dining Room,dining-sets,On request,,,FAIL,no 'None' line in this collection; $261 is 'Side Chair',Price withdrawn — now Price on request (no supplier line proves it)
6022WH-36 Dining — Tyler Collection,6022WH-36Dining,Mazin,Dining Room,dining-sets,On request,,,FAIL,no 'None' line in this collection; $261 is 'Side Chair',Price withdrawn — now Price on request (no supplier line proves it)
6022WH-65 Dining — Tyler Collection,6022WH-65Dining,Mazin,Dining Room,dining-sets,On request,,,FAIL,no 'None' line in this collection; $261 is 'Side Chair',Price withdrawn — now Price on request (no supplier line proves it)
6048-78 Dining — Marais Collection,6048-78Dining,Mazin,Dining Room,dining-sets,On request,,,FAIL,"no 'None' line in this collection; $1,852 is 'Dining Table'",Price withdrawn — now Price on request (no supplier line proves it)
6048-82 Dining — Marais Collection,6048-82Dining,Mazin,Dining Room,dining-sets,On request,,,FAIL,"no 'None' line in this collection; $1,852 is 'Dining Table'",Price withdrawn — now Price on request (no supplier line proves it)
6048NG + 6054 Dining — Marais Collection,6048NG6054Dining,Mazin,Dining Room,dining-sets,On request,,,FAIL,"no 'None' line in this collection; $1,852 is 'Dining Table'",Price withdrawn — now Price on request (no supplier line proves it)
6048NG-82 Dining — Marais Collection,6048NG-82Dining,Mazin,Dining Room,dining-sets,On request,,,FAIL,"no 'None' line in this collection; $1,852 is 'Dining Table'",Price withdrawn — now Price on request (no supplier line proves it)
6050 Dining — Marais Collection,6050Dining,Mazin,Dining Room,dining-sets,On request,,,FAIL,"no 'None' line in this collection; $1,506 is 'Dining Table'",Price withdrawn — now Price on request (no supplier line proves it)
6066-54RD Dining — Clara Collection,6066-54RDDining,Mazin,Dining Room,dining-sets,On request,,,FAIL,no 'None' line in this collection; $378 is 'Side Chair',Price withdrawn — now Price on request (no supplier line proves it)
6066-84 Dining — Clara Collection,6066-84Dining,Mazin,Dining Room,dining-sets,On request,,,FAIL,no 'None' line in this collection; $378 is 'Side Chair',Price withdrawn — now Price on request (no supplier line proves it)
6066NN-54RD Dining — Clara Collection,6066NN-54RDDining,Mazin,Dining Room,dining-sets,On request,,,FAIL,no 'None' line in this collection; $378 is 'Side Chair',Price withdrawn — now Price on request (no supplier line proves it)
6066NN-84 Dining — Clara Collection,6066NN-84Dining,Mazin,Dining Room,dining-sets,On request,,,FAIL,no 'None' line in this collection; $378 is 'Side Chair',Price withdrawn — now Price on request (no supplier line proves it)
6099 Dining — Niche Collection,6099Dining,Mazin,Dining Room,dining-sets,On request,,,FAIL,"no 'None' line in this collection; $1,732 is 'Arm Chair'",Price withdrawn — now Price on request (no supplier line proves it)
9745BE Seating — Zander Collection,9745BESeating,Mazin,Décor,decor-objects,On request,,,FAIL,no 'None' line in this collection; $882 is 'Chair Taupe Chenille',Price withdrawn — now Price on request (no supplier line proves it)
9745DG Seating — Zander Collection,9745DGSeating,Mazin,Décor,decor-objects,On request,,,FAIL,no 'None' line in this collection; $882 is 'Chair Taupe Chenille',Price withdrawn — now Price on request (no supplier line proves it)
9746BE Seating — Chelsea Collection,9746BESeating,Mazin,Décor,decor-objects,On request,,,FAIL,no 'None' line in this collection; $882 is 'Chair Chenille',Price withdrawn — now Price on request (no supplier line proves it)
9746GY Seating — Chelsea Collection,9746GYSeating,Mazin,Décor,decor-objects,On request,,,FAIL,no 'None' line in this collection; $882 is 'Chair Chenille',Price withdrawn — now Price on request (no supplier line proves it)
9747BU Seating — Sarah Collection,9747BUSeating,Mazin,Décor,decor-objects,On request,,,FAIL,no 'None' line in this collection; $882 is 'Chair Chenille',Price withdrawn — now Price on request (no supplier line proves it)
Aria Mirror Beige,B2011,Matrix,Décor,mirrors,On request,,,FAIL,"no 'mirror' line exists for this collection; $1,194 is the 'dresser & mirror' line",Price withdrawn — now Price on request (no supplier line proves it)
Bronco Mirror Grey,B2031,Matrix,Décor,mirrors,On request,,,FAIL,"no 'mirror' line exists for this collection; $1,351 is the 'dresser & mirror' line",Price withdrawn — now Price on request (no supplier line proves it)
Daisy Mirror Taupe,B1551,Matrix,Décor,mirrors,On request,,,FAIL,"no 'mirror' line exists for this collection; $1,509 is the 'dresser & mirror' line",Price withdrawn — now Price on request (no supplier line proves it)
Hugo Mirror Light Grey,B2411,Matrix,Décor,lighting,On request,,,FAIL,"no 'mirror' line exists for this collection; $1,383 is the 'dresser & mirror' line",Price withdrawn — now Price on request (no supplier line proves it)
Olympia Mirror Grey,B2201,Matrix,Décor,mirrors,On request,,,FAIL,"no 'mirror' line exists for this collection; $1,729 is the 'dresser & mirror' line",Price withdrawn — now Price on request (no supplier line proves it)
1104 Occasional — Lewiston Collection,1104Occasional,Mazin,Living Room,accent-tables,On request,,,FAIL,no 'None' line in this collection; $810 is 'Accent Chair Mission Arm Fabric',Price withdrawn — now Price on request (no supplier line proves it)
1138 Occasional — Damala Collection,1138Occasional,Mazin,Living Room,accent-tables,On request,,,FAIL,no 'None' line in this collection; $630 is 'pc Pack Coffee & End Tables',Price withdrawn — now Price on request (no supplier line proves it)
1526 Occasional — Bainbridge Collection,1526Occasional,Mazin,Living Room,accent-tables,On request,,,FAIL,no 'None' line in this collection; $228 is 'Side Chair',Price withdrawn — now Price on request (no supplier line proves it)
15260 Media — Bainbridge Collection,15260Media,Mazin,Living Room,tv-media,On request,,,FAIL,no 'None' line in this collection; $630 is 'Side Pier/Bookcase',Price withdrawn — now Price on request (no supplier line proves it)
3500 Occasional — Claremore Collection,3500Occasional,Mazin,Living Room,accent-tables,On request,,,FAIL,no 'None' line in this collection; $488 is 'Lift-Top Coffee & End Table pc- box',Price withdrawn — now Price on request (no supplier line proves it)
3503BK Occasional — Muriel Collection,3503BKOccasional,Mazin,Living Room,accent-tables,On request,,,FAIL,no 'None' line in this collection; $702 is 'End Table',Price withdrawn — now Price on request (no supplier line proves it)
3506 Occasional — Sienna Collection,3506Occasional,Mazin,Living Room,accent-tables,On request,,,FAIL,no 'None' line in this collection; $627 is 'End Table',Price withdrawn — now Price on request (no supplier line proves it)
3537 Occasional — Anton Collection,3537Occasional,Mazin,Living Room,accent-tables,On request,,,FAIL,no 'None' line in this collection; $567 is 'End Table Veneer w/Metal feet',Price withdrawn — now Price on request (no supplier line proves it)
3550 Occasional — Duncan Collection,3550Occasional,Mazin,Living Room,accent-tables,On request,,,FAIL,no 'None' line in this collection; $772 is 'End Table',Price withdrawn — now Price on request (no supplier line proves it)
3553 Occasional — Lakeside Collection,3553Occasional,Mazin,Living Room,accent-tables,On request,,,FAIL,no 'None' line in this collection; $630 is 'End Table',Price withdrawn — now Price on request (no supplier line proves it)
3554 Occasional — Rochester Collection,3554Occasional,Mazin,Living Room,accent-tables,On request,,,FAIL,no 'None' line in this collection; $580 is 'End Table',Price withdrawn — now Price on request (no supplier line proves it)
3590 Occasional — Frolic Collection,3590Occasional,Mazin,Living Room,accent-tables,On request,,,FAIL,"no 'None' line in this collection; $1,484 is 'Writing Desk'",Price withdrawn — now Price on request (no supplier line proves it)
3620 Occasional — Whitley Collection,3620Occasional,Mazin,Living Room,accent-tables,On request,,,FAIL,no 'None' line in this collection; $800 is 'End Table',Price withdrawn — now Price on request (no supplier line proves it)
3621 Occasional — Minot Collection,3621Occasional,Mazin,Living Room,accent-tables,On request,,,FAIL,no 'None' line in this collection; $731 is 'End Table',Price withdrawn — now Price on request (no supplier line proves it)
3624 Occasional — Auburn Collection,3624Occasional,Mazin,Living Room,accent-tables,On request,,,FAIL,"no 'None' line in this collection; $1,084 is 'End Table'",Price withdrawn — now Price on request (no supplier line proves it)
3681 Occasional — Tobias Collection,3681Occasional,Mazin,Living Room,accent-tables,On request,,,FAIL,no 'None' line in this collection; $873 is 'Round End Table',Price withdrawn — now Price on request (no supplier line proves it)
3681-RD Occasional — Tobias Collection,3681-RDOccasional,Mazin,Living Room,accent-tables,On request,,,FAIL,no 'None' line in this collection; $873 is 'Round End Table',Price withdrawn — now Price on request (no supplier line proves it)
3699 Occasional — Martine Collection,3699Occasional,Mazin,Living Room,accent-tables,On request,,,FAIL,no 'None' line in this collection; $986 is 'Piece Pack Occasional Set',Price withdrawn — now Price on request (no supplier line proves it)
3700 Occasional — Astral Collection,3700Occasional,Mazin,Living Room,accent-tables,On request,,,FAIL,"no 'None' line in this collection; $1,077 is 'Piece Pack Occasional Set'",Price withdrawn — now Price on request (no supplier line proves it)
3701 Occasional — Zamir Collection,3701Occasional,Mazin,Living Room,accent-tables,On request,,,FAIL,no 'None' line in this collection; $873 is 'Piece Pack Occasional Set',Price withdrawn — now Price on request (no supplier line proves it)
3702 Occasional — Amara Collection,3702Occasional,Mazin,Living Room,accent-tables,On request,,,FAIL,no 'None' line in this collection; $734 is 'Piece Pack Occasional Set',Price withdrawn — now Price on request (no supplier line proves it)
3705 Occasional — Melody Collection,3705Occasional,Mazin,Living Room,accent-tables,On request,,,FAIL,"no 'None' line in this collection; $1,021 is 'Piece Pack Occasional Set'",Price withdrawn — now Price on request (no supplier line proves it)
3706 Occasional — Laird Collection,3706Occasional,Mazin,Living Room,accent-tables,On request,,,FAIL,no 'None' line in this collection; $608 is 'Piece Pack Occasional Set',Price withdrawn — now Price on request (no supplier line proves it)
3709 Occasional — Gaffney Collection,3709Occasional,Mazin,Living Room,accent-tables,On request,,,FAIL,"no 'None' line in this collection; $1,121 is 'Piece Pack Occasional Set'",Price withdrawn — now Price on request (no supplier line proves it)
3716 Occasional — Riverton Collection,3716Occasional,Mazin,Living Room,accent-tables,On request,,,FAIL,"no 'None' line in this collection; $1,033 is 'End Table'",Price withdrawn — now Price on request (no supplier line proves it)
4998BLK Occasional — Salina Collection,4998BLKOccasional,Mazin,Living Room,accent-tables,On request,,,FAIL,no 'None' line in this collection; $765 is 'Piece Pack Desks with Stool Set',Price withdrawn — now Price on request (no supplier line proves it)
54150RF Media — Sedley Collection,54150RFMedia,Mazin,Living Room,tv-media,On request,,,FAIL,"no 'None' line in this collection; $1,881 is 'Side Pier'",Price withdrawn — now Price on request (no supplier line proves it)
5415RF Occasional — Sedley Collection,5415RFOccasional,Mazin,Living Room,accent-tables,On request,,,FAIL,no 'None' line in this collection; $365 is 'Side Chair Chocolate Fabric',Price withdrawn — now Price on request (no supplier line proves it)
5438 Occasional — Toulon Collection,5438Occasional,Mazin,Living Room,accent-tables,On request,,,FAIL,no 'None' line in this collection; $331 is 'Side Chair Wire Brushed Pine',Price withdrawn — now Price on request (no supplier line proves it)
5627GY Occasional — Granby Collection,5627GYOccasional,Mazin,Living Room,accent-tables,On request,,,FAIL,no 'None' line in this collection; $268 is 'Side Chair Antique',Price withdrawn — now Price on request (no supplier line proves it)
5627NW Occasional — Granby Collection,5627NWOccasional,Mazin,Living Room,accent-tables,On request,,,FAIL,no 'None' line in this collection; $268 is 'Side Chair Antique',Price withdrawn — now Price on request (no supplier line proves it)
5901 Occasional — Monroe Collection,5901Occasional,Mazin,Living Room,accent-tables,On request,,,FAIL,no 'None' line in this collection; $378 is 'Side Chair',Price withdrawn — now Price on request (no supplier line proves it)
8570 Occasional — Balthasar Collection,8570Occasional,Mazin,Living Room,accent-tables,On request,,,FAIL,"no 'None' line in this collection; $1,055 is 'End Table w/Marble Top'",Price withdrawn — now Price on request (no supplier line proves it)
1386NW Office — Cinderella Collection,1386NWOffice,Mazin,Office,desks,On request,,,FAIL,no 'None' line in this collection; $432 is 'Desk Chair',Price withdrawn — now Price on request (no supplier line proves it)
1450 Office — Garretson Collection,1450Office,Mazin,Office,desks,On request,,,FAIL,no 'None' line in this collection; $268 is 'Mirror finish',Price withdrawn — now Price on request (no supplier line proves it)
1450WH Office — Garretson Collection,1450WHOffice,Mazin,Office,desks,On request,,,FAIL,no 'None' line in this collection; $268 is 'Mirror finish',Price withdrawn — now Price on request (no supplier line proves it)
1534 Office — Corbin Collection,1534Office,Mazin,Office,desks,On request,,,FAIL,no 'None' line in this collection; $189 is 'Mirror',Price withdrawn — now Price on request (no supplier line proves it)
1534GY Office — Corbin Collection,1534GYOffice,Mazin,Office,desks,On request,,,FAIL,no 'None' line in this collection; $189 is 'Mirror',Price withdrawn — now Price on request (no supplier line proves it)
1534NA Office — Corbin Collection,1534NAOffice,Mazin,Office,desks,On request,,,FAIL,no 'None' line in this collection; $189 is 'Mirror',Price withdrawn — now Price on request (no supplier line proves it)
1534WH Office — Corbin Collection,1534WHOffice,Mazin,Office,desks,On request,,,FAIL,no 'None' line in this collection; $189 is 'Mirror',Price withdrawn — now Price on request (no supplier line proves it)
4522 Office — Blanche Collection,4522Office,Mazin,Office,desks,On request,,,FAIL,no 'None' line in this collection; $463 is 'Corner',Price withdrawn — now Price on request (no supplier line proves it)
4522WH Office — Blanche Collection,4522WHOffice,Mazin,Office,desks,On request,,,FAIL,no 'None' line in this collection; $463 is 'Corner',Price withdrawn — now Price on request (no supplier line proves it)
5415RF Office — Sedley Collection,5415RFOffice,Mazin,Office,desks,On request,,,FAIL,no 'None' line in this collection; $365 is 'Side Chair Chocolate Fabric',Price withdrawn — now Price on request (no supplier line proves it)
5438 Office — Toulon Collection,5438Office,Mazin,Office,desks,On request,,,FAIL,no 'None' line in this collection; $331 is 'Side Chair Wire Brushed Pine',Price withdrawn — now Price on request (no supplier line proves it)
5687BLK-364P Dining — Caspian Collection,5687BLK-364PDining,Mazin,Office,desks,On request,,,FAIL,no 'None' line in this collection; $220 is 'Counter Height Stool',Price withdrawn — now Price on request (no supplier line proves it)
5687BLK-424P Dining — Caspian Collection,5687BLK-424PDining,Mazin,Office,desks,On request,,,FAIL,no 'None' line in this collection; $220 is 'Counter Height Stool',Price withdrawn — now Price on request (no supplier line proves it)
5687BTT-364P Dining — Caspian Collection,5687BTT-364PDining,Mazin,Office,desks,On request,,,FAIL,no 'None' line in this collection; $220 is 'Counter Height Stool',Price withdrawn — now Price on request (no supplier line proves it)
5687BTT-424P Dining — Caspian Collection,5687BTT-424PDining,Mazin,Office,desks,On request,,,FAIL,no 'None' line in this collection; $220 is 'Counter Height Stool',Price withdrawn — now Price on request (no supplier line proves it)
5687WTT-364P Dining — Caspian Collection,5687WTT-364PDining,Mazin,Office,desks,On request,,,FAIL,no 'None' line in this collection; $220 is 'Counter Height Stool',Price withdrawn — now Price on request (no supplier line proves it)
5687WTT-424P Dining — Caspian Collection,5687WTT-424PDining,Mazin,Office,desks,On request,,,FAIL,no 'None' line in this collection; $220 is 'Counter Height Stool',Price withdrawn — now Price on request (no supplier line proves it)
5713BK Dining — Connected Collection,5713BKDining,Mazin,Office,desks,On request,,,FAIL,"no 'None' line in this collection; $1,244 is 'pc Counter-height Set w/USB & Outlets'",Price withdrawn — now Price on request (no supplier line proves it)
5713ES Dining — Connected Collection,5713ESDining,Mazin,Office,desks,On request,,,FAIL,"no 'None' line in this collection; $1,244 is 'pc Counter-height Set w/USB & Outlets'",Price withdrawn — now Price on request (no supplier line proves it)
5713GY Dining — Connected Collection,5713GYDining,Mazin,Office,desks,On request,,,FAIL,"no 'None' line in this collection; $1,244 is 'pc Counter-height Set w/USB & Outlets'",Price withdrawn — now Price on request (no supplier line proves it)
5713WT Dining — Connected Collection,5713WTDining,Mazin,Office,desks,On request,,,FAIL,"no 'None' line in this collection; $1,244 is 'pc Counter-height Set w/USB & Outlets'",Price withdrawn — now Price on request (no supplier line proves it)
Austin King bed Dark walnut,B852,Matrix,Bedroom,beds,"$2,832","$2,202",king bed,FLAG,"shows $2,832 (= 'king bed w/ lift up') but this item is 'king bed' = $2,202","FLAGGED for owner — left unchanged, needs confirmation"
Austin Queen bed Dark walnut,B852,Matrix,Bedroom,beds,"$2,517","$1,887",queen bed,FLAG,"shows $2,517 (= 'queen bed w/ lift up') but this item is 'queen bed' = $1,887","FLAGGED for owner — left unchanged, needs confirmation"
Austin — Queen Set,B852,Matrix,Bedroom,bedroom-sets,"$5,982","$5,352",queen complete set,FLAG,"shows $5,982 (= 'queen complete set w/ lift up') but this item is 'queen complete set' = $5,352","FLAGGED for owner — left unchanged, needs confirmation"
Baltimore King bed Dark grey,B851,Matrix,Bedroom,beds,"$2,706","$2,076",king bed,FLAG,"shows $2,706 (= 'king bed w/ lift up') but this item is 'king bed' = $2,076","FLAGGED for owner — left unchanged, needs confirmation"
Baltimore King bed Dark walnut,B851,Matrix,Bedroom,beds,"$2,706","$2,076",king bed,FLAG,"shows $2,706 (= 'king bed w/ lift up') but this item is 'king bed' = $2,076","FLAGGED for owner — left unchanged, needs confirmation"
Baltimore King bed Grey,B853,Matrix,Bedroom,beds,"$2,706","$2,076",king bed,FLAG,"shows $2,706 (= 'king bed w/ lift up') but this item is 'king bed' = $2,076","FLAGGED for owner — left unchanged, needs confirmation"
Baltimore King bed Walnut,B853,Matrix,Bedroom,beds,"$2,706","$2,076",king bed,FLAG,"shows $2,706 (= 'king bed w/ lift up') but this item is 'king bed' = $2,076","FLAGGED for owner — left unchanged, needs confirmation"
Baltimore Queen bed Dark grey,B851,Matrix,Bedroom,beds,"$2,391","$1,761",queen bed,FLAG,"shows $2,391 (= 'queen bed w/ lift up') but this item is 'queen bed' = $1,761","FLAGGED for owner — left unchanged, needs confirmation"
Baltimore Queen bed Dark walnut,B851,Matrix,Bedroom,beds,"$2,391","$1,761",queen bed,FLAG,"shows $2,391 (= 'queen bed w/ lift up') but this item is 'queen bed' = $1,761","FLAGGED for owner — left unchanged, needs confirmation"
Baltimore Queen bed Grey,B853,Matrix,Bedroom,beds,"$2,391","$1,761",queen bed,FLAG,"shows $2,391 (= 'queen bed w/ lift up') but this item is 'queen bed' = $1,761","FLAGGED for owner — left unchanged, needs confirmation"
Baltimore Queen bed Walnut,B853,Matrix,Bedroom,beds,"$2,391","$1,761",queen bed,FLAG,"shows $2,391 (= 'queen bed w/ lift up') but this item is 'queen bed' = $1,761","FLAGGED for owner — left unchanged, needs confirmation"
Baltimore — Queen Set,B851,Matrix,Bedroom,bedroom-sets,"$5,667","$5,037",queen complete set,FLAG,"shows $5,667 (= 'queen complete set w/ lift up') but this item is 'queen complete set' = $5,037","FLAGGED for owner — left unchanged, needs confirmation"
1212,1212,A-Class,Living Room,sectionals,"$3,465",,,FLAG,no sectional line for code 1212,"FLAGGED for owner — left unchanged, needs confirmation"
1213,1213,A-Class,Living Room,sectionals,"$3,938",,,FLAG,no sectional line for code 1213,"FLAGGED for owner — left unchanged, needs confirmation"
1220,1220,A-Class,Living Room,sectionals,"$4,016",,,FLAG,no sectional line for code 1220,"FLAGGED for owner — left unchanged, needs confirmation"
1220,1220,A-Class,Living Room,sectionals,"$4,016",,,FLAG,no sectional line for code 1220,"FLAGGED for owner — left unchanged, needs confirmation"
1250,1250,A-Class,Living Room,sectionals,"$3,780",,,FLAG,no sectional line for code 1250,"FLAGGED for owner — left unchanged, needs confirmation"
1257,1257,A-Class,Living Room,sectionals,"$3,465",,,FLAG,no sectional line for code 1257,"FLAGGED for owner — left unchanged, needs confirmation"
1260,1260,A-Class,Living Room,sectionals,"$3,465",,,FLAG,no sectional line for code 1260,"FLAGGED for owner — left unchanged, needs confirmation"
1270,1270,A-Class,Living Room,sectionals,"$3,150",,,FLAG,no sectional line for code 1270,"FLAGGED for owner — left unchanged, needs confirmation"
1515,1515,A-Class,Living Room,sectionals,"$4,252",,,FLAG,no sectional line for code 1515,"FLAGGED for owner — left unchanged, needs confirmation"
1525,1525,A-Class,Living Room,sectionals,"$1,559",,,FLAG,no sectional line for code 1525,"FLAGGED for owner — left unchanged, needs confirmation"
1550,1550,A-Class,Living Room,sectionals,"$3,308",,,FLAG,no sectional line for code 1550,"FLAGGED for owner — left unchanged, needs confirmation"
1616,1616,A-Class,Living Room,sectionals,"$1,701",,,FLAG,no sectional line for code 1616,"FLAGGED for owner — left unchanged, needs confirmation"
1890,1890,A-Class,Living Room,sectionals,"$1,969",,,FLAG,no sectional line for code 1890,"FLAGGED for owner — left unchanged, needs confirmation"
2050,2050,A-Class,Living Room,sectionals,"$1,559",,,FLAG,no sectional line for code 2050,"FLAGGED for owner — left unchanged, needs confirmation"
2070 Sectional,2070,A-Class,Living Room,sectionals,"$1,638",,,FLAG,no sectional line for code 2070,"FLAGGED for owner — left unchanged, needs confirmation"
2121,2121,A-Class,Living Room,sectionals,"$3,308",,,FLAG,no sectional line for code 2121,"FLAGGED for owner — left unchanged, needs confirmation"
2860 Sectional,2860,A-Class,Living Room,sectionals,"$1,323",,,FLAG,no sectional line for code 2860,"FLAGGED for owner — left unchanged, needs confirmation"
2929,2929,A-Class,Living Room,sectionals,"$5,276",,,FLAG,no sectional line for code 2929,"FLAGGED for owner — left unchanged, needs confirmation"
2933,2933,A-Class,Living Room,sectionals,"$4,331",,,FLAG,no sectional line for code 2933,"FLAGGED for owner — left unchanged, needs confirmation"
2935,2935,A-Class,Living Room,sectionals,"$3,465",,,FLAG,no sectional line for code 2935,"FLAGGED for owner — left unchanged, needs confirmation"
3335,3335,A-Class,Living Room,sectionals,"$1,260",,,FLAG,no sectional line for code 3335,"FLAGGED for owner — left unchanged, needs confirmation"
4253,4253,A-Class,Living Room,sectionals,$504,,,FLAG,no sectional line for code 4253,"FLAGGED for owner — left unchanged, needs confirmation"
465,465,A-Class,Living Room,sectionals,"$1,260",,,FLAG,no sectional line for code 465,"FLAGGED for owner — left unchanged, needs confirmation"
5155,5155,A-Class,Living Room,sectionals,"$3,308",,,FLAG,no sectional line for code 5155,"FLAGGED for owner — left unchanged, needs confirmation"
Accent Chest — Dark Walnut With 2 Doors,I 2789,Monarch,Bedroom,chests,$315,,,PASS,,
Accent Chest — Light Walnut / Seagrass-Look / 2 D,I 2729,Monarch,Bedroom,chests,$378,,,PASS,,
Aria Chest Beige,B2011,Matrix,Bedroom,chests,$942,$942,chest,PASS,,
Aria Dresser mirror set Beige,B2011,Matrix,Bedroom,dressers,"$1,194","$1,194",dresser & mirror,PASS,,
Aria King bed Beige,B2011,Matrix,Bedroom,beds,"$2,202","$2,202",king bed,PASS,,
Aria Nightstand Beige,B2011,Matrix,Bedroom,nightstands,$469,$469,nightstand (each),PASS,,
Aria Quee bed Beige,B2011,Matrix,Bedroom,beds,"$1,887",,,PASS,,
Aria — Nightstand,2011,Matrix,Bedroom,nightstands,$469,$469,nightstand (each),PASS,,
Aria — Queen Set,B2011,Matrix,Bedroom,bedroom-sets,"$4,722","$4,722",queen complete set,PASS,,
Austin Dresser mirror set Dark walnut,B852,Matrix,Bedroom,dressers,"$1,257","$1,257",dresser & mirror,PASS,,
Austin King storage bed Walnut,B852,Matrix,Bedroom,beds,"$2,832","$2,832",king bed w/ lift up,PASS,,"Price corrected $2,517 -> $2,832"
Baltimore Chest Dark grey,B851,Matrix,Bedroom,chests,"$1,005","$1,005",chest,PASS,,
Baltimore Chest Dark grey,B853,Matrix,Bedroom,chests,"$1,005","$1,005",chest,PASS,,
Baltimore Chest Dark walnut,B851,Matrix,Bedroom,chests,"$1,005","$1,005",chest,PASS,,
Baltimore Chest Dark walnut,B853,Matrix,Bedroom,chests,"$1,005","$1,005",chest,PASS,,
Baltimore Dresser mirror set Dark grey,B851,Matrix,Bedroom,dressers,"$1,257","$1,257",dresser & mirror,PASS,,
Baltimore Dresser mirror set Dark walnut,B851,Matrix,Bedroom,dressers,"$1,257","$1,257",dresser & mirror,PASS,,
Baltimore Dresser mirror set Walnut,B853,Matrix,Bedroom,dressers,"$1,257","$1,257",dresser & mirror,PASS,,
Baltimore Nightstand Dark grey,B851,Matrix,Bedroom,nightstands,$501,$501,nightstand (each),PASS,,
Baltimore Nightstand Dark grey,B853,Matrix,Bedroom,nightstands,$501,$501,nightstand (each),PASS,,
Baltimore Nightstand Dark walnut,B851,Matrix,Bedroom,nightstands,$501,$501,nightstand (each),PASS,,
Baltimore Nightstand Dark walnut,B853,Matrix,Bedroom,nightstands,$501,$501,nightstand (each),PASS,,
Baltimore dresser mirror set Grey,B853,Matrix,Bedroom,dressers,"$1,257","$1,257",dresser & mirror,PASS,,
Baltimore — Nightstand,851,Matrix,Bedroom,nightstands,$501,$501,nightstand (each),PASS,,
Bed — Beige Linen,I 5921F,Monarch,Bedroom,beds,$394,,,PASS,,
Bed — Beige Linen,I 5921Q,Monarch,Bedroom,beds,$425,,,PASS,,
Bed — Beige Linen,I 5605Q,Monarch,Bedroom,beds,$598,,,PASS,,
Bed — Beige Linen,I 6026Q,Monarch,Bedroom,beds,$662,,,PASS,,
Bed — Beige Linen,I 5921T,Monarch,Bedroom,beds,$346,,,PASS,,
Bed — Beige Linen Headboard Only,I 6004F,Monarch,Bedroom,beds,$236,,,PASS,,
Bed — Beige Linen Headboard Only,I 6004Q,Monarch,Bedroom,beds,$268,,,PASS,,
Bed — Beige Linen Headboard Only,I 6014F,Monarch,Bedroom,beds,$268,,,PASS,,
Bed — Beige Linen Platform Front Storage,I 5901F,Monarch,Bedroom,beds,$662,,,PASS,,
Bed — Beige Linen Platform Front Storage,I 5901Q,Monarch,Bedroom,beds,$693,,,PASS,,
Bed — Beige Linen Platform Front Storage,I 5901T,Monarch,Bedroom,beds,$598,,,PASS,,
Bed — Beige Linen With 2 Storage Drawers,I 6021Q,Monarch,Bedroom,beds,$898,,,PASS,,
Bed — Beige Linen With Chrome Metal Legs,I 6036Q,Monarch,Bedroom,beds,$598,,,PASS,,
Bed — Beige Linen With Chrome Metal Legs,I 6041Q,Monarch,Bedroom,beds,$677,,,PASS,,
Bed — Black Boucle Fabric,I 5805F,Monarch,Bedroom,beds,$425,,,PASS,,
Bed — Black Boucle Fabric,I 5805Q,Monarch,Bedroom,beds,$457,,,PASS,,
Bed — Black Boucle Fabric,I 5805T,Monarch,Bedroom,beds,$378,,,PASS,,
Bed — Black Solid Wood Platform,I 6060Q,Monarch,Bedroom,beds,$614,,,PASS,,
Bed — Black Velvet,I 5924T,Monarch,Bedroom,beds,$346,,,PASS,,
Bed — Brown Leather-Look Headboard Only,I 6000F,Monarch,Bedroom,beds,$236,,,PASS,,
Bed — Brown Leather-Look Headboard Only,I 6000Q,Monarch,Bedroom,beds,$268,,,PASS,,
Bed — Brown Leather-Look With Brass Trim,I 5938Q,Monarch,Bedroom,beds,$504,,,PASS,,
Bed — Brown Leather-Look With Wood Legs,I 5982Q,Monarch,Bedroom,beds,$536,,,PASS,,
Bed — Brown Leather-Look With Wood Legs,I 5982T,Monarch,Bedroom,beds,$472,,,PASS,,
Bed — Dark Brown Leather-Look,I 5910F,Monarch,Bedroom,beds,$362,,,PASS,,
Bed — Dark Brown Leather-Look,I 5910Q,Monarch,Bedroom,beds,$504,,,PASS,,
Bed — Dark Brown Leather-Look,I 5922F,Monarch,Bedroom,beds,$394,,,PASS,,
Bed — Dark Brown Leather-Look,I 5922Q,Monarch,Bedroom,beds,$441,,,PASS,,
Bed — Dark Brown Leather-Look,I 5910T,Monarch,Bedroom,beds,$331,,,PASS,,
Bed — Dark Grey Boucle Fabric,I 5803F,Monarch,Bedroom,beds,$425,,,PASS,,
Bed — Dark Grey Boucle Fabric,I 5803Q,Monarch,Bedroom,beds,$457,,,PASS,,
Bed — Dark Grey Boucle Fabric,I 5803T,Monarch,Bedroom,beds,$378,,,PASS,,
Bed — Dark Grey Velvet With Chrome Trim,I 5968Q,Monarch,Bedroom,beds,$677,,,PASS,,
Bed — Dark Grey Velvet With Chrome Trim,I 5986Q,Monarch,Bedroom,beds,$614,,,PASS,,
Bed — Dark Taupe / Black Metal Platform,I 6070Q,Monarch,Bedroom,beds,$469,,,PASS,,
Bed — Green Velvet,I 5917T,Monarch,Bedroom,beds,$346,,,PASS,,
Bed — Grey / Black Metal Platform,I 6071Q,Monarch,Bedroom,beds,$469,,,PASS,,
Bed — Grey Fabric / Black Metal Platform,I 6075Q,Monarch,Bedroom,beds,$501,,,PASS,,
Bed — Grey Leather-Look,I 5912T,Monarch,Bedroom,beds,$331,,,PASS,,
Bed — Grey Leather-Look Headboard Only,I 6011Q,Monarch,Bedroom,beds,$299,,,PASS,,
Bed — Grey Leather-Look Headboard Only,I 6011F,Monarch,Bedroom,beds,$268,,,PASS,,
Bed — Grey Linen,I 5920F,Monarch,Bedroom,beds,$394,,,PASS,,
Bed — Grey Linen,I 5920Q,Monarch,Bedroom,beds,$425,,,PASS,,
Bed — Grey Linen,I 6025Q,Monarch,Bedroom,beds,$662,,,PASS,,
Bed — Grey Linen,I 5920T,Monarch,Bedroom,beds,$346,,,PASS,,
Bed — Grey Linen Headboard Only,I 6003F,Monarch,Bedroom,beds,$236,,,PASS,,
Bed — Grey Linen Headboard Only,I 6003Q,Monarch,Bedroom,beds,$268,,,PASS,,
Bed — Grey Linen Headboard Only,I 6013F,Monarch,Bedroom,beds,$268,,,PASS,,
Bed — Grey Linen Platform Front Storage ,I 5900F,Monarch,Bedroom,beds,$662,,,PASS,,
Bed — Grey Linen Platform Front Storage ,I 5900Q,Monarch,Bedroom,beds,$693,,,PASS,,
Bed — Grey Linen Platform Front Storage ,I 5900T,Monarch,Bedroom,beds,$598,,,PASS,,
Bed — Grey Linen With 2 Storage Drawers,I 6020Q,Monarch,Bedroom,beds,$898,,,PASS,,
Bed — Grey Linen With Chrome Legs,I 5950Q,Monarch,Bedroom,beds,$504,,,PASS,,
Bed — Grey Linen With Chrome Metal Legs,I 6035Q,Monarch,Bedroom,beds,$598,,,PASS,,
Bed — Grey Linen With Chrome Metal Legs,I 6040Q,Monarch,Bedroom,beds,$693,,,PASS,,
Bed — Grey Linen With Chrome Metal Legs,I 6045Q,Monarch,Bedroom,beds,$740,,,PASS,,
Bed — Grey Linen With Chrome Trim,I 5925F,Monarch,Bedroom,beds,$410,,,PASS,,
Bed — Grey Linen With Chrome Trim,I 5936Q,Monarch,Bedroom,beds,$520,,,PASS,,
Bed — Grey Linen With Chrome Trim,I 5966Q,Monarch,Bedroom,beds,$677,,,PASS,,
Bed — Grey Linen With Chrome Trim,I 5984Q,Monarch,Bedroom,beds,$614,,,PASS,,
Bed — Grey Linen With Chrome Trim,I 5984T,Monarch,Bedroom,beds,$520,,,PASS,,
Bed — Grey Solid Wood Platform,I 6065Q,Monarch,Bedroom,beds,$614,,,PASS,,
Bed — Light Blue Boucle Fabric,I 5806T,Monarch,Bedroom,beds,$378,,,PASS,,
Bed — Light Grey Boucle Fabric,I 5801F,Monarch,Bedroom,beds,$425,,,PASS,,
Bed — Light Grey Boucle Fabric,I 5801Q,Monarch,Bedroom,beds,$457,,,PASS,,
Bed — Light Grey Boucle Fabric,I 5801T,Monarch,Bedroom,beds,$378,,,PASS,,
Bed — Light Grey Velvet With Chrome Trim,I 5967Q,Monarch,Bedroom,beds,$677,,,PASS,,
Bed — Navy Blue Velvet,I 5918T,Monarch,Bedroom,beds,$346,,,PASS,,
Bed — Pink Velvet,I 5916T,Monarch,Bedroom,beds,$346,,,PASS,,
Bed — Pink Velvet With Chrome Metal Legs,I 6042Q,Monarch,Bedroom,beds,$677,,,PASS,,
Bed — Steel Blue Velvet,I 5919T,Monarch,Bedroom,beds,$346,,,PASS,,
Bed — Walnut Solid Wood Platform,I 6066Q,Monarch,Bedroom,beds,$614,,,PASS,,
Bed — White Leather-Look,I 5911Q,Monarch,Bedroom,beds,$504,,,PASS,,
Bed — White Leather-Look,I 5911T,Monarch,Bedroom,beds,$331,,,PASS,,
Bed — White Leather-Look Headboard Only,I 6002T,Monarch,Bedroom,beds,$220,,,PASS,,
Bed — White Leather-Look Headboard Only,I 6002F,Monarch,Bedroom,beds,$236,,,PASS,,
Bed — White Leather-Look Headboard Only,I 6002Q,Monarch,Bedroom,beds,$268,,,PASS,,
Bed — White Leather-Look Headboard Only,I 6012Q,Monarch,Bedroom,beds,$299,,,PASS,,
Bed — White Leather-Look Headboard Only,I 6012F,Monarch,Bedroom,beds,$268,,,PASS,,
Bed — White Leather-Look With Chrome Leg,I 5953Q,Monarch,Bedroom,beds,$504,,,PASS,,
Bed — White Solid Wood Platform,I 6061Q,Monarch,Bedroom,beds,$614,,,PASS,,
Bedroom Set — Beige Fabric Grey Oak Finish,I 5235Q,Monarch,Bedroom,bedroom-sets,$721,,,PASS,,
Bedroom Set — Bleached Oak / 2 Lights / Usb,I 5212Q,Monarch,Bedroom,bedroom-sets,"$1,257",,,PASS,,
Bedroom Set — Bleached Oak / Oak Top,I 5263,Monarch,Bedroom,bedroom-sets,$299,,,PASS,,
Bedroom Set — Bleached Oak Finish,I 5200Q,Monarch,Bedroom,bedroom-sets,$438,,,PASS,,
Bedroom Set — Bleached Oak Finish,I 5210Q,Monarch,Bedroom,bedroom-sets,$658,,,PASS,,
Bedroom Set — Bleached Oak Finish,I 5201,Monarch,Bedroom,bedroom-sets,$992,,,PASS,,
Bedroom Set — Bleached Oak Finish,I 5202,Monarch,Bedroom,bedroom-sets,$205,,,PASS,,
Bedroom Set — Bleached Oak Finish,I 5203,Monarch,Bedroom,bedroom-sets,$331,,,PASS,,
Bedroom Set — Bleached Oak Finish,I 5204,Monarch,Bedroom,bedroom-sets,$724,,,PASS,,
Bedroom Set — Bleached Oak Finish,I 5220Q,Monarch,Bedroom,bedroom-sets,$784,,,PASS,,
Bedroom Set — Bleached Oak Finish,I 5221,Monarch,Bedroom,bedroom-sets,"$1,166",,,PASS,,
Bedroom Set — Bleached Oak Finish,I 5222,Monarch,Bedroom,bedroom-sets,$205,,,PASS,,
Bedroom Set — Bleached Oak Finish,I 5223,Monarch,Bedroom,bedroom-sets,$410,,,PASS,,
Bedroom Set — Bleached Oak Finish,I 5224,Monarch,Bedroom,bedroom-sets,$914,,,PASS,,
Bedroom Set — Bleached Oak Finish,I 5262,Monarch,Bedroom,bedroom-sets,$189,,,PASS,,
Bedroom Set — Bleached Oak Finish / Oak,I 5261,Monarch,Bedroom,bedroom-sets,$882,,,PASS,,
Bedroom Set — Bleached Oak Finish / Oak Top,I 5260Q,Monarch,Bedroom,bedroom-sets,$564,,,PASS,,
Bedroom Set — Bleached Oak Finish / Oak Top,I 5264,Monarch,Bedroom,bedroom-sets,$646,,,PASS,,
Bedroom Set — Bleached Oak Finish 2 Drawers,I 5211Q,Monarch,Bedroom,bedroom-sets,$910,,,PASS,,
Bedroom Set — Graphite Grey Wood,I 5208,Monarch,Bedroom,bedroom-sets,$331,,,PASS,,
Bedroom Set — Graphite Grey Wood 2 Drawers,I 5216Q,Monarch,Bedroom,bedroom-sets,$910,,,PASS,,
Bedroom Set — Graphite Grey Wood 2 Lights,I 5217Q,Monarch,Bedroom,bedroom-sets,"$1,257",,,PASS,,
Bedroom Set — Graphite Grey Wood Finish,I 5205Q,Monarch,Bedroom,bedroom-sets,$438,,,PASS,,
Bedroom Set — Graphite Grey Wood Finish,I 5215Q,Monarch,Bedroom,bedroom-sets,$658,,,PASS,,
Bedroom Set — Graphite Grey Wood Finish,I 5206,Monarch,Bedroom,bedroom-sets,$992,,,PASS,,
Bedroom Set — Graphite Grey Wood Finish,I 5207,Monarch,Bedroom,bedroom-sets,$205,,,PASS,,
Bedroom Set — Graphite Grey Wood Finish,I 5209,Monarch,Bedroom,bedroom-sets,$724,,,PASS,,
Bedroom Set — Grey Fabric Walnut Finish,I 5230Q,Monarch,Bedroom,bedroom-sets,$721,,,PASS,,
Bedroom Set — Grey Fabric White Oak Finish,I 5290Q,Monarch,Bedroom,bedroom-sets,$721,,,PASS,,
Bedroom Set — Grey Oak Finish,I 5236,Monarch,Bedroom,bedroom-sets,"$1,118",,,PASS,,
Bedroom Set — Grey Oak Finish,I 5237,Monarch,Bedroom,bedroom-sets,$236,,,PASS,,
Bedroom Set — Grey Oak Finish,I 5238,Monarch,Bedroom,bedroom-sets,$441,,,PASS,,
Bedroom Set — Grey Oak Finish,I 5239,Monarch,Bedroom,bedroom-sets,$945,,,PASS,,
Bedroom Set — Grey Reclaimed,I 5280Q,Monarch,Bedroom,bedroom-sets,$658,,,PASS,,
Bedroom Set — Grey Reclaimed,I 5281,Monarch,Bedroom,bedroom-sets,"$1,055",,,PASS,,
Bedroom Set — Grey Reclaimed,I 5282,Monarch,Bedroom,bedroom-sets,$205,,,PASS,,
Bedroom Set — Grey Reclaimed,I 5283,Monarch,Bedroom,bedroom-sets,$346,,,PASS,,
Bedroom Set — Grey Reclaimed,I 5284,Monarch,Bedroom,bedroom-sets,$850,,,PASS,,
Bedroom Set — Grey Reclaimed,I 5252,Monarch,Bedroom,bedroom-sets,$189,,,PASS,,
Bedroom Set — Grey Reclaimed / Graphite,I 5250Q,Monarch,Bedroom,bedroom-sets,$564,,,PASS,,
Bedroom Set — Grey Reclaimed / Graphite,I 5253,Monarch,Bedroom,bedroom-sets,$268,,,PASS,,
Bedroom Set — Grey Reclaimed / Graphite,I 5251,Monarch,Bedroom,bedroom-sets,$866,,,PASS,,
Bedroom Set — Grey Reclaimed / Graphite,I 5254,Monarch,Bedroom,bedroom-sets,$630,,,PASS,,
Bedroom Set — Led Light Grey Pu / White,I 5240Q,Monarch,Bedroom,bedroom-sets,$690,,,PASS,,
Bedroom Set — Light Oak,I 5257,Monarch,Bedroom,bedroom-sets,$189,,,PASS,,
Bedroom Set — Light Oak / Rustic Top,I 5255Q,Monarch,Bedroom,bedroom-sets,$564,,,PASS,,
Bedroom Set — Light Oak / Rustic Top,I 5256,Monarch,Bedroom,bedroom-sets,$866,,,PASS,,
Bedroom Set — Light Oak / Rustic Top,I 5258,Monarch,Bedroom,bedroom-sets,$268,,,PASS,,
Bedroom Set — Light Oak / Rustic Top,I 5259,Monarch,Bedroom,bedroom-sets,$630,,,PASS,,
Bedroom Set — Medium Oak Finish,I 5276,Monarch,Bedroom,bedroom-sets,"$1,024",,,PASS,,
Bedroom Set — Medium Oak Finish,I 5277,Monarch,Bedroom,bedroom-sets,$205,,,PASS,,
Bedroom Set — Medium Oak Finish,I 5278,Monarch,Bedroom,bedroom-sets,$346,,,PASS,,
Bedroom Set — Medium Oak Finish,I 5279,Monarch,Bedroom,bedroom-sets,$772,,,PASS,,
Bedroom Set — Medium Oak Finish,I 5265Q,Monarch,Bedroom,bedroom-sets,$564,,,PASS,,
Bedroom Set — Medium Oak Finish,I 5266,Monarch,Bedroom,bedroom-sets,$882,,,PASS,,
Bedroom Set — Medium Oak Finish,I 5267,Monarch,Bedroom,bedroom-sets,$189,,,PASS,,
Bedroom Set — Medium Oak Finish,I 5268,Monarch,Bedroom,bedroom-sets,$299,,,PASS,,
Bedroom Set — Medium Oak Finish,I 5269,Monarch,Bedroom,bedroom-sets,$646,,,PASS,,
Bedroom Set — Medium Oak Wood / 2 Drawers,I 5275Q,Monarch,Bedroom,bedroom-sets,"$1,225",,,PASS,,
Bedroom Set — Natural Finish,I 5285Q,Monarch,Bedroom,bedroom-sets,$658,,,PASS,,
Bedroom Set — Natural Finish,I 5286,Monarch,Bedroom,bedroom-sets,"$1,055",,,PASS,,
Bedroom Set — Natural Finish,I 5287,Monarch,Bedroom,bedroom-sets,$205,,,PASS,,
Bedroom Set — Natural Finish,I 5288,Monarch,Bedroom,bedroom-sets,$346,,,PASS,,
Bedroom Set — Natural Finish,I 5289,Monarch,Bedroom,bedroom-sets,$850,,,PASS,,
Bedroom Set — Rustic Oak Finish,I 5271,Monarch,Bedroom,bedroom-sets,"$1,024",,,PASS,,
Bedroom Set — Rustic Oak Finish,I 5272,Monarch,Bedroom,bedroom-sets,$205,,,PASS,,
Bedroom Set — Rustic Oak Finish,I 5273,Monarch,Bedroom,bedroom-sets,$346,,,PASS,,
Bedroom Set — Rustic Oak Finish,I 5274,Monarch,Bedroom,bedroom-sets,$772,,,PASS,,
Bedroom Set — Rustic Oak Wood / 2 Drawers,I 5270Q,Monarch,Bedroom,bedroom-sets,"$1,225",,,PASS,,
Bedroom Set — Walnut Finish,I 5231,Monarch,Bedroom,bedroom-sets,"$1,118",,,PASS,,
Bedroom Set — Walnut Finish,I 5232,Monarch,Bedroom,bedroom-sets,$236,,,PASS,,
Bedroom Set — Walnut Finish,I 5233,Monarch,Bedroom,bedroom-sets,$441,,,PASS,,
Bedroom Set — Walnut Finish,I 5234,Monarch,Bedroom,bedroom-sets,$945,,,PASS,,
Bedroom Set — White Finish,I 5243,Monarch,Bedroom,bedroom-sets,$284,,,PASS,,
Bedroom Set — White Finish,I 5241,Monarch,Bedroom,bedroom-sets,$914,,,PASS,,
Bedroom Set — White Finish,I 5242,Monarch,Bedroom,bedroom-sets,$189,,,PASS,,
Bedroom Set — White Finish,I 5244,Monarch,Bedroom,bedroom-sets,$662,,,PASS,,
Bedroom Set — White Oak Finish,I 5291,Monarch,Bedroom,bedroom-sets,"$1,118",,,PASS,,
Bedroom Set — White Oak Finish,I 5292,Monarch,Bedroom,bedroom-sets,$236,,,PASS,,
Bedroom Set — White Oak Finish,I 5293,Monarch,Bedroom,bedroom-sets,$441,,,PASS,,
Bedroom Set — White Oak Finish,I 5294,Monarch,Bedroom,bedroom-sets,$945,,,PASS,,
Bedroom Set — White Oak Finish,I 5225Q,Monarch,Bedroom,bedroom-sets,$784,,,PASS,,
Bedroom Set — White Oak Finish,I 5226,Monarch,Bedroom,bedroom-sets,"$1,166",,,PASS,,
Bedroom Set — White Oak Finish,I 5227,Monarch,Bedroom,bedroom-sets,$205,,,PASS,,
Bedroom Set — White Oak Finish,I 5228,Monarch,Bedroom,bedroom-sets,$410,,,PASS,,
Bedroom Set — White Oak Finish,I 5229,Monarch,Bedroom,bedroom-sets,$914,,,PASS,,
Begonia — King Bed,1718,Mazin,Bedroom,beds,"$2,678","$2,678",King Bed,PASS,,
Begonia — Queen Bed,1718,Mazin,Bedroom,beds,"$2,032","$2,032",Queen Bed,PASS,,
Berlin Chest Grey,B2251,Matrix,Bedroom,chests,"$1,572","$1,572",chest,PASS,,
Berlin Dresser mirror set Grey,B2251,Matrix,Bedroom,dressers,"$1,950","$1,950",dresser & mirror,PASS,,
Berlin King bed Grey,B2251,Matrix,Bedroom,beds,"$3,462","$3,462",king bed,PASS,,
Berlin Nightstand Grey,B2251,Matrix,Bedroom,nightstands,$784,$784,nightstand (each),PASS,,
Berlin Queen bed Grey,B2251,Matrix,Bedroom,beds,"$3,147","$3,147",queen bed,PASS,,
Berlin — Nightstand,2251,Matrix,Bedroom,nightstands,$784,$784,nightstand (each),PASS,,
Berlin — Queen Set,B2251,Matrix,Bedroom,bedroom-sets,"$7,872","$7,872",queen complete set,PASS,,
Blayne Dresser mirror set Grey angly White,B1901,Matrix,Bedroom,dressers,"$1,981","$1,981",dresser & mirror,PASS,,
Blayne King bed Grey angly White,B1901,Matrix,Bedroom,beds,"$3,462","$3,462",king bed,PASS,,
Blayne Queen bed Grey angly White,B1901,Matrix,Bedroom,beds,"$3,147","$3,147",queen bed,PASS,,
Blayne — Queen Set,B1901,Matrix,Bedroom,bedroom-sets,"$7,872","$7,872",queen complete set,PASS,,
Bristal Chest Beige,B1781,Matrix,Bedroom,chests,"$1,257","$1,257",chest,PASS,,
Bristal Dresser mirror set Beige,B1781,Matrix,Bedroom,dressers,"$1,572","$1,572",dresser & mirror,PASS,,
Bristal King bed Beige,B1781,Matrix,Bedroom,beds,"$2,832","$2,832",king bed,PASS,,
Bristal Nightstand Beige,B1781,Matrix,Bedroom,nightstands,$627,$627,nightstand (each),PASS,,
Bristal Queen bed Beige,B1781,Matrix,Bedroom,beds,"$2,517","$2,517",queen bed,PASS,,
Bristal — Nightstand,1781,Matrix,Bedroom,nightstands,$627,$627,nightstand (each),PASS,,
Bristal — Queen Set,B1781,Matrix,Bedroom,bedroom-sets,"$6,297","$6,297",queen complete set,PASS,,
Bronco Chest Grey,B2031,Matrix,Bedroom,chests,"$1,068","$1,068",chest,PASS,,
Bronco Dresser mirror set Grey,B2031,Matrix,Bedroom,dressers,"$1,351","$1,351",dresser & mirror,PASS,,
Bronco King bed Grey,B2031,Matrix,Bedroom,beds,"$2,454","$2,454",king bed,PASS,,
Bronco Nightstand Grey,B2031,Matrix,Bedroom,nightstands,$532,$532,nightstand (each),PASS,,
Bronco Queen bed Grey,B2031,Matrix,Bedroom,beds,"$2,139","$2,139",queen bed,PASS,,
Bronco — Nightstand,2031,Matrix,Bedroom,nightstands,$532,$532,nightstand (each),PASS,,
Bronco — Queen Set,B2031,Matrix,Bedroom,bedroom-sets,"$5,352","$5,352",queen complete set,PASS,,
Brooklyn Chest Gun metal,B1161,Matrix,Bedroom,chests,$690,$690,chest,PASS,,
Brooklyn Chest White,B1161,Matrix,Bedroom,chests,$690,$690,chest,PASS,,
Brooklyn Dresser mirror set Gun metal,B1161,Matrix,Bedroom,dressers,$847,$847,dresser & mirror,PASS,,
Brooklyn Dresser mirror set White,B1161,Matrix,Bedroom,dressers,$847,$847,dresser & mirror,PASS,,
Brooklyn Nightstand Gun metal,B1161,Matrix,Bedroom,nightstands,$343,$343,nightstand (each),PASS,,
Brooklyn Nightstand White,B1161,Matrix,Bedroom,nightstands,$343,$343,nightstand (each),PASS,,
Brooklyn Queen bed Gun metal,B1161,Matrix,Bedroom,beds,"$1,194","$1,194",queen bed,PASS,,
Brooklyn Queen bed White,B1161,Matrix,Bedroom,beds,"$1,194","$1,194",queen bed,PASS,,
Brooklyn Twin bed Gun metal,B1161,Matrix,Bedroom,beds,"$1,068","$1,068",twin bed,PASS,,"Price corrected $1,194 -> $1,068"
Brooklyn Twin bed White,B1161,Matrix,Bedroom,beds,"$1,068","$1,068",twin bed,PASS,,"Price corrected $1,194 -> $1,068"
Brooklyn — Nightstand,1161,Matrix,Bedroom,nightstands,$343,$343,nightstand (each),PASS,,
Brooklyn — Queen Set,B1161,Matrix,Bedroom,bedroom-sets,"$3,462","$3,462",queen complete set,PASS,,
Bunk Bed — Full Size / Silver Metal,I 2231S,Monarch,Bedroom,youth,$850,,,PASS,,
Bunk Bed — Twin Size / Black Metal,I 2230K,Monarch,Bedroom,youth,$740,,,PASS,,
Bunk Bed — Twin Size / Silver Metal,I 2230S,Monarch,Bedroom,youth,$740,,,PASS,,
Chole Chest Grey angly,B1681,Matrix,Bedroom,chests,"$1,509","$1,509",chest,PASS,,
Chole Dresser mirror set Grey angly,B1681,Matrix,Bedroom,dressers,"$1,887","$1,887",dresser & mirror,PASS,,
Chole King bed Grey angly,B1681,Matrix,Bedroom,beds,"$3,336","$3,336",king bed,PASS,,
Chole King bed with wings Grey angly,B1681,Matrix,Bedroom,beds,"$3,336","$3,336",king bed,PASS,,
Chole Nightstand Grey angly,B1681,Matrix,Bedroom,nightstands,$753,$753,nightstand (each),PASS,,
Chole Queen bed Grey angly,B1681,Matrix,Bedroom,beds,"$3,021","$3,021",queen bed,PASS,,
Chole Queen bed with wings Grey angly,B1681,Matrix,Bedroom,beds,"$3,021","$3,021",queen bed,PASS,,
Chole — Nightstand,1681,Matrix,Bedroom,nightstands,$753,$753,nightstand (each),PASS,,
Chole — Queen Set,B1681,Matrix,Bedroom,bedroom-sets,"$7,557","$7,557",queen complete set,PASS,,
Clocks — Wall Clock / Multi-Color For Kids,I 9101,Monarch,Bedroom,youth,$60,,,PASS,,
Clocks — Wall Clock / Multi-Color For Kids,I 9102,Monarch,Bedroom,youth,$60,,,PASS,,
Clocks — Wall Clock / Multi-Color For Kids,I 9103,Monarch,Bedroom,youth,$60,,,PASS,,
Clocks — Wall Clock / Multi-Color For Kids,I 9104,Monarch,Bedroom,youth,$60,,,PASS,,
Clocks — Wall Clock / Multi-Color For Kids,I 9100,Monarch,Bedroom,youth,$60,,,PASS,,
Cotterill — King Bed,1730,Mazin,Bedroom,beds,"$1,102","$1,102",King Bed,PASS,,
Cotterill — Queen Bed,1730,Mazin,Bedroom,beds,$882,$882,Queen Bed,PASS,,
Crystal Chest Black,B1391,Matrix,Bedroom,chests,"$1,320","$1,320",chest,PASS,,
Crystal Chest White,B1391,Matrix,Bedroom,chests,"$1,320","$1,320",chest,PASS,,
Crystal Dresser mirror set Black,B1391,Matrix,Bedroom,dressers,"$1,666","$1,666",dresser & mirror,PASS,,
Crystal Dresser mirror set White,B1391,Matrix,Bedroom,dressers,"$1,666","$1,666",dresser & mirror,PASS,,
Crystal King bed Black,B1391,Matrix,Bedroom,beds,"$2,958","$2,958",king bed,PASS,,
Crystal King bed White,B1391,Matrix,Bedroom,beds,"$2,958","$2,958",king bed,PASS,,
Crystal Nightstand Black,B1391,Matrix,Bedroom,nightstands,$658,$658,nightstand (each),PASS,,
Crystal Nightstand White,B1391,Matrix,Bedroom,nightstands,$658,$658,nightstand (each),PASS,,
Crystal Queen bed Black,B1391,Matrix,Bedroom,beds,"$2,643","$2,643",queen bed,PASS,,
Crystal Queen bed White,B1391,Matrix,Bedroom,beds,"$2,643","$2,643",queen bed,PASS,,
Crystal — Nightstand,1391,Matrix,Bedroom,nightstands,$658,$658,nightstand (each),PASS,,
Crystal — Queen Set,B1391,Matrix,Bedroom,bedroom-sets,"$6,612","$6,612",queen complete set,PASS,,
Cypress Chest Black,B1071,Matrix,Bedroom,chests,"$1,320","$1,320",chest,PASS,,
Cypress Chest White,B1071,Matrix,Bedroom,chests,"$1,320","$1,320",chest,PASS,,
Cypress Dresser mirror set Black,B1071,Matrix,Bedroom,dressers,"$1,666","$1,666",dresser & mirror,PASS,,
Cypress Dresser mirror set White,B1071,Matrix,Bedroom,dressers,"$1,666","$1,666",dresser & mirror,PASS,,
Cypress King bed Black,B1071,Matrix,Bedroom,beds,"$2,958","$2,958",king bed,PASS,,
Cypress King bed White,B1071,Matrix,Bedroom,beds,"$2,958","$2,958",king bed,PASS,,
Cypress Nightstand Black,B1071,Matrix,Bedroom,nightstands,$658,$658,nightstand (each),PASS,,
Cypress Nightstand White,B1071,Matrix,Bedroom,nightstands,$658,$658,nightstand (each),PASS,,
Cypress Queen bed Black,B1071,Matrix,Bedroom,beds,"$2,643","$2,643",queen bed,PASS,,
Cypress Queen bed White,B1071,Matrix,Bedroom,beds,"$2,643","$2,643",queen bed,PASS,,
Cypress — Nightstand,1071,Matrix,Bedroom,nightstands,$658,$658,nightstand (each),PASS,,
Cypress — Queen Set,B1071,Matrix,Bedroom,bedroom-sets,"$6,612","$6,612",queen complete set,PASS,,
Dalston — King Bed,2393,Mazin,Bedroom,beds,"$1,418","$1,418",King Bed Faux Marble,PASS,,
Dalston — Queen Bed,2393,Mazin,Bedroom,beds,"$1,071","$1,071",Queen Bed Faux Marble,PASS,,
Denver Chest Light grey,B1571,Matrix,Bedroom,chests,$690,$690,chest,PASS,,
Denver Dresser mirror set Light grey,B1571,Matrix,Bedroom,dressers,$879,$879,dresser & mirror,PASS,,
Denver Nightstand Light grey,B1571,Matrix,Bedroom,nightstands,$343,$343,nightstand (each),PASS,,
Denver Queen bed Light grey,B1571,Matrix,Bedroom,beds,"$1,194","$1,194",queen bed,PASS,,
Denver — Nightstand,1571,Matrix,Bedroom,nightstands,$343,$343,nightstand (each),PASS,,
Denver — Queen Set,B1571,Matrix,Bedroom,bedroom-sets,"$3,462","$3,462",queen complete set,PASS,,
Destiny Dresser mirror set Silver,B1171,Matrix,Bedroom,dressers,"$1,351","$1,351",dresser & mirror,PASS,,
Destiny Nightstand Silver,B1171,Matrix,Bedroom,nightstands,$532,$532,nightstand (each),PASS,,
Destiny Queen bed Silver,B1171,Matrix,Bedroom,beds,"$2,139","$2,139",queen bed,PASS,,
Destiny — Nightstand,1171,Matrix,Bedroom,nightstands,$532,$532,nightstand (each),PASS,,
Destiny — Queen Set,B1171,Matrix,Bedroom,bedroom-sets,"$5,352","$5,352",queen set,PASS,,
Disco Chest Grey,B1961,Matrix,Bedroom,chests,"$1,446","$1,446",chest,PASS,,
Disco Nightstand Grey,B1961,Matrix,Bedroom,nightstands,$721,$721,nightstand (each),PASS,,
Disco — Nightstand,1961,Matrix,Bedroom,nightstands,$721,$721,nightstand (each),PASS,,
Disco — Queen Set,B1961,Matrix,Bedroom,bedroom-sets,"$7,242","$7,242",queen complete set,PASS,,
Elara Chest Grey,B1941,Matrix,Bedroom,chests,$942,$942,chest,PASS,,
Elara Nightstand Grey,B1941,Matrix,Bedroom,nightstands,$469,$469,nightstand (each),PASS,,
Elara Queen bed Grey,B1941,Matrix,Bedroom,beds,"$1,887","$1,887",queen bed,PASS,,
Elara dresser mirror set Grey,B1941,Matrix,Bedroom,dressers,"$1,194","$1,194",dresser & mirror,PASS,,
Elara — Nightstand,1941,Matrix,Bedroom,nightstands,$469,$469,nightstand (each),PASS,,
Elara — Queen Set,B1941,Matrix,Bedroom,bedroom-sets,"$4,722","$4,722",queen complete set,PASS,,
Ember Chest Graphite,B1471,Matrix,Bedroom,chests,"$1,572","$1,572",chest,PASS,,
Ember Dresser mirror set Graphite,B1471,Matrix,Bedroom,dressers,"$1,950","$1,950",dresser & mirror,PASS,,
Ember King bed Graphite,B1471,Matrix,Bedroom,beds,"$3,462","$3,462",king bed,PASS,,
Ember Nightstand Graphite,B1471,Matrix,Bedroom,nightstands,$784,$784,nightstand (each),PASS,,
Ember Queen bed Graphite,B1471,Matrix,Bedroom,beds,"$3,147","$3,147",queen bed,PASS,,
Ember — Nightstand,1471,Matrix,Bedroom,nightstands,$784,$784,nightstand (each),PASS,,
Ember — Queen Set,B1471,Matrix,Bedroom,bedroom-sets,"$7,872","$7,872",queen complete set,PASS,,
Emerson — Bed,2399,Mazin,Bedroom,beds,$945,$945,Queen Uph Bed in a Box,PASS,,
Fitzroy — King Bed,2411,Mazin,Bedroom,beds,"$2,126","$2,126",King Bed w/Fireplace Corduroy,PASS,,
Fitzroy — Queen Bed,2411,Mazin,Bedroom,beds,"$1,969","$1,969",Queen Bed w/Fireplace Corduroy,PASS,,
Geneva Chest Riversend,B2191,Matrix,Bedroom,chests,"$1,761","$1,761",chest,PASS,,
Geneva Dresser mirror set Riversend,B2191,Matrix,Bedroom,dressers,"$2,202","$2,202",dresser & mirror,PASS,,
Geneva King bed Riversend,B2191,Matrix,Bedroom,beds,"$3,840","$3,840",king bed,PASS,,
Geneva Nightstand Riversend,B2191,Matrix,Bedroom,nightstands,$879,$879,nightstand (each),PASS,,
Geneva Queen bed Riversend,B2191,Matrix,Bedroom,beds,"$3,525","$3,525",queen bed,PASS,,
Geneva — Nightstand,2191,Matrix,Bedroom,nightstands,$879,$879,nightstand (each),PASS,,
Geneva — Queen Set,B2191,Matrix,Bedroom,bedroom-sets,"$8,817","$8,817",queen complete set,PASS,,
Germani Chest Brown,B1801,Matrix,Bedroom,chests,"$1,446","$1,446",chest,PASS,,
Germani Dresser mirror set Brown,B1801,Matrix,Bedroom,dressers,"$1,824","$1,824",dresser & mirror,PASS,,
Germani King bed Brown,B1801,Matrix,Bedroom,beds,"$3,210","$3,210",king bed,PASS,,
Germani Nightstand Brown,B1801,Matrix,Bedroom,nightstands,$721,$721,nightstand (each),PASS,,
Germani Queen bed Brown,B1801,Matrix,Bedroom,beds,"$2,895","$2,895",queen bed,PASS,,
Germani — Nightstand,1801,Matrix,Bedroom,nightstands,$721,$721,nightstand (each),PASS,,
Germani — Queen Set,B1801,Matrix,Bedroom,bedroom-sets,"$7,242","$7,242",queen complete set,PASS,,
Ginger Chest Gun metal,B1141,Matrix,Bedroom,chests,$627,$627,chest =,PASS,,
Ginger Chest White,B1141,Matrix,Bedroom,chests,$627,$627,chest =,PASS,,
Grace Dresser mirror set Grey,B1561,Matrix,Bedroom,dressers,"$1,257","$1,257",dresser & mirror,PASS,,
Hazel King bed Black,B423,Matrix,Bedroom,beds,"$2,202","$2,202",king bed,PASS,,
Highland Dresser mirror set White,B2041,Matrix,Bedroom,dressers,"$1,351","$1,351",dresser & mirror,PASS,,
Highland King bed Grey,B2041,Matrix,Bedroom,beds,"$2,454","$2,454",king bed,PASS,,
Highland King bed White,B2041,Matrix,Bedroom,beds,"$2,454","$2,454",king bed,PASS,,
Highland Queen  Bed Grey,B2041,Matrix,Bedroom,beds,"$2,139","$2,139",queen bed,PASS,,
Highland Queen  Bed White,B2041,Matrix,Bedroom,beds,"$2,139","$2,139",queen bed,PASS,,
Highland — Nightstand,2041,Matrix,Bedroom,nightstands,$532,$532,nightstand (each),PASS,,
Highland — Queen Set,B2041,Matrix,Bedroom,bedroom-sets,"$5,352","$5,352",queen complete set,PASS,,
Highland/colorado Chest Grey,B2041,Matrix,Bedroom,chests,"$1,068",,,PASS,,
Highland/colorado Chest White,B2041,Matrix,Bedroom,chests,"$1,068",,,PASS,,
Highland/colorado Nightstand Grey,B2041,Matrix,Bedroom,nightstands,$532,,,PASS,,
Highland/colorado Nightstand White,B2041,Matrix,Bedroom,nightstands,$532,,,PASS,,
Highlandcolorado Dresser Grey,B2041,Matrix,Bedroom,dressers,"$1,351",,,PASS,,
Highlandcolorado Dresser White,B2041,Matrix,Bedroom,dressers,"$1,351",,,PASS,,
Houston Chest Walnut,B1991,Matrix,Bedroom,chests,$879,$879,chest,PASS,,
Houston Dresser Mirror set  walnut,B1991,Matrix,Bedroom,dressers,"$1,099","$1,099",dresser & mirror,PASS,,
Houston King bed Walnut,B1991,Matrix,Bedroom,beds,"$2,076","$2,076",king bed,PASS,,
Houston Nightstand Walnut,B1991,Matrix,Bedroom,nightstands,$438,$438,nightstand (each),PASS,,
Houston Queen bed Walnut,B1991,Matrix,Bedroom,beds,"$1,761","$1,761",queen bed,PASS,,
Houston — Nightstand,1991,Matrix,Bedroom,nightstands,$438,$438,nightstand (each),PASS,,
Houston — Queen Set,B1991,Matrix,Bedroom,bedroom-sets,"$4,407","$4,407",queen complete set,PASS,,
Jasmine Chest Beige Gold,B1291,Matrix,Bedroom,chests,"$1,383","$1,383",chest,PASS,,
Jasmine Dresser mirror set Beige Gold,B1291,Matrix,Bedroom,dressers,"$1,729","$1,729",dresser & mirror,PASS,,
Jasmine King bed Beige Gold,B1291,Matrix,Bedroom,beds,"$3,084","$3,084",king bed,PASS,,
Jasmine Nightstand Beige Gold,B1291,Matrix,Bedroom,nightstands,$690,$690,nightstand (each),PASS,,
Jasmine Queen bed Beige Gold,B1291,Matrix,Bedroom,beds,"$2,769","$2,769",queen bed,PASS,,
Jasmine — Nightstand,1291,Matrix,Bedroom,nightstands,$690,$690,nightstand (each),PASS,,
Jasmine — Queen Set,B1291,Matrix,Bedroom,bedroom-sets,"$6,927","$6,927",queen complete set,PASS,,
Kenzo Chest Dark walnut,B1441,Matrix,Bedroom,chests,"$1,036","$1,036",chest,PASS,,
Kenzo Dresser mirror set Dark walnut,B1441,Matrix,Bedroom,dressers,"$1,288","$1,288",dresser & mirror,PASS,,
Kenzo King bed Dark walnut,B1441,Matrix,Bedroom,beds,"$2,391","$2,391",king bed,PASS,,
Kenzo Nightstand Dark walnut,B1441,Matrix,Bedroom,nightstands,$532,$532,nightstand (each),PASS,,
Kenzo Queen bed Dark walnut,B1441,Matrix,Bedroom,beds,"$2,076","$2,076",queen bed,PASS,,
Kenzo — Nightstand,1441,Matrix,Bedroom,nightstands,$532,$532,nightstand (each),PASS,,
Kenzo — Queen Set,B1441,Matrix,Bedroom,bedroom-sets,"$5,194","$5,194",queen complete set,PASS,,
Laguna Chest White,B1831,Matrix,Bedroom,chests,"$1,257","$1,257",chest,PASS,,
Laguna Dresser mirror set White,B1831,Matrix,Bedroom,dressers,"$1,572","$1,572",dresser & mirror,PASS,,
Laguna King bed White,B1831,Matrix,Bedroom,beds,"$2,832","$2,832",king bed,PASS,,
Laguna Nightstand White,B1831,Matrix,Bedroom,nightstands,$627,$627,nightstand (each),PASS,,
Laguna Queen bed White,B1831,Matrix,Bedroom,beds,"$2,517","$2,517",queen bed,PASS,,
Laguna — Nightstand,1831,Matrix,Bedroom,nightstands,$627,$627,nightstand (each),PASS,,
Laguna — Queen Set,B1831,Matrix,Bedroom,bedroom-sets,"$6,297","$6,297",queen complete set,PASS,,
Landmark Chest Silver,B1861,Matrix,Bedroom,chests,"$1,383","$1,383",chest,PASS,,
Landmark Dresser mirror set Silver,B1861,Matrix,Bedroom,dressers,"$1,729","$1,729",dresser & mirror,PASS,,
Landmark King bed Silver,B1861,Matrix,Bedroom,beds,"$3,084","$3,084",king bed,PASS,,
Landmark Nightstand Silver,B1861,Matrix,Bedroom,nightstands,$690,$690,nightstand (each),PASS,,
Landmark Queen bed Silver,B1861,Matrix,Bedroom,beds,"$2,769","$2,769",queen bed,PASS,,
Landmark — Nightstand,1861,Matrix,Bedroom,nightstands,$690,$690,nightstand (each),PASS,,
Landmark — Queen Set,B1861,Matrix,Bedroom,bedroom-sets,"$6,927","$6,927",queen complete set,PASS,,
Laura Chest White Gold,B1401,Matrix,Bedroom,chests,"$1,509","$1,509",chest,PASS,,
Laura Dresser mirror set White Gold,B1401,Matrix,Bedroom,dressers,"$1,887","$1,887",dresser & mirror,PASS,,
Laura King bed White Gold,B1401,Matrix,Bedroom,beds,"$3,336","$3,336",king bed,PASS,,
Laura Left nightstand White Gold,B1401,Matrix,Bedroom,nightstands,$753,,,PASS,,
Laura Queen bed White Gold,B1401,Matrix,Bedroom,beds,"$3,021","$3,021",queen bed,PASS,,
Laura Right nightstand White Gold,B1401,Matrix,Bedroom,nightstands,$753,,,PASS,,
Laura — Nightstand,1401,Matrix,Bedroom,nightstands,$753,$753,nightstand (each),PASS,,
Laura — Queen Set,B1401,Matrix,Bedroom,bedroom-sets,"$7,557","$7,557",queen complete set,PASS,,
Lavish King bed Black,B526,Matrix,Bedroom,beds,"$3,777","$3,777",king bed,PASS,,
Lavish King bed Grey,B526,Matrix,Bedroom,beds,"$3,777","$3,777",king bed,PASS,,
Lavish Queen bed Black,B526,Matrix,Bedroom,beds,"$3,462","$3,462",queen bed,PASS,,
Lavish Queen bed Grey,B526,Matrix,Bedroom,beds,"$3,462","$3,462",queen bed,PASS,,
Lavita Chest Grey,B1741,Matrix,Bedroom,chests,"$1,572","$1,572",chest,PASS,,
Lavita Dresser mirror set Grey,B1741,Matrix,Bedroom,dressers,"$1,981","$1,981",dresser & mirror,PASS,,
Lavita King bed Grey,B1741,Matrix,Bedroom,beds,"$3,462","$3,462",king bed,PASS,,
Lavita Nightstand Grey,B1741,Matrix,Bedroom,nightstands,$784,$784,nightstand (each),PASS,,
Lavita Queen bed Grey,B1741,Matrix,Bedroom,beds,"$3,147","$3,147",queen bed,PASS,,
Lavita — Nightstand,1741,Matrix,Bedroom,nightstands,$784,$784,nightstand (each),PASS,,
Lavita — Queen Set,B1741,Matrix,Bedroom,bedroom-sets,"$7,872","$7,872",queen complete set,PASS,,
Leonor Chest Zebra white,B1981,Matrix,Bedroom,chests,"$1,446","$1,446",chest,PASS,,
Leonor King bed  Zebra white,B1981,Matrix,Bedroom,beds,"$3,210","$3,210",king bed,PASS,,
Leonor Nightstand Zebra white,B1981,Matrix,Bedroom,nightstands,$721,$721,nightstand (each),PASS,,
Leonor Queen bed  Zebra white,B1981,Matrix,Bedroom,beds,"$2,895","$2,895",queen bed,PASS,,
Leonor — Nightstand,1981,Matrix,Bedroom,nightstands,$721,$721,nightstand (each),PASS,,
Leonor — Queen Set,B1981,Matrix,Bedroom,bedroom-sets,"$7,242","$7,242",queen complete set,PASS,,
Lexington Chest Cream,B2241,Matrix,Bedroom,chests,"$1,414","$1,414",chest,PASS,,
Lexington King bed Cream,B2241,Matrix,Bedroom,beds,"$3,147","$3,147",king bed,PASS,,
Lexington Nightstand Cream,B2241,Matrix,Bedroom,nightstands,$721,$721,nightstand (each),PASS,,
Lexington Queen bed Cream,B2241,Matrix,Bedroom,beds,"$2,832","$2,832",queen bed,PASS,,
Lexington — Nightstand,2241,Matrix,Bedroom,nightstands,$721,$721,nightstand (each),PASS,,
Lexington — Queen Set,B2241,Matrix,Bedroom,bedroom-sets,"$7,084","$7,084",queen complete set,PASS,,
Lisbon Chest Grey,B2261,Matrix,Bedroom,chests,"$1,698","$1,698",chest,PASS,,
Lisbon Dresser mirror set Grey,B2261,Matrix,Bedroom,dressers,"$2,107","$2,107",dresser & mirror,PASS,,
Lisbon King bed Grey,B2261,Matrix,Bedroom,beds,"$3,714","$3,714",king bed,PASS,,
Lisbon Nightstand Grey,B2261,Matrix,Bedroom,nightstands,$847,$847,nightstand (each),PASS,,
Lisbon Queen bed Grey,B2261,Matrix,Bedroom,beds,"$3,399","$3,399",queen bed,PASS,,
Lisbon — Nightstand,2261,Matrix,Bedroom,nightstands,$847,$847,nightstand (each),PASS,,
Lisbon — Queen Set,B2261,Matrix,Bedroom,bedroom-sets,"$8,502","$8,502",queen complete set,PASS,,
Lorenzo Chest Grey,B1341,Matrix,Bedroom,chests,"$1,824","$1,824",chest,PASS,,
Lorenzo Dresser mirror set Grey,B1341,Matrix,Bedroom,dressers,"$2,296","$2,296",dresser & mirror,PASS,,
Lorenzo King bed Grey,B1341,Matrix,Bedroom,beds,"$3,966","$3,966",king bed,PASS,,
Lorenzo Nightstand Grey,B1341,Matrix,Bedroom,nightstands,$910,$910,nightstand (each),PASS,,
Lorenzo Queen bed Grey,B1341,Matrix,Bedroom,beds,"$3,651","$3,651",queen bed,PASS,,
Lorenzo — Nightstand,1341,Matrix,Bedroom,nightstands,$910,$910,nightstand (each),PASS,,
Lorenzo — Queen Set,B1341,Matrix,Bedroom,bedroom-sets,"$9,132","$9,132",queen complete set,PASS,,
Lumin — King Bed,2390,Mazin,Bedroom,beds,"$1,339","$1,339",King Bed,PASS,,
Lumin — Queen Bed,2390,Mazin,Bedroom,beds,"$1,040","$1,040",Queen Bed,PASS,,
Madrid Dresser mirror set Graphite,B1631,Matrix,Bedroom,dressers,"$2,044","$2,044",dresser & mirror,PASS,,
Madrid King bed Graphite,B1631,Matrix,Bedroom,beds,"$3,588","$3,588",king bed,PASS,,
Madrid Nightstand Graphite,B1631,Matrix,Bedroom,nightstands,$816,$816,nightstand (each),PASS,,
Madrid Queen bed Graphite,B1631,Matrix,Bedroom,beds,"$3,273","$3,273",queen bed,PASS,,
Madrid — Nightstand,1631,Matrix,Bedroom,nightstands,$816,$816,nightstand (each),PASS,,
Manchester Chest Walnut Grey,B1911,Matrix,Bedroom,chests,"$1,446","$1,446",chest,PASS,,
Manchester Dresser mirror set Walnut Grey,B1911,Matrix,Bedroom,dressers,"$1,792","$1,792",dresser & mirror,PASS,,
Manchester King bed Walnut Grey,B1911,Matrix,Bedroom,beds,"$3,210","$3,210",king bed,PASS,,
Manchester Nightstand Walnut Grey,B1911,Matrix,Bedroom,nightstands,$721,$721,nightstand (each),PASS,,
Manchester Queen bed Walnut Grey,B1911,Matrix,Bedroom,beds,"$2,895","$2,895",queen bed,PASS,,
Manchester — Nightstand,1911,Matrix,Bedroom,nightstands,$721,$721,nightstand (each),PASS,,
Manchester — Queen Set,B1911,Matrix,Bedroom,bedroom-sets,"$7,242","$7,242",queen complete set,PASS,,
Matisse — King Bed,2447,Mazin,Bedroom,beds,"$2,300","$2,300",King Bed,PASS,,
Matisse — Queen Bed,2447,Mazin,Bedroom,beds,"$1,796","$1,796",Queen Bed,PASS,,
Maya King bed Black,B523,Matrix,Bedroom,beds,"$3,462","$3,462",king bed,PASS,,
Maya King bed Grey,B523,Matrix,Bedroom,beds,"$3,462","$3,462",king bed,PASS,,
Maya Queen bed Black,B523,Matrix,Bedroom,beds,"$3,147","$3,147",queen bed,PASS,,
Maya Queen bed Grey,B523,Matrix,Bedroom,beds,"$3,147","$3,147",queen bed,PASS,,
Monaco Chest Beige,B1971,Matrix,Bedroom,chests,"$1,635","$1,635",chest,PASS,,
Monaco Dresser mirror set Beige,B1971,Matrix,Bedroom,dressers,"$2,044","$2,044",dresser & mirror,PASS,,
Monaco King bed Beige,B1971,Matrix,Bedroom,beds,"$3,588","$3,588",king bed,PASS,,
Monaco Nightstand Beige,B1971,Matrix,Bedroom,nightstands,$816,$816,nightstand (each),PASS,,
Monaco Queen bed beige,B1971,Matrix,Bedroom,beds,"$3,273","$3,273",queen bed,PASS,,
Monaco — Nightstand,1971,Matrix,Bedroom,nightstands,$816,$816,nightstand (each),PASS,,
Monaco — Queen Set,B1971,Matrix,Bedroom,bedroom-sets,"$8,187","$8,187",queen complete set,PASS,,
Munich Chest White,B1711,Matrix,Bedroom,chests,"$1,320","$1,320",chest,PASS,,
Munich Dresser mirror set White,B1711,Matrix,Bedroom,dressers,"$1,666","$1,666",dresser & mirror,PASS,,
Munich King bed White,B1711,Matrix,Bedroom,beds,"$2,958","$2,958",king bed,PASS,,
Munich Nightstand White,B1711,Matrix,Bedroom,nightstands,$658,$658,nightstand (each),PASS,,
Munich Queen bed White,B1711,Matrix,Bedroom,beds,"$2,643","$2,643",queen bed,PASS,,
Munich — Nightstand,1711,Matrix,Bedroom,nightstands,$658,$658,nightstand (each),PASS,,
Munich — Queen Set,B1711,Matrix,Bedroom,bedroom-sets,"$6,612","$6,612",queen complete set,PASS,,
Nightstand — Beige Linen,I 5605,Monarch,Bedroom,nightstands,$441,,,PASS,,
Nightstand — Black Leather-Look,I 5603,Monarch,Bedroom,nightstands,$441,,,PASS,,
Nightstand — Dark Grey Velvet,I 5607,Monarch,Bedroom,nightstands,$425,,,PASS,,
Nightstand — Grey Leather-Look,I 5602,Monarch,Bedroom,nightstands,$441,,,PASS,,
Nightstand — Grey Linen,I 5604,Monarch,Bedroom,nightstands,$441,,,PASS,,
Nightstand — Light Grey Velvet,I 5606,Monarch,Bedroom,nightstands,$425,,,PASS,,
Obsession Chest White Gold,B1581,Matrix,Bedroom,chests,"$1,194","$1,194",chest,PASS,,
Obsession Dresser mirror set White Gold,B1581,Matrix,Bedroom,dressers,"$1,477","$1,477",dresser & mirror,PASS,,
Obsession King bed White Gold,B1581,Matrix,Bedroom,beds,"$2,706","$2,706",king bed,PASS,,
Obsession Nightstand White Gold,B1581,Matrix,Bedroom,nightstands,$595,$595,nightstand (each),PASS,,
Obsession Queen bed White Gold,B1581,Matrix,Bedroom,beds,"$2,391","$2,391",queen bed,PASS,,
Obsession — Nightstand,1581,Matrix,Bedroom,nightstands,$595,$595,nightstand (each),PASS,,
Obsession — Queen Set,B1581,Matrix,Bedroom,bedroom-sets,"$5,982","$5,982",queen complete set,PASS,,
Olympia Chest Grey,B2201,Matrix,Bedroom,chests,"$1,383","$1,383",chest,PASS,,
Olympia Dresser mirror  Set  grey,B2201,Matrix,Bedroom,dressers,"$1,729","$1,729",dresser & mirror,PASS,,
Olympia King bed  grey,B2201,Matrix,Bedroom,beds,"$3,084","$3,084",king bed,PASS,,
Olympia Queen bed  grey,B2201,Matrix,Bedroom,beds,"$2,769","$2,769",queen bed,PASS,,
Olympia — Nightstand,2201,Matrix,Bedroom,nightstands,$690,$690,nightstand (each),PASS,,
Olympia — Queen Set,B2201,Matrix,Bedroom,bedroom-sets,"$6,927","$6,927",queen complete set,PASS,,
Orlo — King Bed,2455,Mazin,Bedroom,beds,"$1,638","$1,638",King Bed Lacquer,PASS,,
Orlo — Queen Bed,2455,Mazin,Bedroom,beds,"$1,244","$1,244",Queen Bed Lacquer,PASS,,
Passion King bed Milky white,B1331,Matrix,Bedroom,beds,"$2,517","$2,517",king bed,PASS,,
Passion — King Set,1331,Matrix,Bedroom,bedroom-sets,"$6,297","$6,297",king complete set,PASS,,Reclassified to Bedroom Sets
Rachel Chest White,B1621,Matrix,Bedroom,chests,"$1,446","$1,446",chest,PASS,,
Rachel Dresser mirror set Pu White,B1621,Matrix,Bedroom,dressers,"$1,824","$1,824",dresser & mirror,PASS,,
Rachel King bed White,B1621,Matrix,Bedroom,beds,"$3,210","$3,210",king bed,PASS,,
Rachel King bed pu White,B1621,Matrix,Bedroom,beds,"$3,210","$3,210",king bed,PASS,,
Rachel Nightstand White,B1621,Matrix,Bedroom,nightstands,$721,$721,nightstand (each),PASS,,
Rachel Queen bed White,B1621,Matrix,Bedroom,beds,"$2,895","$2,895",queen bed,PASS,,
Rachel Queen bed pu White,B1621,Matrix,Bedroom,beds,"$2,895","$2,895",queen bed,PASS,,
Rachel — Nightstand,1621,Matrix,Bedroom,nightstands,$721,$721,nightstand (each),PASS,,
Rachel — Queen Set,B1621,Matrix,Bedroom,bedroom-sets,"$7,242","$7,242",queen complete set,PASS,,
Roma Chest Champagne,B391,Matrix,Bedroom,chests,"$1,887","$1,887",chest,PASS,,
Roma Chest Dark walnut,B391,Matrix,Bedroom,chests,"$1,887","$1,887",chest,PASS,,
Roma Dresser mirror set Champagne,B391,Matrix,Bedroom,dressers,"$2,359","$2,359",dresser & mirror,PASS,,
Roma Dresser mirror set Dark walnut,B391,Matrix,Bedroom,dressers,"$2,359","$2,359",dresser & mirror,PASS,,
Roma King bed Dark walnut,B391,Matrix,Bedroom,beds,"$4,092","$4,092",king bed,PASS,,
Roma Nightstand Champagne,B391,Matrix,Bedroom,nightstands,$942,$942,nightstand (each),PASS,,
Roma Nightstand Dark walnut,B391,Matrix,Bedroom,nightstands,$942,$942,nightstand (each),PASS,,
Roma Queen bed Dark walnut,B391,Matrix,Bedroom,beds,"$3,777","$3,777",queen bed,PASS,,
Roma — Nightstand,391,Matrix,Bedroom,nightstands,$942,$942,nightstand (each),PASS,,
Roma — Queen Set,B391,Matrix,Bedroom,bedroom-sets,"$9,447","$9,447",queen complete set,PASS,,
Rylee Dresser mirror set Grey,B1061,Matrix,Bedroom,dressers,"$1,036","$1,036",dresser & mirror,PASS,,
Rylee King bed Grey,B1061,Matrix,Bedroom,beds,"$1,950","$1,950",king bed,PASS,,
Rylee Nightstand Grey,B1061,Matrix,Bedroom,nightstands,$406,$406,nightstand (each),PASS,,
Rylee Queen bed Grey,B1061,Matrix,Bedroom,beds,"$1,635","$1,635",queen bed,PASS,,
Rylee — Nightstand,1061,Matrix,Bedroom,nightstands,$406,$406,nightstand (each),PASS,,
Rylee — Queen Set,B1061,Matrix,Bedroom,bedroom-sets,"$4,092","$4,092",queen set ( qb+dm+2n),PASS,,
Samantha Chest Olive silver,B1591,Matrix,Bedroom,chests,"$1,446","$1,446",chest,PASS,,
Samantha Dresser mirror set Olive silver,B1591,Matrix,Bedroom,dressers,"$1,824","$1,824",dresser & mirror,PASS,,
Samantha King bed Olive silver,B1591,Matrix,Bedroom,beds,"$2,895","$2,895",king bed,PASS,,
Samantha Nightstand Olive silver,B1591,Matrix,Bedroom,nightstands,$721,$721,nightstand (each),PASS,,
Samantha — King Set,B1591,Matrix,Bedroom,bedroom-sets,"$7,242","$7,242",king complete set,PASS,,
Samantha — Nightstand,1591,Matrix,Bedroom,nightstands,$721,$721,nightstand (each),PASS,,
Seville Chest White,B2221,Matrix,Bedroom,chests,"$1,509","$1,509",chest,PASS,,
Seville Dresser mirror set White,B2221,Matrix,Bedroom,dressers,"$1,887","$1,887",dresser & mirror,PASS,,
Seville King bed White,B2221,Matrix,Bedroom,beds,"$3,336","$3,336",king bed,PASS,,
Seville Nightstand White,B2221,Matrix,Bedroom,nightstands,$753,$753,nightstand (each),PASS,,
Seville Queen bed White,B2221,Matrix,Bedroom,beds,"$3,021","$3,021",queen bed,PASS,,
Seville — Nightstand,2221,Matrix,Bedroom,nightstands,$753,$753,nightstand (each),PASS,,
Seville — Queen Set,B2221,Matrix,Bedroom,bedroom-sets,"$7,557","$7,557",queen complete set,PASS,,
Sienna Chest Beige,B1491,Matrix,Bedroom,chests,"$1,383","$1,383",chest,PASS,,
Sienna King bed Beige,B1491,Matrix,Bedroom,beds,"$3,084","$3,084",king bed,PASS,,
Sienna Nightstand Beige,B1491,Matrix,Bedroom,nightstands,$690,$690,nightstand (each),PASS,,
Sienna Queen bed Beige,B1491,Matrix,Bedroom,beds,"$2,769","$2,769",queen bed,PASS,,
Sienna — Nightstand,1491,Matrix,Bedroom,nightstands,$690,$690,nightstand (each),PASS,,
Skylar Chest Grey,B1051,Matrix,Bedroom,chests,"$1,036","$1,036",chest,PASS,,
Skylar Dresser mirror set Grey,B1051,Matrix,Bedroom,dressers,"$1,288","$1,288",dresser & mirror,PASS,,
Skylar King bed Grey,B1051,Matrix,Bedroom,beds,"$2,139","$2,139",king bed,PASS,,
Skylar Nightstand Grey,B1051,Matrix,Bedroom,nightstands,$532,$532,nightstand (each),PASS,,
Skylar Queen bed Grey,B1051,Matrix,Bedroom,beds,"$1,824","$1,824",queen bed,PASS,,
Skylar — Nightstand,1051,Matrix,Bedroom,nightstands,$532,$532,nightstand (each),PASS,,
Skylar — Queen Set,B1051,Matrix,Bedroom,bedroom-sets,"$5,194","$5,194",queen complete set,PASS,,
Sophia Chest Black,B1181,Matrix,Bedroom,chests,$942,$942,chest,PASS,,
Sophia Chest Grey,B1181,Matrix,Bedroom,chests,$942,$942,chest,PASS,,
Sophia Chest Navy,B1181,Matrix,Bedroom,chests,$942,$942,chest,PASS,,
Sophia Dresser mirror set Black,B1181,Matrix,Bedroom,dressers,"$1,162","$1,162",dresser & mirror,PASS,,
Sophia Dresser mirror set Grey,B1181,Matrix,Bedroom,dressers,"$1,162","$1,162",dresser & mirror,PASS,,
Sophia Dresser mirror set Navy,B1181,Matrix,Bedroom,dressers,"$1,162","$1,162",dresser & mirror,PASS,,
Sophia King bed Black,B1181,Matrix,Bedroom,beds,"$1,981","$1,981",king bed,PASS,,
Sophia King bed Grey,B1181,Matrix,Bedroom,beds,"$1,981","$1,981",king bed,PASS,,
Sophia King bed Navy,B1181,Matrix,Bedroom,beds,"$1,981","$1,981",king bed,PASS,,
Sophia Nightstand Black,B1181,Matrix,Bedroom,nightstands,$469,$469,nightstand (each),PASS,,
Sophia Nightstand Grey,B1181,Matrix,Bedroom,nightstands,$469,$469,nightstand (each),PASS,,
Sophia Nightstand Navy,B1181,Matrix,Bedroom,nightstands,$469,$469,nightstand (each),PASS,,
Sophia Queen bed Black,B1181,Matrix,Bedroom,beds,"$1,666","$1,666",queen bed,PASS,,
Sophia Queen bed Grey,B1181,Matrix,Bedroom,beds,"$1,666","$1,666",queen bed,PASS,,
Sophia Queen bed Navy,B1181,Matrix,Bedroom,beds,"$1,666","$1,666",queen bed,PASS,,
Sophia — Nightstand,1181,Matrix,Bedroom,nightstands,$469,$469,nightstand (each),PASS,,
Sophia — Queen Set,B1181,Matrix,Bedroom,bedroom-sets,"$4,722","$4,722",queen complete set,PASS,,
Sterling Chest Silver,1714,Matrix,Bedroom,chests,$942,$942,chest,PASS,,
Sterling Chest Silver,B2231,Matrix,Bedroom,chests,$942,$942,chest,PASS,,
Sterling Chest White,1814,Matrix,Bedroom,chests,$942,$942,chest,PASS,,
Sterling Chest White,B2231,Matrix,Bedroom,chests,$942,$942,chest,PASS,,
Sterling Dresser mirror set Silver,1714,Matrix,Bedroom,dressers,"$1,194","$1,194",dresser & mirror,PASS,,
Sterling Dresser mirror set White,1814,Matrix,Bedroom,dressers,"$1,194","$1,194",dresser & mirror,PASS,,
Sterling King bed Silver,1714,Matrix,Bedroom,beds,"$2,611","$2,611",king bed w/ lift up,PASS,,
Sterling King bed Silver,B2231,Matrix,Bedroom,beds,"$2,611","$2,611",king bed w/ lift up,PASS,,
Sterling King bed White,1814,Matrix,Bedroom,beds,"$2,611","$2,611",king bed w/ lift up,PASS,,
Sterling King bed White,B2231,Matrix,Bedroom,beds,"$2,611","$2,611",king bed w/ lift up,PASS,,
Sterling Nightstand Silver,1714,Matrix,Bedroom,nightstands,$469,$469,nightstand (each),PASS,,
Sterling Nightstand Silver,B2231,Matrix,Bedroom,nightstands,$469,$469,nightstand (each),PASS,,
Sterling Nightstand White,1814,Matrix,Bedroom,nightstands,$469,$469,nightstand (each),PASS,,
Sterling Nightstand White,B2231,Matrix,Bedroom,nightstands,$469,$469,nightstand (each),PASS,,
Sterling Queen bed Silver,1714,Matrix,Bedroom,beds,"$2,296","$2,296",queen bed w/ lift up,PASS,,
Sterling Queen bed Silver,B2231,Matrix,Bedroom,beds,"$2,296","$2,296",queen bed w/ lift up,PASS,,
Sterling Queen bed White,1814,Matrix,Bedroom,beds,"$2,296","$2,296",queen bed w/ lift up,PASS,,
Sterling Queen bed White,B2231,Matrix,Bedroom,beds,"$2,296","$2,296",queen bed w/ lift up,PASS,,
Sterling dresser mirror set Silver,B2231,Matrix,Bedroom,dressers,"$1,194","$1,194",dresser & mirror,PASS,,
Sterling dresser mirror set White,B2231,Matrix,Bedroom,dressers,"$1,194","$1,194",dresser & mirror,PASS,,
Sterling — Nightstand,2231,Matrix,Bedroom,nightstands,$469,$469,nightstand (each),PASS,,
Sterling — Queen Set,B2231,Matrix,Bedroom,bedroom-sets,"$5,352","$5,352",queen complete set w/ lift up,PASS,,
Sydney Chest Grey,B2021,Matrix,Bedroom,chests,"$1,131","$1,131",chest,PASS,,
Sydney Dresser mirror set Grey,B2021,Matrix,Bedroom,dressers,"$1,414","$1,414",dresser & mirror,PASS,,
Sydney King bed Grey,B2021,Matrix,Bedroom,beds,"$2,580","$2,580",king bed,PASS,,
Sydney Queen bed Grey,B2021,Matrix,Bedroom,beds,"$2,265","$2,265",queen bed,PASS,,
Sydney — Nightstand,2021,Matrix,Bedroom,nightstands,$564,$564,nightstand (each),PASS,,
Sydney — Queen Set,B2021,Matrix,Bedroom,bedroom-sets,"$5,667","$5,667",queen complete set,PASS,,
Talia Chest Black,B2071,Matrix,Bedroom,chests,"$1,320","$1,320",chest,PASS,,
Talia Chest White,B2071,Matrix,Bedroom,chests,"$1,320","$1,320",chest,PASS,,
Talia Dresser mirror set Black,B2071,Matrix,Bedroom,dressers,"$1,666","$1,666",dresser & mirror,PASS,,
Talia Dresser mirror set White,B2071,Matrix,Bedroom,dressers,"$1,666","$1,666",dresser & mirror,PASS,,
Talia King bed Black,B2071,Matrix,Bedroom,beds,"$2,958","$2,958",king bed,PASS,,
Talia King bed White,B2071,Matrix,Bedroom,beds,"$2,958","$2,958",king bed,PASS,,
Talia Nightstand Black,B2071,Matrix,Bedroom,nightstands,$658,$658,nightstand (each),PASS,,
Talia Nightstand White,B2071,Matrix,Bedroom,nightstands,$658,$658,nightstand (each),PASS,,
Talia Queen bed Black,B2071,Matrix,Bedroom,beds,"$2,643","$2,643",queen bed,PASS,,
Talia Queen bed White,B2071,Matrix,Bedroom,beds,"$2,643","$2,643",queen bed,PASS,,
Talia — Nightstand,2071,Matrix,Bedroom,nightstands,$658,$658,nightstand (each),PASS,,
Talia — Queen Set,B2071,Matrix,Bedroom,bedroom-sets,"$6,612","$6,612",queen complete set,PASS,,
Treasure Chest Grey,B1951,Matrix,Bedroom,chests,"$1,320","$1,320",chest,PASS,,
Treasure Chest White,B1951,Matrix,Bedroom,chests,"$1,320","$1,320",chest,PASS,,
Treasure Dresser mirror  set Grey,B1951,Matrix,Bedroom,dressers,"$1,635","$1,635",dresser & mirror,PASS,,
Treasure — Nightstand,1951,Matrix,Bedroom,nightstands,$658,$658,nightstand (each),PASS,,
Treasure — Queen Set,B1951,Matrix,Bedroom,bedroom-sets,"$6,612","$6,612",queen complete set,PASS,,
Venice Chest Grey,B1921,Matrix,Bedroom,chests,"$1,509","$1,509",chest,PASS,,
Venice Dresser mirror set Grey,B1921,Matrix,Bedroom,dressers,"$1,887","$1,887",dresser & mirror,PASS,,
Venice King bed Grey,B1921,Matrix,Bedroom,beds,"$3,588","$3,588",king bed,PASS,,
Venice Nightstand Grey,B1921,Matrix,Bedroom,nightstands,$753,$753,nightstand (each),PASS,,
Venice Queen bed Grey,B1921,Matrix,Bedroom,beds,"$3,021","$3,021",queen bed,PASS,,
Venice — Nightstand,1921,Matrix,Bedroom,nightstands,$753,$753,nightstand (each),PASS,,
Venice — Queen Set,B1921,Matrix,Bedroom,bedroom-sets,"$7,557","$7,557",queen complete set,PASS,,
Versailles Chest Dark walnut,B2211,Matrix,Bedroom,chests,"$1,383",,,PASS,,
Versailles Dresser Dark Walnut,B2211,Matrix,Bedroom,dressers,"$1,729",,,PASS,,
Versailles Dresser mirror set  dark walnut,B2211,Matrix,Bedroom,dressers,"$1,729",,,PASS,,
Versailles King bed Dark walnut,B2211,Matrix,Bedroom,beds,"$3,084",,,PASS,,
Versailles Queen bed Dark walnut,B2211,Matrix,Bedroom,beds,"$2,769",,,PASS,,
Versailles — Queen Set,B2211,Matrix,Bedroom,bedroom-sets,"$6,927",,,PASS,,
Versaills — Nightstand,2211,Matrix,Bedroom,nightstands,$690,$690,nightstand (each),PASS,,
Zain Chest Grey angly White,B1891,Matrix,Bedroom,chests,"$1,257","$1,257",chest,PASS,,
Zain Dresser mirror set Grey angly White,B1891,Matrix,Bedroom,dressers,"$1,572","$1,572",dresser & mirror,PASS,,
Zain King bed Grey angly White,B1891,Matrix,Bedroom,beds,"$2,832","$2,832",king bed,PASS,,
Zain Nightstand Grey angly White,B1891,Matrix,Bedroom,nightstands,$627,$627,nightstand (each),PASS,,
Zain Queen bed Grey angly White,B1891,Matrix,Bedroom,beds,"$2,517","$2,517",queen bed,PASS,,
Zain — Nightstand,1891,Matrix,Bedroom,nightstands,$627,$627,nightstand (each),PASS,,
Zain — Queen Set,B1891,Matrix,Bedroom,bedroom-sets,"$6,297","$6,297",queen complete set,PASS,,
Zoya King bed Black,B1531,Matrix,Bedroom,beds,"$3,777","$3,777",king bed,PASS,,
Zoya Queen bed Black,B1531,Matrix,Bedroom,beds,"$3,462","$3,462",queen bed,PASS,,
elara King bed  grey,B1941,Matrix,Bedroom,beds,"$2,202","$2,202",king bed,PASS,,
Atlantis,D1870,Matrix,Dining Room,dining-sets,"$5,982","$5,982",7 pc set,PASS,,
Atlantis Chairs Grey   2pcs/ctn,D1870,Matrix,Dining Room,dining-chairs,$472,,,PASS,,
Atlantis Dining table Marble Aluminium,D1870,Matrix,Dining Room,dining-tables,"$3,147","$3,147",table,PASS,,
Ayla Dining table,D1530,Matrix,Dining Room,dining-tables,"$2,359",,,PASS,,
Aylin Dining table,D1640,Matrix,Dining Room,dining-tables,"$2,674","$2,674",table,PASS,,
Bailey Dining table Glass Chrome,D1360,Matrix,Dining Room,dining-tables,"$1,887","$1,887",table,PASS,,
Cora,D1810,Matrix,Dining Room,dining-sets,"$3,777","$3,777",7 pc set,PASS,,
Cora Chair Dark espresso   2pcs/ctn,D1810,Matrix,Dining Room,dining-chairs,$362,$362,chair(each),PASS,,
Cora Dining table Dark espresso,D1810,Matrix,Dining Room,dining-tables,"$1,603","$1,603",table,PASS,,
Dining Buffet — White Faux Marble Top / Black Base,I 1225,Monarch,Dining Room,buffets,"$1,764",,,PASS,,
"Dining Chair — 2Pcs 36""H White",I 1320,Monarch,Dining Room,dining-chairs,$362,,,PASS,,
"Dining Chair — 30""H Brown Walnut / Beige Fabric",I 1365,Monarch,Dining Room,dining-chairs,$410,,,PASS,,
"Dining Chair — 30""H Brown Walnut / Brown Fabric",I 1368,Monarch,Dining Room,dining-chairs,$410,,,PASS,,
"Dining Chair — 30""H Brown Walnut / Sand Fabric",I 1369,Monarch,Dining Room,dining-chairs,$410,,,PASS,,
"Dining Chair — 30""H Light Walnut / Brown Fabric",I 1385,Monarch,Dining Room,dining-chairs,$410,,,PASS,,
"Dining Chair — 32""H / Grey Fabric / Black Metal",I 1228,Monarch,Dining Room,dining-chairs,$598,,,PASS,,
"Dining Chair — 32""H / Grey Leather-Look / Chrome",I 1072,Monarch,Dining Room,dining-chairs,$394,,,PASS,,
"Dining Chair — 32""H / White Leather-Look / Chrome",I 1071,Monarch,Dining Room,dining-chairs,$394,,,PASS,,
"Dining Chair — 32""H Brown Walnut / Brown Fabric",I 1366,Monarch,Dining Room,dining-chairs,$630,,,PASS,,
"Dining Chair — 32""H Brown Walnut / Sand Fabric",I 1367,Monarch,Dining Room,dining-chairs,$614,,,PASS,,
"Dining Chair — 33""H / Black Leather-Look / Black",I 1193,Monarch,Dining Room,dining-chairs,$598,,,PASS,,
"Dining Chair — 33""H / Black Leather-Look / Black",I 1187,Monarch,Dining Room,dining-chairs,$598,,,PASS,,
"Dining Chair — 33""H / Black Leather-Look / Black",I 1130,Monarch,Dining Room,dining-chairs,$394,,,PASS,,
"Dining Chair — 33""H / Black Leather-Look / Black ",I 1157,Monarch,Dining Room,dining-chairs,$472,,,PASS,,
"Dining Chair — 33""H / Black Suede / Black Metal",I 1160,Monarch,Dining Room,dining-chairs,$472,,,PASS,,
"Dining Chair — 33""H / Grey Leather-Look / Black M",I 1158,Monarch,Dining Room,dining-chairs,$472,,,PASS,,
"Dining Chair — 33""H / Grey Leather-Look / Black M",I 1131,Monarch,Dining Room,dining-chairs,$394,,,PASS,,
"Dining Chair — 33""H / Grey Suede / Black Metal",I 1159,Monarch,Dining Room,dining-chairs,$472,,,PASS,,
"Dining Chair — 33""H / Taupe Fabric / Black Metal",I 1188,Monarch,Dining Room,dining-chairs,$598,,,PASS,,
"Dining Chair — 33""H / White Leather-Look / Chrome",I 1190,Monarch,Dining Room,dining-chairs,$598,,,PASS,,
"Dining Chair — 34""H / Black Leather-Look / Black",I 1115,Monarch,Dining Room,dining-chairs,$551,,,PASS,,
"Dining Chair — 34""H / Black Leather-Look / Dark G",I 1167,Monarch,Dining Room,dining-chairs,$536,,,PASS,,
"Dining Chair — 34""H / Grey Leather-Look / Black M",I 1116,Monarch,Dining Room,dining-chairs,$551,,,PASS,,
"Dining Chair — 34""H / Grey Leather-Look / Light G",I 1168,Monarch,Dining Room,dining-chairs,$536,,,PASS,,
"Dining Chair — 35""H / Black Leather-Look / Metal",I 1125,Monarch,Dining Room,dining-chairs,$520,,,PASS,,
"Dining Chair — 35""H / Grey Leather-Look / Black M",I 1126,Monarch,Dining Room,dining-chairs,$520,,,PASS,,
"Dining Chair — 36""H / Black Leather-Look / Black",I 1215,Monarch,Dining Room,dining-chairs,$504,,,PASS,,
"Dining Chair — 36""H / Black Leather-Look / Black ",I 1146,Monarch,Dining Room,dining-chairs,$662,,,PASS,,
"Dining Chair — 36""H / Black Leather-Look / Chrome",I 1213,Monarch,Dining Room,dining-chairs,$520,,,PASS,,
"Dining Chair — 36""H / Blue Leather-Look / Black M",I 1148,Monarch,Dining Room,dining-chairs,$662,,,PASS,,
"Dining Chair — 36""H / Grey Leather-Look / Black M",I 1145,Monarch,Dining Room,dining-chairs,$662,,,PASS,,
"Dining Chair — 36""H / Light Brown Leather-Look",I 1149,Monarch,Dining Room,dining-chairs,$662,,,PASS,,
"Dining Chair — 36""H / Taupe Fabric / Black Metal",I 1216,Monarch,Dining Room,dining-chairs,$504,,,PASS,,
"Dining Chair — 36""H / Taupe Leather-Look / Brown",I 1182,Monarch,Dining Room,dining-chairs,$598,,,PASS,,
"Dining Chair — 36""H Cream / Oak",I 1325,Monarch,Dining Room,dining-chairs,$362,,,PASS,,
"Dining Chair — 36""H Espresso / Dark Brown Pu Seat",I 1304,Monarch,Dining Room,dining-chairs,$346,,,PASS,,
"Dining Chair — 37""H / Black Leather-Look / Chrome",I 1034,Monarch,Dining Room,dining-chairs,$362,,,PASS,,
"Dining Chair — 37""H / White Leather-Look / Chrome",I 1033,Monarch,Dining Room,dining-chairs,$362,,,PASS,,
"Dining Chair — 37""H Brown / Dark Brown Pu Seat",I 1372,Monarch,Dining Room,dining-chairs,$394,,,PASS,,
"Dining Chair — 37""H Brown Walnut / Brown Fabric",I 1396,Monarch,Dining Room,dining-chairs,$394,,,PASS,,
"Dining Chair — 37""H Espresso / Black Pu Seat",I 1332,Monarch,Dining Room,dining-chairs,$394,,,PASS,,
"Dining Chair — 37""H Espresso / Black Pu Seat",I 1333,Monarch,Dining Room,dining-chairs,$410,,,PASS,,
"Dining Chair — 37""H Grey / Brown Fabric Seat",I 1378,Monarch,Dining Room,dining-chairs,$472,,,PASS,,
"Dining Chair — 37""H Grey / Cream Fabric Seat",I 1376,Monarch,Dining Room,dining-chairs,$472,,,PASS,,
"Dining Chair — 38""H / Black Leather-Look / Black",I 1106,Monarch,Dining Room,dining-chairs,$315,,,PASS,,
"Dining Chair — 38""H / Black Leather-Look / Chrome",I 1092,Monarch,Dining Room,dining-chairs,$331,,,PASS,,
"Dining Chair — 38""H / Grey Leather-Look / Chrome",I 1094,Monarch,Dining Room,dining-chairs,$331,,,PASS,,
"Dining Chair — 38""H / White Leather-Look / Chrome",I 1093,Monarch,Dining Room,dining-chairs,$331,,,PASS,,
"Dining Chair — 38""H Upholstered Beige Fabric",I 1336,Monarch,Dining Room,dining-chairs,$441,,,PASS,,
"Dining Chair — 38""H Upholstered Beige Fabric",I 1265,Monarch,Dining Room,dining-chairs,$472,,,PASS,,
"Dining Chair — 38""H Upholstered Blue Fabric",I 1220,Monarch,Dining Room,dining-chairs,$504,,,PASS,,
"Dining Chair — 38""H Upholstered Brown Fabric",I 1355,Monarch,Dining Room,dining-chairs,$441,,,PASS,,
"Dining Chair — 38""H Upholstered Brown Fabric",I 1342,Monarch,Dining Room,dining-chairs,$441,,,PASS,,
"Dining Chair — 38""H Upholstered Dark Grey Fabric",I 1347,Monarch,Dining Room,dining-chairs,$441,,,PASS,,
"Dining Chair — 38""H Upholstered Green Fabric",I 1219,Monarch,Dining Room,dining-chairs,$504,,,PASS,,
"Dining Chair — 38""H Upholstered Grey Fabric",I 1256,Monarch,Dining Room,dining-chairs,$472,,,PASS,,
"Dining Chair — 38""H Upholstered Grey Fabric",I 1218,Monarch,Dining Room,dining-chairs,$504,,,PASS,,
"Dining Chair — 38""H Upholstered Orange Fabric",I 1221,Monarch,Dining Room,dining-chairs,$504,,,PASS,,
"Dining Chair — 39""H / Black Leather-Look / Chrome",I 1076,Monarch,Dining Room,dining-chairs,$394,,,PASS,,
"Dining Chair — 39""H / Black Leather-Look / Metal",I 1123,Monarch,Dining Room,dining-chairs,$378,,,PASS,,
"Dining Chair — 39""H / Black Leather-Look / Metal",I 1270,Monarch,Dining Room,dining-chairs,$189,,,PASS,,
"Dining Chair — 39""H / Black Velvet / Chrome",I 1067,Monarch,Dining Room,dining-chairs,$394,,,PASS,,
"Dining Chair — 39""H / Cognac Leather-Look / Metal",I 1275,Monarch,Dining Room,dining-chairs,$189,,,PASS,,
"Dining Chair — 39""H / Dark Grey Leather-Look / Me",I 1272,Monarch,Dining Room,dining-chairs,$189,,,PASS,,
"Dining Chair — 39""H / Dark Taupe Leather-Look / M",I 1273,Monarch,Dining Room,dining-chairs,$189,,,PASS,,
"Dining Chair — 39""H / Grey Fabric / Black Metal",I 1113,Monarch,Dining Room,dining-chairs,$394,,,PASS,,
"Dining Chair — 39""H / Grey Fabric / Chrome",I 1061,Monarch,Dining Room,dining-chairs,$394,,,PASS,,
"Dining Chair — 39""H / Grey Leather-Look / Chrome",I 1077,Monarch,Dining Room,dining-chairs,$394,,,PASS,,
"Dining Chair — 39""H / Grey Leather-Look / Metal",I 1124,Monarch,Dining Room,dining-chairs,$378,,,PASS,,
"Dining Chair — 39""H / Red Leather-Look / Metal",I 1274,Monarch,Dining Room,dining-chairs,$189,,,PASS,,
"Dining Chair — 39""H / Taupe Fabric / Black Metal",I 1114,Monarch,Dining Room,dining-chairs,$378,,,PASS,,
"Dining Chair — 39""H / White Leather-Look / Chrome",I 1075,Monarch,Dining Room,dining-chairs,$394,,,PASS,,
"Dining Chair — 39""H / White Leather-Look / Metal",I 1271,Monarch,Dining Room,dining-chairs,$189,,,PASS,,
"Dining Chair — 39""H Antique Grey / Grey Fabric",I 1392,Monarch,Dining Room,dining-chairs,$472,,,PASS,,
"Dining Chair — 40""H Brown Walnut / Beige Fabric",I 1313,Monarch,Dining Room,dining-chairs,$472,,,PASS,,
"Dining Chair — 40""H Brown Walnut / Beige Fabric",I 1311,Monarch,Dining Room,dining-chairs,$472,,,PASS,,
"Dining Chair — 42""H Antique Grey Counter Height",I 1382,Monarch,Dining Room,dining-chairs,$504,,,PASS,,
"Dining Chair — 42""H Dark Walnut Counter Height",I 1388,Monarch,Dining Room,dining-chairs,$488,,,PASS,,
Dining Chair — Grey Leather-Look Counter Height,I 1902,Monarch,Dining Room,dining-chairs,$441,,,PASS,,
Dining Set — Black,I 1143,Monarch,Dining Room,dining-sets,$346,,,PASS,,
Dining Set — Black / Silver Metal,I 3095,Monarch,Dining Room,dining-sets,$410,,,PASS,,
Dining Set — Black Metal And Top,I 1018,Monarch,Dining Room,dining-sets,$472,,,PASS,,
Dining Set — Black Metal And Top,I 1013,Monarch,Dining Room,dining-sets,$410,,,PASS,,
Dining Set — Dark Taupe Top / Black Metal,I 1003,Monarch,Dining Room,dining-sets,$438,,,PASS,,
Dining Set — Espresso / Silver Metal,I 3075,Monarch,Dining Room,dining-sets,$362,,,PASS,,
Dining Set — Espresso Marble / Bronze Metal,I 1029,Monarch,Dining Room,dining-sets,$598,,,PASS,,
Dining Set — Espresso Marble / Bronze Metal,I 3045,Monarch,Dining Room,dining-sets,$394,,,PASS,,
Dining Set — Grey Marble / Charcoal Metal,I 3065,Monarch,Dining Room,dining-sets,$425,,,PASS,,
Dining Set — Grey Top / Black,I 1144,Monarch,Dining Room,dining-sets,$346,,,PASS,,
Dining Set — Grey Top / Black Metal,I 1037,Monarch,Dining Room,dining-sets,$551,,,PASS,,
Dining Set — Grey Top / Black Metal,I 1007,Monarch,Dining Room,dining-sets,$438,,,PASS,,
Dining Set — Rustic Oak / Black Metal,I 1027,Monarch,Dining Room,dining-sets,$488,,,PASS,,
Dining Set — White,I 1147,Monarch,Dining Room,dining-sets,$346,,,PASS,,
Dining Set — White Marble Top / Black Metal,I 1014,Monarch,Dining Room,dining-sets,$504,,,PASS,,
Dining Set — White Top / White Metal,I 1031,Monarch,Dining Room,dining-sets,$551,,,PASS,,
Dining Set — White Top / White Metal,I 1011,Monarch,Dining Room,dining-sets,$438,,,PASS,,
"Dining Table — 18"" Extension Panel",I 1395,Monarch,Dining Room,dining-tables,$709,,,PASS,,
"Dining Table — 24""X 32"" Black-Black Metal Counter Hei",I 1240,Monarch,Dining Room,dining-tables,$154,,,PASS,,
"Dining Table — 24""X 32"" Grey-White Metal Counter Heig",I 1241,Monarch,Dining Room,dining-tables,$154,,,PASS,,
"Dining Table — 24""X 48"" Dark Taupe Counter Height",I 1203,Monarch,Dining Room,dining-tables,$268,,,PASS,,
"Dining Table — 24""X 48"" Grey Counter Height",I 1204,Monarch,Dining Room,dining-tables,$268,,,PASS,,
"Dining Table — 24""X 48"" White Counter Height",I 1202,Monarch,Dining Room,dining-tables,$268,,,PASS,,
"Dining Table — 30""X 48"" Cream Oak Top 9"" Drop Leaf",I 1327,Monarch,Dining Room,dining-tables,$472,,,PASS,,
"Dining Table — 30""X 48"" Dark Taupe Black Metal",I 1141,Monarch,Dining Room,dining-tables,$236,,,PASS,,
"Dining Table — 30""X 48"" Grey Black Metal",I 1140,Monarch,Dining Room,dining-tables,$236,,,PASS,,
"Dining Table — 32""X 48"" Black Reclaimed Wood-Look",I 1166,Monarch,Dining Room,dining-tables,$394,,,PASS,,
"Dining Table — 32""X 48"" Grey Reclaimed Wood-Look",I 1164,Monarch,Dining Room,dining-tables,$394,,,PASS,,
"Dining Table — 32""X 48""X 63"" 15"" Butterfly Grey Stone",I 1133,Monarch,Dining Room,dining-tables,$929,,,PASS,,
"Dining Table — 32""X 48""X 63"" 15"" Butterfly White Ston",I 1132,Monarch,Dining Room,dining-tables,$929,,,PASS,,
"Dining Table — 35""X 60"" High Glossy White",I 1090,Monarch,Dining Room,dining-tables,$835,,,PASS,,
"Dining Table — 36""X 48"" Grey Chrome Metal",I 1059,Monarch,Dining Room,dining-tables,$536,,,PASS,,
"Dining Table — 36""X 48"" White Veneer Top",I 1323,Monarch,Dining Room,dining-tables,$520,,,PASS,,
"Dining Table — 36""X 60"" Black Reclaimed Wood-Look",I 1089,Monarch,Dining Room,dining-tables,$551,,,PASS,,
"Dining Table — 36""X 60"" Dark Grey Stone Top Black Bas",I 1129,Monarch,Dining Room,dining-tables,$819,,,PASS,,
"Dining Table — 36""X 60"" Dark Taupe Black Metal",I 1137,Monarch,Dining Room,dining-tables,$441,,,PASS,,
"Dining Table — 36""X 60"" Grey Black Metal",I 1136,Monarch,Dining Room,dining-tables,$441,,,PASS,,
"Dining Table — 36""X 60"" Grey Cement Chrome Metal",I 1119,Monarch,Dining Room,dining-tables,$520,,,PASS,,
"Dining Table — 36""X 60"" Grey Chrome Metal",I 1120,Monarch,Dining Room,dining-tables,$520,,,PASS,,
"Dining Table — 36""X 60"" Taupe Reclaimed Wood-Look",I 1088,Monarch,Dining Room,dining-tables,$551,,,PASS,,
"Dining Table — 36""X 60"" White Stone Top Black Base",I 1128,Monarch,Dining Room,dining-tables,$819,,,PASS,,
"Dining Table — 38""X 70"" White Faux Marble Top Black B",I 1226,Monarch,Dining Room,dining-tables,"$1,244",,,PASS,,
"Dining Table — 48""Dia White Faux Marble Top Black Bas",I 1227,Monarch,Dining Room,dining-tables,"$1,008",,,PASS,,
"Dining Table — Antique Brown Veneer 36""X 60""",I 1341,Monarch,Dining Room,dining-tables,$627,,,PASS,,
"Dining Table — Antique Cherry Veneer 36""X 60""",I 1354,Monarch,Dining Room,dining-tables,$627,,,PASS,,
"Dining Table — Antique Grey Veneer 36""X 60""",I 1255,Monarch,Dining Room,dining-tables,$690,,,PASS,,
"Dining Table — Antique Grey Veneer 36""X 60""",I 1346,Monarch,Dining Room,dining-tables,$627,,,PASS,,
"Dining Table — Antique Grey Veneer 36""X 60""",I 1390,Monarch,Dining Room,dining-tables,$709,,,PASS,,
"Dining Table — Antique Grey Veneer 36""X 72""Counter He",I 1381,Monarch,Dining Room,dining-tables,$753,,,PASS,,
"Dining Table — Antique Grey Veneer 42""X 78"" 18"" Exten",I 1391,Monarch,Dining Room,dining-tables,$929,,,PASS,,
"Dining Table — Antique Grey Veneer 48""X 48""",I 1348,Monarch,Dining Room,dining-tables,$595,,,PASS,,
"Dining Table — Antique White Light Brown Veneer 36""X ",I 1335,Monarch,Dining Room,dining-tables,$627,,,PASS,,
"Dining Table — Antique White Veneer 36""X 60""",I 1264,Monarch,Dining Room,dining-tables,$690,,,PASS,,
"Dining Table — Brown Veneer 36""X 60""",I 1370,Monarch,Dining Room,dining-tables,$536,,,PASS,,
"Dining Table — Brown Veneer 42""X 78"" 18"" Extension Pa",I 1371,Monarch,Dining Room,dining-tables,$788,,,PASS,,
"Dining Table — Brown Walnut Veneer 36""X 72""",I 1364,Monarch,Dining Room,dining-tables,$709,,,PASS,,
"Dining Table — Brown Walnut Veneer 48"" Dia.",I 1363,Monarch,Dining Room,dining-tables,$627,,,PASS,,
Dining Table — Dark Taupe / Chrome Metal,I 1121,Monarch,Dining Room,dining-tables,$504,,,PASS,,
"Dining Table — Dark Walnut Veneer 36""X 72""Counter Hei",I 1387,Monarch,Dining Room,dining-tables,$910,,,PASS,,
Dining Table — Espresso / Chrome Metal,I 1039,Monarch,Dining Room,dining-tables,$299,,,PASS,,
Dining Table — Espresso / Chrome Metal,I 1064,Monarch,Dining Room,dining-tables,$457,,,PASS,,
Dining Table — Espresso / Chrome Metal,I 1122,Monarch,Dining Room,dining-tables,$504,,,PASS,,
"Dining Table — Espresso Veneer 36""X 60""",I 1330,Monarch,Dining Room,dining-tables,$536,,,PASS,,
"Dining Table — Espresso Veneer 42""X 78"" 18"" Extension",I 1331,Monarch,Dining Room,dining-tables,$788,,,PASS,,
"Dining Table — Grey Veneer 36""X 72"" 18"" Extension Pan",I 1375,Monarch,Dining Room,dining-tables,$709,,,PASS,,
"Dining Table — Light Walnut Veneer 36""X 72""",I 1384,Monarch,Dining Room,dining-tables,$709,,,PASS,,
"Dining Table — Walnut Veneer 36""X 60""",I 1217,Monarch,Dining Room,dining-tables,$564,,,PASS,,
Everly Chair Champagne Gold,D1900,Matrix,Dining Room,dining-chairs,$882,$882,chair,PASS,,
Everly Dining table White,D1900,Matrix,Dining Room,dining-tables,"$3,462","$3,462",table,PASS,,
Home Bar — Black Metal Wine Bottle And Glass ,I 3347,Monarch,Dining Room,buffets,$186,,,PASS,,
Lilly,D1555,Matrix,Dining Room,dining-sets,"$2,359","$2,359",7 pc set,PASS,,
Lilly Chair Grey   2pcs/ctn,D1555,Matrix,Dining Room,dining-chairs,$227,$227,chair (each),PASS,,
Lilly Table w/6 drawer Grey,D1555,Matrix,Dining Room,dining-tables,"$1,162","$1,162",table,PASS,,
Lou Chair Cream Grey   2pcs/ctn,D1860,Matrix,Dining Room,dining-chairs,$312,,,PASS,,
Lou Dining table,D1860,Matrix,Dining Room,dining-tables,"$2,044",,,PASS,,
Madrid,D1790,Matrix,Dining Room,dining-sets,"$6,927","$6,927",7 pc set,PASS,,
Madrid Chair Graphite   2pcs/ctn,D1790,Matrix,Dining Room,dining-chairs,$627,$627,chair(each),PASS,,
Madrid Dining table,D1790,Matrix,Dining Room,dining-tables,"$3,147","$3,147",table,PASS,,
Mae,D1820,Matrix,Dining Room,dining-sets,"$3,777",,,PASS,,
Mae Chair Brown   2pcs/ctn,D1820,Matrix,Dining Room,dining-chairs,$362,,,PASS,,
Mae Dining table  Brown,D1820,Matrix,Dining Room,dining-tables,"$1,603",,,PASS,,
Max Chair Grey,D1930,Matrix,Dining Room,dining-chairs,$504,,,PASS,,
Max Dining table Marble,D1930,Matrix,Dining Room,dining-tables,"$1,257",,,PASS,,
Maya Dining table,D1460,Matrix,Dining Room,dining-tables,"$2,202","$2,202",71” table,PASS,,
Maya Dining table,D1660,Matrix,Dining Room,dining-tables,"$2,202","$2,202",71” table,PASS,,"Price corrected $2,359 -> $2,202"
Milan,D760,Matrix,Dining Room,dining-sets,"$4,407",,,PASS,,
Milan Dining table White Chrome,D760,Matrix,Dining Room,dining-tables,"$1,572",,,PASS,,
Milan Side chair White Chrome   2pcs/ctn,D760,Matrix,Dining Room,dining-chairs,$469,,,PASS,,
Molly,D1470,Matrix,Dining Room,dining-sets,"$3,934","$3,934",7 pc set,PASS,,
Molly Arm chair Brown   2pcs/ctn,D1470,Matrix,Dining Room,dining-chairs,$362,$362,arm chair(each),PASS,,Price corrected $331 -> $362
Molly Dining set Brown,D1470,Matrix,Dining Room,dining-sets,"$3,934","$3,934",7 pc set,PASS,,"Price corrected $1,887 -> $3,934"
Molly dining table,D1470,Matrix,Dining Room,dining-tables,"$1,887","$1,887",table,PASS,,
Norah,D1490T,Matrix,Dining Room,dining-sets,"$4,092","$4,092",7 pc set,PASS,,
Parker Chair Grey,D1910,Matrix,Dining Room,dining-chairs,$504,$504,chair,PASS,,
Parker Dining table Milky white,D1910,Matrix,Dining Room,dining-tables,"$2,359","$2,359",table,PASS,,
Pauline Swivel side chair Grey Brown   2pcs/ctn,D660,Matrix,Dining Room,dining-chairs,$277,$277,only chair,PASS,,
Remi Dining table Marble Chrome,D1560,Matrix,Dining Room,dining-tables,"$2,359","$2,359",table,PASS,,
Rene Chair Grey gold,D1920,Matrix,Dining Room,dining-chairs,$504,$504,chair,PASS,,
Rene Dining table Marble,D1920,Matrix,Dining Room,dining-tables,"$1,257","$1,257",table,PASS,,
"Artificial Plant — 10""H Succulent In 7""X7"" Wood Pot",I 9371,Monarch,Décor,plants,$154,,,PASS,,
"Artificial Plant — 11""H Eucalyptus/ Grass / 5"" Pot",I 9580,Monarch,Décor,plants,$54,,,PASS,,
"Artificial Plant — 12""H Mulberry Grass / 4"" Pot",I 9360,Monarch,Décor,plants,$60,,,PASS,,
"Artificial Plant — 13""H Epipremnum / 4"" Pot",I 9583,Monarch,Décor,plants,$63,,,PASS,,
"Artificial Plant — 13""H Eucalyptus / Grass/ 4"" Pot",I 9560,Monarch,Décor,plants,$85,,,PASS,,
"Artificial Plant — 13""H Eucalyptus/ Grass/ 4"" Pot",I 9581,Monarch,Décor,plants,$82,,,PASS,,
"Artificial Plant — 13""H Monstera/Calathea/ 4"" Pot",I 9584,Monarch,Décor,plants,$66,,,PASS,,
"Artificial Plant — 14""H Ficus Elastica / 4"" Pot",I 9557,Monarch,Décor,plants,$76,,,PASS,,
"Artificial Plant — 14""H Ficus Elastica / 4"" Pot",I 9558,Monarch,Décor,plants,$76,,,PASS,,
"Artificial Plant — 14""H Ficus Elastica In 4"" Pot",I 9585,Monarch,Décor,plants,$76,,,PASS,,
"Artificial Plant — 16""H Eucalyptus / Grass / 6"" Pot",I 9368,Monarch,Décor,plants,$91,,,PASS,,
"Artificial Plant — 5""H Grass In A 3"" Black Pot",I 9552,Monarch,Décor,plants,$54,,,PASS,,
"Artificial Plant — 5""H Grass In A 3"" Grey Pot",I 9589,Monarch,Décor,plants,$54,,,PASS,,
"Artificial Plant — 6""H Succulent Beige Pot/ Wood Tray",I 9373,Monarch,Décor,plants,$60,,,PASS,,
"Artificial Plant — 6""H Succulent In A 3"" Black Pot",I 9556,Monarch,Décor,plants,$47,,,PASS,,
"Artificial Plant — 6""H Succulent In A 3"" Grey Pot",I 9587,Monarch,Décor,plants,$47,,,PASS,,
"Artificial Plant — 6""H Succulent In A 3"" White Pot",I 9555,Monarch,Décor,plants,$50,,,PASS,,
"Artificial Plant — 6""H Succulent Iron Pot/ Metal Tray",I 9372,Monarch,Décor,plants,$60,,,PASS,,
"Artificial Plant — 7""H Succulent In 3"" Black Pot",I 9554,Monarch,Décor,plants,$50,,,PASS,,
"Artificial Plant — 7""H Succulent In 3"" Ceramic Pot",I 9588,Monarch,Décor,plants,$50,,,PASS,,
"Artificial Plant — 7""H Succulent In 3"" Chrome Pot",I 9550,Monarch,Décor,plants,$50,,,PASS,,
"Artificial Plant — 7""H Succulent In 3"" Gold Pot",I 9553,Monarch,Décor,plants,$50,,,PASS,,
"Artificial Plant — 7""H Succulent In 4"" Cement Pot",I 9586,Monarch,Décor,plants,$50,,,PASS,,
"Artificial Plant — 7""H Succulent In 4"" Cement Pot",I 9367,Monarch,Décor,plants,$63,,,PASS,,
"Artificial Plant — 7""H Succulent In 5"" Metal Pot",I 9361,Monarch,Décor,plants,$60,,,PASS,,
"Artificial Plant — 8""H Alocasia / 5"" Black Pot",I 9559,Monarch,Décor,plants,$66,,,PASS,,
"Artificial Plant — 8""H Alocasia / 5"" Cement Pot",I 9582,Monarch,Décor,plants,$63,,,PASS,,
"Artificial Plant — 8""H Succulent In 5"" Cement Pot",I 9363,Monarch,Décor,plants,$63,,,PASS,,
"Artificial Plant — 8""H Succulent In 6"" Cement Pot",I 9364,Monarch,Décor,plants,$69,,,PASS,,
"Artificial Plant — 8""H Succulent In 7""X 7"" Wood Pot",I 9370,Monarch,Décor,plants,$123,,,PASS,,
"Artificial Plant — 9""H Succulent In 5"" Cement Pot",I 9362,Monarch,Décor,plants,$60,,,PASS,,
"Artificial Plant — 9""H Succulent In 5"" Cement Pot",I 9365,Monarch,Décor,plants,$69,,,PASS,,
"Artificial Plant — 9""H Succulent In 5"" Cement Pot",I 9366,Monarch,Décor,plants,$85,,,PASS,,
"Artificial Plant — 9""H Succulent In 6"" Woven Pot",I 9369,Monarch,Décor,plants,$94,,,PASS,,
"Artificial Plant — Indoor Acacia Tree In A 5"" Pot",I 9520,Monarch,Décor,plants,$145,,,PASS,,
"Artificial Plant — Indoor Alocasia In A 5"" Pot",I 9578,Monarch,Décor,plants,$69,,,PASS,,
"Artificial Plant — Indoor Areca Palm Tree / 5"" Pot",I 9538,Monarch,Décor,plants,$173,,,PASS,,
"Artificial Plant — Indoor Aureum In A 5"" Pot",I 9502,Monarch,Décor,plants,$41,,,PASS,,
"Artificial Plant — Indoor Aureum In A 6"" Pot",I 9509,Monarch,Décor,plants,$98,,,PASS,,
"Artificial Plant — Indoor Bamboo Tree In A 5"" Pot",I 9563,Monarch,Décor,plants,$145,,,PASS,,
"Artificial Plant — Indoor Bamboo Tree In A 8"" Pot",I 9592,Monarch,Décor,plants,$441,,,PASS,,
"Artificial Plant — Indoor Banana Tree In A 5"" Pot",I 9567,Monarch,Décor,plants,$135,,,PASS,,
"Artificial Plant — Indoor Banana Tree In A 6"" Pot",I 9568,Monarch,Décor,plants,$208,,,PASS,,
"Artificial Plant — Indoor Banana Tree In A 8"" Pot",I 9593,Monarch,Décor,plants,$394,,,PASS,,
"Artificial Plant — Indoor Bird Of Paradise 5"" Pot",I 9569,Monarch,Décor,plants,$132,,,PASS,,
"Artificial Plant — Indoor Bird Of Paradise 5"" Pot",I 9570,Monarch,Décor,plants,$198,,,PASS,,
"Artificial Plant — Indoor Bird Of Paradise In 8"" Pot",I 9591,Monarch,Décor,plants,$331,,,PASS,,
"Artificial Plant — Indoor Calathea In A 5"" Pot",I 9577,Monarch,Décor,plants,$63,,,PASS,,
"Artificial Plant — Indoor Dieffenbachia / 6"" Pot",I 9519,Monarch,Décor,plants,$139,,,PASS,,
"Artificial Plant — Indoor Dracaena In A 4"" Pot",I 9573,Monarch,Décor,plants,$60,,,PASS,,
"Artificial Plant — Indoor Dracaena In A 5"" Pot",I 9542,Monarch,Décor,plants,$145,,,PASS,,
"Artificial Plant — Indoor Dracaena In A 5"" Pot",I 9543,Monarch,Décor,plants,$145,,,PASS,,
"Artificial Plant — Indoor Dracaena In A 8"" Pot",I 9595,Monarch,Décor,plants,$346,,,PASS,,
"Artificial Plant — Indoor Eucalyptus In A 5"" Pot",I 9562,Monarch,Décor,plants,$94,,,PASS,,
"Artificial Plant — Indoor Eucalyptus In A 5"" Pot",I 9561,Monarch,Décor,plants,$142,,,PASS,,
"Artificial Plant — Indoor Eucalyptus Tree / 5"" Pot",I 9518,Monarch,Décor,plants,$154,,,PASS,,
"Artificial Plant — Indoor Evergreen In A 5"" Pot",I 9512,Monarch,Décor,plants,$110,,,PASS,,
"Artificial Plant — Indoor Evergreen In A 5"" Pot",I 9535,Monarch,Décor,plants,$142,,,PASS,,
"Artificial Plant — Indoor Ficus Tree In A 6"" Pot",I 9564,Monarch,Décor,plants,$205,,,PASS,,
"Artificial Plant — Indoor Ficus Tree In A 8"" Pot",I 9549,Monarch,Décor,plants,$441,,,PASS,,
"Artificial Plant — Indoor Fiddle / 8"" Woven Basket",I 9505,Monarch,Décor,plants,$85,,,PASS,,
"Artificial Plant — Indoor Fiddle In A 6"" Pot",I 9511,Monarch,Décor,plants,$113,,,PASS,,
"Artificial Plant — Indoor Fiddle Tree In A 5"" Pot",I 9540,Monarch,Décor,plants,$129,,,PASS,,
"Artificial Plant — Indoor Fiddle Tree In A 5"" Pot",I 9515,Monarch,Décor,plants,$145,,,PASS,,
"Artificial Plant — Indoor Fiddle Tree In A 5"" Pot",I 9541,Monarch,Décor,plants,$164,,,PASS,,
"Artificial Plant — Indoor Fiddle Tree In A 5"" Pot",I 9517,Monarch,Décor,plants,$158,,,PASS,,
"Artificial Plant — Indoor Garcinia In A 7"" Pot",I 9507,Monarch,Décor,plants,$117,,,PASS,,
"Artificial Plant — Indoor Grass In A 4"" Black Pot",I 9575,Monarch,Décor,plants,$50,,,PASS,,
"Artificial Plant — Indoor Grass In A 5"" Pot",I 9565,Monarch,Décor,plants,$94,,,PASS,,
Artificial Plant — Indoor Grass In A Wood Pot,I 9374,Monarch,Décor,plants,$154,,,PASS,,
"Artificial Plant — Indoor Monstera / 5"" Black Pot",I 9576,Monarch,Décor,plants,$76,,,PASS,,
"Artificial Plant — Indoor Monstera / 5"" White Pot",I 9551,Monarch,Décor,plants,$79,,,PASS,,
"Artificial Plant — Indoor Monstera In A 6"" Pot",I 9510,Monarch,Décor,plants,$145,,,PASS,,
"Artificial Plant — Indoor Monstera In A 6"" Pot",I 9548,Monarch,Décor,plants,$180,,,PASS,,
"Artificial Plant — Indoor Monstera Tree / 7"" Pot",I 9522,Monarch,Décor,plants,$274,,,PASS,,
"Artificial Plant — Indoor Monstera Tree / 8"" Pot",I 9521,Monarch,Décor,plants,$447,,,PASS,,
"Artificial Plant — Indoor Oak Tree In A 5"" Pot",I 9544,Monarch,Décor,plants,$183,,,PASS,,
"Artificial Plant — Indoor Olive Tree In A 6"" Pot",I 9523,Monarch,Décor,plants,$158,,,PASS,,
"Artificial Plant — Indoor Palm / 8"" Woven Basket",I 9503,Monarch,Décor,plants,$91,,,PASS,,
"Artificial Plant — Indoor Palm In A 5"" Pot",I 9501,Monarch,Décor,plants,$57,,,PASS,,
"Artificial Plant — Indoor Palm In A 6"" Pot",I 9508,Monarch,Décor,plants,$91,,,PASS,,
"Artificial Plant — Indoor Palm Tree In A 5"" Pot",I 9537,Monarch,Décor,plants,$139,,,PASS,,
"Artificial Plant — Indoor Palm Tree In A 5"" Pot",I 9536,Monarch,Décor,plants,$186,,,PASS,,
"Artificial Plant — Indoor Palm Tree In A 5"" Pot",I 9539,Monarch,Décor,plants,$123,,,PASS,,
"Artificial Plant — Indoor Palm Tree In A 8"" Pot",I 9590,Monarch,Décor,plants,$331,,,PASS,,
"Artificial Plant — Indoor Rubber In A 5"" Pot",I 9572,Monarch,Décor,plants,$76,,,PASS,,
"Artificial Plant — Indoor Rubber Tree In A 5"" Pot",I 9514,Monarch,Décor,plants,$158,,,PASS,,
"Artificial Plant — Indoor Rubber Tree In A 5"" Pot",I 9513,Monarch,Décor,plants,$158,,,PASS,,
"Artificial Plant — Indoor Strelitzia In A 5"" Pot",I 9545,Monarch,Décor,plants,$170,,,PASS,,
"Artificial Plant — Indoor Zz In A 5"" Cement Pot",I 9500,Monarch,Décor,plants,$60,,,PASS,,
"Artificial Plant — Indoor Zz In A 6"" Pot",I 9506,Monarch,Décor,plants,$104,,,PASS,,
"Barstool — 29""H / Dark Oak Solid Wood",I 4833,Monarch,Décor,decor-objects,$252,,,PASS,,
"Barstool — 29""H / Grey Leather-Look / White",I 1262,Monarch,Décor,decor-objects,$315,,,PASS,,
"Barstool — 36""H / Black Pu / Metal Counter He",I 1248,Monarch,Décor,decor-objects,$630,,,PASS,,
"Barstool — 36""H / Brown Fabric / Metal Counte",I 1250,Monarch,Décor,decor-objects,$630,,,PASS,,
"Barstool — 36""H / Grey Fabric / Metal Counter",I 1249,Monarch,Décor,decor-objects,$630,,,PASS,,
"Barstool — 36""H / Swivel / Black Metal",I 2398,Monarch,Décor,decor-objects,$220,,,PASS,,
"Barstool — 36""H / Swivel / Silver Metal",I 2399,Monarch,Décor,decor-objects,$205,,,PASS,,
"Barstool — 36""H / Swivel / White Metal",I 2397,Monarch,Décor,decor-objects,$205,,,PASS,,
"Barstool — 37""H / Black / Black Metal Counter",I 2245,Monarch,Décor,decor-objects,$268,,,PASS,,
"Barstool — 37""H / Grey / Black Metal Counter ",I 2246,Monarch,Décor,decor-objects,$268,,,PASS,,
"Barstool — 37""H / Grey / White Metal Counter ",I 2247,Monarch,Décor,decor-objects,$268,,,PASS,,
"Barstool — 39""H / Beige Fabric / Swivel Bar H",I 2304,Monarch,Décor,decor-objects,$410,,,PASS,,
"Barstool — 39""H / Black Fabric / Swivel Bar H",I 2302,Monarch,Décor,decor-objects,$410,,,PASS,,
"Barstool — 39""H / Black Pu / Swivel Counter H",I 1258,Monarch,Décor,decor-objects,$614,,,PASS,,
"Barstool — 39""H / Brown Fabric/ Swivel Counte",I 1254,Monarch,Décor,decor-objects,$614,,,PASS,,
"Barstool — 39""H / Grey Fabric / Swivel Bar He",I 2303,Monarch,Décor,decor-objects,$410,,,PASS,,
"Barstool — 39""H / Grey Fabric / Swivel Counte",I 1253,Monarch,Décor,decor-objects,$614,,,PASS,,
"Barstool — 39""H / White / Swivel Counter Heig",I 1233,Monarch,Décor,decor-objects,$567,,,PASS,,
"Barstool — 40""H / Black Fabric / Swivel Bar H",I 2340,Monarch,Décor,decor-objects,$394,,,PASS,,
"Barstool — 40""H / Black Pu / Swivel Bar Heigh",I 2311,Monarch,Décor,decor-objects,$394,,,PASS,,
"Barstool — 40""H / Grey Fabric / Swivel Bar He",I 2341,Monarch,Décor,decor-objects,$394,,,PASS,,
"Barstool — 40""H / Grey Pu / Swivel Bar Height",I 2312,Monarch,Décor,decor-objects,$394,,,PASS,,
"Barstool — 43""H / Swivel / Dark Coffee Metal",I 2393,Monarch,Décor,decor-objects,$284,,,PASS,,
"Barstool — 46""H / Grey Leather-Look / Swivel",I 1243,Monarch,Décor,decor-objects,$756,,,PASS,,
Barstool — Black Fabric / Black Metal Adj. He,I 2334,Monarch,Décor,decor-objects,$488,,,PASS,,
Barstool — Black Leather-Look / Black Metal,I 7754,Monarch,Décor,decor-objects,$299,,,PASS,,
Barstool — Black Metal Hydraulic Lift,I 2381,Monarch,Décor,decor-objects,$284,,,PASS,,
Barstool — Black Pu / Black Metal Adjustable ,I 2328,Monarch,Décor,decor-objects,$488,,,PASS,,
Barstool — Black Pu / Black Metal Counter Hei,I 2384,Monarch,Décor,decor-objects,$123,,,PASS,,
Barstool — Black Pu / Black Metal Counter Hei,I 2225,Monarch,Décor,decor-objects,$151,,,PASS,,
Barstool — Brown Leather-Look / Black Metal,I 7753,Monarch,Décor,decor-objects,$299,,,PASS,,
Barstool — Brown Pu / Black Metal Adjustable ,I 2329,Monarch,Décor,decor-objects,$488,,,PASS,,
Barstool — Chrome Metal Hydraulic Lift,I 2363,Monarch,Décor,decor-objects,$299,,,PASS,,
Barstool — Chrome Metal Hydraulic Lift,I 2358,Monarch,Décor,decor-objects,$299,,,PASS,,
Barstool — Chrome Metal Hydraulic Lift,I 2357,Monarch,Décor,decor-objects,$299,,,PASS,,
Barstool — Grey Fabric / Black Metal Adj. Hei,I 2333,Monarch,Décor,decor-objects,$488,,,PASS,,
Barstool — Grey Fabric / Black Metal Counter ,I 2385,Monarch,Décor,decor-objects,$123,,,PASS,,
Barstool — Grey Fabric / Black Metal Counter ,I 2226,Monarch,Décor,decor-objects,$151,,,PASS,,
Barstool — Grey Fabric / Chrome / Counter Hei,I 2298,Monarch,Décor,decor-objects,$394,,,PASS,,
Barstool — Grey Fabric / Chrome Base / Bar He,I 2299,Monarch,Décor,decor-objects,$472,,,PASS,,
Barstool — Grey Fabric / White Metal Counter ,I 2387,Monarch,Décor,decor-objects,$123,,,PASS,,
Barstool — Grey Fabric / White Metal Counter ,I 2227,Monarch,Décor,decor-objects,$151,,,PASS,,
Barstool — Grey Leather-Look / Black Metal,I 7752,Monarch,Décor,decor-objects,$299,,,PASS,,
Barstool — Grey Pu / Black Metal Adjustable H,I 2330,Monarch,Décor,decor-objects,$488,,,PASS,,
Barstool — Swivel / Black /Black Leather-Look,I 2375,Monarch,Décor,decor-objects,$205,,,PASS,,
Barstool — Swivel / White / Grey Fabric Seat,I 2377,Monarch,Décor,decor-objects,$205,,,PASS,,
Barstool — Taupe Fabric / Black Metal Adj. He,I 2331,Monarch,Décor,decor-objects,$488,,,PASS,,
Barstool — Taupe Leather-Look / Black Metal,I 7751,Monarch,Décor,decor-objects,$299,,,PASS,,
Barstool — White / Chrome Base / Counter Heig,I 2296,Monarch,Décor,decor-objects,$394,,,PASS,,
Barstool — White Leather-Look / White Metal,I 7750,Monarch,Décor,decor-objects,$299,,,PASS,,
Barstool — White Metal Hydraulic Lift,I 2382,Monarch,Décor,decor-objects,$284,,,PASS,,
Clocks — Black,I 9015,Monarch,Décor,decor-objects,$82,,,PASS,,
Clocks — Dark Brown,I 9014,Monarch,Décor,decor-objects,$82,,,PASS,,
Clocks — Gear Mechanism Wall Clock / Black,I 9032,Monarch,Décor,wall-decor,$189,,,PASS,,
Clocks — Gear Mechanism Wall Clock / Black,I 9029,Monarch,Décor,wall-decor,$236,,,PASS,,
Clocks — Gear Mechanism Wall Clock / Black,I 9072,Monarch,Décor,wall-decor,$142,,,PASS,,
Clocks — Gear Mechanism Wall Clock / Black,I 9064,Monarch,Décor,wall-decor,$126,,,PASS,,
Clocks — Gear Mechanism Wall Clock / Brown,I 9023,Monarch,Décor,wall-decor,$236,,,PASS,,
Clocks — Gear Mechanism Wall Clock / Brown,I 9034,Monarch,Décor,wall-decor,$236,,,PASS,,
Clocks — Gear Mechanism Wall Clock / Brown,I 9031,Monarch,Décor,wall-decor,$189,,,PASS,,
Clocks — Gear Mechanism Wall Clock / Brown,I 9030,Monarch,Décor,wall-decor,$205,,,PASS,,
Clocks — Gear Mechanism Wall Clock / Brown,I 9073,Monarch,Décor,wall-decor,$158,,,PASS,,
Clocks — Gear Mechanism Wall Clock / Brown,I 9074,Monarch,Décor,wall-decor,$158,,,PASS,,
Clocks — Gear Mechanism Wall Clock / Brown,I 9070,Monarch,Décor,wall-decor,$142,,,PASS,,
Clocks — Gear Mechanism Wall Clock / Brown,I 9071,Monarch,Décor,wall-decor,$142,,,PASS,,
Clocks — Gear Mechanism Wall Clock / Brown,I 9061,Monarch,Décor,wall-decor,$126,,,PASS,,
Clocks — Gear Mechanism Wall Clock / Brown,I 9062,Monarch,Décor,wall-decor,$126,,,PASS,,
Clocks — Gear Mechanism Wall Clock / Brown,I 9063,Monarch,Décor,wall-decor,$126,,,PASS,,
Clocks — Gear Mechanism Wall Clock / Grey,I 9075,Monarch,Décor,wall-decor,$158,,,PASS,,
Clocks — Gear Mechanism Wall Clock / White,I 9033,Monarch,Décor,wall-decor,$205,,,PASS,,
Clocks — Wall Clock / Antique Black,I 9093,Monarch,Décor,wall-decor,$57,,,PASS,,
Clocks — Wall Clock / Antique Blue,I 9028,Monarch,Décor,wall-decor,$142,,,PASS,,
Clocks — Wall Clock / Antique Brown,I 9045,Monarch,Décor,wall-decor,$69,,,PASS,,
Clocks — Wall Clock / Antique Brown,I 9046,Monarch,Décor,wall-decor,$69,,,PASS,,
Clocks — Wall Clock / Antique Brown,I 9049,Monarch,Décor,wall-decor,$72,,,PASS,,
Clocks — Wall Clock / Antique Brown,I 9047,Monarch,Décor,wall-decor,$72,,,PASS,,
Clocks — Wall Clock / Antique Brown,I 9048,Monarch,Décor,wall-decor,$72,,,PASS,,
Clocks — Wall Clock / Antique Brown,I 9053,Monarch,Décor,wall-decor,$72,,,PASS,,
Clocks — Wall Clock / Antique Brown,I 9054,Monarch,Décor,wall-decor,$72,,,PASS,,
Clocks — Wall Clock / Antique Brown,I 9055,Monarch,Décor,wall-decor,$72,,,PASS,,
Clocks — Wall Clock / Antique Brown,I 9057,Monarch,Décor,wall-decor,$72,,,PASS,,
Clocks — Wall Clock / Antique Brown,I 9090,Monarch,Décor,wall-decor,$72,,,PASS,,
Clocks — Wall Clock / Antique Brown,I 9092,Monarch,Décor,wall-decor,$72,,,PASS,,
Clocks — Wall Clock / Antique Brown,I 9080,Monarch,Décor,wall-decor,$57,,,PASS,,
Clocks — Wall Clock / Antique Brown,I 9082,Monarch,Décor,wall-decor,$50,,,PASS,,
Clocks — Wall Clock / Antique Brown,I 9083,Monarch,Décor,wall-decor,$50,,,PASS,,
Clocks — Wall Clock / Antique Brown,I 9084,Monarch,Décor,wall-decor,$47,,,PASS,,
Clocks — Wall Clock / Antique Brown,I 9085,Monarch,Décor,wall-decor,$47,,,PASS,,
Clocks — Wall Clock / Antique Brown,I 9081,Monarch,Décor,wall-decor,$44,,,PASS,,
Clocks — Wall Clock / Antique Gold,I 9088,Monarch,Décor,wall-decor,$54,,,PASS,,
Clocks — Wall Clock / Antique White,I 9059,Monarch,Décor,wall-decor,$126,,,PASS,,
Clocks — Wall Clock / Black,I 9035,Monarch,Décor,wall-decor,$158,,,PASS,,
Clocks — Wall Clock / Black,I 9050,Monarch,Décor,wall-decor,$76,,,PASS,,
Clocks — Wall Clock / Black / Silver,I 9056,Monarch,Décor,wall-decor,$69,,,PASS,,
Clocks — Wall Clock / Black / Silver,I 9058,Monarch,Décor,wall-decor,$126,,,PASS,,
Clocks — Wall Clock / Black / Silver,I 9086,Monarch,Décor,wall-decor,$47,,,PASS,,
Clocks — Wall Clock / Black Finish,I 9113,Monarch,Décor,wall-decor,$32,,,PASS,,
Clocks — Wall Clock / Blue Finish,I 9109,Monarch,Décor,wall-decor,$32,,,PASS,,
Clocks — Wall Clock / Blue Finish,I 9116,Monarch,Décor,wall-decor,$32,,,PASS,,
Clocks — Wall Clock / Blue Finish,I 9119,Monarch,Décor,wall-decor,$32,,,PASS,,
Clocks — Wall Clock / Brown,I 9022,Monarch,Décor,wall-decor,$158,,,PASS,,
Clocks — Wall Clock / Brown,I 9024,Monarch,Décor,wall-decor,$158,,,PASS,,
Clocks — Wall Clock / Brown,I 9025,Monarch,Décor,wall-decor,$205,,,PASS,,
Clocks — Wall Clock / Brown,I 9026,Monarch,Décor,wall-decor,$158,,,PASS,,
Clocks — Wall Clock / Brown,I 9027,Monarch,Décor,wall-decor,$142,,,PASS,,
Clocks — Wall Clock / Brown,I 9040,Monarch,Décor,wall-decor,$72,,,PASS,,
Clocks — Wall Clock / Brown,I 9051,Monarch,Décor,wall-decor,$76,,,PASS,,
Clocks — Wall Clock / Brown,I 9041,Monarch,Décor,wall-decor,$72,,,PASS,,
Clocks — Wall Clock / Brown,I 9042,Monarch,Décor,wall-decor,$72,,,PASS,,
Clocks — Wall Clock / Brown With Led Light,I 9037,Monarch,Décor,lighting,$205,,,PASS,,
Clocks — Wall Clock / Charcoal Grey,I 9044,Monarch,Décor,wall-decor,$69,,,PASS,,
Clocks — Wall Clock / Dark Bronze Finish,I 9110,Monarch,Décor,wall-decor,$32,,,PASS,,
Clocks — Wall Clock / Dark Bronze Finish,I 9115,Monarch,Décor,wall-decor,$32,,,PASS,,
Clocks — Wall Clock / Dark Brown,I 9087,Monarch,Décor,wall-decor,$44,,,PASS,,
Clocks — Wall Clock / Gold Finish,I 9112,Monarch,Décor,wall-decor,$35,,,PASS,,
Clocks — Wall Clock / Green Finish,I 9117,Monarch,Décor,wall-decor,$32,,,PASS,,
Clocks — Wall Clock / Grey,I 9043,Monarch,Décor,wall-decor,$72,,,PASS,,
Clocks — Wall Clock / Grey Finish,I 9107,Monarch,Décor,wall-decor,$32,,,PASS,,
Clocks — Wall Clock / Grey With Led Light,I 9038,Monarch,Décor,lighting,$205,,,PASS,,
Clocks — Wall Clock / Mirror / Brown,I 9091,Monarch,Décor,mirrors,$72,,,PASS,,
Clocks — Wall Clock / Natural,I 9036,Monarch,Décor,wall-decor,$173,,,PASS,,
Clocks — Wall Clock / Natural Finish,I 9120,Monarch,Décor,wall-decor,$35,,,PASS,,
Clocks — Wall Clock / Pink Finish,I 9108,Monarch,Décor,wall-decor,$32,,,PASS,,
Clocks — Wall Clock / Silver Finish,I 9111,Monarch,Décor,wall-decor,$35,,,PASS,,
Clocks — Wall Clock / White,I 9060,Monarch,Décor,wall-decor,$79,,,PASS,,
Clocks — Wall Clock / White Finish,I 9114,Monarch,Décor,wall-decor,$32,,,PASS,,
Clocks — Wall Clock / White Finish,I 9118,Monarch,Décor,wall-decor,$32,,,PASS,,
Clocks — Wall Clock / White With Gold Frame,I 9094,Monarch,Décor,wall-decor,$41,,,PASS,,
Coat Rack — Black Metal,I 2019,Monarch,Décor,decor-objects,$69,,,PASS,,
Coat Rack — Black Metal,I 2057,Monarch,Décor,decor-objects,$63,,,PASS,,
Coat Rack — Black Metal Contemporary Style,I 2010,Monarch,Décor,decor-objects,$72,,,PASS,,
Coat Rack — Black Metal Contemporary Style,I 2051,Monarch,Décor,decor-objects,$94,,,PASS,,
Coat Rack — Black Metal With An Umbrella Holde,I 2031,Monarch,Décor,decor-objects,$79,,,PASS,,
Coat Rack — Black Metal With An Umbrella Holde,I 2060,Monarch,Décor,decor-objects,$173,,,PASS,,
Coat Rack — Dark Cherry With An Umbrella Holde,I 2005,Monarch,Décor,decor-objects,$145,,,PASS,,
Coat Rack — Espresso Metal Contemporary Style,I 2016,Monarch,Décor,decor-objects,$88,,,PASS,,
Coat Rack — Hammered Black Metal,I 2062,Monarch,Décor,decor-objects,$69,,,PASS,,
Coat Rack — Hammered Silver Metal,I 2061,Monarch,Décor,decor-objects,$69,,,PASS,,
Coat Rack — Red Metal,I 2008,Monarch,Décor,decor-objects,$69,,,PASS,,
Coat Rack — Satin Black Metal Contemporary Sty,I 2017,Monarch,Décor,decor-objects,$154,,,PASS,,
Coat Rack — Satin Black Metal Contemporary Sty,I 2021,Monarch,Décor,decor-objects,$110,,,PASS,,
Coat Rack — Satin Black Metal Contemporary Sty,I 2020,Monarch,Décor,decor-objects,$110,,,PASS,,
Coat Rack — Silver Metal,I 2007,Monarch,Décor,decor-objects,$69,,,PASS,,
Coat Rack — Silver Metal,I 2058,Monarch,Décor,decor-objects,$63,,,PASS,,
Coat Rack — Silver Metal,I 2163,Monarch,Décor,decor-objects,$66,,,PASS,,
Coat Rack — Silver Metal Contemporary Style,I 2015,Monarch,Décor,decor-objects,$88,,,PASS,,
Coat Rack — Silver Metal With An Umbrella Hold,I 2032,Monarch,Décor,decor-objects,$79,,,PASS,,
Coat Rack — Traditional Hammered Black Metal,I 2065,Monarch,Décor,decor-objects,$88,,,PASS,,
Coat Rack — White Metal,I 2006,Monarch,Décor,decor-objects,$69,,,PASS,,
Coat Rack — White Metal,I 2059,Monarch,Décor,decor-objects,$63,,,PASS,,
Coat Rack — White Metal,I 2164,Monarch,Décor,decor-objects,$66,,,PASS,,
Coat Rack — White Metal,I 2063,Monarch,Décor,decor-objects,$69,,,PASS,,
Coat Rack — White Metal,I 2151,Monarch,Décor,decor-objects,$94,,,PASS,,
Coat Rack — White Metal Contemporary Style,I 2009,Monarch,Décor,decor-objects,$72,,,PASS,,
Coat Rack — White Metal With An Umbrella Holde,I 2030,Monarch,Décor,decor-objects,$79,,,PASS,,
"Curtain Panel — 52""W X 84""H Beige Room Darkening",I 9820,Monarch,Décor,decor-objects,$69,,,PASS,,
"Curtain Panel — 52""W X 84""H Brown Solid Blackout",I 9838,Monarch,Décor,decor-objects,$69,,,PASS,,
"Curtain Panel — 52""W X 84""H Grey Room Darkening",I 9823,Monarch,Décor,decor-objects,$69,,,PASS,,
"Curtain Panel — 52""W X 84""H Ivory Room Darkening",I 9817,Monarch,Décor,decor-objects,$63,,,PASS,,
"Curtain Panel — 52""W X 84""H Silver Solid Blackout",I 9835,Monarch,Décor,decor-objects,$69,,,PASS,,
"Curtain Panel — 52""W X 84""H Taupe Room Darkening",I 9826,Monarch,Décor,decor-objects,$69,,,PASS,,
"Curtain Panel — 52""W X 95""H Beige Room Darkening",I 9821,Monarch,Décor,decor-objects,$76,,,PASS,,
"Curtain Panel — 52""W X 95""H Brown Solid Blackout",I 9839,Monarch,Décor,decor-objects,$76,,,PASS,,
"Curtain Panel — 52""W X 95""H Grey Room Darkening",I 9824,Monarch,Décor,decor-objects,$76,,,PASS,,
"Curtain Panel — 52""W X 95""H Grey Solid Blackout",I 9842,Monarch,Décor,decor-objects,$76,,,PASS,,
"Curtain Panel — 52""W X 95""H Ivory Room Darkening",I 9818,Monarch,Décor,decor-objects,$69,,,PASS,,
"Curtain Panel — 52""W X 95""H Silver Room Darkening",I 9845,Monarch,Décor,decor-objects,$69,,,PASS,,
"Curtain Panel — 52""W X 95""H Silver Solid Blackout",I 9836,Monarch,Décor,decor-objects,$76,,,PASS,,
"Curtain Panel — 52""W X 95""H Taupe Room Darkening",I 9827,Monarch,Décor,decor-objects,$76,,,PASS,,
"Curtain Panel — 54""W X 84""H Beige Room Darkening",I 9800,Monarch,Décor,decor-objects,$54,,,PASS,,
"Curtain Panel — 54""W X 95""H Beige Room Darkening",I 9801,Monarch,Décor,decor-objects,$57,,,PASS,,
"Curtain Panel — 54""W X 95""H Grey Room Darkening",I 9804,Monarch,Décor,decor-objects,$57,,,PASS,,
Display Rack — Silver / Wall Decor,I 9901,Monarch,Décor,wall-decor,$598,,,PASS,,
Display Rack — Silver Metal / 4 Adjustable Shelve,I 9900,Monarch,Décor,decor-objects,$866,,,PASS,,
Display Rack — Support Legs Only / Wall Decor Pan,I 9902,Monarch,Décor,wall-decor,$110,,,PASS,,
Filing Cabinet — Black On Castors,I 7781,Monarch,Décor,accent-furniture,$252,,,PASS,,
Filing Cabinet — Brown Reclaimed Wood / Castors,I 7400,Monarch,Décor,accent-furniture,$315,,,PASS,,
Filing Cabinet — Dark Taupe On Castors,I 7049,Monarch,Décor,accent-furniture,$315,,,PASS,,
Filing Cabinet — Grey Reclaimed Wood / Castors,I 7401,Monarch,Décor,accent-furniture,$315,,,PASS,,
Filing Cabinet — High Glossy White / Castors,I 7583,Monarch,Décor,accent-furniture,$551,,,PASS,,
Filing Cabinet — White / Cement-Look On Castor,I 7051,Monarch,Décor,accent-furniture,$315,,,PASS,,
Filing Cabinet — White On Castors,I 7780,Monarch,Décor,accent-furniture,$252,,,PASS,,
Filing Cabinet — White On Castors,I 7048,Monarch,Décor,accent-furniture,$315,,,PASS,,
Highlandcolorado Mirror Grey,B2041,Matrix,Décor,mirrors,"$1,351",,,PASS,,
Highlandcolorado Mirror White,B2041,Matrix,Décor,mirrors,"$1,351",,,PASS,,
Home Bar — Black / Silver Metal Spacesaver,I 2335,Monarch,Décor,decor-objects,$158,,,PASS,,
Home Bar — Espresso / Black Metal Spacesaver,I 2345,Monarch,Décor,decor-objects,$158,,,PASS,,
Home Bar — Espresso Ladder Style,I 2543,Monarch,Décor,decor-objects,$709,,,PASS,,
Home Bar — Espresso Marble / Coffee Metal,I 2310,Monarch,Décor,decor-objects,$236,,,PASS,,
Home Bar — Espresso Marble / Metal,I 2315,Monarch,Décor,decor-objects,$205,,,PASS,,
Home Bar — Grey Marble / Charcoal Metal,I 2325,Monarch,Décor,decor-objects,$189,,,PASS,,
Home Bar — White Top And Metal Spacesaver,I 2376,Monarch,Décor,decor-objects,$205,,,PASS,,
Ladder — Dark Taupe / Black Metal,I 4000,Monarch,Décor,decor-objects,$110,,,PASS,,
"Lighting — 15""H Table Lamp Clear Glass",I 9407,Monarch,Décor,lighting,$120,,,PASS,,
"Lighting — 15""H Table Lamp Gold Glass",I 9406,Monarch,Décor,lighting,$120,,,PASS,,
"Lighting — 17""H Table Lamp Black Metal / Beig",I 9650,Monarch,Décor,lighting,$148,,,PASS,,
"Lighting — 17""H Table Lamp Black Metal / Grey",I 9960,Monarch,Décor,lighting,$148,,,PASS,,
"Lighting — 17""H Table Lamp Cream Metal / Beig",I 9961,Monarch,Décor,lighting,$148,,,PASS,,
"Lighting — 17""H Table Lamp Nickel Metal / Ivo",I 9649,Monarch,Décor,lighting,$148,,,PASS,,
"Lighting — 18""H Table Lamp Black / Ivory Shad",I 9639,Monarch,Décor,lighting,$176,,,PASS,,
"Lighting — 24""H Table Lamp Black / Ivory / Us",I 9643,Monarch,Décor,lighting,$243,,,PASS,,
"Lighting — 24""H Table Lamp Nickel / Grey / Us",I 9642,Monarch,Décor,lighting,$243,,,PASS,,
"Lighting — 71""H Floor Lamp Antique Brass Meta",I 9682,Monarch,Décor,lighting,$236,,,PASS,,
"Lighting — 71""H Floor Lamp Black Metal",I 9648,Monarch,Décor,lighting,$378,,,PASS,,
"Lighting — 74""H Arc Floor Lamp Black Metal",I 9634,Monarch,Décor,lighting,$284,,,PASS,,
Lighting — Beige / Usb,I 9753,Monarch,Décor,lighting,$362,,,PASS,,
Lighting — Beige / Usb,I 9754,Monarch,Décor,lighting,$362,,,PASS,,
Lighting — Beige Shade,I 9917,Monarch,Décor,lighting,$280,,,PASS,,
Lighting — Beige Shade,I 9918,Monarch,Décor,lighting,$280,,,PASS,,
Lighting — Beige Shade,I 9920,Monarch,Décor,lighting,$271,,,PASS,,
Lighting — Beige Shade,I 9921,Monarch,Décor,lighting,$271,,,PASS,,
Lighting — Beige Shade,I 9938,Monarch,Décor,lighting,$331,,,PASS,,
Lighting — Beige Shade,I 9940,Monarch,Décor,lighting,$331,,,PASS,,
Lighting — Beige Shade,I 9915,Monarch,Décor,lighting,$280,,,PASS,,
Lighting — Beige Shade,I 9905,Monarch,Décor,lighting,$249,,,PASS,,
Lighting — Beige Shade,I 9906,Monarch,Décor,lighting,$249,,,PASS,,
Lighting — Beige Shade,I 9886,Monarch,Décor,lighting,$220,,,PASS,,
Lighting — Beige Shade,I 9883,Monarch,Décor,lighting,$205,,,PASS,,
Lighting — Beige Shade,I 9884,Monarch,Décor,lighting,$205,,,PASS,,
Lighting — Beige Shade,I 9616,Monarch,Décor,lighting,$173,,,PASS,,
Lighting — Beige Shade,I 9859,Monarch,Décor,lighting,$91,,,PASS,,
Lighting — Beige Shade,I 9867,Monarch,Décor,lighting,$110,,,PASS,,
Lighting — Beige Shade,I 9411,Monarch,Décor,lighting,$142,,,PASS,,
Lighting — Beige Shade,I 9412,Monarch,Décor,lighting,$142,,,PASS,,
Lighting — Beige Shade,I 9419,Monarch,Décor,lighting,$132,,,PASS,,
Lighting — Beige Shade,I 9783,Monarch,Décor,lighting,$91,,,PASS,,
Lighting — Beige Shade,I 9784,Monarch,Décor,lighting,$91,,,PASS,,
Lighting — Beige Shade,I 9854,Monarch,Décor,lighting,$91,,,PASS,,
Lighting — Beige Shade,I 9853,Monarch,Décor,lighting,$91,,,PASS,,
Lighting — Beige Shade,I 9855,Monarch,Décor,lighting,$91,,,PASS,,
Lighting — Beige Shade,I 9789,Monarch,Décor,lighting,$91,,,PASS,,
Lighting — Beige Shade,I 9790,Monarch,Décor,lighting,$91,,,PASS,,
Lighting — Beige Shade,I 9770,Monarch,Décor,lighting,$91,,,PASS,,
Lighting — Beige Shade,I 9772,Monarch,Décor,lighting,$91,,,PASS,,
Lighting — Beige Shade,I 9792,Monarch,Décor,lighting,$91,,,PASS,,
Lighting — Beige Shade,I 9793,Monarch,Décor,lighting,$91,,,PASS,,
Lighting — Beige Shade,I 9791,Monarch,Décor,lighting,$91,,,PASS,,
Lighting — Beige Shade,I 9690,Monarch,Décor,lighting,$205,,,PASS,,
Lighting — Beige Shade,I 9640,Monarch,Décor,lighting,$284,,,PASS,,
Lighting — Beige Shade,I 9683,Monarch,Décor,lighting,$504,,,PASS,,
Lighting — Beige Shade,I 9605,Monarch,Décor,lighting,$258,,,PASS,,
Lighting — Beige Shade,I 9623,Monarch,Décor,lighting,$202,,,PASS,,
Lighting — Beige Shade,I 9726,Monarch,Décor,lighting,$186,,,PASS,,
Lighting — Beige Shade,I 9724,Monarch,Décor,lighting,$236,,,PASS,,
Lighting — Beige Shade,I 9709,Monarch,Décor,lighting,$220,,,PASS,,
Lighting — Beige Shade,I 9728,Monarch,Décor,lighting,$186,,,PASS,,
Lighting — Beige Shade,I 9713,Monarch,Décor,lighting,$284,,,PASS,,
Lighting — Beige Shade,I 9714,Monarch,Décor,lighting,$280,,,PASS,,
Lighting — Beige Shade,I 9703,Monarch,Décor,lighting,$173,,,PASS,,
Lighting — Beige Shade,I 9635,Monarch,Décor,lighting,$195,,,PASS,,
Lighting — Beige Shade,I 9769,Monarch,Décor,lighting,$186,,,PASS,,
Lighting — Beige Shade,I 9628,Monarch,Décor,lighting,$145,,,PASS,,
Lighting — Beige Shade,I 9718,Monarch,Décor,lighting,$173,,,PASS,,
Lighting — Beige Shade,I 9632,Monarch,Décor,lighting,$104,,,PASS,,
Lighting — Beige Shade,I 9631,Monarch,Décor,lighting,$148,,,PASS,,
Lighting — Beige Shade,I 9765,Monarch,Décor,lighting,$82,,,PASS,,
Lighting — Beige Shade / Usb,I 9638,Monarch,Décor,lighting,$126,,,PASS,,
Lighting — Black Shade,I 9914,Monarch,Décor,lighting,$280,,,PASS,,
Lighting — Black Shade,I 9887,Monarch,Décor,lighting,$220,,,PASS,,
Lighting — Black Shade,I 9424,Monarch,Décor,lighting,$151,,,PASS,,
Lighting — Black Shade,I 9415,Monarch,Décor,lighting,$173,,,PASS,,
Lighting — Black Shade,I 9685,Monarch,Décor,lighting,$126,,,PASS,,
Lighting — Black Shade,I 9641,Monarch,Décor,lighting,$299,,,PASS,,
Lighting — Black Shade,I 9658,Monarch,Décor,lighting,$173,,,PASS,,
Lighting — Black Shade,I 9606,Monarch,Décor,lighting,$186,,,PASS,,
Lighting — Black Shade,I 9629,Monarch,Décor,lighting,$189,,,PASS,,
Lighting — Black Shade,I 9621,Monarch,Décor,lighting,$173,,,PASS,,
Lighting — Black Shade,I 9618,Monarch,Décor,lighting,$214,,,PASS,,
Lighting — Black Shade,I 9766,Monarch,Décor,lighting,$132,,,PASS,,
Lighting — Black Shade / Led,I 9400,Monarch,Décor,lighting,$154,,,PASS,,
Lighting — Black Shade / Usb,I 9691,Monarch,Décor,lighting,$205,,,PASS,,
Lighting — Black Shade / Usb,I 9645,Monarch,Décor,lighting,$101,,,PASS,,
Lighting — Black Shade / Usb,I 9647,Monarch,Décor,lighting,$123,,,PASS,,
Lighting — Brown Shade,I 9422,Monarch,Décor,lighting,$120,,,PASS,,
Lighting — Glass Shade,I 9656,Monarch,Décor,lighting,$258,,,PASS,,
Lighting — Glass Shade / Usb,I 9637,Monarch,Décor,lighting,$110,,,PASS,,
Lighting — Gold Resin / Beige,I 9925,Monarch,Décor,lighting,$299,,,PASS,,
Lighting — Gold Resin / Beige,I 9926,Monarch,Décor,lighting,$299,,,PASS,,
Lighting — Gold Shade,I 9644,Monarch,Décor,lighting,$98,,,PASS,,
Lighting — Gold Shade / Led,I 9401,Monarch,Décor,lighting,$154,,,PASS,,
Lighting — Grey,I 9757,Monarch,Décor,lighting,$290,,,PASS,,
Lighting — Grey,I 9748,Monarch,Décor,lighting,$230,,,PASS,,
Lighting — Grey Shade,I 9611,Monarch,Décor,lighting,$189,,,PASS,,
Lighting — Grey Shade,I 9922,Monarch,Décor,lighting,$271,,,PASS,,
Lighting — Grey Shade,I 9910,Monarch,Décor,lighting,$268,,,PASS,,
Lighting — Grey Shade,I 9909,Monarch,Décor,lighting,$268,,,PASS,,
Lighting — Grey Shade,I 9908,Monarch,Décor,lighting,$268,,,PASS,,
Lighting — Grey Shade,I 9881,Monarch,Décor,lighting,$186,,,PASS,,
Lighting — Grey Shade,I 9868,Monarch,Décor,lighting,$110,,,PASS,,
Lighting — Grey Shade,I 9781,Monarch,Décor,lighting,$91,,,PASS,,
Lighting — Grey Shade,I 9627,Monarch,Décor,lighting,$331,,,PASS,,
Lighting — Grey Shade,I 9684,Monarch,Décor,lighting,$472,,,PASS,,
Lighting — Grey Shade,I 9725,Monarch,Décor,lighting,$224,,,PASS,,
Lighting — Grey Shade,I 9711,Monarch,Décor,lighting,$189,,,PASS,,
Lighting — Grey Shade,I 9701,Monarch,Décor,lighting,$180,,,PASS,,
Lighting — Grey Shade / Usb,I 9692,Monarch,Décor,lighting,$205,,,PASS,,
Lighting — Ivory,I 9749,Monarch,Décor,lighting,$290,,,PASS,,
Lighting — Ivory,I 9750,Monarch,Décor,lighting,$293,,,PASS,,
Lighting — Ivory,I 9755,Monarch,Décor,lighting,$299,,,PASS,,
Lighting — Ivory,I 9756,Monarch,Décor,lighting,$315,,,PASS,,
Lighting — Ivory,I 9735,Monarch,Décor,lighting,$255,,,PASS,,
Lighting — Ivory,I 9736,Monarch,Décor,lighting,$255,,,PASS,,
Lighting — Ivory,I 9752,Monarch,Décor,lighting,$290,,,PASS,,
Lighting — Ivory Shade,I 9944,Monarch,Décor,lighting,$346,,,PASS,,
Lighting — Ivory Shade,I 9943,Monarch,Décor,lighting,$346,,,PASS,,
Lighting — Ivory Shade,I 9928,Monarch,Décor,lighting,$299,,,PASS,,
Lighting — Ivory Shade,I 9947,Monarch,Décor,lighting,$346,,,PASS,,
Lighting — Ivory Shade,I 9946,Monarch,Décor,lighting,$346,,,PASS,,
Lighting — Ivory Shade,I 9939,Monarch,Décor,lighting,$331,,,PASS,,
Lighting — Ivory Shade,I 9936,Monarch,Décor,lighting,$331,,,PASS,,
Lighting — Ivory Shade,I 9934,Monarch,Décor,lighting,$331,,,PASS,,
Lighting — Ivory Shade,I 9935,Monarch,Décor,lighting,$331,,,PASS,,
Lighting — Ivory Shade,I 9930,Monarch,Décor,lighting,$268,,,PASS,,
Lighting — Ivory Shade,I 9932,Monarch,Décor,lighting,$315,,,PASS,,
Lighting — Ivory Shade,I 9929,Monarch,Décor,lighting,$284,,,PASS,,
Lighting — Ivory Shade,I 9899,Monarch,Décor,lighting,$249,,,PASS,,
Lighting — Ivory Shade,I 9898,Monarch,Décor,lighting,$249,,,PASS,,
Lighting — Ivory Shade,I 9897,Monarch,Décor,lighting,$249,,,PASS,,
Lighting — Ivory Shade,I 9889,Monarch,Décor,lighting,$220,,,PASS,,
Lighting — Ivory Shade,I 9890,Monarch,Décor,lighting,$220,,,PASS,,
Lighting — Ivory Shade,I 9891,Monarch,Décor,lighting,$220,,,PASS,,
Lighting — Ivory Shade,I 9892,Monarch,Décor,lighting,$220,,,PASS,,
Lighting — Ivory Shade,I 9893,Monarch,Décor,lighting,$220,,,PASS,,
Lighting — Ivory Shade,I 9430,Monarch,Décor,lighting,$158,,,PASS,,
Lighting — Ivory Shade,I 9880,Monarch,Décor,lighting,$186,,,PASS,,
Lighting — Ivory Shade,I 9871,Monarch,Décor,lighting,$142,,,PASS,,
Lighting — Ivory Shade,I 9873,Monarch,Décor,lighting,$142,,,PASS,,
Lighting — Ivory Shade,I 9870,Monarch,Décor,lighting,$142,,,PASS,,
Lighting — Ivory Shade,I 9872,Monarch,Décor,lighting,$142,,,PASS,,
Lighting — Ivory Shade,I 9876,Monarch,Décor,lighting,$173,,,PASS,,
Lighting — Ivory Shade,I 9878,Monarch,Décor,lighting,$173,,,PASS,,
Lighting — Ivory Shade,I 9877,Monarch,Décor,lighting,$173,,,PASS,,
Lighting — Ivory Shade,I 9869,Monarch,Décor,lighting,$110,,,PASS,,
Lighting — Ivory Shade,I 9785,Monarch,Décor,lighting,$91,,,PASS,,
Lighting — Ivory Shade,I 9788,Monarch,Décor,lighting,$91,,,PASS,,
Lighting — Ivory Shade,I 9787,Monarch,Décor,lighting,$91,,,PASS,,
Lighting — Ivory Shade,I 9846,Monarch,Décor,lighting,$91,,,PASS,,
Lighting — Ivory Shade,I 9848,Monarch,Décor,lighting,$91,,,PASS,,
Lighting — Ivory Shade,I 9847,Monarch,Décor,lighting,$91,,,PASS,,
Lighting — Ivory Shade,I 9776,Monarch,Décor,lighting,$91,,,PASS,,
Lighting — Ivory Shade,I 9774,Monarch,Décor,lighting,$91,,,PASS,,
Lighting — Ivory Shade,I 9775,Monarch,Décor,lighting,$91,,,PASS,,
Lighting — Ivory Shade,I 9780,Monarch,Décor,lighting,$91,,,PASS,,
Lighting — Ivory Shade,I 9779,Monarch,Décor,lighting,$91,,,PASS,,
Lighting — Ivory Shade,I 9795,Monarch,Décor,lighting,$91,,,PASS,,
Lighting — Ivory Shade,I 9796,Monarch,Décor,lighting,$91,,,PASS,,
Lighting — Ivory Shade,I 9865,Monarch,Décor,lighting,$91,,,PASS,,
Lighting — Ivory Shade,I 9864,Monarch,Décor,lighting,$91,,,PASS,,
Lighting — Ivory Shade,I 9863,Monarch,Décor,lighting,$91,,,PASS,,
Lighting — Ivory Shade,I 9777,Monarch,Décor,lighting,$91,,,PASS,,
Lighting — Ivory Shade,I 9778,Monarch,Décor,lighting,$91,,,PASS,,
Lighting — Ivory Shade,I 9851,Monarch,Décor,lighting,$91,,,PASS,,
Lighting — Ivory Shade,I 9850,Monarch,Décor,lighting,$91,,,PASS,,
Lighting — Ivory Shade,I 9686,Monarch,Décor,lighting,$220,,,PASS,,
Lighting — Ivory Shade,I 9758,Monarch,Décor,lighting,$176,,,PASS,,
Lighting — Ivory Shade,I 9759,Monarch,Décor,lighting,$176,,,PASS,,
Lighting — Ivory Shade,I 9760,Monarch,Décor,lighting,$274,,,PASS,,
Lighting — Ivory Shade,I 9761,Monarch,Décor,lighting,$274,,,PASS,,
Lighting — Ivory Shade,I 9613,Monarch,Décor,lighting,$255,,,PASS,,
Lighting — Ivory Shade,I 9614,Monarch,Décor,lighting,$205,,,PASS,,
Lighting — Ivory Shade,I 9712,Monarch,Décor,lighting,$236,,,PASS,,
Lighting — Ivory Shade,I 9742,Monarch,Décor,lighting,$239,,,PASS,,
Lighting — Ivory Shade,I 9706,Monarch,Décor,lighting,$205,,,PASS,,
Lighting — Ivory Shade,I 9607,Monarch,Décor,lighting,$236,,,PASS,,
Lighting — Ivory Shade,I 9657,Monarch,Décor,lighting,$180,,,PASS,,
Lighting — Ivory Shade,I 9723,Monarch,Décor,lighting,$202,,,PASS,,
Lighting — Ivory Shade,I 9731,Monarch,Décor,lighting,$274,,,PASS,,
Lighting — Ivory Shade,I 9719,Monarch,Décor,lighting,$277,,,PASS,,
Lighting — Ivory Shade,I 9704,Monarch,Décor,lighting,$249,,,PASS,,
Lighting — Ivory Shade,I 9705,Monarch,Décor,lighting,$249,,,PASS,,
Lighting — Ivory Shade,I 9609,Monarch,Décor,lighting,$205,,,PASS,,
Lighting — Ivory Shade,I 9615,Monarch,Décor,lighting,$214,,,PASS,,
Lighting — Ivory Shade,I 9610,Monarch,Décor,lighting,$189,,,PASS,,
Lighting — Ivory Shade,I 9625,Monarch,Décor,lighting,$214,,,PASS,,
Lighting — Ivory Shade,I 9624,Monarch,Décor,lighting,$189,,,PASS,,
Lighting — Ivory Shade,I 9716,Monarch,Décor,lighting,$202,,,PASS,,
Lighting — Ivory Shade,I 9763,Monarch,Décor,lighting,$186,,,PASS,,
Lighting — Ivory Shade,I 9762,Monarch,Décor,lighting,$186,,,PASS,,
Lighting — Ivory Shade,I 9677,Monarch,Décor,lighting,$173,,,PASS,,
Lighting — Ivory Shade,I 9674,Monarch,Décor,lighting,$173,,,PASS,,
Lighting — Ivory Shade,I 9675,Monarch,Décor,lighting,$173,,,PASS,,
Lighting — Ivory Shade,I 9678,Monarch,Décor,lighting,$173,,,PASS,,
Lighting — Ivory Shade,I 9676,Monarch,Décor,lighting,$173,,,PASS,,
Lighting — Ivory Shade,I 9680,Monarch,Décor,lighting,$173,,,PASS,,
Lighting — Ivory Shade,I 9679,Monarch,Décor,lighting,$173,,,PASS,,
Lighting — Ivory Shade,I 9663,Monarch,Décor,lighting,$173,,,PASS,,
Lighting — Ivory Shade,I 9661,Monarch,Décor,lighting,$173,,,PASS,,
Lighting — Ivory Shade,I 9660,Monarch,Décor,lighting,$173,,,PASS,,
Lighting — Ivory Shade,I 9662,Monarch,Décor,lighting,$173,,,PASS,,
Lighting — Ivory Shade,I 9664,Monarch,Décor,lighting,$173,,,PASS,,
Lighting — Ivory Shade,I 9666,Monarch,Décor,lighting,$173,,,PASS,,
Lighting — Ivory Shade,I 9665,Monarch,Décor,lighting,$173,,,PASS,,
Lighting — Ivory Shade,I 9727,Monarch,Décor,lighting,$186,,,PASS,,
Lighting — Ivory Shade,I 9715,Monarch,Décor,lighting,$280,,,PASS,,
Lighting — Ivory Shade,I 9743,Monarch,Décor,lighting,$183,,,PASS,,
Lighting — Ivory Shade,I 9744,Monarch,Décor,lighting,$183,,,PASS,,
Lighting — Ivory Shade,I 9608,Monarch,Décor,lighting,$205,,,PASS,,
Lighting — Ivory Shade,I 9707,Monarch,Décor,lighting,$220,,,PASS,,
Lighting — Ivory Shade,I 9702,Monarch,Décor,lighting,$173,,,PASS,,
Lighting — Ivory Shade,I 9721,Monarch,Décor,lighting,$233,,,PASS,,
Lighting — Ivory Shade,I 9612,Monarch,Décor,lighting,$195,,,PASS,,
Lighting — Ivory Shade,I 9720,Monarch,Décor,lighting,$189,,,PASS,,
Lighting — Ivory Shade,I 9655,Monarch,Décor,lighting,$142,,,PASS,,
Lighting — Ivory Shade,I 9654,Monarch,Décor,lighting,$142,,,PASS,,
Lighting — Ivory Shade,I 9622,Monarch,Décor,lighting,$180,,,PASS,,
Lighting — Ivory Shade,I 9768,Monarch,Décor,lighting,$154,,,PASS,,
Lighting — Ivory Shade,I 9767,Monarch,Décor,lighting,$154,,,PASS,,
Lighting — Ivory Shade,I 9619,Monarch,Décor,lighting,$173,,,PASS,,
Lighting — Ivory Shade,I 9710,Monarch,Décor,lighting,$186,,,PASS,,
Lighting — Ivory Shade,I 9673,Monarch,Décor,lighting,$173,,,PASS,,
Lighting — Ivory Shade,I 9672,Monarch,Décor,lighting,$173,,,PASS,,
Lighting — Ivory Shade,I 9670,Monarch,Décor,lighting,$173,,,PASS,,
Lighting — Ivory Shade,I 9667,Monarch,Décor,lighting,$173,,,PASS,,
Lighting — Ivory Shade,I 9668,Monarch,Décor,lighting,$173,,,PASS,,
Lighting — Ivory Shade,I 9671,Monarch,Décor,lighting,$173,,,PASS,,
Lighting — Ivory Shade,I 9669,Monarch,Décor,lighting,$173,,,PASS,,
Lighting — Ivory Shade,I 9734,Monarch,Décor,lighting,$186,,,PASS,,
Lighting — Ivory Shade,I 9732,Monarch,Décor,lighting,$202,,,PASS,,
Lighting — Ivory Shade,I 9708,Monarch,Décor,lighting,$164,,,PASS,,
Lighting — Ivory Shade,I 9722,Monarch,Décor,lighting,$208,,,PASS,,
Lighting — Ivory Shade,I 9617,Monarch,Décor,lighting,$142,,,PASS,,
Lighting — Ivory Shade,I 9733,Monarch,Décor,lighting,$195,,,PASS,,
Lighting — Ivory Shade,I 9730,Monarch,Décor,lighting,$173,,,PASS,,
Lighting — Ivory Shade,I 9729,Monarch,Décor,lighting,$180,,,PASS,,
Lighting — Ivory Shade,I 9626,Monarch,Décor,lighting,$145,,,PASS,,
Lighting — Ivory Shade,I 9717,Monarch,Décor,lighting,$158,,,PASS,,
Lighting — Ivory Shade,I 9653,Monarch,Décor,lighting,$139,,,PASS,,
Lighting — Ivory Shade,I 9633,Monarch,Décor,lighting,$101,,,PASS,,
Lighting — Ivory Shade,I 9630,Monarch,Décor,lighting,$151,,,PASS,,
Lighting — Ivory Shade,I 9738,Monarch,Décor,lighting,$82,,,PASS,,
Lighting — Ivory Shade,I 9739,Monarch,Décor,lighting,$82,,,PASS,,
Lighting — Ivory Shade,I 9740,Monarch,Décor,lighting,$82,,,PASS,,
Lighting — Ivory Shade,I 9741,Monarch,Décor,lighting,$82,,,PASS,,
Lighting — Ivory Shade,I 9764,Monarch,Décor,lighting,$82,,,PASS,,
Lighting — Ivory Shade,I 9636,Monarch,Décor,lighting,$132,,,PASS,,
Lighting — Ivory Shade / Usb,I 9950,Monarch,Décor,lighting,$195,,,PASS,,
Lighting — Ivory Shade / Usb,I 9951,Monarch,Décor,lighting,$205,,,PASS,,
Lighting — Ivory Shade /Usb,I 9646,Monarch,Décor,lighting,$101,,,PASS,,
Lighting — Led,I 9402,Monarch,Décor,lighting,$154,,,PASS,,
Lighting — Led,I 9403,Monarch,Décor,lighting,$142,,,PASS,,
Lighting — Metal Shade,I 9952,Monarch,Décor,lighting,$236,,,PASS,,
Lighting — Metal Shade,I 9954,Monarch,Décor,lighting,$158,,,PASS,,
Lighting — Metal Shade,I 9953,Monarch,Décor,lighting,$158,,,PASS,,
Lighting — Natural Shade,I 9423,Monarch,Décor,lighting,$151,,,PASS,,
Lighting — Natural Shade,I 9421,Monarch,Décor,lighting,$120,,,PASS,,
Lighting — Natural Shade,I 9416,Monarch,Décor,lighting,$173,,,PASS,,
Lighting — Nickel Shade,I 9693,Monarch,Décor,lighting,$220,,,PASS,,
Lighting — Nickel Shade / Usb,I 9659,Monarch,Décor,lighting,$98,,,PASS,,
Lighting — Rope Shade,I 9651,Monarch,Décor,lighting,$277,,,PASS,,
Lighting — Silver Metal,I 9955,Monarch,Décor,lighting,$126,,,PASS,,
Lighting — Silver Metal,I 9956,Monarch,Décor,lighting,$91,,,PASS,,
Lighting — Usb,I 9745,Monarch,Décor,lighting,$331,,,PASS,,
Lighting — Usb,I 9746,Monarch,Décor,lighting,$331,,,PASS,,
Lighting — White Shade,I 9414,Monarch,Décor,lighting,$195,,,PASS,,
Lighting — White Shade,I 9413,Monarch,Décor,lighting,$72,,,PASS,,
Lighting — White Shade,I 9681,Monarch,Décor,lighting,$236,,,PASS,,
Lighting — Wood Shade,I 9652,Monarch,Décor,lighting,$227,,,PASS,,
Love Seat — Beige Fabric #Coach-4,8K12C04,Monarch,Décor,decor-objects,$740,,,PASS,,
Love Seat — Black Fabric #Lumos-19,8J32L19,Monarch,Décor,decor-objects,$866,,,PASS,,
Love Seat — Black Pu #Ck5A95,8J12A95,Monarch,Décor,decor-objects,$835,,,PASS,,
Love Seat — Brown Pu #Ra-08,8J22A08,Monarch,Décor,decor-objects,$850,,,PASS,,
Love Seat — Cognac Pu #3007-10,8J22710,Monarch,Décor,decor-objects,$850,,,PASS,,
Love Seat — Dark Grey Fabric #Lumos-17,8J12L17,Monarch,Décor,decor-objects,$835,,,PASS,,
Love Seat — Grey Fabric #Coach-18,8K12C18,Monarch,Décor,decor-objects,$740,,,PASS,,
Love Seat — Grey Pu #Ra-02,8J32A02,Monarch,Décor,decor-objects,$866,,,PASS,,
Love Seat — Light Brown Fabric #Lumos-31,8J22L31,Monarch,Décor,lighting,$850,,,PASS,,
Love Seat — Orange Fabric #Lumos-68,8J12L68,Monarch,Décor,decor-objects,$835,,,PASS,,
Love Seat — Rust Fabric #Lumos-44,8J12L44,Monarch,Décor,decor-objects,$835,,,PASS,,
Magazine Rack — Chrome Metal,I 2036,Monarch,Décor,decor-objects,$69,,,PASS,,
Mirror — Antique White Oval Wood Frame,I 3102,Monarch,Décor,mirrors,$170,,,PASS,,
Office Cabinet — Dark Taupe With 2 Drawers On Casto,I 7056,Monarch,Décor,accent-furniture,$299,,,PASS,,
Office Cabinet — White With 2 Drawers On Castors,I 7055,Monarch,Décor,accent-furniture,$299,,,PASS,,
Office Credenza — Black Commercial Grade,I 7732,Monarch,Décor,decor-objects,$819,,,PASS,,
Office Credenza — Silver Commercial Grade,I 7727,Monarch,Décor,decor-objects,$819,,,PASS,,
Office Hutch — Black Commercial Grade,I 7733,Monarch,Décor,decor-objects,$693,,,PASS,,
Office Hutch — Silver Commercial Grade,I 7728,Monarch,Décor,decor-objects,$693,,,PASS,,
Pillow — Beige Diamond Velvet / 1Pc,I 9310,Monarch,Décor,decor-objects,$22,,,PASS,,
Pillow — Dark Green Floral Velvet / 1Pc,I 9262,Monarch,Décor,plants,$22,,,PASS,,
Pillow — Dark Green Floral Velvet / 2Pcs,I 9263,Monarch,Décor,plants,$44,,,PASS,,
Pillow — Gold / Grey Abstract Dot / 1Pc,I 9234,Monarch,Décor,decor-objects,$22,,,PASS,,
Pillow — Gold / Grey Abstract Dot / 2Pcs,I 9235,Monarch,Décor,decor-objects,$44,,,PASS,,
Pillow — Gold Satin / 1Pc,I 9334,Monarch,Décor,decor-objects,$19,,,PASS,,
Pillow — Gold Satin / 2Pcs,I 9335,Monarch,Décor,decor-objects,$38,,,PASS,,
Pillow — Grey Mosaic Velvet / 1Pc,I 9272,Monarch,Décor,decor-objects,$22,,,PASS,,
Pillow — Grey Mosaic Velvet / 2Pcs,I 9273,Monarch,Décor,decor-objects,$44,,,PASS,,
Pillow — Light / Dark Blue Abstract Dot / 2,I 9241,Monarch,Décor,lighting,$44,,,PASS,,
Pillow — Light / Dark Green Abstract Dot / ,I 9232,Monarch,Décor,lighting,$22,,,PASS,,
Pillow — Light / Dark Green Abstract Dot/ 2,I 9233,Monarch,Décor,lighting,$44,,,PASS,,
Pillow — Light / Dark Taupe Abstract Dot / ,I 9228,Monarch,Décor,lighting,$22,,,PASS,,
Pillow — Light / Dark Taupe Abstract Dot/ 2,I 9229,Monarch,Décor,lighting,$44,,,PASS,,
Pillow — Light Blue / Grey Abstract Dot / 1,I 9230,Monarch,Décor,lighting,$22,,,PASS,,
Pillow — Light Blue / Grey Abstract Dot / 2,I 9231,Monarch,Décor,lighting,$44,,,PASS,,
Pillow — Light Grey / Black Abstract Dot / ,I 9236,Monarch,Décor,lighting,$22,,,PASS,,
Pillow — Light Grey / Black Abstract Dot/ 2,I 9237,Monarch,Décor,lighting,$44,,,PASS,,
Pillow — Light Grey Floral Velvet / 1Pc,I 9256,Monarch,Décor,lighting,$22,,,PASS,,
Pillow — Light Purple Feathered Velvet / 1P,I 9324,Monarch,Décor,lighting,$22,,,PASS,,
Pillow — Light Purple Feathered Velvet / 2P,I 9325,Monarch,Décor,lighting,$44,,,PASS,,
Pillow — Light Taupe Feathered Velvet / 1Pc,I 9318,Monarch,Décor,lighting,$22,,,PASS,,
Pillow — Mint Satin / 1Pc,I 9340,Monarch,Décor,decor-objects,$19,,,PASS,,
Pillow — Mint Satin / 2Pcs,I 9341,Monarch,Décor,decor-objects,$38,,,PASS,,
Pillow — Pale Blue Satin / 1Pc,I 9342,Monarch,Décor,decor-objects,$19,,,PASS,,
Pillow — Pale Blue Satin / 2Pcs,I 9343,Monarch,Décor,decor-objects,$38,,,PASS,,
Pillow — Patterned Light Green / 1Pc,I 9288,Monarch,Décor,lighting,$22,,,PASS,,
Pillow — Pink Satin / 1Pc,I 9338,Monarch,Décor,decor-objects,$19,,,PASS,,
Pillow — Pink Satin / 2Pcs,I 9339,Monarch,Décor,decor-objects,$38,,,PASS,,
Pillow — Silver Diamond Velvet / 1Pc,I 9306,Monarch,Décor,decor-objects,$22,,,PASS,,
Pillow — Silver Satin / 1Pc,I 9336,Monarch,Décor,decor-objects,$19,,,PASS,,
Pillow — Silver Satin / 2Pcs,I 9337,Monarch,Décor,decor-objects,$38,,,PASS,,
Pillow — Taupe Floral Velvet / 1Pc,I 9254,Monarch,Décor,plants,$22,,,PASS,,
Reclining Love Seat — Grey Aotansi # Cb0031,8M12031,Monarch,Décor,decor-objects,"$1,496",,,PASS,,
Reclining Love Seat — Grey Jialian # Cb0019,8M12019,Monarch,Décor,decor-objects,"$1,496",,,PASS,,
Reclining Love Seat — Grey Pu Yanqing #Jra-070,8M12070,Monarch,Décor,decor-objects,"$1,496",,,PASS,,
Reclining Love Seat — Usb Beige Fabric Breeze # 106,8P12106,Monarch,Décor,decor-objects,"$2,079",,,PASS,,
Reclining Love Seat — Usb Beige Fabric Sky # 2514-06,8P22406,Monarch,Décor,decor-objects,"$2,189",,,PASS,,
Reclining Love Seat — Usb Blue Fabric Sky # 2514-18,8P22418,Monarch,Décor,decor-objects,"$2,189",,,PASS,,
Reclining Love Seat — Usb Brown Pu # Tjb-061,8P32061,Monarch,Décor,decor-objects,"$2,284",,,PASS,,
Reclining Love Seat — Usb Gold Fabric Sky # 2514-08,8P22408,Monarch,Décor,decor-objects,"$2,189",,,PASS,,
Reclining Love Seat — Usb Grey Fabric Breeze # 451,8P12451,Monarch,Décor,decor-objects,"$2,079",,,PASS,,
Table Set — Light Brown,I 7852P,Monarch,Décor,lighting,$346,,,PASS,,
Table Set — Light Walnut,I 7898P,Monarch,Décor,lighting,$346,,,PASS,,
Table Set — Light Walnut,I 7855P,Monarch,Décor,lighting,$346,,,PASS,,
Wall Unit — Ht 852 / Ht 853 / Champagne / Gold,HT 852,Monarch,Décor,wall-decor,$158,,,PASS,,
1212 — Sofa,1212,A-Class,Living Room,sofas,"$1,622","$1,622",sofa,PASS,,
1213 — Sofa,1213,A-Class,Living Room,sofas,"$1,496","$1,496",sofa,PASS,,
1220 — Sofa,1220,A-Class,Living Room,sofas,"$1,496","$1,496",sofa,PASS,,
1250 — Sofa,1250,A-Class,Living Room,sofas,"$1,622","$1,622",sofa,PASS,,
1257 — Sofa,1257,A-Class,Living Room,sofas,"$1,622","$1,622",sofa,PASS,,
1260 — Sofa,1260,A-Class,Living Room,sofas,"$1,055","$1,055",sofa,PASS,,
1270 — Sofa,1270,A-Class,Living Room,sofas,"$1,811","$1,811",sofa,PASS,,
1280,1280,A-Class,Living Room,sofas,"$1,622","$1,622",sofa,PASS,,"Price corrected $1,701 -> $1,622"
1280 — 3-Pc Set,1280,A-Class,Living Room,living-sets,"$4,252","$4,252",set,PASS,,Reclassified to Living Sets
1280 — Sofa,1280,A-Class,Living Room,sofas,"$1,622","$1,622",sofa,PASS,,
1290,1290,A-Class,Living Room,sofas,"$1,701","$1,701",sofa,PASS,,
1290 — 3-Pc Set,1290,A-Class,Living Room,living-sets,"$4,252","$4,252",set,PASS,,Reclassified to Living Sets
1290 — Sofa,1290,A-Class,Living Room,sofas,"$1,701","$1,701",sofa,PASS,,
1510,1510,A-Class,Living Room,sofas,"$1,638","$1,638",sofa,PASS,,
1510 — 3-Pc Set,1510,A-Class,Living Room,living-sets,"$4,095","$4,095",set,PASS,,Reclassified to Living Sets
1510 — Sofa,1510,A-Class,Living Room,sofas,"$1,638","$1,638",sofa,PASS,,
1515 — Sofa,1515,A-Class,Living Room,sofas,"$1,370","$1,370",sofa,PASS,,
1525 — Sofa,1525,A-Class,Living Room,sofas,"$1,559","$1,559",sofa,PASS,,
1550 — Sofa,1550,A-Class,Living Room,sofas,"$1,370","$1,370",sofa,PASS,,
1616 — Sofa,1616,A-Class,Living Room,sofas,"$1,055","$1,055",sofa,PASS,,
1617,1617,A-Class,Living Room,sofas,"$1,701","$1,701",sofa,PASS,,
1617 — 3-Pc Set,1617,A-Class,Living Room,living-sets,"$4,252","$4,252",set,PASS,,Reclassified to Living Sets
1617 — Sofa,1617,A-Class,Living Room,sofas,"$1,701","$1,701",sofa,PASS,,
1625,1625,A-Class,Living Room,sofas,"$1,701","$1,701",sofa,PASS,,
1625 — 3-Pc Set,1625,A-Class,Living Room,living-sets,"$4,252","$4,252",set,PASS,,Reclassified to Living Sets
1625 — Sofa,1625,A-Class,Living Room,sofas,"$1,701","$1,701",sofa,PASS,,
1650,1650,A-Class,Living Room,sofas,"$1,701","$1,701",sofa,PASS,,
1650 — 3-Pc Set,1650,A-Class,Living Room,living-sets,"$4,252","$4,252",set,PASS,,Reclassified to Living Sets
1650 — Sofa,1650,A-Class,Living Room,sofas,"$1,701","$1,701",sofa,PASS,,
1825,1825,A-Class,Living Room,sofas,"$1,827","$1,827",sofa,PASS,,
1825 — 3-Pc Set,1825,A-Class,Living Room,living-sets,"$4,568","$4,568",set,PASS,,Reclassified to Living Sets
1825 — Sofa,1825,A-Class,Living Room,sofas,"$1,827","$1,827",sofa,PASS,,
1830,1830,A-Class,Living Room,sofas,"$1,701","$1,701",sofa,PASS,,
1830 — 3-Pc Set,1830,A-Class,Living Room,living-sets,"$4,252","$4,252",set,PASS,,Reclassified to Living Sets
1830 — Sofa,1830,A-Class,Living Room,sofas,"$1,701","$1,701",sofa,PASS,,
1840,1840,A-Class,Living Room,sofas,"$2,016","$2,016",sofa,PASS,,
1840 — 3-Pc Set,1840,A-Class,Living Room,living-sets,"$5,040","$5,040",set,PASS,,Reclassified to Living Sets
1840 — Sofa,1840,A-Class,Living Room,sofas,"$2,016","$2,016",sofa,PASS,,
1845,1845,A-Class,Living Room,sofas,"$2,079","$2,079",sofa,PASS,,
1845 — 3-Pc Set,1845,A-Class,Living Room,living-sets,"$5,198","$5,198",set,PASS,,Reclassified to Living Sets
1845 — Sofa,1845,A-Class,Living Room,sofas,"$2,079","$2,079",sofa,PASS,,
1850,1850,A-Class,Living Room,sofas,"$2,016","$2,016",sofa,PASS,,
1850 — 3-Pc Set,1850,A-Class,Living Room,living-sets,"$5,040","$5,040",set,PASS,,Reclassified to Living Sets
1850 — Sofa,1850,A-Class,Living Room,sofas,"$2,016","$2,016",sofa,PASS,,
1855,1855,A-Class,Living Room,sofas,"$1,953","$1,953",sofa,PASS,,
1855 — 3-Pc Set,1855,A-Class,Living Room,living-sets,"$4,882","$4,882",set,PASS,,Reclassified to Living Sets
1855 — Sofa,1855,A-Class,Living Room,sofas,"$1,953","$1,953",sofa,PASS,,
1865,1865,A-Class,Living Room,sofas,"$1,890","$1,890",sofa,PASS,,
1865 — 3-Pc Set,1865,A-Class,Living Room,living-sets,"$4,725","$4,725",set,PASS,,Reclassified to Living Sets
1865 — Sofa,1865,A-Class,Living Room,sofas,"$1,890","$1,890",sofa,PASS,,
1870,1870,A-Class,Living Room,sofas,"$1,953","$1,953",sofa,PASS,,
1870 — 3-Pc Set,1870,A-Class,Living Room,living-sets,"$4,882","$4,882",set,PASS,,Reclassified to Living Sets
1870 — Sofa,1870,A-Class,Living Room,sofas,"$1,953","$1,953",sofa,PASS,,
1890 — Sofa,1890,A-Class,Living Room,sofas,"$1,969","$1,969",sofa,PASS,,
2020,2020,A-Class,Living Room,sofas,"$1,370","$1,370",sofa,PASS,,"Price corrected $1,638 -> $1,370"
2020 — 3-Pc Set,2020,A-Class,Living Room,living-sets,"$4,095","$4,095",set,PASS,,Reclassified to Living Sets
2020 — Sofa,2020,A-Class,Living Room,sofas,"$1,370","$1,370",sofa,PASS,,
2050 — Sofa,2050,A-Class,Living Room,sofas,"$1,559","$1,559",sofa,PASS,,
2060,2060,A-Class,Living Room,sectionals,"$3,938","$3,938",sectional,PASS,,
2060 — Sectional,2060,A-Class,Living Room,sectionals,"$3,938","$3,938",sectional,PASS,,
2060 — Sofa,2060,A-Class,Living Room,sofas,"$1,811","$1,811",sofa,PASS,,
2070,2070,A-Class,Living Room,sofas,"$1,370","$1,370",sofa,PASS,,"Price corrected $1,638 -> $1,370"
2070 — 3-Pc Set,2070,A-Class,Living Room,living-sets,"$4,095","$4,095",set,PASS,,Reclassified to Living Sets
2070 — Sofa,2070,A-Class,Living Room,sofas,"$1,370","$1,370",sofa,PASS,,
2110,2110,A-Class,Living Room,sofas,"$1,638","$1,638",sofa,PASS,,
2110 — 3-Pc Set,2110,A-Class,Living Room,living-sets,"$4,095","$4,095",set,PASS,,Reclassified to Living Sets
2110 — Sofa,2110,A-Class,Living Room,sofas,"$1,638","$1,638",sofa,PASS,,
2121 — Sofa,2121,A-Class,Living Room,sofas,"$1,433","$1,433",sofa,PASS,,
2160,2160,A-Class,Living Room,sofas,"$1,433","$1,433",sofa,PASS,,"Price corrected $1,638 -> $1,433"
2160 — 3-Pc Set,2160,A-Class,Living Room,living-sets,"$4,095","$4,095",set,PASS,,Reclassified to Living Sets
2160 — Sofa,2160,A-Class,Living Room,sofas,"$1,433","$1,433",sofa,PASS,,
2170,2170,A-Class,Living Room,sofas,"$1,638","$1,638",sofa,PASS,,
2170 — 3-Pc Set,2170,A-Class,Living Room,living-sets,"$4,095","$4,095",set,PASS,,Reclassified to Living Sets
2170 — Sofa,2170,A-Class,Living Room,sofas,"$1,638","$1,638",sofa,PASS,,
2192,2192,A-Class,Living Room,chairs,"$1,260","$1,260",chair,PASS,,
2192 — Chair,2192,A-Class,Living Room,chairs,"$1,260","$1,260",chair,PASS,,
2310,2310,A-Class,Living Room,sofas,"$1,701","$1,701",sofa,PASS,,
2310 — 3-Pc Set,2310,A-Class,Living Room,living-sets,"$4,252","$4,252",set,PASS,,Reclassified to Living Sets
2310 — Sofa,2310,A-Class,Living Room,sofas,"$1,701","$1,701",sofa,PASS,,
2350,2350,A-Class,Living Room,sofas,"$1,701","$1,701",sofa,PASS,,
2350 — 3-Pc Set,2350,A-Class,Living Room,living-sets,"$4,252","$4,252",set,PASS,,Reclassified to Living Sets
2350 — Sofa,2350,A-Class,Living Room,sofas,"$1,701","$1,701",sofa,PASS,,
2380,2380,A-Class,Living Room,chaises,"$1,575","$1,575",chaise,PASS,,
2380 — Chaise,2380,A-Class,Living Room,chaises,"$1,575","$1,575",chaise,PASS,,
2390,2390,A-Class,Living Room,chaises,"$1,654","$1,654",chaise,PASS,,
2390 — Chaise,2390,A-Class,Living Room,chaises,"$1,654","$1,654",chaise,PASS,,
2550,2550,A-Class,Living Room,sofas,"$1,638","$1,638",sofa,PASS,,
2550 — Sofa,2550,A-Class,Living Room,sofas,"$1,638","$1,638",sofa,PASS,,
2750,2750,A-Class,Living Room,sofas,"$1,638","$1,638",sofa,PASS,,
2750 — 3-Pc Set,2750,A-Class,Living Room,living-sets,"$4,095","$4,095",set,PASS,,Reclassified to Living Sets
2750 — Sofa,2750,A-Class,Living Room,sofas,"$1,638","$1,638",sofa,PASS,,
2760,2760,A-Class,Living Room,sofas,"$1,638","$1,638",sofa,PASS,,
2760 — 3-Pc Set,2760,A-Class,Living Room,living-sets,"$4,095","$4,095",set,PASS,,Reclassified to Living Sets
2760 — Sofa,2760,A-Class,Living Room,sofas,"$1,638","$1,638",sofa,PASS,,
2860,2860,A-Class,Living Room,sofas,"$1,260","$1,260",sofa,PASS,,"Price corrected $1,323 -> $1,260"
2860 — 3-Pc Set,2860,A-Class,Living Room,living-sets,"$3,308","$3,308",set,PASS,,Reclassified to Living Sets
2860 — Sofa,2860,A-Class,Living Room,sofas,"$1,260","$1,260",sofa,PASS,,
2870,2870,A-Class,Living Room,sofas,"$1,575","$1,575",sofa,PASS,,"Price corrected $1,638 -> $1,575"
2870 — 3-Pc Set,2870,A-Class,Living Room,living-sets,"$4,095","$4,095",set,PASS,,Reclassified to Living Sets
2870 — Sofa,2870,A-Class,Living Room,sofas,"$1,575","$1,575",sofa,PASS,,
2900,2900,A-Class,Living Room,sofas,"$2,016","$2,016",sofa,PASS,,
2900 — 3-Pc Set,2900,A-Class,Living Room,living-sets,"$5,040","$5,040",set,PASS,,Reclassified to Living Sets
2900 — Sofa,2900,A-Class,Living Room,sofas,"$2,016","$2,016",sofa,PASS,,
2910,2910,A-Class,Living Room,sofas,"$1,953","$1,953",sofa,PASS,,
2910 — 3-Pc Set,2910,A-Class,Living Room,living-sets,"$4,882","$4,882",set,PASS,,Reclassified to Living Sets
2910 — Sofa,2910,A-Class,Living Room,sofas,"$1,953","$1,953",sofa,PASS,,
2920,2920,A-Class,Living Room,sofas,"$2,079","$2,079",sofa,PASS,,
2920 — 3-Pc Set,2920,A-Class,Living Room,living-sets,"$5,198","$5,198",set,PASS,,Reclassified to Living Sets
2920 — Sofa,2920,A-Class,Living Room,sofas,"$2,079","$2,079",sofa,PASS,,
2929 — Sofa,2929,A-Class,Living Room,sofas,"$1,512","$1,512",sofa,PASS,,
2933 — Sofa,2933,A-Class,Living Room,sofas,"$2,110","$2,110",sofa,PASS,,
2935 — Sofa,2935,A-Class,Living Room,sofas,"$1,701","$1,701",sofa,PASS,,
2950,2950,A-Class,Living Room,sofas,"$2,016","$2,016",sofa,PASS,,
2950 — 3-Pc Set,2950,A-Class,Living Room,living-sets,"$5,040","$5,040",set,PASS,,Reclassified to Living Sets
2950 — Sofa,2950,A-Class,Living Room,sofas,"$2,016","$2,016",sofa,PASS,,
3120,3120,A-Class,Living Room,sofas,"$1,638","$1,638",sofa,PASS,,
3120 — 3-Pc Set,3120,A-Class,Living Room,living-sets,"$4,095","$4,095",set,PASS,,Reclassified to Living Sets
3120 — Sofa,3120,A-Class,Living Room,sofas,"$1,638","$1,638",sofa,PASS,,
3130,3130,A-Class,Living Room,sofas,"$1,638","$1,638",sofa,PASS,,
3130 — 3-Pc Set,3130,A-Class,Living Room,living-sets,"$4,095","$4,095",set,PASS,,Reclassified to Living Sets
3130 — Sofa,3130,A-Class,Living Room,sofas,"$1,638","$1,638",sofa,PASS,,
3260,3260,A-Class,Living Room,sofas,"$1,638","$1,638",sofa,PASS,,
3260 — 3-Pc Set,3260,A-Class,Living Room,living-sets,"$4,095","$4,095",set,PASS,,Reclassified to Living Sets
3260 — Sofa,3260,A-Class,Living Room,sofas,"$1,638","$1,638",sofa,PASS,,
3300,3300,A-Class,Living Room,sofas,"$1,260","$1,260",sofa,PASS,,
3300 — 3-Pc Set,3300,A-Class,Living Room,living-sets,"$3,150","$3,150",set,PASS,,Reclassified to Living Sets
3300 — Sofa,3300,A-Class,Living Room,sofas,"$1,260","$1,260",sofa,PASS,,
3320,3320,A-Class,Living Room,sofas,"$1,260","$1,260",sofa,PASS,,
3320 — 3-Pc Set,3320,A-Class,Living Room,living-sets,"$3,150","$3,150",set,PASS,,Reclassified to Living Sets
3320 — Sofa,3320,A-Class,Living Room,sofas,"$1,260","$1,260",sofa,PASS,,
3335 — 3-Pc Set,3335,A-Class,Living Room,living-sets,"$3,150","$3,150",set,PASS,,Reclassified to Living Sets
3335 — Sofa,3335,A-Class,Living Room,sofas,"$1,260","$1,260",sofa,PASS,,
3370,3370,A-Class,Living Room,sofas,"$1,638","$1,638",sofa,PASS,,
3370 — 3-Pc Set,3370,A-Class,Living Room,living-sets,"$4,095","$4,095",set,PASS,,Reclassified to Living Sets
3370 — Sofa,3370,A-Class,Living Room,sofas,"$1,638","$1,638",sofa,PASS,,
3400,3400,A-Class,Living Room,sofas,"$1,638","$1,638",sofa,PASS,,
3400 — 3-Pc Set,3400,A-Class,Living Room,living-sets,"$4,095","$4,095",set,PASS,,Reclassified to Living Sets
3400 — Sofa,3400,A-Class,Living Room,sofas,"$1,638","$1,638",sofa,PASS,,
3410,3410,A-Class,Living Room,sofas,"$1,638","$1,638",sofa,PASS,,
3410 — 3-Pc Set,3410,A-Class,Living Room,living-sets,"$4,095","$4,095",set,PASS,,Reclassified to Living Sets
3410 — Sofa,3410,A-Class,Living Room,sofas,"$1,638","$1,638",sofa,PASS,,
401,401,A-Class,Living Room,chairs,"$1,166","$1,166",chair,PASS,,
401 — Chair,401,A-Class,Living Room,chairs,"$1,166","$1,166",chair,PASS,,
405,405,A-Class,Living Room,chairs,"$1,418","$1,418",chair,PASS,,
405 — Chair,405,A-Class,Living Room,chairs,"$1,418","$1,418",chair,PASS,,
407,407,A-Class,Living Room,chairs,"$1,418","$1,418",chair,PASS,,
407 — Chair,407,A-Class,Living Room,chairs,"$1,418","$1,418",chair,PASS,,
408,408,A-Class,Living Room,chairs,"$1,418","$1,418",chair,PASS,,
408 — Chair,408,A-Class,Living Room,chairs,"$1,418","$1,418",chair,PASS,,
409,409,A-Class,Living Room,chairs,"$1,418","$1,418",chair,PASS,,
409 — Chair,409,A-Class,Living Room,chairs,"$1,418","$1,418",chair,PASS,,
4100,4100,A-Class,Living Room,sofas,"$1,764","$1,764",sofa,PASS,,
4100 — 3-Pc Set,4100,A-Class,Living Room,living-sets,"$4,410","$4,410",set,PASS,,Reclassified to Living Sets
4100 — Sofa,4100,A-Class,Living Room,sofas,"$1,764","$1,764",sofa,PASS,,
412,412,A-Class,Living Room,chairs,"$1,418","$1,418",chair,PASS,,
412 — Chair,412,A-Class,Living Room,chairs,"$1,418","$1,418",chair,PASS,,
413,413,A-Class,Living Room,chairs,"$1,654","$1,654",chair,PASS,,
413 — Chair,413,A-Class,Living Room,chairs,"$1,654","$1,654",chair,PASS,,
415,415,A-Class,Living Room,chairs,"$1,260","$1,260",chair,PASS,,
415 — Chair,415,A-Class,Living Room,chairs,"$1,260","$1,260",chair,PASS,,
4210,4210,A-Class,Living Room,sofas,"$1,638","$1,638",sofa,PASS,,
4210 — 3-Pc Set,4210,A-Class,Living Room,living-sets,"$4,095","$4,095",set,PASS,,Reclassified to Living Sets
4210 — Sofa,4210,A-Class,Living Room,sofas,"$1,638","$1,638",sofa,PASS,,
4250,4250,A-Class,Living Room,sofas,"$1,701","$1,701",sofa,PASS,,
4250 — 3-Pc Set,4250,A-Class,Living Room,living-sets,"$4,252","$4,252",set,PASS,,Reclassified to Living Sets
4250 — Sofa,4250,A-Class,Living Room,sofas,"$1,701","$1,701",sofa,PASS,,
4253 — Sofa,4253,A-Class,Living Room,sofas,"$2,205","$2,205",sofa,PASS,,
426,426,A-Class,Living Room,chairs,"$1,339","$1,339",chair,PASS,,
426 — Chair,426,A-Class,Living Room,chairs,"$1,339","$1,339",chair,PASS,,
4260,4260,A-Class,Living Room,sofas,"$1,638","$1,638",sofa,PASS,,
4260 — 3-Pc Set,4260,A-Class,Living Room,living-sets,"$4,095","$4,095",set,PASS,,Reclassified to Living Sets
4260 — Sofa,4260,A-Class,Living Room,sofas,"$1,638","$1,638",sofa,PASS,,
427,427,A-Class,Living Room,chairs,"$1,339","$1,339",chair,PASS,,
427 — Chair,427,A-Class,Living Room,chairs,"$1,339","$1,339",chair,PASS,,
428,428,A-Class,Living Room,chairs,"$1,339","$1,339",chair,PASS,,
428 — Chair,428,A-Class,Living Room,chairs,"$1,339","$1,339",chair,PASS,,
4280,4280,A-Class,Living Room,sofas,"$1,701","$1,701",sofa,PASS,,
4280 — 3-Pc Set,4280,A-Class,Living Room,living-sets,"$4,252","$4,252",set,PASS,,Reclassified to Living Sets
4280 — Sofa,4280,A-Class,Living Room,sofas,"$1,701","$1,701",sofa,PASS,,
429,429,A-Class,Living Room,chairs,"$1,260","$1,260",chair,PASS,,
429 — Chair,429,A-Class,Living Room,chairs,"$1,260","$1,260",chair,PASS,,
431,431,A-Class,Living Room,chairs,"$1,260","$1,260",chair,PASS,,
431 — Chair,431,A-Class,Living Room,chairs,"$1,260","$1,260",chair,PASS,,
4310,4310,A-Class,Living Room,sofas,"$1,827","$1,827",sofa,PASS,,
4310 — 3-Pc Set,4310,A-Class,Living Room,living-sets,"$4,568","$4,568",set,PASS,,Reclassified to Living Sets
4310 — Sofa,4310,A-Class,Living Room,sofas,"$1,827","$1,827",sofa,PASS,,
4320,4320,A-Class,Living Room,sofas,"$1,827","$1,827",sofa,PASS,,
4320 — 3-Pc Set,4320,A-Class,Living Room,living-sets,"$4,568","$4,568",set,PASS,,Reclassified to Living Sets
4320 — Sofa,4320,A-Class,Living Room,sofas,"$1,827","$1,827",sofa,PASS,,
4330,4330,A-Class,Living Room,sofas,"$1,827","$1,827",sofa,PASS,,
4330 — 3-Pc Set,4330,A-Class,Living Room,living-sets,"$4,568","$4,568",set,PASS,,Reclassified to Living Sets
4330 — Sofa,4330,A-Class,Living Room,sofas,"$1,827","$1,827",sofa,PASS,,
4340,4340,A-Class,Living Room,sofas,"$1,827","$1,827",sofa,PASS,,
4340 — 3-Pc Set,4340,A-Class,Living Room,living-sets,"$4,568","$4,568",set,PASS,,Reclassified to Living Sets
4340 — Sofa,4340,A-Class,Living Room,sofas,"$1,827","$1,827",sofa,PASS,,
435,435,A-Class,Living Room,chairs,"$1,260","$1,260",chair,PASS,,
435 — Chair,435,A-Class,Living Room,chairs,"$1,260","$1,260",chair,PASS,,
440,440,A-Class,Living Room,chairs,"$1,260","$1,260",chair,PASS,,
440 — Chair,440,A-Class,Living Room,chairs,"$1,260","$1,260",chair,PASS,,
455,455,A-Class,Living Room,chairs,"$1,260","$1,260",chair,PASS,,
455 — Chair,455,A-Class,Living Room,chairs,"$1,260","$1,260",chair,PASS,,
459,459,A-Class,Living Room,chairs,"$1,260","$1,260",chair,PASS,,
459 — Chair,459,A-Class,Living Room,chairs,"$1,260","$1,260",chair,PASS,,
480,480,A-Class,Living Room,chairs,"$1,260","$1,260",chair,PASS,,
480 — Chair,480,A-Class,Living Room,chairs,"$1,260","$1,260",chair,PASS,,
4900,4900,A-Class,Living Room,sofas,"$1,638","$1,638",sofa,PASS,,
4900 — 3-Pc Set,4900,A-Class,Living Room,living-sets,"$4,095","$4,095",set,PASS,,Reclassified to Living Sets
4900 — Sofa,4900,A-Class,Living Room,sofas,"$1,638","$1,638",sofa,PASS,,
4910,4910,A-Class,Living Room,sofas,"$1,638","$1,638",sofa,PASS,,
4910 — 3-Pc Set,4910,A-Class,Living Room,living-sets,"$4,095","$4,095",set,PASS,,Reclassified to Living Sets
4910 — Sofa,4910,A-Class,Living Room,sofas,"$1,638","$1,638",sofa,PASS,,
4950,4950,A-Class,Living Room,sofas,"$1,386","$1,386",sofa,PASS,,
4950 — 3-Pc Set,4950,A-Class,Living Room,living-sets,"$3,465","$3,465",set,PASS,,Reclassified to Living Sets
4950 — Sofa,4950,A-Class,Living Room,sofas,"$1,386","$1,386",sofa,PASS,,
502,502,A-Class,Living Room,ottomans,"$1,181","$1,181",ottoman,PASS,,
502 — Ottoman,502,A-Class,Living Room,ottomans,"$1,181","$1,181",ottoman,PASS,,
503,503,A-Class,Living Room,ottomans,"$1,418","$1,418",ottoman,PASS,,
503 — Ottoman,503,A-Class,Living Room,ottomans,"$1,418","$1,418",ottoman,PASS,,
505,505,A-Class,Living Room,ottomans,"$1,181","$1,181",ottoman,PASS,,
505 — Ottoman,505,A-Class,Living Room,ottomans,"$1,181","$1,181",ottoman,PASS,,
510,510,A-Class,Living Room,ottomans,$819,$819,ottoman,PASS,,
510 — Ottoman,510,A-Class,Living Room,ottomans,$819,$819,ottoman,PASS,,
5100,5100,A-Class,Living Room,sofas,"$1,370","$1,370",sofa,PASS,,"Price corrected $1,638 -> $1,370"
5100 — 3-Pc Set,5100,A-Class,Living Room,living-sets,"$4,095","$4,095",set,PASS,,Reclassified to Living Sets
5100 — Sofa,5100,A-Class,Living Room,sofas,"$1,370","$1,370",sofa,PASS,,
5150,5150,A-Class,Living Room,sofas,"$1,638","$1,638",sofa,PASS,,
5150 — 3-Pc Set,5150,A-Class,Living Room,living-sets,"$4,095","$4,095",set,PASS,,Reclassified to Living Sets
5150 — Sofa,5150,A-Class,Living Room,sofas,"$1,638","$1,638",sofa,PASS,,
5155 — Sofa,5155,A-Class,Living Room,sofas,"$1,370","$1,370",sofa,PASS,,
520,520,A-Class,Living Room,ottomans,$819,$819,ottoman,PASS,,
520 — Ottoman,520,A-Class,Living Room,ottomans,$819,$819,ottoman,PASS,,
5200,5200,A-Class,Living Room,sofas,"$1,827","$1,827",sofa,PASS,,
5200 — 3-Pc Set,5200,A-Class,Living Room,living-sets,"$4,568","$4,568",set,PASS,,Reclassified to Living Sets
5200 — Sofa,5200,A-Class,Living Room,sofas,"$1,827","$1,827",sofa,PASS,,
5250,5250,A-Class,Living Room,sofas,"$1,827","$1,827",sofa,PASS,,
5250 — 3-Pc Set,5250,A-Class,Living Room,living-sets,"$4,568","$4,568",set,PASS,,Reclassified to Living Sets
5250 — Sofa,5250,A-Class,Living Room,sofas,"$1,827","$1,827",sofa,PASS,,
5300,5300,A-Class,Living Room,sofas,"$1,890","$1,890",sofa,PASS,,
5300 — 3-Pc Set,5300,A-Class,Living Room,living-sets,"$4,725","$4,725",set,PASS,,Reclassified to Living Sets
5300 — Sofa,5300,A-Class,Living Room,sofas,"$1,890","$1,890",sofa,PASS,,
5350,5350,A-Class,Living Room,sofas,"$1,764","$1,764",sofa,PASS,,
5350 — 3-Pc Set,5350,A-Class,Living Room,living-sets,"$4,410","$4,410",set,PASS,,Reclassified to Living Sets
5350 — Sofa,5350,A-Class,Living Room,sofas,"$1,764","$1,764",sofa,PASS,,
5360,5360,A-Class,Living Room,sofas,"$1,764","$1,764",sofa,PASS,,
5360 — 3-Pc Set,5360,A-Class,Living Room,living-sets,"$4,410","$4,410",set,PASS,,Reclassified to Living Sets
5360 — Sofa,5360,A-Class,Living Room,sofas,"$1,764","$1,764",sofa,PASS,,
5370,5370,A-Class,Living Room,sofas,"$1,922","$1,922",sofa,PASS,,"Price corrected $2,079 -> $1,922"
5370 — 3-Pc Set,5370,A-Class,Living Room,living-sets,"$5,198","$5,198",set,PASS,,Reclassified to Living Sets
5370 — Sofa,5370,A-Class,Living Room,sofas,"$1,922","$1,922",sofa,PASS,,
5375,5375,A-Class,Living Room,sofas,"$2,205","$2,205",sofa,PASS,,
5375 — 3-Pc Set,5375,A-Class,Living Room,living-sets,"$5,512","$5,512",set,PASS,,Reclassified to Living Sets
5375 — Sofa,5375,A-Class,Living Room,sofas,"$2,205","$2,205",sofa,PASS,,
540,540,A-Class,Living Room,ottomans,"$1,024","$1,024",ottoman,PASS,,
540 — Ottoman,540,A-Class,Living Room,ottomans,"$1,024","$1,024",ottoman,PASS,,
5400,5400,A-Class,Living Room,sofas,"$1,386","$1,386",sofa,PASS,,
5400 — 3-Pc Set,5400,A-Class,Living Room,living-sets,"$3,465","$3,465",set,PASS,,Reclassified to Living Sets
5400 — Sofa,5400,A-Class,Living Room,sofas,"$1,386","$1,386",sofa,PASS,,
544,544,A-Class,Living Room,ottomans,"$1,024","$1,024",ottoman,PASS,,
544 — Ottoman,544,A-Class,Living Room,ottomans,"$1,024","$1,024",ottoman,PASS,,
550,550,A-Class,Living Room,ottomans,$945,$945,ottoman,PASS,,
550 — Ottoman,550,A-Class,Living Room,ottomans,$945,$945,ottoman,PASS,,
550 — Sofa,550,A-Class,Living Room,sofas,$158,$158,sofa,PASS,,
6050,6050,A-Class,Living Room,sofas,"$1,701","$1,701",sofa,PASS,,
6050 — 3-Pc Set,6050,A-Class,Living Room,living-sets,"$4,252","$4,252",set,PASS,,Reclassified to Living Sets
6050 — Sofa,6050,A-Class,Living Room,sofas,"$1,701","$1,701",sofa,PASS,,
6070,6070,A-Class,Living Room,sofas,"$1,638","$1,638",sofa,PASS,,
6070 — 3-Pc Set,6070,A-Class,Living Room,living-sets,"$4,095","$4,095",set,PASS,,Reclassified to Living Sets
6070 — Sofa,6070,A-Class,Living Room,sofas,"$1,638","$1,638",sofa,PASS,,
6100,6100,A-Class,Living Room,sofas,"$1,638","$1,638",sofa,PASS,,
6100 — 3-Pc Set,6100,A-Class,Living Room,living-sets,"$4,095","$4,095",set,PASS,,Reclassified to Living Sets
6100 — Sofa,6100,A-Class,Living Room,sofas,"$1,638","$1,638",sofa,PASS,,
6150,6150,A-Class,Living Room,sofas,"$1,638","$1,638",sofa,PASS,,
6150 — 3-Pc Set,6150,A-Class,Living Room,living-sets,"$4,095","$4,095",set,PASS,,Reclassified to Living Sets
6150 — Sofa,6150,A-Class,Living Room,sofas,"$1,638","$1,638",sofa,PASS,,
7100,7100,A-Class,Living Room,sofas,"$1,953","$1,953",sofa,PASS,,
7100 — 3-Pc Set,7100,A-Class,Living Room,living-sets,"$4,882","$4,882",set,PASS,,Reclassified to Living Sets
7100 — Sofa,7100,A-Class,Living Room,sofas,"$1,953","$1,953",sofa,PASS,,
7110,7110,A-Class,Living Room,sofas,"$1,953","$1,953",sofa,PASS,,
7110 — 3-Pc Set,7110,A-Class,Living Room,living-sets,"$4,882","$4,882",set,PASS,,Reclassified to Living Sets
7110 — Sofa,7110,A-Class,Living Room,sofas,"$1,953","$1,953",sofa,PASS,,
Accent Chair — Beige Fabric,I 8081,Monarch,Living Room,chairs,$819,,,PASS,,
Accent Chair — Beige Fabric / Walnut Wood,I 8310,Monarch,Living Room,chairs,$504,,,PASS,,
Accent Chair — Black Fabric,I 8041,Monarch,Living Room,chairs,$803,,,PASS,,
Accent Chair — Black Fabric,I 8096,Monarch,Living Room,chairs,$709,,,PASS,,
Accent Chair — Black Fabric,I 8028,Monarch,Living Room,chairs,$598,,,PASS,,
Accent Chair — Blue Fabric,I 8040,Monarch,Living Room,chairs,$803,,,PASS,,
Accent Chair — Blue Fabric,I 8030,Monarch,Living Room,chairs,$598,,,PASS,,
Accent Chair — Blue Fabric,I 8082,Monarch,Living Room,chairs,$819,,,PASS,,
Accent Chair — Blue Fabric / Walnut Wood,I 8339,Monarch,Living Room,chairs,$472,,,PASS,,
Accent Chair — Blue Fabric / Walnut Wood,I 8313,Monarch,Living Room,chairs,$504,,,PASS,,
Accent Chair — Brown Fabric / Walnut Wood,I 8337,Monarch,Living Room,chairs,$472,,,PASS,,
Accent Chair — Chrome Metal,I 8136,Monarch,Living Room,chairs,$312,,,PASS,,
Accent Chair — Cream Fabric,I 8091,Monarch,Living Room,chairs,$788,,,PASS,,
Accent Chair — Cream Fabric / Walnut Wood,I 8301,Monarch,Living Room,chairs,$425,,,PASS,,
Accent Chair — Dark Green Fabric,I 8001,Monarch,Living Room,chairs,$375,,,PASS,,
Accent Chair — Dark Grey Fabric,I 8063,Monarch,Living Room,chairs,$662,,,PASS,,
Accent Chair — Dark Grey Fabric,I 8095,Monarch,Living Room,chairs,$709,,,PASS,,
Accent Chair — Dark Grey Fabric / Black Metal,I 8100,Monarch,Living Room,chairs,$472,,,PASS,,
"Accent Chair — Dark Taupe "" Chevron "" With Chrome",I 8137,Monarch,Living Room,chairs,$312,,,PASS,,
Accent Chair — Gold Fabric,I 8015,Monarch,Living Room,chairs,$693,,,PASS,,
Accent Chair — Gold Fabric,I 8022,Monarch,Living Room,chairs,$772,,,PASS,,
Accent Chair — Gold Fabric / Walnut Wood,I 8338,Monarch,Living Room,chairs,$472,,,PASS,,
Accent Chair — Green Fabric,I 8062,Monarch,Living Room,chairs,$662,,,PASS,,
Accent Chair — Green Fabric,I 8087,Monarch,Living Room,chairs,$425,,,PASS,,
Accent Chair — Green Fabric / Walnut Wood,I 8336,Monarch,Living Room,chairs,$472,,,PASS,,
Accent Chair — Green Fabric / Walnut Wood,I 8332,Monarch,Living Room,chairs,$520,,,PASS,,
Accent Chair — Green Fabric / Walnut Wood,I 8311,Monarch,Living Room,chairs,$504,,,PASS,,
Accent Chair — Green Fabric / Walnut Wood,I 8304,Monarch,Living Room,chairs,$425,,,PASS,,
Accent Chair — Grey Fabric,I 8092,Monarch,Living Room,chairs,$788,,,PASS,,
Accent Chair — Grey Fabric,I 8042,Monarch,Living Room,chairs,$803,,,PASS,,
Accent Chair — Grey Fabric,I 8027,Monarch,Living Room,chairs,$598,,,PASS,,
Accent Chair — Grey Fabric,I 8014,Monarch,Living Room,chairs,$693,,,PASS,,
Accent Chair — Grey Fabric / Walnut Wood,I 8330,Monarch,Living Room,chairs,$520,,,PASS,,
Accent Chair — Grey Fabric / Walnut Wood,I 8312,Monarch,Living Room,chairs,$504,,,PASS,,
Accent Chair — Light Blue Fabric,I 8017,Monarch,Living Room,chairs,$693,,,PASS,,
Accent Chair — Light Blue Fabric / Walnut Wood,I 8341,Monarch,Living Room,chairs,$425,,,PASS,,
Accent Chair — Light Brown Fabric,I 8064,Monarch,Living Room,chairs,$662,,,PASS,,
Accent Chair — Light Brown Fabric,I 8026,Monarch,Living Room,chairs,$598,,,PASS,,
Accent Chair — Light Brown Fabric,I 8086,Monarch,Living Room,chairs,$425,,,PASS,,
Accent Chair — Light Brown Fabric,I 8000,Monarch,Living Room,chairs,$375,,,PASS,,
Accent Chair — Light Brown Fabric / Walnut Wood,I 8331,Monarch,Living Room,chairs,$520,,,PASS,,
Accent Chair — Light Brown Fabric / Walnut Wood,I 8340,Monarch,Living Room,chairs,$425,,,PASS,,
Accent Chair — Light Brown Faux Fur / Walnut Wood,I 8343,Monarch,Living Room,chairs,$457,,,PASS,,
Accent Chair — Light Gold Fabric / Walnut Wood,I 8342,Monarch,Living Room,chairs,$425,,,PASS,,
Accent Chair — Light Green Fabric,I 8016,Monarch,Living Room,chairs,$693,,,PASS,,
Accent Chair — Light Grey Fabric,I 8083,Monarch,Living Room,chairs,$819,,,PASS,,
Accent Chair — Light Grey Fabric,I 8085,Monarch,Living Room,chairs,$425,,,PASS,,
Accent Chair — Light Grey Fabric,I 8005,Monarch,Living Room,chairs,$375,,,PASS,,
Accent Chair — Light Grey Fabric,I 8024,Monarch,Living Room,chairs,$772,,,PASS,,
Accent Chair — Light Grey Fabric / Walnut Wood,I 8300,Monarch,Living Room,chairs,$425,,,PASS,,
Accent Chair — Light Grey Faux Fur / Walnut Wood,I 8344,Monarch,Living Room,chairs,$457,,,PASS,,
Accent Chair — Red Fabric / Walnut Wood,I 8303,Monarch,Living Room,chairs,$425,,,PASS,,
Accent Chair — Rust Fabric,I 8002,Monarch,Living Room,chairs,$375,,,PASS,,
Accent Chair — Silver Fabric,I 8090,Monarch,Living Room,chairs,$788,,,PASS,,
Accent Chair — Teal Fabric,I 8023,Monarch,Living Room,chairs,$772,,,PASS,,
Accent Chair — Terracotta Fabric,I 8097,Monarch,Living Room,chairs,$709,,,PASS,,
Accent Chair — Turquoise Fabric,I 8006,Monarch,Living Room,chairs,$375,,,PASS,,
Accent Chair — Yellow Fabric / Walnut Wood,I 8302,Monarch,Living Room,chairs,$425,,,PASS,,
Accent Table — Antique Blue Veneer End Table,I 3949,Monarch,Living Room,accent-tables,$346,,,PASS,,
Accent Table — Antique Blue Veneer End Table,I 3992,Monarch,Living Room,accent-tables,$315,,,PASS,,
Accent Table — Antique Copper Iron Metal End Tabl,I 3901,Monarch,Living Room,accent-tables,$536,,,PASS,,
Accent Table — Antique Gold Iron Metal End Table,I 3902,Monarch,Living Room,accent-tables,$536,,,PASS,,
Accent Table — Antique Green Veneer End Table,I 3948,Monarch,Living Room,accent-tables,$346,,,PASS,,
Accent Table — Antique Grey Veneer End Table,I 3985,Monarch,Living Room,accent-tables,$299,,,PASS,,
Accent Table — Antique White / Espresso Veneer,I 3966,Monarch,Living Room,accent-tables,$252,,,PASS,,
Accent Table — Antique White / Espresso Veneer,I 3965,Monarch,Living Room,accent-tables,$331,,,PASS,,
Accent Table — Antique White / Espresso Veneer,I 3958,Monarch,Living Room,accent-tables,$268,,,PASS,,
Accent Table — Antique White Veneer End Table,I 3984,Monarch,Living Room,accent-tables,$299,,,PASS,,
Accent Table — Antique White Veneer End Table,I 3989,Monarch,Living Room,accent-tables,$284,,,PASS,,
Accent Table — Beige Marble / Gold Metal,I 3473,Monarch,Living Room,accent-tables,$205,,,PASS,,
Accent Table — Beige Marble / Gold Metal,I 3463,Monarch,Living Room,accent-tables,$205,,,PASS,,
Accent Table — Beige Marble / Gold Metal,I 3483,Monarch,Living Room,accent-tables,$236,,,PASS,,
Accent Table — Beige Marble / Gold Metal,I 3493,Monarch,Living Room,accent-tables,$315,,,PASS,,
Accent Table — Black / Black Corner Console,I 2157,Monarch,Living Room,accent-tables,$236,,,PASS,,
Accent Table — Black / Black Metal,I 3827,Monarch,Living Room,accent-tables,$69,,,PASS,,
Accent Table — Black / Black Metal,I 2175,Monarch,Living Room,accent-tables,$107,,,PASS,,
Accent Table — Black / Black Metal,I 2170,Monarch,Living Room,accent-tables,$104,,,PASS,,
Accent Table — Black / Black Metal,I 3247,Monarch,Living Room,accent-tables,$88,,,PASS,,
Accent Table — Black / Black Metal,I 3761,Monarch,Living Room,accent-tables,$69,,,PASS,,
Accent Table — Black / Black Metal,I 3467,Monarch,Living Room,accent-tables,$94,,,PASS,,
Accent Table — Black / Black Metal,I 2081,Monarch,Living Room,accent-tables,$126,,,PASS,,
Accent Table — Black / Black Metal,I 3278,Monarch,Living Room,accent-tables,$101,,,PASS,,
Accent Table — Black / Black Metal Hall Console,I 3512,Monarch,Living Room,accent-tables,$299,,,PASS,,
Accent Table — Black / Black Metal Hall Console,I 2219,Monarch,Living Room,accent-tables,$315,,,PASS,,
Accent Table — Black / Black Metal Hall Console,I 2250,Monarch,Living Room,accent-tables,$110,,,PASS,,
Accent Table — Black / Cement-Look Hall Console,I 2406,Monarch,Living Room,accent-tables,$284,,,PASS,,
Accent Table — Black / Chrome Metal,I 3640,Monarch,Living Room,accent-tables,$126,,,PASS,,
Accent Table — Black / Drawer,I 3406,Monarch,Living Room,accent-tables,$189,,,PASS,,
Accent Table — Black / Drawer,I 3407,Monarch,Living Room,accent-tables,$189,,,PASS,,
Accent Table — Black / Grey Top,I 2477,Monarch,Living Room,accent-tables,$142,,,PASS,,
Accent Table — Black / Silver Metal,I 3773,Monarch,Living Room,accent-tables,$120,,,PASS,,
Accent Table — Black End Table With 1 Drawer,I 3667,Monarch,Living Room,accent-tables,$173,,,PASS,,
Accent Table — Black End Table With 2 Drawers,I 3628,Monarch,Living Room,accent-tables,$173,,,PASS,,
Accent Table — Black End Table With 2 Drawers,I 3689,Monarch,Living Room,accent-tables,$173,,,PASS,,
Accent Table — Black Hall Console,I 2439,Monarch,Living Room,accent-tables,$315,,,PASS,,
Accent Table — Black Indoor Or Outdoor,I 4112,Monarch,Living Room,accent-tables,$472,,,PASS,,
Accent Table — Black Indoor Or Outdoor,I 4117,Monarch,Living Room,accent-tables,$472,,,PASS,,
Accent Table — Black Indoor Or Outdoor,I 4132,Monarch,Living Room,accent-tables,$472,,,PASS,,
Accent Table — Black Indoor Or Outdoor,I 4127,Monarch,Living Room,accent-tables,$472,,,PASS,,
Accent Table — Black Indoor Or Outdoor,I 4122,Monarch,Living Room,accent-tables,$472,,,PASS,,
Accent Table — Black Indoor Or Outdoor,I 4154,Monarch,Living Room,accent-tables,$472,,,PASS,,
Accent Table — Black Indoor Or Outdoor,I 4146,Monarch,Living Room,accent-tables,$472,,,PASS,,
Accent Table — Black Indoor Or Outdoor,I 4162,Monarch,Living Room,accent-tables,$472,,,PASS,,
Accent Table — Black Marble / Black Corner Consol,I 2158,Monarch,Living Room,accent-tables,$236,,,PASS,,
Accent Table — Black Marble / Black Hall Console,I 2126,Monarch,Living Room,accent-tables,$236,,,PASS,,
Accent Table — Black Marble / Black Metal,I 2179,Monarch,Living Room,accent-tables,$107,,,PASS,,
Accent Table — Black Marble / Black Metal,I 3590,Monarch,Living Room,accent-tables,$126,,,PASS,,
Accent Table — Black Marble / Black Metal,I 3595,Monarch,Living Room,accent-tables,$189,,,PASS,,
Accent Table — Black Marble / Black Metal,I 3674,Monarch,Living Room,accent-tables,$110,,,PASS,,
Accent Table — Black Marble / Black Metal,I 2174,Monarch,Living Room,accent-tables,$104,,,PASS,,
Accent Table — Black Marble / Black Metal,I 3763,Monarch,Living Room,accent-tables,$69,,,PASS,,
Accent Table — Black Marble / Black Metal Console,I 2220,Monarch,Living Room,accent-tables,$315,,,PASS,,
Accent Table — Black Metal,I 2852,Monarch,Living Room,accent-tables,$189,,,PASS,,
Accent Table — Black Metal,I 2882,Monarch,Living Room,accent-tables,$205,,,PASS,,
Accent Table — Black Metal,I 2862,Monarch,Living Room,accent-tables,$189,,,PASS,,
Accent Table — Black Metal,I 2857,Monarch,Living Room,accent-tables,$189,,,PASS,,
Accent Table — Black Metal,I 2863,Monarch,Living Room,accent-tables,$173,,,PASS,,
Accent Table — Black Metal,I 2858,Monarch,Living Room,accent-tables,$173,,,PASS,,
Accent Table — Black Metal,I 2853,Monarch,Living Room,accent-tables,$173,,,PASS,,
Accent Table — Black Metal,I 2883,Monarch,Living Room,accent-tables,$173,,,PASS,,
Accent Table — Black Metal,I 3602,Monarch,Living Room,accent-tables,$126,,,PASS,,
Accent Table — Black Metal With A Drawer,I 3604,Monarch,Living Room,accent-tables,$126,,,PASS,,
Accent Table — Black Metal With A Drawer,I 3600,Monarch,Living Room,accent-tables,$126,,,PASS,,
Accent Table — Black Metal With Tempered Glass,I 3089,Monarch,Living Room,accent-tables,$82,,,PASS,,
Accent Table — Black Metal With Tempered Glass,I 3078,Monarch,Living Room,accent-tables,$148,,,PASS,,
Accent Table — Black Metal With Tempered Glass,I 3308,Monarch,Living Room,accent-tables,$120,,,PASS,,
Accent Table — Black Oak / Black Metal Usb / Plug,I 3202,Monarch,Living Room,accent-tables,$195,,,PASS,,
Accent Table — Black Reclaimed Wood-Look / Black,I 2861,Monarch,Living Room,accent-tables,$315,,,PASS,,
Accent Table — Black Tempered Glass,I 3087,Monarch,Living Room,accent-tables,$132,,,PASS,,
Accent Table — Black Veneer End Table,I 3951,Monarch,Living Room,accent-tables,$346,,,PASS,,
Accent Table — Black Veneer End Table,I 3986,Monarch,Living Room,accent-tables,$299,,,PASS,,
Accent Table — Black Veneer End Table,I 3987,Monarch,Living Room,accent-tables,$284,,,PASS,,
Accent Table — Black Veneer End Table,I 3995,Monarch,Living Room,accent-tables,$252,,,PASS,,
Accent Table — Black With Tempered Glass,I 2140,Monarch,Living Room,accent-tables,$277,,,PASS,,
Accent Table — Blue Tile Top / Hammered Silver,I 3143,Monarch,Living Room,accent-tables,$91,,,PASS,,
Accent Table — Bronze Metal,I 3088,Monarch,Living Room,accent-tables,$126,,,PASS,,
Accent Table — Bronze Metal,I 3043,Monarch,Living Room,accent-tables,$104,,,PASS,,
Accent Table — Bronze Metal,I 3044,Monarch,Living Room,accent-tables,$110,,,PASS,,
Accent Table — Brown Oak Night Stand With Storage,I 2145,Monarch,Living Room,accent-tables,$110,,,PASS,,
Accent Table — Brown Reclaimed / Black Metal,I 3764,Monarch,Living Room,accent-tables,$69,,,PASS,,
Accent Table — Brown Reclaimed Wood / Black Metal,I 3450,Monarch,Living Room,accent-tables,$205,,,PASS,,
Accent Table — Brown Reclaimed Wood-Look / Black,I 2851,Monarch,Living Room,accent-tables,$315,,,PASS,,
Accent Table — Brown Reclaimed Wood/ Black Consol,I 3453,Monarch,Living Room,accent-tables,$472,,,PASS,,
Accent Table — Brown Reclaimed-Look / Black Metal,I 3583,Monarch,Living Room,accent-tables,$126,,,PASS,,
Accent Table — Brown Reclaimed-Look / Black Metal,I 3673,Monarch,Living Room,accent-tables,$110,,,PASS,,
Accent Table — Brown Walnut Veneer End Table,I 3955,Monarch,Living Room,accent-tables,$284,,,PASS,,
Accent Table — Brushed Silver / Mirror,I 3726,Monarch,Living Room,accent-tables,$410,,,PASS,,
Accent Table — Cement-Look Hall Console,I 2436,Monarch,Living Room,accent-tables,$583,,,PASS,,
Accent Table — Cherry Corner Console,I 3661,Monarch,Living Room,accent-tables,$236,,,PASS,,
Accent Table — Cherry Veneer End Table,I 3969,Monarch,Living Room,accent-tables,$268,,,PASS,,
Accent Table — Chrome Iron Metal Drum End,I 3920,Monarch,Living Room,accent-tables,$536,,,PASS,,
Accent Table — Chrome Iron Metal Drum End,I 3916,Monarch,Living Room,accent-tables,$472,,,PASS,,
Accent Table — Chrome Iron Metal Drum End Table,I 3925,Monarch,Living Room,accent-tables,$504,,,PASS,,
Accent Table — Chrome Metal With A Magazine Rack,I 3034,Monarch,Living Room,accent-tables,$154,,,PASS,,
Accent Table — Chrome Metal With Frosted Tempered,I 3000,Monarch,Living Room,accent-tables,$139,,,PASS,,
Accent Table — Copper Iron Metal Drum End,I 3915,Monarch,Living Room,accent-tables,$472,,,PASS,,
Accent Table — Cream Stone / Black Metal,I 3758,Monarch,Living Room,accent-tables,$50,,,PASS,,
Accent Table — Cream Stone / Black Metal,I 3818,Monarch,Living Room,accent-tables,$94,,,PASS,,
Accent Table — Cream Stone / Black Metal,I 3813,Monarch,Living Room,accent-tables,$123,,,PASS,,
Accent Table — Dark Bronze / Black Metal,I 3755,Monarch,Living Room,accent-tables,$50,,,PASS,,
Accent Table — Dark Bronze / Black Metal,I 3815,Monarch,Living Room,accent-tables,$94,,,PASS,,
Accent Table — Dark Bronze / Black Metal,I 3810,Monarch,Living Room,accent-tables,$123,,,PASS,,
Accent Table — Dark Brown End Table - 2 Drawers,I 3691,Monarch,Living Room,accent-tables,$173,,,PASS,,
Accent Table — Dark Brown Knotty Oak / 1 Drawer,I 2526,Monarch,Living Room,accent-tables,$173,,,PASS,,
Accent Table — Dark Green Veneer End Table,I 3982,Monarch,Living Room,accent-tables,$236,,,PASS,,
Accent Table — Dark Green Veneer End Table,I 3968,Monarch,Living Room,accent-tables,$268,,,PASS,,
Accent Table — Dark Oak / Black Metal,I 3756,Monarch,Living Room,accent-tables,$50,,,PASS,,
Accent Table — Dark Oak / Black Metal,I 3816,Monarch,Living Room,accent-tables,$94,,,PASS,,
Accent Table — Dark Oak / Black Metal,I 3811,Monarch,Living Room,accent-tables,$123,,,PASS,,
Accent Table — Dark Taupe,I 3115,Monarch,Living Room,accent-tables,$110,,,PASS,,
Accent Table — Dark Taupe,I 2476,Monarch,Living Room,accent-tables,$142,,,PASS,,
Accent Table — Dark Taupe,I 2480,Monarch,Living Room,accent-tables,$205,,,PASS,,
Accent Table — Dark Taupe / Black Corner Console,I 2155,Monarch,Living Room,accent-tables,$236,,,PASS,,
Accent Table — Dark Taupe / Black Hall Console,I 3511,Monarch,Living Room,accent-tables,$299,,,PASS,,
Accent Table — Dark Taupe / Black Metal,I 2177,Monarch,Living Room,accent-tables,$107,,,PASS,,
Accent Table — Dark Taupe / Black Metal,I 3597,Monarch,Living Room,accent-tables,$189,,,PASS,,
Accent Table — Dark Taupe / Black Metal,I 3771,Monarch,Living Room,accent-tables,$120,,,PASS,,
Accent Table — Dark Taupe / Black Metal,I 3672,Monarch,Living Room,accent-tables,$110,,,PASS,,
Accent Table — Dark Taupe / Black Metal,I 2172,Monarch,Living Room,accent-tables,$104,,,PASS,,
Accent Table — Dark Taupe / Black Metal,I 3249,Monarch,Living Room,accent-tables,$88,,,PASS,,
Accent Table — Dark Taupe / Black Metal,I 3766,Monarch,Living Room,accent-tables,$69,,,PASS,,
Accent Table — Dark Taupe / Black Metal,I 2075,Monarch,Living Room,accent-tables,$91,,,PASS,,
Accent Table — Dark Taupe / Black Metal,I 2083,Monarch,Living Room,accent-tables,$126,,,PASS,,
Accent Table — Dark Taupe / Black Metal Console,I 2218,Monarch,Living Room,accent-tables,$315,,,PASS,,
Accent Table — Dark Taupe / Black Metal Console,I 2253,Monarch,Living Room,accent-tables,$110,,,PASS,,
Accent Table — Dark Taupe / Black Metal Usb / Plu,I 3200,Monarch,Living Room,accent-tables,$195,,,PASS,,
Accent Table — Dark Taupe / Chrome Metal,I 3299,Monarch,Living Room,accent-tables,$488,,,PASS,,
Accent Table — Dark Taupe / Chrome Metal,I 3263,Monarch,Living Room,accent-tables,$220,,,PASS,,
Accent Table — Dark Taupe / Chrome Metal,I 3475,Monarch,Living Room,accent-tables,$205,,,PASS,,
Accent Table — Dark Taupe / Chrome Metal,I 3555,Monarch,Living Room,accent-tables,$236,,,PASS,,
Accent Table — Dark Taupe / Chrome Metal,I 3638,Monarch,Living Room,accent-tables,$126,,,PASS,,
Accent Table — Dark Taupe / Chrome Metal,I 3169,Monarch,Living Room,accent-tables,$268,,,PASS,,
Accent Table — Dark Taupe / Tempered Glass,I 3055,Monarch,Living Room,accent-tables,$299,,,PASS,,
Accent Table — Dark Taupe Corner Console,I 3659,Monarch,Living Room,accent-tables,$236,,,PASS,,
Accent Table — Dark Taupe Hall Console,I 2435,Monarch,Living Room,accent-tables,$583,,,PASS,,
Accent Table — Dark Taupe Hall Console,I 2472,Monarch,Living Room,accent-tables,$315,,,PASS,,
Accent Table — Dark Taupe Hall Console,I 2452,Monarch,Living Room,accent-tables,$315,,,PASS,,
Accent Table — Dark Taupe Hall Console,I 2416,Monarch,Living Room,accent-tables,$268,,,PASS,,
Accent Table — Dark Taupe Hall Console,I 2446,Monarch,Living Room,accent-tables,$315,,,PASS,,
Accent Table — Dark Taupe Night Stand With Storag,I 2136,Monarch,Living Room,accent-tables,$104,,,PASS,,
Accent Table — Dark Taupe Veneer End Table,I 3981,Monarch,Living Room,accent-tables,$236,,,PASS,,
Accent Table — Dark Taupe Veneer End Table,I 3972,Monarch,Living Room,accent-tables,$346,,,PASS,,
Accent Table — Dark Taupe With A Drawer,I 3191,Monarch,Living Room,accent-tables,$227,,,PASS,,
Accent Table — Dark Taupe With A Drawer,I 3254,Monarch,Living Room,accent-tables,$189,,,PASS,,
Accent Table — Dark Taupe With A Glass Holder,I 3198,Monarch,Living Room,accent-tables,$173,,,PASS,,
Accent Table — Dark Taupe With Chrome Metal,I 3253,Monarch,Living Room,accent-tables,$142,,,PASS,,
Accent Table — Dark Walnut End Table,I 2788,Monarch,Living Room,accent-tables,$189,,,PASS,,
Accent Table — Dark Walnut Veneer End Table,I 3988,Monarch,Living Room,accent-tables,$284,,,PASS,,
Accent Table — Dark Walnut Veneer End Table,I 3990,Monarch,Living Room,accent-tables,$268,,,PASS,,
Accent Table — Dark Walnut Veneer End Table,I 3974,Monarch,Living Room,accent-tables,$277,,,PASS,,
Accent Table — Dark Walnut Veneer End Table,I 3976,Monarch,Living Room,accent-tables,$346,,,PASS,,
Accent Table — Espresso,I 3119,Monarch,Living Room,accent-tables,$110,,,PASS,,
Accent Table — Espresso,I 2474,Monarch,Living Room,accent-tables,$142,,,PASS,,
Accent Table — Espresso,I 2478,Monarch,Living Room,accent-tables,$205,,,PASS,,
Accent Table — Espresso,I 2089,Monarch,Living Room,accent-tables,$158,,,PASS,,
Accent Table — Espresso / Black Metal,I 3593,Monarch,Living Room,accent-tables,$126,,,PASS,,
Accent Table — Espresso / Black Metal,I 3635,Monarch,Living Room,accent-tables,$126,,,PASS,,
Accent Table — Espresso / Black Metal Hall Consol,I 3534,Monarch,Living Room,accent-tables,$220,,,PASS,,
Accent Table — Espresso / Black Metal Hall Consol,I 3582,Monarch,Living Room,accent-tables,$249,,,PASS,,
Accent Table — Espresso / Black Metal Hall Consol,I 2215,Monarch,Living Room,accent-tables,$315,,,PASS,,
Accent Table — Espresso / Black Metal Hall Consol,I 3574,Monarch,Living Room,accent-tables,$236,,,PASS,,
Accent Table — Espresso / Gold Metal,I 3476,Monarch,Living Room,accent-tables,$205,,,PASS,,
Accent Table — Espresso / Gold Metal,I 3556,Monarch,Living Room,accent-tables,$236,,,PASS,,
Accent Table — Espresso / Gold Metal,I 3486,Monarch,Living Room,accent-tables,$236,,,PASS,,
Accent Table — Espresso Corner Console,I 3660,Monarch,Living Room,accent-tables,$236,,,PASS,,
Accent Table — Espresso Hall Console,I 2445,Monarch,Living Room,accent-tables,$315,,,PASS,,
Accent Table — Espresso Marble Top,I 7983S,Monarch,Living Room,accent-tables,$315,,,PASS,,
Accent Table — Espresso Night Stand With Storage,I 2135,Monarch,Living Room,accent-tables,$104,,,PASS,,
Accent Table — Espresso Veneer,I 7801E,Monarch,Living Room,accent-tables,$158,,,PASS,,
Accent Table — Espresso Veneer End Table,I 3953,Monarch,Living Room,accent-tables,$315,,,PASS,,
Accent Table — Espresso Veneer End Table,I 3964,Monarch,Living Room,accent-tables,$315,,,PASS,,
Accent Table — Espresso Veneer End Table,I 3967,Monarch,Living Room,accent-tables,$331,,,PASS,,
Accent Table — Espresso Veneer End Table,I 3957,Monarch,Living Room,accent-tables,$268,,,PASS,,
Accent Table — Espresso Veneer End Table,I 3975,Monarch,Living Room,accent-tables,$284,,,PASS,,
Accent Table — Espresso Veneer End Table,I 3970,Monarch,Living Room,accent-tables,$457,,,PASS,,
Accent Table — Espresso Veneer With Glass Insert,I 7811E,Monarch,Living Room,accent-tables,$236,,,PASS,,
Accent Table — Espresso With A Glass Holder,I 3197,Monarch,Living Room,accent-tables,$173,,,PASS,,
Accent Table — Espresso With Chrome Metal,I 3007,Monarch,Living Room,accent-tables,$142,,,PASS,,
Accent Table — Glossy White / Chrome Metal,I 3297,Monarch,Living Room,accent-tables,$677,,,PASS,,
Accent Table — Glossy White / Chrome Metal,I 3262,Monarch,Living Room,accent-tables,$220,,,PASS,,
Accent Table — Glossy White / Chrome Metal,I 3470,Monarch,Living Room,accent-tables,$205,,,PASS,,
Accent Table — Glossy White / Chrome Metal,I 3480,Monarch,Living Room,accent-tables,$236,,,PASS,,
Accent Table — Glossy White / Chrome Metal,I 3490,Monarch,Living Room,accent-tables,$315,,,PASS,,
Accent Table — Glossy White / Chrome Metal,I 3636,Monarch,Living Room,accent-tables,$126,,,PASS,,
Accent Table — Glossy White / Tempered Glass,I 3288,Monarch,Living Room,accent-tables,$299,,,PASS,,
Accent Table — Glossy White With A Drawer,I 3170,Monarch,Living Room,accent-tables,$236,,,PASS,,
Accent Table — Glossy White With Chrome Metal,I 3184,Monarch,Living Room,accent-tables,$186,,,PASS,,
Accent Table — Glossy White With Chrome Metal,I 3008,Monarch,Living Room,accent-tables,$158,,,PASS,,
Accent Table — Gold Iron Metal Drum End Table,I 3927,Monarch,Living Room,accent-tables,$536,,,PASS,,
Accent Table — Gold Iron Metal End Table,I 3900,Monarch,Living Room,accent-tables,$536,,,PASS,,
Accent Table — Gold Metal With A Drawer,I 3236,Monarch,Living Room,accent-tables,$173,,,PASS,,
Accent Table — Gold Metal With Tempered Glass,I 3446,Monarch,Living Room,accent-tables,$312,,,PASS,,
Accent Table — Grey,I 3118,Monarch,Living Room,accent-tables,$110,,,PASS,,
Accent Table — Grey,I 2481,Monarch,Living Room,accent-tables,$173,,,PASS,,
Accent Table — Grey / Black Corner Console,I 2156,Monarch,Living Room,accent-tables,$236,,,PASS,,
Accent Table — Grey / Black Metal,I 3828,Monarch,Living Room,accent-tables,$69,,,PASS,,
Accent Table — Grey / Black Metal,I 2176,Monarch,Living Room,accent-tables,$107,,,PASS,,
Accent Table — Grey / Black Metal,I 3591,Monarch,Living Room,accent-tables,$126,,,PASS,,
Accent Table — Grey / Black Metal,I 3596,Monarch,Living Room,accent-tables,$189,,,PASS,,
Accent Table — Grey / Black Metal,I 3634,Monarch,Living Room,accent-tables,$126,,,PASS,,
Accent Table — Grey / Black Metal,I 3671,Monarch,Living Room,accent-tables,$110,,,PASS,,
Accent Table — Grey / Black Metal,I 2171,Monarch,Living Room,accent-tables,$104,,,PASS,,
Accent Table — Grey / Black Metal,I 3248,Monarch,Living Room,accent-tables,$88,,,PASS,,
Accent Table — Grey / Black Metal,I 3762,Monarch,Living Room,accent-tables,$69,,,PASS,,
Accent Table — Grey / Black Metal,I 2082,Monarch,Living Room,accent-tables,$126,,,PASS,,
Accent Table — Grey / Black Metal Hall Console,I 3532,Monarch,Living Room,accent-tables,$220,,,PASS,,
Accent Table — Grey / Black Metal Hall Console,I 3576,Monarch,Living Room,accent-tables,$189,,,PASS,,
Accent Table — Grey / Black Metal Hall Console,I 3572,Monarch,Living Room,accent-tables,$236,,,PASS,,
Accent Table — Grey / Black Metal Hall Console,I 3514,Monarch,Living Room,accent-tables,$236,,,PASS,,
Accent Table — Grey / Black Metal Usb / Plug,I 3201,Monarch,Living Room,accent-tables,$195,,,PASS,,
Accent Table — Grey / Chrome Metal,I 3474,Monarch,Living Room,accent-tables,$205,,,PASS,,
Accent Table — Grey / Chrome Metal,I 3637,Monarch,Living Room,accent-tables,$126,,,PASS,,
Accent Table — Grey Cement / Black Nickel Metal,I 3552,Monarch,Living Room,accent-tables,$236,,,PASS,,
Accent Table — Grey Cement / Chrome Metal,I 3264,Monarch,Living Room,accent-tables,$220,,,PASS,,
Accent Table — Grey Cement / Chrome Metal,I 3471,Monarch,Living Room,accent-tables,$205,,,PASS,,
Accent Table — Grey Cement / Chrome Metal,I 3481,Monarch,Living Room,accent-tables,$236,,,PASS,,
Accent Table — Grey Cement / Chrome Metal,I 3639,Monarch,Living Room,accent-tables,$126,,,PASS,,
Accent Table — Grey Cement / Tempered Glass,I 3232,Monarch,Living Room,accent-tables,$299,,,PASS,,
Accent Table — Grey Cement With A Drawer,I 3373,Monarch,Living Room,accent-tables,$205,,,PASS,,
Accent Table — Grey Cement With Chrome Metal,I 3185,Monarch,Living Room,accent-tables,$170,,,PASS,,
Accent Table — Grey Cement With Chrome Metal,I 3372,Monarch,Living Room,accent-tables,$142,,,PASS,,
Accent Table — Grey Corner Console,I 3658,Monarch,Living Room,accent-tables,$236,,,PASS,,
Accent Table — Grey End Table With 1 Drawer,I 3668,Monarch,Living Room,accent-tables,$173,,,PASS,,
Accent Table — Grey End Table With 2 Drawers,I 3629,Monarch,Living Room,accent-tables,$173,,,PASS,,
Accent Table — Grey End Table With 2 Drawers,I 3608,Monarch,Living Room,accent-tables,$173,,,PASS,,
Accent Table — Grey End Table With 2 Drawers,I 3690,Monarch,Living Room,accent-tables,$173,,,PASS,,
Accent Table — Grey Indoor Or Outdoor,I 4110,Monarch,Living Room,accent-tables,$472,,,PASS,,
Accent Table — Grey Indoor Or Outdoor,I 4115,Monarch,Living Room,accent-tables,$472,,,PASS,,
Accent Table — Grey Indoor Or Outdoor,I 4130,Monarch,Living Room,accent-tables,$472,,,PASS,,
Accent Table — Grey Indoor Or Outdoor,I 4125,Monarch,Living Room,accent-tables,$472,,,PASS,,
Accent Table — Grey Indoor Or Outdoor,I 4120,Monarch,Living Room,accent-tables,$472,,,PASS,,
Accent Table — Grey Indoor Or Outdoor,I 4152,Monarch,Living Room,accent-tables,$472,,,PASS,,
Accent Table — Grey Indoor Or Outdoor,I 4148,Monarch,Living Room,accent-tables,$472,,,PASS,,
Accent Table — Grey Indoor Or Outdoor,I 4144,Monarch,Living Room,accent-tables,$472,,,PASS,,
Accent Table — Grey Indoor Or Outdoor,I 4160,Monarch,Living Room,accent-tables,$472,,,PASS,,
Accent Table — Grey Night Stand With Storage,I 2138,Monarch,Living Room,accent-tables,$104,,,PASS,,
Accent Table — Grey Reclaimed Wood / Black Consol,I 3454,Monarch,Living Room,accent-tables,$472,,,PASS,,
Accent Table — Grey Reclaimed Wood / Black Metal,I 3631,Monarch,Living Room,accent-tables,$126,,,PASS,,
Accent Table — Grey Stone-Look / Black Metal,I 3584,Monarch,Living Room,accent-tables,$126,,,PASS,,
Accent Table — Grey Stone-Look / Black Metal,I 3305,Monarch,Living Room,accent-tables,$85,,,PASS,,
Accent Table — Grey Stone-Look / Black Metal,I 3765,Monarch,Living Room,accent-tables,$69,,,PASS,,
Accent Table — Grey Stone-Look / Black Metal,I 2206,Monarch,Living Room,accent-tables,$107,,,PASS,,
Accent Table — Grey Top,I 3134,Monarch,Living Room,accent-tables,$110,,,PASS,,
Accent Table — Grey Top Night Stand With Storage,I 2134,Monarch,Living Room,accent-tables,$104,,,PASS,,
Accent Table — Grey With Chrome Metal,I 3228,Monarch,Living Room,accent-tables,$142,,,PASS,,
Accent Table — Hammered Black Metal With Tempered,I 3332,Monarch,Living Room,accent-tables,$107,,,PASS,,
Accent Table — Hammered Brown,I 3163,Monarch,Living Room,accent-tables,$91,,,PASS,,
Accent Table — Industrial Grey,I 3380,Monarch,Living Room,accent-tables,$110,,,PASS,,
Accent Table — Light Beige / Dark Oak / 1 Door,I 2509,Monarch,Living Room,accent-tables,$154,,,PASS,,
Accent Table — Light Brown End Table - 2 Drawers,I 3609,Monarch,Living Room,accent-tables,$173,,,PASS,,
Accent Table — Light Walnut / Seagrass-Look End T,I 2794,Monarch,Living Room,accent-tables,$227,,,PASS,,
Accent Table — Mango Wood-Look / Black Metal,I 2881,Monarch,Living Room,accent-tables,$315,,,PASS,,
Accent Table — Natural / Natural Drawer,I 3842,Monarch,Living Room,accent-tables,$110,,,PASS,,
Accent Table — Natural / White Metal,I 3775,Monarch,Living Room,accent-tables,$120,,,PASS,,
Accent Table — Natural / White Metal,I 3677,Monarch,Living Room,accent-tables,$110,,,PASS,,
Accent Table — Natural / White Metal Hall Console,I 2222,Monarch,Living Room,accent-tables,$315,,,PASS,,
Accent Table — Natural End Table - 2 Drawers,I 3692,Monarch,Living Room,accent-tables,$173,,,PASS,,
Accent Table — Rustic Grey / 1 Door,I 2513,Monarch,Living Room,accent-tables,$154,,,PASS,,
Accent Table — Satin Black Metal With Tempered Gl,I 3314,Monarch,Living Room,accent-tables,$158,,,PASS,,
Accent Table — Silver / Tempered Glass Hall Conso,I 2128,Monarch,Living Room,accent-tables,$186,,,PASS,,
Accent Table — Silver Grey Iron Metal Drum End,I 3924,Monarch,Living Room,accent-tables,$504,,,PASS,,
Accent Table — Silver Grey Iron Metal Drum End,I 3929,Monarch,Living Room,accent-tables,$536,,,PASS,,
Accent Table — Silver Metal,I 3137,Monarch,Living Room,accent-tables,$88,,,PASS,,
Accent Table — Silver Metal With Tempered Glass,I 3090,Monarch,Living Room,accent-tables,$82,,,PASS,,
Accent Table — Silver Metal With Tempered Glass,I 3158,Monarch,Living Room,accent-tables,$142,,,PASS,,
Accent Table — Silver Metal With Tempered Glass,I 3106,Monarch,Living Room,accent-tables,$79,,,PASS,,
Accent Table — Taupe / Black Metal Hall Console,I 3533,Monarch,Living Room,accent-tables,$220,,,PASS,,
Accent Table — Taupe / Black Metal Hall Console,I 3573,Monarch,Living Room,accent-tables,$236,,,PASS,,
Accent Table — Taupe End Table - 2 Drawers,I 3693,Monarch,Living Room,accent-tables,$173,,,PASS,,
Accent Table — Taupe Reclaimed Wood / Black Conso,I 3455,Monarch,Living Room,accent-tables,$425,,,PASS,,
Accent Table — Travertine Stone End Table,I 2892,Monarch,Living Room,accent-tables,$154,,,PASS,,
Accent Table — Walnut End Table With 2 Drawers,I 3607,Monarch,Living Room,accent-tables,$173,,,PASS,,
Accent Table — Walnut End Table With 2 Drawers,I 3614,Monarch,Living Room,accent-tables,$189,,,PASS,,
Accent Table — Walnut Indoor Or Outdoor,I 4113,Monarch,Living Room,accent-tables,$472,,,PASS,,
Accent Table — Walnut Indoor Or Outdoor,I 4133,Monarch,Living Room,accent-tables,$472,,,PASS,,
Accent Table — Walnut Indoor Or Outdoor,I 4128,Monarch,Living Room,accent-tables,$472,,,PASS,,
Accent Table — Walnut Indoor Or Outdoor,I 4123,Monarch,Living Room,accent-tables,$472,,,PASS,,
Accent Table — Walnut Indoor Or Outdoor,I 4155,Monarch,Living Room,accent-tables,$472,,,PASS,,
Accent Table — Washed Grey Veneer End Table,I 3950,Monarch,Living Room,accent-tables,$346,,,PASS,,
Accent Table — Washed Grey Veneer End Table,I 3980,Monarch,Living Room,accent-tables,$236,,,PASS,,
Accent Table — Washed Grey Veneer End Table,I 3963,Monarch,Living Room,accent-tables,$268,,,PASS,,
Accent Table — Washed Oak / Black Metal,I 3826,Monarch,Living Room,accent-tables,$69,,,PASS,,
Accent Table — Washed Oak / Black Metal,I 3757,Monarch,Living Room,accent-tables,$50,,,PASS,,
Accent Table — Washed Oak / Black Metal,I 3817,Monarch,Living Room,accent-tables,$94,,,PASS,,
Accent Table — Washed Oak / Black Metal,I 3812,Monarch,Living Room,accent-tables,$123,,,PASS,,
Accent Table — White,I 3117,Monarch,Living Room,accent-tables,$110,,,PASS,,
Accent Table — White,I 2475,Monarch,Living Room,accent-tables,$142,,,PASS,,
Accent Table — White,I 2479,Monarch,Living Room,accent-tables,$205,,,PASS,,
Accent Table — White / Black Metal,I 3770,Monarch,Living Room,accent-tables,$120,,,PASS,,
Accent Table — White / Black Metal,I 3760,Monarch,Living Room,accent-tables,$69,,,PASS,,
Accent Table — White / Black Metal Console,I 2252,Monarch,Living Room,accent-tables,$110,,,PASS,,
Accent Table — White / Cement-Look Hall Console,I 2405,Monarch,Living Room,accent-tables,$284,,,PASS,,
Accent Table — White / Natural Drawer,I 3843,Monarch,Living Room,accent-tables,$110,,,PASS,,
Accent Table — White / Silver / Tempered Glass,I 2068,Monarch,Living Room,accent-tables,$117,,,PASS,,
Accent Table — White / Silver Metal,I 3774,Monarch,Living Room,accent-tables,$120,,,PASS,,
Accent Table — White / Silver Metal / Tempered Gl,I 3503,Monarch,Living Room,accent-tables,$173,,,PASS,,
Accent Table — White / White Corner Console,I 2160,Monarch,Living Room,accent-tables,$236,,,PASS,,
Accent Table — White / White Metal,I 3594,Monarch,Living Room,accent-tables,$126,,,PASS,,
Accent Table — White / White Metal,I 3676,Monarch,Living Room,accent-tables,$110,,,PASS,,
Accent Table — White / White Metal,I 3478,Monarch,Living Room,accent-tables,$79,,,PASS,,
Accent Table — White / White Metal,I 2079,Monarch,Living Room,accent-tables,$79,,,PASS,,
Accent Table — White / White Metal,I 3279,Monarch,Living Room,accent-tables,$101,,,PASS,,
Accent Table — White Bentwood With Tempered Glass,I 3017,Monarch,Living Room,accent-tables,$173,,,PASS,,
Accent Table — White Corner Console,I 3656,Monarch,Living Room,accent-tables,$236,,,PASS,,
Accent Table — White End Table - 2 Walnut Drawers,I 3619,Monarch,Living Room,accent-tables,$189,,,PASS,,
Accent Table — White End Table With 1 Drawer,I 3666,Monarch,Living Room,accent-tables,$173,,,PASS,,
Accent Table — White End Table With 2 Drawers,I 3627,Monarch,Living Room,accent-tables,$173,,,PASS,,
Accent Table — White End Table With 2 Drawers,I 3688,Monarch,Living Room,accent-tables,$173,,,PASS,,
Accent Table — White Hall Console,I 2429,Monarch,Living Room,accent-tables,$583,,,PASS,,
Accent Table — White Hall Console,I 2560,Monarch,Living Room,accent-tables,$284,,,PASS,,
Accent Table — White Hall Console,I 2438,Monarch,Living Room,accent-tables,$315,,,PASS,,
Accent Table — White Indoor Or Outdoor,I 4111,Monarch,Living Room,accent-tables,$472,,,PASS,,
Accent Table — White Indoor Or Outdoor,I 4116,Monarch,Living Room,accent-tables,$472,,,PASS,,
Accent Table — White Indoor Or Outdoor,I 4131,Monarch,Living Room,accent-tables,$472,,,PASS,,
Accent Table — White Indoor Or Outdoor,I 4126,Monarch,Living Room,accent-tables,$472,,,PASS,,
Accent Table — White Indoor Or Outdoor,I 4121,Monarch,Living Room,accent-tables,$472,,,PASS,,
Accent Table — White Indoor Or Outdoor,I 4153,Monarch,Living Room,accent-tables,$472,,,PASS,,
Accent Table — White Indoor Or Outdoor,I 4149,Monarch,Living Room,accent-tables,$472,,,PASS,,
Accent Table — White Indoor Or Outdoor,I 4145,Monarch,Living Room,accent-tables,$472,,,PASS,,
Accent Table — White Indoor Or Outdoor,I 4161,Monarch,Living Room,accent-tables,$472,,,PASS,,
Accent Table — White Marble / Black Corner Consol,I 2159,Monarch,Living Room,accent-tables,$236,,,PASS,,
Accent Table — White Marble / Black Metal,I 3675,Monarch,Living Room,accent-tables,$110,,,PASS,,
Accent Table — White Marble / Black Metal Console,I 2221,Monarch,Living Room,accent-tables,$315,,,PASS,,
Accent Table — White Marble / Black Metal Console,I 2255,Monarch,Living Room,accent-tables,$110,,,PASS,,
Accent Table — White Marble / Silver Metal,I 3772,Monarch,Living Room,accent-tables,$120,,,PASS,,
Accent Table — White Marble-Look / Black Metal,I 3300,Monarch,Living Room,accent-tables,$91,,,PASS,,
Accent Table — White Marble-Look / Silver Metal,I 2205,Monarch,Living Room,accent-tables,$107,,,PASS,,
Accent Table — White Metal Hall Console,I 2112,Monarch,Living Room,accent-tables,$154,,,PASS,,
Accent Table — White Metal With A Drawer,I 3601,Monarch,Living Room,accent-tables,$126,,,PASS,,
Accent Table — White Metal With A Magazine Rack,I 3067,Monarch,Living Room,accent-tables,$126,,,PASS,,
Accent Table — White Metal With Frosted Tempered ,I 3037,Monarch,Living Room,accent-tables,$132,,,PASS,,
Accent Table — White Metal With Tempered Glass,I 3105,Monarch,Living Room,accent-tables,$79,,,PASS,,
Accent Table — White Night Stand With Storage,I 2137,Monarch,Living Room,accent-tables,$104,,,PASS,,
Accent Table — White Textured Iron Metal Drum End,I 3921,Monarch,Living Room,accent-tables,$536,,,PASS,,
Accent Table — White Textured Iron Metal Drum End,I 3917,Monarch,Living Room,accent-tables,$472,,,PASS,,
Accent Table — White/ White Metal,I 3599,Monarch,Living Room,accent-tables,$189,,,PASS,,
Aida,L6125,Matrix,Living Room,living-sets,"$5,352","$5,352",3 pc set,PASS,,
Aida Chair Taupe,L6125,Matrix,Living Room,chairs,"$1,225","$1,225",chair,PASS,,
Aida Love seat Taupe,L6125,Matrix,Living Room,loveseats,"$1,887","$1,887",loveseat,PASS,,
Aida Sofa Taupe,L6125,Matrix,Living Room,sofas,"$2,265","$2,265",sofa,PASS,,
Amiyah Chair Beige,L1865,Matrix,Living Room,chairs,"$2,233","$2,233",chair,PASS,,
Amiyah Chair Grey,L1865,Matrix,Living Room,chairs,"$2,233","$2,233",chair,PASS,,
Amiyah Loveseat Beige,L1865,Matrix,Living Room,loveseats,"$3,430","$3,430",loveseat,PASS,,
Amiyah Loveseat Grey,L1865,Matrix,Living Room,loveseats,"$3,430","$3,430",loveseat,PASS,,
Ayla Coffee table,1530,Matrix,Living Room,coffee-tables,"$2,359",,,PASS,,
Bench — Antique Grey / Black Fabric Seat,I 1383,Monarch,Living Room,ottomans,$268,,,PASS,,
Bench — Brown / Dark Brown Pu Seat,I 1373,Monarch,Living Room,ottomans,$252,,,PASS,,
Bench — Dark Taupe Storage / Black Metal,I 4501,Monarch,Living Room,ottomans,$299,,,PASS,,
Bench — Espresso / Black Pu Seat,I 1334,Monarch,Living Room,ottomans,$252,,,PASS,,
Bench — Grey / Brown Fabric Seat,I 1379,Monarch,Living Room,ottomans,$268,,,PASS,,
Bench — Grey / Cream Fabric Seat,I 1377,Monarch,Living Room,ottomans,$268,,,PASS,,
Bench — Grey Storage / Black Metal,I 4500,Monarch,Living Room,ottomans,$299,,,PASS,,
Bench — Upholstered Beige Fabric,I 1266,Monarch,Living Room,ottomans,$220,,,PASS,,
Bench — Upholstered Grey Fabric,I 1257,Monarch,Living Room,ottomans,$220,,,PASS,,
Bench — Washed Grey / Dark Grey Fabric,I 1433,Monarch,Living Room,ottomans,$236,,,PASS,,
Blaire,L2625,Matrix,Living Room,living-sets,"$4,564","$4,564",3 pc set,PASS,,
Blaire Chair Beige,L2625,Matrix,Living Room,chairs,"$1,068","$1,068",chair,PASS,,
Blaire Love seat Beige,L2625,Matrix,Living Room,loveseats,"$1,603","$1,603",loveseat,PASS,,
Blaire Sofa Beige,L2625,Matrix,Living Room,sofas,"$1,918","$1,918",sofa,PASS,,
Blaise,L6025,Matrix,Living Room,living-sets,"$6,454","$6,454",3 pc set,PASS,,
Blaise Chair Cream,L6025,Matrix,Living Room,chairs,"$1,509","$1,509",chair,PASS,,
Blaise Love seat Cream,L6025,Matrix,Living Room,loveseats,"$2,265","$2,265",loveseat,PASS,,
Blaise Sofa Cream,L6025,Matrix,Living Room,sofas,"$2,706","$2,706",sofa,PASS,,
Bona,L8225,Matrix,Living Room,living-sets,"$6,297","$6,297",3 pc set,PASS,,
Bona Chair Beige,L8225,Matrix,Living Room,chairs,"$1,446","$1,446",chair,PASS,,
Bona Love seat Beige,L8225,Matrix,Living Room,loveseats,"$2,202","$2,202",loveseat,PASS,,
Bona Sofa Beige,L8225,Matrix,Living Room,sofas,"$2,643","$2,643",sofa,PASS,,
Boomer Chair Chocolate,L2975,Matrix,Living Room,chairs,"$1,540","$1,540",chair,PASS,,
Boomer Chair Stone,L2975,Matrix,Living Room,chairs,"$1,540","$1,540",chair,PASS,,
Boomer Love seat Chocolate,L2975,Matrix,Living Room,loveseats,"$2,328","$2,328",loveseat,PASS,,
Boomer Love seat Stone,L2975,Matrix,Living Room,loveseats,"$2,328","$2,328",loveseat,PASS,,
Boomer Sofa Chocolate,L2975,Matrix,Living Room,sofas,"$2,800","$2,800",sofa,PASS,,
Boomer Sofa Stone,L2975,Matrix,Living Room,sofas,"$2,800","$2,800",sofa,PASS,,
Boomer — 3-Pc Set,2975,Matrix,Living Room,living-sets,"$6,612","$6,612",3 pc set,PASS,,Reclassified to Living Sets
Caroline,L8525,Matrix,Living Room,living-sets,"$8,502","$8,502",3 pc set,PASS,,
Caroline Chair Light grey,L8525,Matrix,Living Room,chairs,"$1,950","$1,950",chair,PASS,,
Caroline Love seat Light grey,L8525,Matrix,Living Room,loveseats,"$2,989","$2,989",loveseat,PASS,,
Caroline Sofa Light grey,L8525,Matrix,Living Room,sofas,"$3,588","$3,588",sofa,PASS,,
Chair — Beige Fabric #Coach-4,8K11C04,Monarch,Living Room,chairs,$598,,,PASS,,
Chair — Black Fabric #Lumos-19,8J31L19,Monarch,Living Room,chairs,$598,,,PASS,,
Chair — Black Pu #Ck5A95,8J11A95,Monarch,Living Room,chairs,$630,,,PASS,,
Chair — Brown Pu #Ra-08,8J21A08,Monarch,Living Room,chairs,$598,,,PASS,,
Chair — Cognac Pu #3007-10,8J21710,Monarch,Living Room,chairs,$598,,,PASS,,
Chair — Dark Grey Fabric #Lumos-17,8J11L17,Monarch,Living Room,chairs,$630,,,PASS,,
Chair — Grey Fabric #Coach-18,8K11C18,Monarch,Living Room,chairs,$598,,,PASS,,
Chair — Grey Pu #Ra-02,8J31A02,Monarch,Living Room,chairs,$598,,,PASS,,
Chair — Light Brown Fabric #Lumos-31,8J21L31,Monarch,Living Room,chairs,$598,,,PASS,,
Chair — Orange Fabric #Lumos-68,8J11L68,Monarch,Living Room,chairs,$630,,,PASS,,
Chair — Rust Fabric #Lumos-44,8J11L44,Monarch,Living Room,chairs,$630,,,PASS,,
Chateau,L8625,Matrix,Living Room,living-sets,"$7,557","$7,557",3 pc set,PASS,,
Chateau Chair Beige,L8625,Matrix,Living Room,chairs,"$1,761","$1,761",chair,PASS,,
Chateau Love seat Beige,L8625,Matrix,Living Room,loveseats,"$2,643","$2,643",loveseat,PASS,,
Chateau Sofa Beige,L8625,Matrix,Living Room,sofas,"$3,178","$3,178",sofa,PASS,,
Coffee Table — Black Marble / Black Metal,I 3783,Monarch,Living Room,coffee-tables,$205,,,PASS,,
Coffee Table — Black Metal,I 2850,Monarch,Living Room,coffee-tables,$472,,,PASS,,
Coffee Table — Black Metal,I 2860,Monarch,Living Room,coffee-tables,$472,,,PASS,,
Coffee Table — Black Metal,I 2884,Monarch,Living Room,coffee-tables,$472,,,PASS,,
Coffee Table — Blue Tile Top / Hammered Silver,I 3140,Monarch,Living Room,coffee-tables,$186,,,PASS,,
Coffee Table — Chrome Metal With Tempered Glass,I 3440,Monarch,Living Room,coffee-tables,$346,,,PASS,,
Coffee Table — Dark Brown Knotty Oak / 2 Drawers,I 2525,Monarch,Living Room,coffee-tables,$346,,,PASS,,
Coffee Table — Dark Taupe / Black Metal,I 3792,Monarch,Living Room,coffee-tables,$173,,,PASS,,
Coffee Table — Dark Taupe / Black Metal,I 3797,Monarch,Living Room,coffee-tables,$173,,,PASS,,
Coffee Table — Dark Taupe / Black Metal,I 3786,Monarch,Living Room,coffee-tables,$205,,,PASS,,
Coffee Table — Dark Taupe With Tempered Glass,I 3054,Monarch,Living Room,coffee-tables,$315,,,PASS,,
Coffee Table — Glossy White With Chrome Metal,I 3028,Monarch,Living Room,coffee-tables,$299,,,PASS,,
Coffee Table — Glossy White With Chrome Metal,I 3400,Monarch,Living Room,coffee-tables,$362,,,PASS,,
Coffee Table — Glossy White With Tempered Glass,I 3286,Monarch,Living Room,coffee-tables,$346,,,PASS,,
Coffee Table — Grey / Black Metal,I 3791,Monarch,Living Room,coffee-tables,$173,,,PASS,,
Coffee Table — Grey Cement With Tempered Glass,I 3230,Monarch,Living Room,coffee-tables,$315,,,PASS,,
Coffee Table — Grey Stone-Look / Black Metal,I 3785,Monarch,Living Room,coffee-tables,$205,,,PASS,,
Coffee Table — Hammered Brown,I 3160,Monarch,Living Room,coffee-tables,$186,,,PASS,,
Coffee Table — Lift-Top Black / Black Metal,I 2826,Monarch,Living Room,coffee-tables,$299,,,PASS,,
Coffee Table — Lift-Top Black / Black Metal,I 3820,Monarch,Living Room,coffee-tables,$299,,,PASS,,
Coffee Table — Lift-Top Black / Black Metal,I 3808,Monarch,Living Room,coffee-tables,$249,,,PASS,,
Coffee Table — Lift-Top Dark Bronze / Black Metal,I 3821,Monarch,Living Room,coffee-tables,$299,,,PASS,,
Coffee Table — Lift-Top Dark Taupe / Black Metal,I 3806,Monarch,Living Room,coffee-tables,$249,,,PASS,,
Coffee Table — Lift-Top Grey / Black Metal,I 3805,Monarch,Living Room,coffee-tables,$249,,,PASS,,
Coffee Table — Lift-Top Washed Oak / Black Metal,I 3807,Monarch,Living Room,coffee-tables,$249,,,PASS,,
Coffee Table — Light Beige / Dark Oak,I 2508,Monarch,Living Room,coffee-tables,$268,,,PASS,,
Coffee Table — Rustic Grey,I 2512,Monarch,Living Room,coffee-tables,$268,,,PASS,,
Coffee Table — Travertine Stone / Two Tier,I 2891,Monarch,Living Room,coffee-tables,$280,,,PASS,,
Coffee Table — Walnut Mid-Century With A Drawer,I 2836,Monarch,Living Room,coffee-tables,$284,,,PASS,,
Coffee Table — White / Silver Metal,I 3790,Monarch,Living Room,coffee-tables,$173,,,PASS,,
Coffee Table — White / Silver Metal,I 3795,Monarch,Living Room,coffee-tables,$173,,,PASS,,
Coffee Table — White / Silver Metal,I 3800,Monarch,Living Room,coffee-tables,$236,,,PASS,,
Comfort Chair Cream,L3665,Matrix,Living Room,chairs,"$1,036","$1,036",chair,PASS,,
Comfort Chair Grey,L3665,Matrix,Living Room,chairs,"$1,036","$1,036",chair,PASS,,
Comfort Love seat Cream,L3665,Matrix,Living Room,loveseats,"$1,572","$1,572",loveseat,PASS,,
Comfort Love seat Grey,L3665,Matrix,Living Room,loveseats,"$1,572","$1,572",loveseat,PASS,,
Comfort Sofa Cream,L3665,Matrix,Living Room,sofas,"$1,887","$1,887",sofa,PASS,,
Comfort Sofa Grey,L3665,Matrix,Living Room,sofas,"$1,887","$1,887",sofa,PASS,,
Comfort — 3-Pc Set,3665,Matrix,Living Room,living-sets,"$4,501","$4,501",3 pc set,PASS,,Reclassified to Living Sets
Contessa,L8125,Matrix,Living Room,living-sets,"$6,297","$6,297",3 pc set,PASS,,
Contessa Chair Beige,L8125,Matrix,Living Room,chairs,"$1,446","$1,446",chair,PASS,,
Contessa Chair Grey,L8125,Matrix,Living Room,chairs,"$1,446","$1,446",chair,PASS,,
Contessa Love seat Beige,L8125,Matrix,Living Room,loveseats,"$2,202","$2,202",loveseat,PASS,,
Contessa Love seat Grey,L8125,Matrix,Living Room,loveseats,"$2,202","$2,202",loveseat,PASS,,
Contessa Sofa Beige,L8125,Matrix,Living Room,sofas,"$2,643","$2,643",sofa,PASS,,
Contessa Sofa Grey,L8125,Matrix,Living Room,sofas,"$2,643","$2,643",sofa,PASS,,
Cooper Chair Grey,L2875,Matrix,Living Room,chairs,"$1,509","$1,509",chair,PASS,,
Cooper Chair Ice,L2875,Matrix,Living Room,chairs,"$1,509","$1,509",chair,PASS,,
Cooper Love seat Grey,L2875,Matrix,Living Room,loveseats,"$2,296","$2,296",loveseat,PASS,,
Cooper Love seat Ice,L2875,Matrix,Living Room,loveseats,"$2,296","$2,296",loveseat,PASS,,
Cooper Sofa Grey,L2875,Matrix,Living Room,sofas,"$2,769","$2,769",sofa,PASS,,
Cooper Sofa Ice,L2875,Matrix,Living Room,sofas,"$2,769","$2,769",sofa,PASS,,
Cooper — 3-Pc Set,2875,Matrix,Living Room,living-sets,"$6,612","$6,612",3 pc set,PASS,,Reclassified to Living Sets
Diana,L5725,Matrix,Living Room,living-sets,"$4,722","$4,722",3 pc set,PASS,,
Diana Chair Grey,L5725,Matrix,Living Room,chairs,"$1,099","$1,099",chair,PASS,,
Diana Chair Silver,L5725,Matrix,Living Room,chairs,"$1,099","$1,099",chair,PASS,,
Diana Loveseat Grey,L5725,Matrix,Living Room,loveseats,"$1,666","$1,666",loveseat,PASS,,
Diana Loveseat Silver,L5725,Matrix,Living Room,loveseats,"$1,666","$1,666",loveseat,PASS,,
Diana Sofa Silver,L5725,Matrix,Living Room,sofas,"$1,981","$1,981",sofa,PASS,,
Duke Chair Brown,L2475,Matrix,Living Room,chairs,"$1,225","$1,225",chair,PASS,,
Duke Chair Dark grey,L2475,Matrix,Living Room,chairs,"$1,225","$1,225",chair,PASS,,
Duke Love seat Brown,L2475,Matrix,Living Room,loveseats,"$1,887","$1,887",loveseat,PASS,,
Duke Love seat Dark grey,L2475,Matrix,Living Room,loveseats,"$1,887","$1,887",loveseat,PASS,,
Duke Sofa Brown,L2475,Matrix,Living Room,sofas,"$2,265","$2,265",sofa,PASS,,
Duke Sofa Dark grey,L2475,Matrix,Living Room,sofas,"$2,265","$2,265",sofa,PASS,,
Duke — 3-Pc Set,2475,Matrix,Living Room,living-sets,"$5,352","$5,352",3 pc set,PASS,,Reclassified to Living Sets
Fortuner Chair Black,L3075,Matrix,Living Room,chairs,"$1,918","$1,918",chair,PASS,,
Fortuner Chair Gray,L3075,Matrix,Living Room,chairs,"$1,918","$1,918",chair,PASS,,
Fortuner Chair Ice,L3075,Matrix,Living Room,chairs,"$1,918","$1,918",chair,PASS,,
Fortuner Loveseat Black,L3075,Matrix,Living Room,loveseats,"$2,926","$2,926",loveseat,PASS,,
Fortuner Loveseat Gray,L3075,Matrix,Living Room,loveseats,"$2,926","$2,926",loveseat,PASS,,
Fortuner Loveseat Ice,L3075,Matrix,Living Room,loveseats,"$2,926","$2,926",loveseat,PASS,,
Fortuner Sofa Black,L3075,Matrix,Living Room,sofas,"$3,525","$3,525",sofa,PASS,,
Fortuner Sofa Gray,L3075,Matrix,Living Room,sofas,"$3,525","$3,525",sofa,PASS,,
Fortuner Sofa Ice,L3075,Matrix,Living Room,sofas,"$3,525","$3,525",sofa,PASS,,
Fortuner — 3-Pc Set,3075,Matrix,Living Room,living-sets,"$8,344","$8,344",3 pc set,PASS,,Reclassified to Living Sets
Freemont,L5925,Matrix,Living Room,living-sets,"$6,927","$6,927",3 pc set,PASS,,
Freemont Chair Taupe,L5925,Matrix,Living Room,chairs,"$1,603","$1,603",chair,PASS,,
Freemont Love seat Taupe,L5925,Matrix,Living Room,loveseats,"$2,422","$2,422",loveseat,PASS,,
Freemont Sofa Taupe,L5925,Matrix,Living Room,sofas,"$2,926","$2,926",sofa,PASS,,
Hennessey — 3-Pc Set,4165,Matrix,Living Room,living-sets,"$8,502","$8,502",3 pc set,PASS,,Reclassified to Living Sets
Hennessy Chair w/pr recliner Bone,L4165,Matrix,Living Room,chairs,"$1,950",,,PASS,,
Hennessy Chair w/pr recliner Cognac,L4165,Matrix,Living Room,chairs,"$1,950",,,PASS,,
Hennessy Loveseat w/pr recliner Bone,L4165,Matrix,Living Room,loveseats,"$2,989",,,PASS,,
Hennessy Loveseat w/pr recliner Cognac,L4165,Matrix,Living Room,loveseats,"$2,989",,,PASS,,
Hennessy Sofa w/pr recliner Bone,L4165,Matrix,Living Room,sofas,"$3,588",,,PASS,,
Hennessy Sofa w/pr recliner Cognac,L4165,Matrix,Living Room,sofas,"$3,588",,,PASS,,
Impreza,L1525,Matrix,Living Room,living-sets,"$5,982","$5,982",3 pc set,PASS,,
Impreza Chair Beige,L1525,Matrix,Living Room,chairs,"$1,383","$1,383",chair,PASS,,
Impreza Chair Grey,L1525,Matrix,Living Room,chairs,"$1,383","$1,383",chair,PASS,,
Impreza Loveseat Beige,L1525,Matrix,Living Room,loveseats,"$2,107","$2,107",loveseat,PASS,,
Impreza Loveseat Grey,L1525,Matrix,Living Room,loveseats,"$2,107","$2,107",loveseat,PASS,,
Impreza Sofa Beige,L1525,Matrix,Living Room,sofas,"$2,517","$2,517",sofa,PASS,,
Impreza Sofa Grey,L1525,Matrix,Living Room,sofas,"$2,517","$2,517",sofa,PASS,,
Inox Chair  Black,L2775,Matrix,Living Room,chairs,"$1,729","$1,729",chair,PASS,,
Inox Chair Blue,L2775,Matrix,Living Room,chairs,"$1,729","$1,729",chair,PASS,,
Inox Chair Chocolate,L2775,Matrix,Living Room,chairs,"$1,729","$1,729",chair,PASS,,
Inox Chair Grey,L2775,Matrix,Living Room,chairs,"$1,729","$1,729",chair,PASS,,
Inox Loveseat Black,L2775,Matrix,Living Room,loveseats,"$2,643","$2,643",loveseat,PASS,,
Inox Loveseat Blue,L2775,Matrix,Living Room,loveseats,"$2,643","$2,643",loveseat,PASS,,
Inox Loveseat Chocolate,L2775,Matrix,Living Room,loveseats,"$2,643","$2,643",loveseat,PASS,,
Inox Loveseat Grey,L2775,Matrix,Living Room,loveseats,"$2,643","$2,643",loveseat,PASS,,
Isabella,L1425,Matrix,Living Room,living-sets,"$8,502","$8,502",3 pc set,PASS,,
Isabella Chair Silver Gold,L1425,Matrix,Living Room,chairs,"$1,950","$1,950",chair,PASS,,
Isabella Coffee table Silver Gold,1425,Matrix,Living Room,coffee-tables,"$1,099",,,PASS,,
Isabella End table Silver Gold,1425,Matrix,Living Room,end-tables,"$1,099",,,PASS,,
Isabella Loveseat Silver Gold,L1425,Matrix,Living Room,loveseats,"$2,989","$2,989",loveseat,PASS,,
Isabella Sofa Silver Gold,L1425,Matrix,Living Room,sofas,"$3,588","$3,588",sofa,PASS,,
Juno,L8325,Matrix,Living Room,living-sets,"$5,667","$5,667",3 pc set,PASS,,
Juno Chair Beige,L8325,Matrix,Living Room,chairs,"$1,320","$1,320",chair,PASS,,
Juno Chair Grey,L8325,Matrix,Living Room,chairs,"$1,320","$1,320",chair,PASS,,
Juno Love seat Beige,L8325,Matrix,Living Room,loveseats,"$1,981","$1,981",loveseat,PASS,,
Juno Love seat Grey,L8325,Matrix,Living Room,loveseats,"$1,981","$1,981",loveseat,PASS,,
Juno Sofa Beige,L8325,Matrix,Living Room,sofas,"$2,391","$2,391",sofa,PASS,,
Juno Sofa Grey,L8325,Matrix,Living Room,sofas,"$2,391","$2,391",sofa,PASS,,
Kibali,L8725,Matrix,Living Room,living-sets,"$6,927","$6,927",3 pc set,PASS,,
Kibali Chair Taupe,L8725,Matrix,Living Room,chairs,"$1,603","$1,603",chair,PASS,,
Kibali Loveseat Taupe,L8725,Matrix,Living Room,loveseats,"$2,422","$2,422",loveseat,PASS,,
Kibali Sofa Taupe,L8725,Matrix,Living Room,sofas,"$2,926","$2,926",sofa,PASS,,
Malibu,L5825,Matrix,Living Room,living-sets,"$7,399","$7,399",3 pc set,PASS,,
Malibu Chair Cream,L5825,Matrix,Living Room,chairs,"$1,698","$1,698",chair,PASS,,
Malibu Chair Dark taupe,L5825,Matrix,Living Room,chairs,"$1,698","$1,698",chair,PASS,,
Malibu Love seat Cream,L5825,Matrix,Living Room,loveseats,"$2,611","$2,611",loveseat,PASS,,
Malibu Love seat Dark taupe,L5825,Matrix,Living Room,loveseats,"$2,611","$2,611",loveseat,PASS,,
Malibu Sofa Cream,L5825,Matrix,Living Room,sofas,"$3,115","$3,115",sofa,PASS,,
Malibu Sofa Dark taupe,L5825,Matrix,Living Room,sofas,"$3,115","$3,115",sofa,PASS,,
Max Coffee table Marble,1930,Matrix,Living Room,coffee-tables,"$1,257",,,PASS,,
Maya Coffee table Marble Chrome,21,Matrix,Living Room,coffee-tables,"$2,202",,,PASS,,
Maya Coffee table Marble Gold,23,Matrix,Living Room,coffee-tables,"$2,202",,,PASS,,
Naomi,L7325,Matrix,Living Room,living-sets,"$5,667","$5,667",3 pc set,PASS,,
Naomi Chair Black,L7325,Matrix,Living Room,chairs,"$1,288","$1,288",chair,PASS,,
Naomi Chair Taupe,L7325,Matrix,Living Room,chairs,"$1,288","$1,288",chair,PASS,,
Naomi Loveseat Black,L7325,Matrix,Living Room,loveseats,"$1,981","$1,981",loveseat,PASS,,
Naomi Loveseat Taupe,L7325,Matrix,Living Room,loveseats,"$1,981","$1,981",loveseat,PASS,,
Naomi Sofa Black,L7325,Matrix,Living Room,sofas,"$2,391","$2,391",sofa,PASS,,
Naomi Sofa Taupe,L7325,Matrix,Living Room,sofas,"$2,391","$2,391",sofa,PASS,,
Nesting Table — Dark Taupe / Tempered Glass,I 3053,Monarch,Living Room,accent-tables,$346,,,PASS,,
Nesting Table — Espresso / Gold Metal,I 3237,Monarch,Living Room,accent-tables,$284,,,PASS,,
Nesting Table — Glossy White / Chrome Metal,I 3025,Monarch,Living Room,accent-tables,$362,,,PASS,,
Nesting Table — Glossy White / Tempered Glass,I 3287,Monarch,Living Room,accent-tables,$346,,,PASS,,
Nesting Table — Terracotta Tile Top / Brown,I 3161,Monarch,Living Room,accent-tables,$154,,,PASS,,
Otis,L3325,Matrix,Living Room,living-sets,"$6,612","$6,612",3 pc set,PASS,,
Otis Chair Beige,L3325,Matrix,Living Room,chairs,"$1,540","$1,540",chair,PASS,,
Otis Chair Silver,L3325,Matrix,Living Room,chairs,"$1,540","$1,540",chair,PASS,,
Ottoman — Natural Wood Legs,I 9013,Monarch,Living Room,ottomans,$79,,,PASS,,
Outdoor Chair — Set Of 4,I 4015,Monarch,Living Room,chairs,$662,,,PASS,,
Outdoor Chair — Set Of 4,I 4016,Monarch,Living Room,chairs,$662,,,PASS,,
Outdoor Chair — Set Of 4,I 4019,Monarch,Living Room,chairs,$662,,,PASS,,
Outdoor Chair — Set Of 4,I 4017,Monarch,Living Room,chairs,$662,,,PASS,,
Outdoor Chair — Set Of 4,I 4018,Monarch,Living Room,chairs,$662,,,PASS,,
Outdoor Chair — Set Of 4,I 4020,Monarch,Living Room,chairs,$756,,,PASS,,
Outdoor Chair — Set Of 4,I 4021,Monarch,Living Room,chairs,$756,,,PASS,,
Outdoor Chair — Set Of 4,I 4024,Monarch,Living Room,chairs,$756,,,PASS,,
Outdoor Chair — Set Of 4,I 4022,Monarch,Living Room,chairs,$756,,,PASS,,
Outdoor Chair — Set Of 4,I 4023,Monarch,Living Room,chairs,$756,,,PASS,,
Outdoor Chair — Set Of 4,I 4005,Monarch,Living Room,chairs,$630,,,PASS,,
Outdoor Chair — Set Of 4,I 4006,Monarch,Living Room,chairs,$630,,,PASS,,
Outdoor Chair — Set Of 4,I 4007,Monarch,Living Room,chairs,$630,,,PASS,,
Outdoor Chair — Set Of 4,I 4008,Monarch,Living Room,chairs,$630,,,PASS,,
Outdoor Chair — Set Of 4,I 4009,Monarch,Living Room,chairs,$583,,,PASS,,
Outdoor Chair — Set Of 4,I 4010,Monarch,Living Room,chairs,$583,,,PASS,,
Outdoor Chair — Set Of 4,I 4011,Monarch,Living Room,chairs,$583,,,PASS,,
Outdoor Chair — Set Of 4,I 4012,Monarch,Living Room,chairs,$583,,,PASS,,
Outdoor Chair — Set Of 4,I 4013,Monarch,Living Room,chairs,$583,,,PASS,,
Outdoor Chair — Set Of 4,I 4025,Monarch,Living Room,chairs,$662,,,PASS,,
Outdoor Chair — Set Of 4,I 4026,Monarch,Living Room,chairs,$662,,,PASS,,
Outdoor Chair — Set Of 4,I 4029,Monarch,Living Room,chairs,$662,,,PASS,,
Outdoor Chair — Set Of 4,I 4027,Monarch,Living Room,chairs,$662,,,PASS,,
Outdoor Chair — Set Of 4,I 4028,Monarch,Living Room,chairs,$662,,,PASS,,
Paloma Chair w/pr recliner Brown,L3175,Matrix,Living Room,chairs,"$1,887","$1,887",chair,PASS,,
Paloma Chair w/pr recliner Off white,L3175,Matrix,Living Room,chairs,"$1,887","$1,887",chair,PASS,,
Paloma Loveseat w/pr recliner Brown,L3175,Matrix,Living Room,loveseats,"$2,863","$2,863",loveseat,PASS,,
Paloma Loveseat w/pr recliner Off white,L3175,Matrix,Living Room,loveseats,"$2,863","$2,863",loveseat,PASS,,
Paloma Sofa w/pr recliner Brown,L3175,Matrix,Living Room,sofas,"$3,462","$3,462",sofa,PASS,,
Paloma Sofa w/pr recliner Off white,L3175,Matrix,Living Room,sofas,"$3,462","$3,462",sofa,PASS,,
Paloma — 3-Pc Set,3175,Matrix,Living Room,living-sets,"$8,187","$8,187",3 pc set,PASS,,Reclassified to Living Sets
Percy,L2925,Matrix,Living Room,living-sets,"$5,667","$5,667",3 pc set,PASS,,
Polar Chair Chocolate,L2575,Matrix,Living Room,chairs,"$2,107","$2,107",chair,PASS,,
Polar Chair Light grey,L2575,Matrix,Living Room,chairs,"$2,107","$2,107",chair,PASS,,
Polar Love seat Chocolate,L2575,Matrix,Living Room,loveseats,"$3,210","$3,210",loveseat,PASS,,
Polar Love seat Light grey,L2575,Matrix,Living Room,loveseats,"$3,210","$3,210",loveseat,PASS,,
Polar Sofa Chocolate,L2575,Matrix,Living Room,sofas,"$3,840","$3,840",sofa,PASS,,
Polar Sofa Light grey,L2575,Matrix,Living Room,sofas,"$3,840","$3,840",sofa,PASS,,
Polar — 3-Pc Set,2575,Matrix,Living Room,living-sets,"$9,132","$9,132",3 pc set,PASS,,Reclassified to Living Sets
Reclining Chair — Cupholders Grey Aotansi # Cb0031,8M11031,Monarch,Living Room,chairs,"$1,005",,,PASS,,
Reclining Chair — Cupholders Grey Jialian # Cb0019,8M11019,Monarch,Living Room,chairs,"$1,005",,,PASS,,
Reclining Chair — Cupholders Grey Yanqing # Jra-070,8M11070,Monarch,Living Room,chairs,"$1,005",,,PASS,,
Reclining Chair — Swivel Glider / Cream,I 8187,Monarch,Living Room,recliners,"$1,969",,,PASS,,
Reclining Chair — Swivel Glider / Dark Grey,I 8185,Monarch,Living Room,recliners,"$1,969",,,PASS,,
Reclining Chair — Swivel Glider / Light Grey,I 8186,Monarch,Living Room,recliners,"$1,969",,,PASS,,
Reclining Chair — Swivel Glider/ Light Brown,I 8188,Monarch,Living Room,recliners,"$1,969",,,PASS,,
Reclining Chair — Usb Beige # 2514-06,8P21406,Monarch,Living Room,chairs,"$1,320",,,PASS,,
Reclining Chair — Usb Beige Breeze #106,8P11106,Monarch,Living Room,chairs,"$1,320",,,PASS,,
Reclining Chair — Usb Beige City # 102,8P41102,Monarch,Living Room,chairs,"$1,572",,,PASS,,
Reclining Chair — Usb Blue # 2514-18,8P21418,Monarch,Living Room,chairs,"$1,320",,,PASS,,
Reclining Chair — Usb Brown Pu Tjb-061,8P31061,Monarch,Living Room,chairs,"$1,540",,,PASS,,
Reclining Chair — Usb Gold # 2514-08,8P21408,Monarch,Living Room,chairs,"$1,320",,,PASS,,
Reclining Chair — Usb Grey Breeze #451,8P11451,Monarch,Living Room,chairs,"$1,320",,,PASS,,
Reclining Chair — Usb Grey City # 453,8P41453,Monarch,Living Room,chairs,"$1,572",,,PASS,,
Reclining Love Seat — Console / Usb Beige City # 102,8P42102,Monarch,Living Room,console-tables,"$2,819",,,PASS,,
Reclining Love Seat — Console / Usb Grey City # 453,8P42453,Monarch,Living Room,console-tables,"$2,819",,,PASS,,
Reclining Sofa — Grey Fabric Aotansi # Cb0031,8M13031,Monarch,Living Room,sofas,"$1,732",,,PASS,,
Reclining Sofa — Grey Fabric Jialian # Cb0019,8M13019,Monarch,Living Room,sofas,"$1,732",,,PASS,,
Reclining Sofa — Grey Pu Yanqing # Jra-070,8M13070,Monarch,Living Room,sofas,"$1,732",,,PASS,,
Reclining Sofa — Usb - Beige Fabric Breeze #106,8P13106,Monarch,Living Room,sofas,"$2,362",,,PASS,,
Reclining Sofa — Usb - Beige Fabric City # 102,8P43102,Monarch,Living Room,sofas,"$2,914",,,PASS,,
Reclining Sofa — Usb - Beige Fabric Sky #2514-06,8P23406,Monarch,Living Room,sofas,"$2,725",,,PASS,,
Reclining Sofa — Usb - Blue Fabric Sky #2514-18,8P23418,Monarch,Living Room,sofas,"$2,725",,,PASS,,
Reclining Sofa — Usb - Gold Fabric Sky #2514-08,8P23408,Monarch,Living Room,sofas,"$2,725",,,PASS,,
Reclining Sofa — Usb - Grey Fabric Breeze #451,8P13451,Monarch,Living Room,sofas,"$2,362",,,PASS,,
Reclining Sofa — Usb - Grey Fabric City # 453,8P43453,Monarch,Living Room,sofas,"$2,914",,,PASS,,
Reclining Sofa — Usb Brown Pu #Tjb-061,8P33061,Monarch,Living Room,sofas,"$2,756",,,PASS,,
Remi Coffee table Marble Ss,1730,Matrix,Living Room,coffee-tables,"$2,359",,,PASS,,
Rogue Chair w/power Brown,L3765,Matrix,Living Room,chairs,"$1,666","$1,666",chair,PASS,,
Rogue Chair w/power Light grey,L3765,Matrix,Living Room,chairs,"$1,666","$1,666",chair,PASS,,
"Rogue Love seat w/console,power Brown",L3765,Matrix,Living Room,loveseats,"$2,548","$2,548",loveseat,PASS,,
"Rogue Love seat w/console,power Light grey",L3765,Matrix,Living Room,loveseats,"$2,548","$2,548",loveseat,PASS,,
"Rogue Sofa w/dd tray,power  Brown",L3765,Matrix,Living Room,sofas,"$3,052","$3,052",sofa,PASS,,
"Rogue Sofa w/dd tray,power  Light grey",L3765,Matrix,Living Room,sofas,"$3,052","$3,052",sofa,PASS,,
Rogue — 3-Pc Set,3765,Matrix,Living Room,living-sets,"$7,242","$7,242",3 pc set,PASS,,Reclassified to Living Sets
Scarlett,L1925,Matrix,Living Room,living-sets,"$8,502","$8,502",3 pc set,PASS,,
Scarlett Chair Beige,L1925,Matrix,Living Room,chairs,"$1,950","$1,950",chair,PASS,,
Scarlett Coffee table Beige,L1925,Matrix,Living Room,coffee-tables,"$1,099",,,PASS,,
Scarlett End table Beige,L1925,Matrix,Living Room,end-tables,"$1,099",,,PASS,,
Scarlett Love seat Beige,L1925,Matrix,Living Room,loveseats,"$2,989","$2,989",loveseat,PASS,,
Scarlett Sofa Beige,L1925,Matrix,Living Room,sofas,"$3,588","$3,588",sofa,PASS,,
Sleeper Sofa — Charcoal Grey Fabric #Brego-18,8224G18,Monarch,Living Room,sofa-beds,"$1,732",,,PASS,,
Sleeper Sofa — Convertible Bed Brown Fabric #Cent,8224C16,Monarch,Living Room,sofa-beds,"$1,732",,,PASS,,
Sleeper Sofa — Convertible Bed Grey Fabric #Centa,8224C13,Monarch,Living Room,sofa-beds,"$1,732",,,PASS,,
Sleeper Sofa — Light Beige Fabric #Brego-31,8224G31,Monarch,Living Room,sofa-beds,"$1,732",,,PASS,,
Sleeper Sofa — R Storage Lounger Blue Fabric # Lu,8A14L83,Monarch,Living Room,sofa-beds,"$1,811",,,PASS,,
Sleeper Sofa — R Storage Lounger Brown Fabric # L,8A14L31,Monarch,Living Room,sofa-beds,"$1,811",,,PASS,,
Sleeper Sofa — R Storage Lounger Grey Fabric # Lu,8A14L08,Monarch,Living Room,sofa-beds,"$1,811",,,PASS,,
Sleeper Sofa — R Storage Lounger Grey Fabric # Lu,8A14L13,Monarch,Living Room,sofa-beds,"$1,811",,,PASS,,
Sleeper Sofa — R Storage Lounger Orange Fabric # ,8A14L68,Monarch,Living Room,sofa-beds,"$1,811",,,PASS,,
Sleeper Sofa — R Storage Lounger Rust Fabric # Lu,8A14L44,Monarch,Living Room,sofa-beds,"$1,811",,,PASS,,
Sofa Lounger — R Facing / Beige Fabric #Coach-4,8K14C04,Monarch,Living Room,sofas,"$1,244",,,PASS,,
Sofa Lounger — R Facing / Black Fabric #Coach-20,8K14C20,Monarch,Living Room,sofas,"$1,244",,,PASS,,
Sofa Lounger — R Facing / Black Fabric #Lumos-19,8J34L19,Monarch,Living Room,sofas,"$1,418",,,PASS,,
Sofa Lounger — R Facing / Brown Pu #Ra-08,8J24A08,Monarch,Living Room,sofas,"$1,339",,,PASS,,
Sofa Lounger — R Facing / Cognac Pu #3007-10,8J24710,Monarch,Living Room,sofas,"$1,339",,,PASS,,
Sofa Lounger — R Facing / Grey Fabric #Coach-18,8K14C18,Monarch,Living Room,sofas,"$1,244",,,PASS,,
Sofa Lounger — R Facing / Grey Fabric #Fjord-15,8714D15,Monarch,Living Room,sofas,"$1,496",,,PASS,,
Sofa Lounger — R Facing / Grey Pu #Ra-02,8J34A02,Monarch,Living Room,sofas,"$1,418",,,PASS,,
Sofa Lounger — R Facing / Light Brown Fabric #Fjo,8714D41,Monarch,Living Room,sofas,"$1,496",,,PASS,,
Sofa Lounger — R Facing / Light Brown Fabric #Lum,8J24L31,Monarch,Living Room,sofas,"$1,339",,,PASS,,
Sofa Lounger — R Facing / Olive Green Fabric #Fjo,8714D77,Monarch,Living Room,sofas,"$1,496",,,PASS,,
Sofa Lounger — R Facing / Rust Fabric #Fjord-44,8714D44,Monarch,Living Room,sofas,"$1,496",,,PASS,,
Sofa Lounger — R Facing With 2 Pillows / Black Pu,8J14A95,Monarch,Living Room,sofas,"$1,418",,,PASS,,
Sofa Lounger — R Facing With 2 Pillows / Grey #Lu,8J14L17,Monarch,Living Room,sofas,"$1,418",,,PASS,,
Sofa Lounger — R Facing With 2 Pillows / Orange #,8J14L68,Monarch,Living Room,sofas,"$1,418",,,PASS,,
Sofa Lounger — R Facing With 2 Pillows / Rust #Lu,8J14L44,Monarch,Living Room,sofas,"$1,418",,,PASS,,
Sofa Sectional — Arm Facing - Beige Fabric #Coach-4,8K15C04,Monarch,Living Room,sectionals,"$1,811",,,PASS,,
Sofa Sectional — Arm Facing - Black Fabric #Coach-2,8K15C20,Monarch,Living Room,sectionals,"$1,811",,,PASS,,
Sofa Sectional — Arm Facing - Grey Fabric #Coach-18,8K15C18,Monarch,Living Room,sectionals,"$1,811",,,PASS,,
Sofa — Beige Fabric #Coach-4,8K13C04,Monarch,Living Room,sofas,$945,,,PASS,,
Sofa — Black Fabric #Lumos-19,8J33L19,Monarch,Living Room,sofas,"$1,024",,,PASS,,
Sofa — Black Pu #Ck5A95,8J13A95,Monarch,Living Room,sofas,"$1,024",,,PASS,,
Sofa — Brown Pu #Ra-08,8J23A08,Monarch,Living Room,sofas,"$1,024",,,PASS,,
Sofa — Cognac Pu #3007-10,8J23710,Monarch,Living Room,sofas,"$1,024",,,PASS,,
Sofa — Dark Grey Fabric #Lumos-17,8J13L17,Monarch,Living Room,sofas,"$1,024",,,PASS,,
Sofa — Grey Fabric #Coach-18,8K13C18,Monarch,Living Room,sofas,$945,,,PASS,,
Sofa — Grey Pu #Ra-02,8J33A02,Monarch,Living Room,sofas,"$1,024",,,PASS,,
Sofa — Light Brown Fabric #Lumos-31,8J23L31,Monarch,Living Room,sofas,"$1,024",,,PASS,,
Sofa — Orange Fabric #Lumos-68,8J13L68,Monarch,Living Room,sofas,"$1,024",,,PASS,,
Sofa — Rust Fabric #Lumos-44,8J13L44,Monarch,Living Room,sofas,"$1,024",,,PASS,,
Spruce,L3350,Matrix,Living Room,living-sets,"$2,044","$2,044",3 pc set,PASS,,
Spruce Chair Black,L3350,Matrix,Living Room,chairs,$469,$469,chair,PASS,,
Spruce Chair Red Black,L3350,Matrix,Living Room,chairs,$469,$469,chair,PASS,,
Spruce Love seat Black,L3350,Matrix,Living Room,loveseats,$721,$721,loveseat,PASS,,
Spruce Love seat Red Black,L3350,Matrix,Living Room,loveseats,$721,$721,loveseat,PASS,,
Spruce Sofa Black,L3350,Matrix,Living Room,sofas,$847,$847,sofa,PASS,,
Spruce Sofa Red Black,L3350,Matrix,Living Room,sofas,$847,$847,sofa,PASS,,
Supra Chair Brown,L3965,Matrix,Living Room,chairs,"$1,162","$1,162",chair,PASS,,
Supra Chair Slate grey,L3965,Matrix,Living Room,chairs,"$1,162","$1,162",chair,PASS,,
Supra Loveseat Brown,L3965,Matrix,Living Room,loveseats,"$1,761","$1,761",loveseat,PASS,,
Supra Loveseat Slate grey,L3965,Matrix,Living Room,loveseats,"$1,761","$1,761",loveseat,PASS,,
Supra Sofa Brown,L3965,Matrix,Living Room,sofas,"$2,139","$2,139",sofa,PASS,,
Supra Sofa Slate grey,L3965,Matrix,Living Room,sofas,"$2,139","$2,139",sofa,PASS,,
Supra — 3-Pc Set,3965,Matrix,Living Room,living-sets,"$5,037","$5,037",3 pc set,PASS,,Reclassified to Living Sets
Table Set — Black,I 7854P,Monarch,Living Room,accent-tables,$346,,,PASS,,
Table Set — Black,I 7840P,Monarch,Living Room,accent-tables,$362,,,PASS,,
Table Set — Black / Black Metal,I 7894P,Monarch,Living Room,accent-tables,$268,,,PASS,,
Table Set — Black / Grey Top,I 7992P,Monarch,Living Room,accent-tables,$346,,,PASS,,
Table Set — Black / Grey Top,I 7928P,Monarch,Living Room,accent-tables,$236,,,PASS,,
Table Set — Black Marble / Black Metal,I 7954P,Monarch,Living Room,accent-tables,$346,,,PASS,,
Table Set — Black Oak / Black Metal,I 7807P,Monarch,Living Room,accent-tables,$236,,,PASS,,
Table Set — Brown Oak,I 7863P,Monarch,Living Room,accent-tables,$346,,,PASS,,
Table Set — Brown Oak,I 7873P,Monarch,Living Room,accent-tables,$236,,,PASS,,
Table Set — Brown Reclaimed / Black Metal,I 7893P,Monarch,Living Room,accent-tables,$249,,,PASS,,
Table Set — Cream Stone / Black Metal,I 7974P,Monarch,Living Room,accent-tables,$220,,,PASS,,
Table Set — Dark Bronze / Black Metal,I 7975P,Monarch,Living Room,accent-tables,$220,,,PASS,,
Table Set — Dark Brown,I 7856P,Monarch,Living Room,accent-tables,$346,,,PASS,,
Table Set — Dark Taupe,I 7912P,Monarch,Living Room,accent-tables,$346,,,PASS,,
Table Set — Dark Taupe,I 7931P,Monarch,Living Room,accent-tables,$299,,,PASS,,
Table Set — Dark Taupe,I 7927P,Monarch,Living Room,accent-tables,$236,,,PASS,,
Table Set — Dark Taupe / Black Metal,I 7960P,Monarch,Living Room,accent-tables,$346,,,PASS,,
Table Set — Dark Taupe / Black Metal,I 7950P,Monarch,Living Room,accent-tables,$346,,,PASS,,
Table Set — Dark Taupe / Black Metal,I 7805P,Monarch,Living Room,accent-tables,$236,,,PASS,,
Table Set — Dark Taupe / Black Metal,I 7895P,Monarch,Living Room,accent-tables,$268,,,PASS,,
Table Set — Dark Walnut,I 7899P,Monarch,Living Room,accent-tables,$346,,,PASS,,
Table Set — Dark Walnut,I 7862P,Monarch,Living Room,accent-tables,$346,,,PASS,,
Table Set — Dark Walnut,I 7872P,Monarch,Living Room,accent-tables,$236,,,PASS,,
Table Set — Espresso,I 7842P,Monarch,Living Room,accent-tables,$378,,,PASS,,
Table Set — Espresso,I 7930P,Monarch,Living Room,accent-tables,$299,,,PASS,,
Table Set — Espresso,I 7924P,Monarch,Living Room,accent-tables,$236,,,PASS,,
Table Set — Grey,I 7851P,Monarch,Living Room,accent-tables,$346,,,PASS,,
Table Set — Grey,I 7991P,Monarch,Living Room,accent-tables,$346,,,PASS,,
Table Set — Grey,I 7932P,Monarch,Living Room,accent-tables,$299,,,PASS,,
Table Set — Grey,I 7925P,Monarch,Living Room,accent-tables,$236,,,PASS,,
Table Set — Grey / Black Metal,I 7806P,Monarch,Living Room,accent-tables,$236,,,PASS,,
Table Set — Grey / Black Metal,I 7896P,Monarch,Living Room,accent-tables,$268,,,PASS,,
Table Set — Industrial Grey,I 7880P,Monarch,Living Room,accent-tables,$346,,,PASS,,
Table Set — Industrial Grey,I 7870P,Monarch,Living Room,accent-tables,$236,,,PASS,,
Table Set — Natural,I 7857P,Monarch,Living Room,accent-tables,$346,,,PASS,,
Table Set — Taupe Reclaimed Wood / Black Metal,I 7939P,Monarch,Living Room,accent-tables,$504,,,PASS,,
Table Set — Walnut,I 7850P,Monarch,Living Room,accent-tables,$346,,,PASS,,
Table Set — White,I 7853P,Monarch,Living Room,accent-tables,$346,,,PASS,,
Table Set — White / Silver Metal,I 7961P,Monarch,Living Room,accent-tables,$346,,,PASS,,
Table Set — White / Silver Metal,I 7951P,Monarch,Living Room,accent-tables,$346,,,PASS,,
Table Set — White Marble / Black Metal,I 7892P,Monarch,Living Room,accent-tables,$268,,,PASS,,
Table Set — White Marble / Silver Metal,I 7953P,Monarch,Living Room,accent-tables,$346,,,PASS,,
Tv Console Display Rack — Silver Metal,I 9903,Monarch,Living Room,console-tables,$551,,,PASS,,
Tv Stand — 3 Drawers Mango Wood-Look / Black ,I 2880,Monarch,Living Room,tv-media,$630,,,PASS,,
Tv Stand — Antique White With 4 Doors,I 2799,Monarch,Living Room,tv-media,$662,,,PASS,,
Tv Stand — Beige / Brass Accent,TV 8502,Monarch,Living Room,tv-media,$110,,,PASS,,
Tv Stand — Black / Black Marble Top / 1 Drawe,I 2610,Monarch,Living Room,tv-media,$362,,,PASS,,
Tv Stand — Black / Black Metal,I 2845,Monarch,Living Room,tv-media,$504,,,PASS,,
Tv Stand — Black / Black Metal,I 2870,Monarch,Living Room,tv-media,$346,,,PASS,,
Tv Stand — Black / Black Metal With Storage,I 2734,Monarch,Living Room,tv-media,$425,,,PASS,,
Tv Stand — Black / Grey Top Corner,I 2564,Monarch,Living Room,tv-media,$205,,,PASS,,
Tv Stand — Black / Grey Top With 1 Drawer,I 2575,Monarch,Living Room,tv-media,$536,,,PASS,,
Tv Stand — Black / Metal With 2 Doors,I 2825,Monarch,Living Room,tv-media,$410,,,PASS,,
Tv Stand — Black / Metal With 2 Wood-Look Doo,I 2752,Monarch,Living Room,tv-media,$457,,,PASS,,
Tv Stand — Black / Seagrass-Look With 3 Doors,I 2782,Monarch,Living Room,tv-media,$583,,,PASS,,
Tv Stand — Black / White Doors With Black Met,I 2732,Monarch,Living Room,tv-media,$504,,,PASS,,
Tv Stand — Black Reclaimed Wood-Look,I 2743,Monarch,Living Room,tv-media,$551,,,PASS,,
Tv Stand — Black Reclaimed Wood-Look / 3 Draw,I 2823,Monarch,Living Room,tv-media,$627,,,PASS,,
Tv Stand — Black Tempered Glass,I 2038,Monarch,Living Room,tv-media,$299,,,PASS,,
Tv Stand — Black With 2 Doors,I 2749,Monarch,Living Room,tv-media,$394,,,PASS,,
Tv Stand — Black With 2 Doors,I 2783,Monarch,Living Room,tv-media,$504,,,PASS,,
Tv Stand — Black With 2 Wood-Look Doors,I 2781,Monarch,Living Room,tv-media,$394,,,PASS,,
Tv Stand — Black With 4 Brown Wood-Look Doors,I 2798,Monarch,Living Room,tv-media,$662,,,PASS,,
Tv Stand — Black With Black Metal,I 2733,Monarch,Living Room,tv-media,$504,,,PASS,,
Tv Stand — Black With Storage,I 2724,Monarch,Living Room,tv-media,$551,,,PASS,,
Tv Stand — Black Wood Grain / Black Metal,I 2535,Monarch,Living Room,tv-media,$312,,,PASS,,
Tv Stand — Black Wood-Look With Storage,I 2754,Monarch,Living Room,tv-media,$520,,,PASS,,
Tv Stand — Brass / Flat Screen Tv,ET 8502,Monarch,Living Room,tv-media,$158,,,PASS,,
Tv Stand — Brass Accent Corner Unit,TV 8511,Monarch,Living Room,tv-media,$110,,,PASS,,
Tv Stand — Brass Wall Unit,ET 856,Monarch,Living Room,tv-media,$158,,,PASS,,
Tv Stand — Brown Reclaimed / 1 Drawer,I 2611,Monarch,Living Room,tv-media,$362,,,PASS,,
Tv Stand — Brown Reclaimed Wood-Look / 3 Draw,I 2820,Monarch,Living Room,tv-media,$627,,,PASS,,
Tv Stand — Brown Reclaimed-Look / 2 Sliding D,I 2748,Monarch,Living Room,tv-media,$504,,,PASS,,
Tv Stand — Brown Wood / Seagrass-Look With 3 ,I 2764,Monarch,Living Room,tv-media,$583,,,PASS,,
Tv Stand — Brown Wood-Look With 2 Doors,I 2717,Monarch,Living Room,tv-media,$394,,,PASS,,
Tv Stand — Cherry Corner,I 2554,Monarch,Living Room,tv-media,$220,,,PASS,,
Tv Stand — Cream Stone / Black Metal,I 2846,Monarch,Living Room,tv-media,$504,,,PASS,,
Tv Stand — Dark Bronze / Black Metal,I 2847,Monarch,Living Room,tv-media,$504,,,PASS,,
Tv Stand — Dark Brown Knotty Oak With 4 Drawe,I 2524,Monarch,Living Room,tv-media,$536,,,PASS,,
Tv Stand — Dark Brown Wood-Look With 4 Doors,I 2727,Monarch,Living Room,tv-media,$614,,,PASS,,
Tv Stand — Dark Brown Wood-Look With Storage,I 2718,Monarch,Living Room,tv-media,$677,,,PASS,,
Tv Stand — Dark Brown Wood-Look With Storage,I 2828,Monarch,Living Room,tv-media,$551,,,PASS,,
Tv Stand — Dark Taupe,I 3528,Monarch,Living Room,tv-media,$315,,,PASS,,
Tv Stand — Dark Taupe / Black Metal,I 2872,Monarch,Living Room,tv-media,$346,,,PASS,,
Tv Stand — Dark Taupe With 2 Sliding Doors,I 2746,Monarch,Living Room,tv-media,$504,,,PASS,,
Tv Stand — Dark Taupe With 2 Storage Drawers,I 2721,Monarch,Living Room,tv-media,$614,,,PASS,,
Tv Stand — Dark Walnut With 2 Doors,I 2833,Monarch,Living Room,tv-media,$488,,,PASS,,
Tv Stand — Dark Walnut With Storage,I 2787,Monarch,Living Room,tv-media,$520,,,PASS,,
Tv Stand — Espresso / Taupe Reclaimed Wood-Lo,I 2805,Monarch,Living Room,tv-media,$472,,,PASS,,
Tv Stand — Espresso With 1 Drawer,I 2572,Monarch,Living Room,tv-media,$536,,,PASS,,
Tv Stand — Grey / Black Metal,I 2871,Monarch,Living Room,tv-media,$346,,,PASS,,
Tv Stand — Grey / Black Metal With Storage,I 2739,Monarch,Living Room,tv-media,$425,,,PASS,,
Tv Stand — Grey Concrete / Medium Brown Recla,I 2830,Monarch,Living Room,tv-media,$472,,,PASS,,
Tv Stand — Grey Corner,I 2566,Monarch,Living Room,tv-media,$205,,,PASS,,
Tv Stand — Grey Reclaimed Wood-Look / 3 Drawe,I 2821,Monarch,Living Room,tv-media,$627,,,PASS,,
Tv Stand — Grey With 2 Sliding Doors,I 2747,Monarch,Living Room,tv-media,$504,,,PASS,,
Tv Stand — Light Beige / Dark Oak Top With 2 ,I 2507,Monarch,Living Room,tv-media,$410,,,PASS,,
Tv Stand — Light Walnut / Seagrass-Look With ,I 2793,Monarch,Living Room,tv-media,$583,,,PASS,,
Tv Stand — Light Walnut With Storage,I 2834,Monarch,Living Room,tv-media,$551,,,PASS,,
Tv Stand — Maple Entertainment Center,ET 907,Monarch,Living Room,tv-media,$158,,,PASS,,
Tv Stand — Natural With 2 Wood-Look Doors,I 2777,Monarch,Living Room,tv-media,$394,,,PASS,,
Tv Stand — Rustic Grey With 2 Doors,I 2511,Monarch,Living Room,tv-media,$410,,,PASS,,
Tv Stand — Silver Tv Stand,TV 104,Monarch,Living Room,tv-media,$79,,,PASS,,
Tv Stand — Travertine Stone With Storage,I 2890,Monarch,Living Room,tv-media,$488,,,PASS,,
Tv Stand — Walnut With 2 Doors,I 2784,Monarch,Living Room,tv-media,$504,,,PASS,,
Tv Stand — Walnut With Storage,I 2723,Monarch,Living Room,tv-media,$551,,,PASS,,
Tv Stand — Walnut With Storage,I 2722,Monarch,Living Room,tv-media,$614,,,PASS,,
Tv Stand — Walnut With Storage,I 2753,Monarch,Living Room,tv-media,$520,,,PASS,,
Tv Stand — Walnut Wood-Look With 2 Doors,I 2719,Monarch,Living Room,tv-media,$394,,,PASS,,
Tv Stand — Washed Oak / Dark Walnut Top With ,I 2769,Monarch,Living Room,tv-media,$614,,,PASS,,
Tv Stand — Washed Oak Entertainment Center,ET 4400,Monarch,Living Room,tv-media,$158,,,PASS,,
Tv Stand — White / Black Metal,I 2615,Monarch,Living Room,tv-media,$472,,,PASS,,
Tv Stand — White / Grey Cement-Look Top,I 2841,Monarch,Living Room,tv-media,$551,,,PASS,,
Tv Stand — White / Grey Cement-Look Top,I 2840,Monarch,Living Room,tv-media,$472,,,PASS,,
Tv Stand — White / White Marble Top / 1 Drawe,I 2609,Monarch,Living Room,tv-media,$362,,,PASS,,
Tv Stand — White With 1 Drawer,I 2573,Monarch,Living Room,tv-media,$536,,,PASS,,
Verona Chair Beige,L8565,Matrix,Living Room,chairs,"$1,950","$1,950",chair,PASS,,
Verona Chair Black,L8565,Matrix,Living Room,chairs,"$1,950","$1,950",chair,PASS,,
Verona Love seat Beige,L8565,Matrix,Living Room,loveseats,"$2,989","$2,989",loveseat,PASS,,
Verona Love seat Black,L8565,Matrix,Living Room,loveseats,"$2,989","$2,989",loveseat,PASS,,
Verona Sofa Beige,L8565,Matrix,Living Room,sofas,"$3,588","$3,588",sofa,PASS,,
Verona Sofa Black,L8565,Matrix,Living Room,sofas,"$3,588","$3,588",sofa,PASS,,
Verona — 3-Pc Set,8565,Matrix,Living Room,living-sets,"$8,502","$8,502",3 pc set,PASS,,Reclassified to Living Sets
Zoe,L8425,Matrix,Living Room,living-sets,"$4,407",,,PASS,,
Zoe Chair Beige,L8425,Matrix,Living Room,chairs,"$1,005",,,PASS,,
Zoe Chair Grey,L8425,Matrix,Living Room,chairs,"$1,005",,,PASS,,
Zoe Love seat Beige,L8425,Matrix,Living Room,loveseats,"$1,540",,,PASS,,
Zoe Love seat Grey,L8425,Matrix,Living Room,loveseats,"$1,540",,,PASS,,
Zoe Sofa Beige,L8425,Matrix,Living Room,sofas,"$1,855",,,PASS,,
Zoe Sofa Grey,L8425,Matrix,Living Room,sofas,"$1,855",,,PASS,,
Bookcase — Black / Black Metal Corner Etagere,I 3649,Monarch,Office,bookcases,$205,,,PASS,,
Bookcase — Black / Black Metal Corner Etagere,I 3610,Monarch,Office,bookcases,$205,,,PASS,,
Bookcase — Black / Grey With Adjustable Shelv,I 7407,Monarch,Office,bookcases,$268,,,PASS,,
Bookcase — Black Corner Accent Etagere,I 2499,Monarch,Office,bookcases,$268,,,PASS,,
Bookcase — Black Marble / Black Metal Corner,I 3650,Monarch,Office,bookcases,$205,,,PASS,,
Bookcase — Black Metal,I 3683,Monarch,Office,bookcases,$205,,,PASS,,
Bookcase — Brown Oak Corner Accent Etagere,I 2469,Monarch,Office,bookcases,$268,,,PASS,,
Bookcase — Brown Reclaimed Wood-Look / Black ,I 2202,Monarch,Office,bookcases,$205,,,PASS,,
Bookcase — Brown Reclaimed Wood-Look/ Adj. Sh,I 7404,Monarch,Office,bookcases,$268,,,PASS,,
Bookcase — Chrome Accent Storage Unit,ET 9006,Monarch,Office,bookcases,$158,,,PASS,,
Bookcase — Dark Taupe / Black Metal,I 7228,Monarch,Office,bookcases,$110,,,PASS,,
Bookcase — Dark Taupe / Black Metal,I 7800,Monarch,Office,bookcases,$189,,,PASS,,
Bookcase — Dark Taupe / Black Metal,I 7232,Monarch,Office,bookcases,$205,,,PASS,,
Bookcase — Dark Taupe / Black Metal,I 2201,Monarch,Office,bookcases,$205,,,PASS,,
Bookcase — Dark Taupe / Black Metal Corner Et,I 3648,Monarch,Office,bookcases,$205,,,PASS,,
Bookcase — Dark Taupe / Black Metal Corner Et,I 3621,Monarch,Office,bookcases,$205,,,PASS,,
Bookcase — Dark Taupe / Black Metal Corner Et,I 3611,Monarch,Office,bookcases,$205,,,PASS,,
Bookcase — Dark Taupe Accent Etagere,I 2428,Monarch,Office,bookcases,$154,,,PASS,,
Bookcase — Dark Taupe Corner Accent Etagere,I 2497,Monarch,Office,bookcases,$268,,,PASS,,
Bookcase — Dark Taupe Corner Accent Etagere,I 2424,Monarch,Office,bookcases,$284,,,PASS,,
Bookcase — Dark Taupe With 5 Shelves,I 7468,Monarch,Office,bookcases,$268,,,PASS,,
Bookcase — Dark Taupe With Adjustable Shelves,I 7060,Monarch,Office,bookcases,$268,,,PASS,,
Bookcase — Dark Walnut Corner Accent Etagere,I 2464,Monarch,Office,bookcases,$268,,,PASS,,
Bookcase — Espresso / Black Metal Corner Etag,I 3645,Monarch,Office,bookcases,$205,,,PASS,,
Bookcase — Espresso / Black Metal Corner Etag,I 3622,Monarch,Office,bookcases,$205,,,PASS,,
Bookcase — Espresso / Black Metal Corner Etag,I 3612,Monarch,Office,bookcases,$205,,,PASS,,
Bookcase — Espresso / Silver Metal,I 7239,Monarch,Office,bookcases,$189,,,PASS,,
Bookcase — Espresso Accent Etagere,I 2426,Monarch,Office,bookcases,$154,,,PASS,,
Bookcase — Espresso Corner Accent Etagere,I 2495,Monarch,Office,bookcases,$268,,,PASS,,
Bookcase — Espresso Corner Etagere W/ Drawer,I 2765,Monarch,Office,bookcases,$315,,,PASS,,
Bookcase — Espresso Ladder W/ 2 Storage Drawe,I 2542,Monarch,Office,bookcases,$472,,,PASS,,
Bookcase — Espresso With 5 Shelves,I 7467,Monarch,Office,bookcases,$268,,,PASS,,
Bookcase — Glossy White With Tempered Glass,I 3289,Monarch,Office,bookcases,$677,,,PASS,,
Bookcase — Glossy White With Tempered Glass,I 3290,Monarch,Office,bookcases,$630,,,PASS,,
Bookcase — Gold / Storage Unit,ET 8805,Monarch,Office,bookcases,$158,,,PASS,,
Bookcase — Gold Accent Storage Unit,ET 8405,Monarch,Office,bookcases,$158,,,PASS,,
Bookcase — Gold Accent Storage Unit,ET 9405,Monarch,Office,bookcases,$158,,,PASS,,
Bookcase — Grey / Black Metal,I 2200,Monarch,Office,bookcases,$205,,,PASS,,
Bookcase — Grey / Black Metal Corner Etagere,I 3647,Monarch,Office,bookcases,$205,,,PASS,,
Bookcase — Grey Reclaimed Wood-Look / Adj. Sh,I 7405,Monarch,Office,bookcases,$268,,,PASS,,
Bookcase — Grey With 3 Shelves,I 7478,Monarch,Office,bookcases,$173,,,PASS,,
Bookcase — Grey With 5 Shelves,I 7469,Monarch,Office,bookcases,$268,,,PASS,,
Bookcase — Grey-Black Corner Accent Etagere,I 2750,Monarch,Office,bookcases,$268,,,PASS,,
Bookcase — Grey-White Ladder With 2 Storage D,I 2756,Monarch,Office,bookcases,$472,,,PASS,,
Bookcase — Industrial Grey Corner Accent Etag,I 2433,Monarch,Office,bookcases,$268,,,PASS,,
Bookcase — Ladder Black Marble / Black Metal,I 3684,Monarch,Office,bookcases,$205,,,PASS,,
Bookcase — Ladder White Marble / Black Metal,I 3685,Monarch,Office,bookcases,$205,,,PASS,,
Bookcase — Silver Metal With Tempered Glass,I 7158,Monarch,Office,bookcases,$299,,,PASS,,
Bookcase — Storage Unit,ET 4800,Monarch,Office,bookcases,$158,,,PASS,,
Bookcase — Storage Unit,ET 9001,Monarch,Office,bookcases,$158,,,PASS,,
Bookcase — Storage Unit,ET 1008,Monarch,Office,bookcases,$158,,,PASS,,
Bookcase — Storage Unit,ET 4600,Monarch,Office,bookcases,$158,,,PASS,,
Bookcase — Taupe Reclaimed Wood-Look / Adj. S,I 7406,Monarch,Office,bookcases,$268,,,PASS,,
Bookcase — White / Grey,I 7076,Monarch,Office,bookcases,$614,,,PASS,,
Bookcase — White / Silver Metal,I 7233,Monarch,Office,bookcases,$205,,,PASS,,
Bookcase — White / White Metal,I 7801,Monarch,Office,bookcases,$189,,,PASS,,
Bookcase — White / White Metal Corner Etagere,I 3665,Monarch,Office,bookcases,$158,,,PASS,,
Bookcase — White / White Metal Corner Etagere,I 3623,Monarch,Office,bookcases,$205,,,PASS,,
Bookcase — White / White Metal Corner Etagere,I 3613,Monarch,Office,bookcases,$205,,,PASS,,
Bookcase — White Accent Etagere,I 2427,Monarch,Office,bookcases,$154,,,PASS,,
Bookcase — White Corner Accent Etagere,I 2496,Monarch,Office,bookcases,$268,,,PASS,,
Bookcase — White Corner Accent Etagere,I 2425,Monarch,Office,bookcases,$284,,,PASS,,
Bookcase — White Ladder With 2 Storage Drawer,I 2562,Monarch,Office,bookcases,$472,,,PASS,,
Bookcase — White Marble / Black Metal Corner,I 3651,Monarch,Office,bookcases,$205,,,PASS,,
Bookcase — White Metal,I 3687,Monarch,Office,bookcases,$205,,,PASS,,
Bookcase — White Metal With Tempered Glass,I 7159,Monarch,Office,bookcases,$299,,,PASS,,
Bookcase — White With 5 Shelves,I 7470,Monarch,Office,bookcases,$268,,,PASS,,
Bookcase — White With Adjustable Shelves,I 7059,Monarch,Office,bookcases,$268,,,PASS,,
Computer Desk — 2 Shelves,I 7721,Monarch,Office,desks,$299,,,PASS,,
Computer Desk — 2 Shelves,I 7720,Monarch,Office,desks,$299,,,PASS,,
Computer Desk — 2 Shelves,I 7723,Monarch,Office,desks,$299,,,PASS,,
Computer Desk — 2 Shelves,I 7722,Monarch,Office,desks,$299,,,PASS,,
Computer Desk — Antique White Traditional,I 3103,Monarch,Office,desks,$469,,,PASS,,
Computer Desk — Black / Adj.Height/ Black Metal,I 7682,Monarch,Office,desks,$784,,,PASS,,
Computer Desk — Black / Adj.Height/ Silver Metal,I 7684,Monarch,Office,desks,$784,,,PASS,,
Computer Desk — Black / Black Metal,I 7556,Monarch,Office,desks,$312,,,PASS,,
Computer Desk — Black / Black Metal,I 7522,Monarch,Office,desks,$186,,,PASS,,
Computer Desk — Black / Black Metal,I 7547,Monarch,Office,desks,$205,,,PASS,,
Computer Desk — Black / Black Metal,I 7537,Monarch,Office,desks,$186,,,PASS,,
Computer Desk — Black / Black Metal,I 7220,Monarch,Office,desks,$186,,,PASS,,
Computer Desk — Black / Black Metal,I 7771,Monarch,Office,desks,$236,,,PASS,,
Computer Desk — Black / Black Metal,I 7776,Monarch,Office,desks,$186,,,PASS,,
Computer Desk — Black / Black Metal,I 7330,Monarch,Office,desks,$299,,,PASS,,
Computer Desk — Black / Black Standing Height,I 7700,Monarch,Office,desks,$346,,,PASS,,
Computer Desk — Black / Concrete / Black Metal / L,I 7617,Monarch,Office,desks,$835,,,PASS,,
Computer Desk — Black / Grey Concrete / Black Meta,I 7632,Monarch,Office,desks,$614,,,PASS,,
Computer Desk — Black / Grey Top / Black Metal,I 7437,Monarch,Office,desks,$564,,,PASS,,
Computer Desk — Black / Grey Top Corner / Black,I 7503,Monarch,Office,desks,$469,,,PASS,,
Computer Desk — Black / Silver Metal,I 7634,Monarch,Office,desks,$614,,,PASS,,
Computer Desk — Black / Silver Metal,I 7664,Monarch,Office,desks,$284,,,PASS,,
Computer Desk — Black / Silver Metal / L/R Face,I 7619,Monarch,Office,desks,$835,,,PASS,,
Computer Desk — Black Commercial Grade,I 7730,Monarch,Office,desks,$835,,,PASS,,
Computer Desk — Black Commercial Grade,I 7731,Monarch,Office,desks,$346,,,PASS,,
Computer Desk — Black Executive Corner,I 7713,Monarch,Office,desks,"$1,099",,,PASS,,
Computer Desk — Black Executive Corner,I 7710,Monarch,Office,desks,"$1,099",,,PASS,,
Computer Desk — Black Executive Corner,I 7715,Monarch,Office,desks,"$1,099",,,PASS,,
Computer Desk — Black Executive Corner,I 7714,Monarch,Office,desks,"$1,099",,,PASS,,
Computer Desk — Black Left Or Right Facing,I 7691,Monarch,Office,desks,$551,,,PASS,,
Computer Desk — Black Marble / Black Metal,I 7793,Monarch,Office,desks,$299,,,PASS,,
Computer Desk — Black Marble / Black Metal Corner,I 7594,Monarch,Office,desks,$280,,,PASS,,
Computer Desk — Black Marble / Black Metal Corner,I 7396,Monarch,Office,desks,$249,,,PASS,,
Computer Desk — Black Marble-Look / Black Metal,I 7552,Monarch,Office,desks,$312,,,PASS,,
Computer Desk — Black Marble-Look / Black Metal,I 7528,Monarch,Office,desks,$186,,,PASS,,
Computer Desk — Black Marble-Look / Black Metal,I 7544,Monarch,Office,desks,$205,,,PASS,,
Computer Desk — Black Marble-Look / Black Metal,I 7542,Monarch,Office,desks,$186,,,PASS,,
Computer Desk — Black Marble-Look / Black Metal,I 7572,Monarch,Office,desks,$186,,,PASS,,
Computer Desk — Black Metal / Black Tempered Glass,I 7379,Monarch,Office,desks,$346,,,PASS,,
Computer Desk — Black Metal Corner,I 7160,Monarch,Office,desks,$614,,,PASS,,
Computer Desk — Black Metal Corner,I 7161,Monarch,Office,desks,$614,,,PASS,,
Computer Desk — Black Metal Corner With Tempered G,I 7172,Monarch,Office,desks,$394,,,PASS,,
Computer Desk — Black Oak L-Shaped Corner,I 7493,Monarch,Office,desks,$819,,,PASS,,
Computer Desk — Black Oak Left Or Right Facing,I 7601,Monarch,Office,desks,$394,,,PASS,,
Computer Desk — Black Reclaimed Wood / Black Metal,I 7488,Monarch,Office,desks,$564,,,PASS,,
Computer Desk — Black Reclaimed Wood Corner,I 7507,Monarch,Office,desks,$469,,,PASS,,
Computer Desk — Brown Oak / Storage Cabinet,I 7349,Monarch,Office,desks,$375,,,PASS,,
Computer Desk — Brown Reclaimed / Black Metal,I 7574,Monarch,Office,desks,$205,,,PASS,,
Computer Desk — Brown Reclaimed / Black Metal Corn,I 7593,Monarch,Office,desks,$280,,,PASS,,
Computer Desk — Brown Reclaimed / Black Metal Corn,I 7391,Monarch,Office,desks,$249,,,PASS,,
Computer Desk — Brown Reclaimed Left/ Right Facing,I 7765,Monarch,Office,desks,$406,,,PASS,,
Computer Desk — Brown Reclaimed Wood / Black Metal,I 7416,Monarch,Office,desks,$709,,,PASS,,
Computer Desk — Brown Reclaimed Wood / Black Metal,I 7485,Monarch,Office,desks,$564,,,PASS,,
Computer Desk — Brown Reclaimed Wood / Black Metal,I 7412,Monarch,Office,desks,$551,,,PASS,,
Computer Desk — Brown Reclaimed Wood / Black Metal,I 7408,Monarch,Office,desks,$520,,,PASS,,
Computer Desk — Brown Reclaimed Wood / Black Metal,I 7447,Monarch,Office,desks,$394,,,PASS,,
Computer Desk — Brown Reclaimed Wood / Black Metal,I 7450,Monarch,Office,desks,$312,,,PASS,,
Computer Desk — Brown Reclaimed Wood / Black Metal,I 7794,Monarch,Office,desks,$299,,,PASS,,
Computer Desk — Brown Reclaimed Wood / Black Metal,I 7557,Monarch,Office,desks,$312,,,PASS,,
Computer Desk — Brown Reclaimed Wood / Black Metal,I 7525,Monarch,Office,desks,$186,,,PASS,,
Computer Desk — Brown Reclaimed Wood / Black Metal,I 7548,Monarch,Office,desks,$205,,,PASS,,
Computer Desk — Brown Reclaimed Wood / Black Metal,I 7538,Monarch,Office,desks,$186,,,PASS,,
Computer Desk — Brown Reclaimed Wood Corner,I 7504,Monarch,Office,desks,$469,,,PASS,,
Computer Desk — Brown Reclaimed Wood/ Glass Panels,I 7444,Monarch,Office,desks,$410,,,PASS,,
Computer Desk — Cement-Look Left/Right Face,I 7258,Monarch,Office,desks,$788,,,PASS,,
Computer Desk — Cherry / Adj.Height/ Black Metal,I 7676,Monarch,Office,desks,$784,,,PASS,,
Computer Desk — Cherry / Black Metal,I 7626,Monarch,Office,desks,$614,,,PASS,,
Computer Desk — Cherry / Black Metal,I 7671,Monarch,Office,desks,$425,,,PASS,,
Computer Desk — Cherry / Black Metal,I 7656,Monarch,Office,desks,$284,,,PASS,,
Computer Desk — Concrete / Silver Metal L/R Corner,I 7586,Monarch,Office,desks,$469,,,PASS,,
Computer Desk — Dark Cherry Traditional,I 3100,Monarch,Office,desks,$469,,,PASS,,
Computer Desk — Dark Grey L-Shaped Corner,I 7492,Monarch,Office,desks,$819,,,PASS,,
Computer Desk — Dark Taupe / Black Metal,I 7310,Monarch,Office,desks,$284,,,PASS,,
Computer Desk — Dark Taupe / Black Metal,I 7796,Monarch,Office,desks,$299,,,PASS,,
Computer Desk — Dark Taupe / Black Metal,I 7360,Monarch,Office,desks,$312,,,PASS,,
Computer Desk — Dark Taupe / Black Metal,I 7555,Monarch,Office,desks,$312,,,PASS,,
Computer Desk — Dark Taupe / Black Metal,I 7523,Monarch,Office,desks,$186,,,PASS,,
Computer Desk — Dark Taupe / Black Metal,I 7546,Monarch,Office,desks,$205,,,PASS,,
Computer Desk — Dark Taupe / Black Metal,I 7536,Monarch,Office,desks,$186,,,PASS,,
Computer Desk — Dark Taupe / Black Metal,I 7373,Monarch,Office,desks,$205,,,PASS,,
Computer Desk — Dark Taupe / Black Metal,I 7370,Monarch,Office,desks,$217,,,PASS,,
Computer Desk — Dark Taupe / Black Metal,I 7221,Monarch,Office,desks,$205,,,PASS,,
Computer Desk — Dark Taupe / Black Metal,I 7772,Monarch,Office,desks,$236,,,PASS,,
Computer Desk — Dark Taupe / Black Metal,I 7777,Monarch,Office,desks,$186,,,PASS,,
Computer Desk — Dark Taupe / Black Metal,I 7332,Monarch,Office,desks,$299,,,PASS,,
Computer Desk — Dark Taupe / Black Metal Corner,I 7398,Monarch,Office,desks,$249,,,PASS,,
Computer Desk — Dark Taupe / Black Standing Height,I 7702,Monarch,Office,desks,$346,,,PASS,,
Computer Desk — Dark Taupe / Chrome Metal,I 7204,Monarch,Office,desks,$312,,,PASS,,
Computer Desk — Dark Taupe / Silver Metal,I 7082,Monarch,Office,desks,$709,,,PASS,,
Computer Desk — Dark Taupe / Silver Metal,I 7145,Monarch,Office,desks,$614,,,PASS,,
Computer Desk — Dark Taupe / Silver Metal,I 7150,Monarch,Office,desks,$564,,,PASS,,
Computer Desk — Dark Taupe Corner / Silver Metal,I 7501,Monarch,Office,desks,$469,,,PASS,,
Computer Desk — Dark Taupe Ladder Style,I 7042,Monarch,Office,desks,$280,,,PASS,,
Computer Desk — Dark Taupe Left Or Right Facing,I 7304,Monarch,Office,desks,$866,,,PASS,,
Computer Desk — Dark Taupe Left Or Right Facing,I 7255,Monarch,Office,desks,$788,,,PASS,,
Computer Desk — Dark Taupe Left Or Right Facing,I 7326,Monarch,Office,desks,$520,,,PASS,,
Computer Desk — Dark Taupe Left Or Right Facing,I 7764,Monarch,Office,desks,$406,,,PASS,,
Computer Desk — Dark Taupe Left Or Right Facing Co,I 7318,Monarch,Office,desks,"$1,102",,,PASS,,
Computer Desk — Dark Taupe Left Or Right Facing Co,I 7134,Monarch,Office,desks,$662,,,PASS,,
Computer Desk — Dark Taupe Left Or Right Facing Co,I 7041,Monarch,Office,desks,$551,,,PASS,,
Computer Desk — Dark Taupe Top/ Black Metal Corner,I 7592,Monarch,Office,desks,$280,,,PASS,,
Computer Desk — Dark Taupe Top/ Black Metal Corner,I 7197,Monarch,Office,desks,$220,,,PASS,,
Computer Desk — Dark Taupe With A Storage Drawer,I 7191,Monarch,Office,desks,$205,,,PASS,,
Computer Desk — Dark Walnut / Storage Cabinet,I 7348,Monarch,Office,desks,$375,,,PASS,,
Computer Desk — Espresso / Black Metal,I 7311,Monarch,Office,desks,$284,,,PASS,,
Computer Desk — Espresso / Gold Metal,I 7210,Monarch,Office,desks,$394,,,PASS,,
Computer Desk — Espresso / Gold Metal,I 7201,Monarch,Office,desks,$312,,,PASS,,
Computer Desk — Espresso / Silver Metal,I 7080,Monarch,Office,desks,$709,,,PASS,,
Computer Desk — Espresso / Silver Metal,I 7143,Monarch,Office,desks,$614,,,PASS,,
Computer Desk — Espresso / Silver Metal,I 7366,Monarch,Office,desks,$362,,,PASS,,
Computer Desk — Espresso / Silver Metal,I 7374,Monarch,Office,desks,$205,,,PASS,,
Computer Desk — Espresso / Silver Metal,I 7369,Monarch,Office,desks,$217,,,PASS,,
Computer Desk — Espresso Corner / Silver Metal,I 7502,Monarch,Office,desks,$469,,,PASS,,
Computer Desk — Espresso Ladder Style,I 7043,Monarch,Office,desks,$280,,,PASS,,
Computer Desk — Espresso Left Or Right Facing,I 7305,Monarch,Office,desks,$866,,,PASS,,
Computer Desk — Espresso Left Or Right Facing,I 7026,Monarch,Office,desks,$520,,,PASS,,
Computer Desk — Espresso Left Or Right Facing Corn,I 7018,Monarch,Office,desks,"$1,102",,,PASS,,
Computer Desk — Espresso Left Or Right Facing Corn,I 7021,Monarch,Office,desks,$627,,,PASS,,
Computer Desk — Espresso Top / Black Metal Corner,I 7590,Monarch,Office,desks,$280,,,PASS,,
Computer Desk — Espresso Top / Black Metal Corner,I 7390,Monarch,Office,desks,$249,,,PASS,,
Computer Desk — Espresso Top / Silver Metal,I 7166,Monarch,Office,desks,$236,,,PASS,,
Computer Desk — Espresso With A Storage Drawer,I 7190,Monarch,Office,desks,$205,,,PASS,,
Computer Desk — Espresso With Bookcase,I 7096,Monarch,Office,desks,$551,,,PASS,,
Computer Desk — Glossy White / Chrome Metal,I 7211,Monarch,Office,desks,$394,,,PASS,,
Computer Desk — Glossy White / Chrome Metal,I 7520,Monarch,Office,desks,$469,,,PASS,,
Computer Desk — Glossy White / Chrome Metal,I 7205,Monarch,Office,desks,$312,,,PASS,,
Computer Desk — Glossy White / Tempered Glass,I 7209,Monarch,Office,desks,$472,,,PASS,,
Computer Desk — Grey / Black Metal,I 7312,Monarch,Office,desks,$284,,,PASS,,
Computer Desk — Grey / Black Metal,I 7792,Monarch,Office,desks,$299,,,PASS,,
Computer Desk — Grey / Black Metal,I 7553,Monarch,Office,desks,$312,,,PASS,,
Computer Desk — Grey / Black Metal,I 7524,Monarch,Office,desks,$186,,,PASS,,
Computer Desk — Grey / Black Metal,I 7551,Monarch,Office,desks,$205,,,PASS,,
Computer Desk — Grey / Black Metal,I 7541,Monarch,Office,desks,$186,,,PASS,,
Computer Desk — Grey / Black Metal,I 7773,Monarch,Office,desks,$236,,,PASS,,
Computer Desk — Grey / Black Metal,I 7778,Monarch,Office,desks,$186,,,PASS,,
Computer Desk — Grey / Black Metal,I 7331,Monarch,Office,desks,$299,,,PASS,,
Computer Desk — Grey / Black Standing Height,I 7703,Monarch,Office,desks,$346,,,PASS,,
Computer Desk — Grey / Dark Grey Metal,I 7217,Monarch,Office,desks,$186,,,PASS,,
Computer Desk — Grey Concrete-Look / Black Metal,I 7661,Monarch,Office,desks,$284,,,PASS,,
Computer Desk — Grey Concrete-Look / Silver Metal,I 7662,Monarch,Office,desks,$284,,,PASS,,
Computer Desk — Grey Left Or Right Facing,I 7306,Monarch,Office,desks,$866,,,PASS,,
Computer Desk — Grey Left Or Right Facing,I 7257,Monarch,Office,desks,$788,,,PASS,,
Computer Desk — Grey Left Or Right Facing,I 7426,Monarch,Office,desks,$520,,,PASS,,
Computer Desk — Grey Left Or Right Facing,I 7763,Monarch,Office,desks,$406,,,PASS,,
Computer Desk — Grey Left Or Right Facing Corner,I 7135,Monarch,Office,desks,$662,,,PASS,,
Computer Desk — Grey Reclaimed Wood / Black Metal,I 7417,Monarch,Office,desks,$709,,,PASS,,
Computer Desk — Grey Reclaimed Wood / Black Metal,I 7486,Monarch,Office,desks,$564,,,PASS,,
Computer Desk — Grey Reclaimed Wood / Black Metal,I 7413,Monarch,Office,desks,$551,,,PASS,,
Computer Desk — Grey Reclaimed Wood / Black Metal,I 7409,Monarch,Office,desks,$520,,,PASS,,
Computer Desk — Grey Reclaimed Wood / Black Metal,I 7448,Monarch,Office,desks,$394,,,PASS,,
Computer Desk — Grey Reclaimed Wood / Black Metal,I 7451,Monarch,Office,desks,$312,,,PASS,,
Computer Desk — Grey Reclaimed Wood / Black Metal,I 7316,Monarch,Office,desks,$284,,,PASS,,
Computer Desk — Grey Reclaimed Wood / Glass Panels,I 7445,Monarch,Office,desks,$410,,,PASS,,
Computer Desk — Grey Reclaimed Wood Corner,I 7505,Monarch,Office,desks,$469,,,PASS,,
Computer Desk — Grey Stone-Look / Black Metal,I 7795,Monarch,Office,desks,$299,,,PASS,,
Computer Desk — Grey Stone-Look / Black Metal,I 7559,Monarch,Office,desks,$312,,,PASS,,
Computer Desk — Grey Stone-Look / Black Metal,I 7526,Monarch,Office,desks,$186,,,PASS,,
Computer Desk — Grey Stone-Look / Black Metal,I 7550,Monarch,Office,desks,$205,,,PASS,,
Computer Desk — Grey Stone-Look / Black Metal,I 7540,Monarch,Office,desks,$186,,,PASS,,
Computer Desk — Grey Stone-Look/ Black Metal Corne,I 7392,Monarch,Office,desks,$249,,,PASS,,
Computer Desk — Grey Top / Black Metal Corner,I 7591,Monarch,Office,desks,$280,,,PASS,,
Computer Desk — Grey Top / Black Metal Corner,I 7196,Monarch,Office,desks,$220,,,PASS,,
Computer Desk — Grey Top Corner W/ Tempered Glass,I 7431,Monarch,Office,desks,$709,,,PASS,,
Computer Desk — Grey Top Left/Right Facing Corner,I 7433,Monarch,Office,desks,$662,,,PASS,,
Computer Desk — Grey With A Storage Drawer,I 7192,Monarch,Office,desks,$205,,,PASS,,
Computer Desk — High Glossy White L/R Face Drawer,I 7581,Monarch,Office,desks,$788,,,PASS,,
Computer Desk — High Glossy White Left/ Right Face,I 7582,Monarch,Office,desks,"$1,257",,,PASS,,
Computer Desk — Industrial Grey / Storage Cabinet,I 7346,Monarch,Office,desks,$375,,,PASS,,
Computer Desk — Juvenile Black / Black Metal,I 7111,Monarch,Office,desks,$79,,,PASS,,
Computer Desk — Juvenile Natural / White Metal,I 7119,Monarch,Office,desks,$94,,,PASS,,
Computer Desk — Juvenile White / White Metal,I 7110,Monarch,Office,desks,$79,,,PASS,,
Computer Desk — Light Oak L-Shaped Corner,I 7491,Monarch,Office,desks,$819,,,PASS,,
Computer Desk — Light Reclaimed Wood / Black Metal,I 7672,Monarch,Office,desks,$425,,,PASS,,
Computer Desk — Light Reclaimed Wood / Black Metal,I 7657,Monarch,Office,desks,$284,,,PASS,,
Computer Desk — Modern Grey / Adj.Height/ Black,I 7680,Monarch,Office,desks,$784,,,PASS,,
Computer Desk — Modern Grey / Black Metal,I 7660,Monarch,Office,desks,$284,,,PASS,,
Computer Desk — Modern Grey / Black Metal,I 7386,Monarch,Office,desks,$312,,,PASS,,
Computer Desk — Modern Taupe / Adj.Height/ Black,I 7679,Monarch,Office,desks,$784,,,PASS,,
Computer Desk — Modern Taupe / Black Metal,I 7629,Monarch,Office,desks,$614,,,PASS,,
Computer Desk — Modern Taupe / Black Metal,I 7659,Monarch,Office,desks,$284,,,PASS,,
Computer Desk — Modern Taupe / Black Metal / L/R,I 7644,Monarch,Office,desks,$472,,,PASS,,
Computer Desk — Natural / Adj.Height/ Black Metal,I 7678,Monarch,Office,desks,$784,,,PASS,,
Computer Desk — Natural / Black Metal,I 7658,Monarch,Office,desks,$284,,,PASS,,
Computer Desk — Natural / White Metal,I 7569,Monarch,Office,desks,$312,,,PASS,,
Computer Desk — Natural / White Metal,I 7529,Monarch,Office,desks,$186,,,PASS,,
Computer Desk — Natural / White Metal,I 7543,Monarch,Office,desks,$205,,,PASS,,
Computer Desk — Natural / White Metal,I 7534,Monarch,Office,desks,$186,,,PASS,,
Computer Desk — Natural / White Metal,I 7575,Monarch,Office,desks,$186,,,PASS,,
Computer Desk — Natural / White Metal Corner,I 7397,Monarch,Office,desks,$249,,,PASS,,
Computer Desk — Natural Top / White Metal Corner,I 7597,Monarch,Office,desks,$280,,,PASS,,
Computer Desk — R Facing Corner,I 7421,Monarch,Office,desks,"$1,024",,,PASS,,
Computer Desk — R Facing Corner,I 7422,Monarch,Office,desks,$914,,,PASS,,
Computer Desk — R Facing Corner,I 7429,Monarch,Office,desks,$929,,,PASS,,
Computer Desk — Reclaimed Wood / Adj.Height/ Black,I 7677,Monarch,Office,desks,$784,,,PASS,,
Computer Desk — Reclaimed Wood / Black Metal / L/R,I 7612,Monarch,Office,desks,$835,,,PASS,,
Computer Desk — Rustic Brown L-Shaped Corner,I 7490,Monarch,Office,desks,$819,,,PASS,,
Computer Desk — Silver Commercial Grade,I 7725,Monarch,Office,desks,$835,,,PASS,,
Computer Desk — Silver Commercial Grade,I 7726,Monarch,Office,desks,$346,,,PASS,,
Computer Desk — Silver Executive Corner,I 7716,Monarch,Office,desks,"$1,099",,,PASS,,
Computer Desk — Silver Executive Corner,I 7717,Monarch,Office,desks,"$1,099",,,PASS,,
Computer Desk — Silver Metal,I 7171,Monarch,Office,desks,$252,,,PASS,,
Computer Desk — Silver Metal Corner,I 7162,Monarch,Office,desks,$564,,,PASS,,
Computer Desk — Silver Metal/ White Tempered Glass,I 7380,Monarch,Office,desks,$346,,,PASS,,
Computer Desk — Taupe Reclaimed Wood / Black Metal,I 7418,Monarch,Office,desks,$709,,,PASS,,
Computer Desk — Taupe Reclaimed Wood / Black Metal,I 7414,Monarch,Office,desks,$551,,,PASS,,
Computer Desk — Taupe Reclaimed Wood / Black Metal,I 7410,Monarch,Office,desks,$520,,,PASS,,
Computer Desk — Taupe Reclaimed Wood / Black Metal,I 7449,Monarch,Office,desks,$394,,,PASS,,
Computer Desk — Taupe Reclaimed Wood / Black Metal,I 7452,Monarch,Office,desks,$312,,,PASS,,
Computer Desk — Taupe Reclaimed Wood / Black Metal,I 7315,Monarch,Office,desks,$284,,,PASS,,
Computer Desk — Walnut / Adj.Height/ Black Metal,I 7675,Monarch,Office,desks,$784,,,PASS,,
Computer Desk — Walnut / Black Metal,I 7625,Monarch,Office,desks,$614,,,PASS,,
Computer Desk — Walnut / Black Metal,I 7670,Monarch,Office,desks,$425,,,PASS,,
Computer Desk — Walnut / Black Metal,I 7655,Monarch,Office,desks,$284,,,PASS,,
Computer Desk — Walnut / Black Metal / L/R Face,I 7610,Monarch,Office,desks,$835,,,PASS,,
Computer Desk — Walnut / Silver Metal,I 7083,Monarch,Office,desks,$709,,,PASS,,
Computer Desk — White / 8Mm Tempered Glass,I 1032,Monarch,Office,desks,$236,,,PASS,,
Computer Desk — White / Adj.Height/ Black Metal,I 7681,Monarch,Office,desks,$784,,,PASS,,
Computer Desk — White / Adj.Height/ Silver Metal,I 7683,Monarch,Office,desks,$784,,,PASS,,
Computer Desk — White / Black Metal,I 7631,Monarch,Office,desks,$614,,,PASS,,
Computer Desk — White / Black Metal,I 7313,Monarch,Office,desks,$284,,,PASS,,
Computer Desk — White / Black Metal,I 7385,Monarch,Office,desks,$312,,,PASS,,
Computer Desk — White / Black Metal,I 7790,Monarch,Office,desks,$299,,,PASS,,
Computer Desk — White / Black Metal / L/R Face,I 7616,Monarch,Office,desks,$835,,,PASS,,
Computer Desk — White / Black Metal / L/R Face,I 7646,Monarch,Office,desks,$472,,,PASS,,
Computer Desk — White / Concrete / Silver Metal / ,I 7618,Monarch,Office,desks,$709,,,PASS,,
Computer Desk — White / Concrete / Silver Metal / ,I 7648,Monarch,Office,desks,$472,,,PASS,,
Computer Desk — White / Grey Concrete / Silver Met,I 7633,Monarch,Office,desks,$614,,,PASS,,
Computer Desk — White / Silver Metal,I 7081,Monarch,Office,desks,$709,,,PASS,,
Computer Desk — White / Silver Metal,I 7046,Monarch,Office,desks,$709,,,PASS,,
Computer Desk — White / Silver Metal,I 7144,Monarch,Office,desks,$614,,,PASS,,
Computer Desk — White / Silver Metal,I 7149,Monarch,Office,desks,$564,,,PASS,,
Computer Desk — White / Silver Metal,I 7663,Monarch,Office,desks,$284,,,PASS,,
Computer Desk — White / Silver Metal,I 7361,Monarch,Office,desks,$312,,,PASS,,
Computer Desk — White / Silver Metal,I 7364,Monarch,Office,desks,$362,,,PASS,,
Computer Desk — White / Silver Metal,I 7372,Monarch,Office,desks,$205,,,PASS,,
Computer Desk — White / Silver Metal,I 7376,Monarch,Office,desks,$205,,,PASS,,
Computer Desk — White / Silver Metal,I 7368,Monarch,Office,desks,$217,,,PASS,,
Computer Desk — White / Silver Metal,I 7154,Monarch,Office,desks,$299,,,PASS,,
Computer Desk — White / Silver Metal,I 7222,Monarch,Office,desks,$186,,,PASS,,
Computer Desk — White / Silver Metal Corner,I 7695,Monarch,Office,desks,$551,,,PASS,,
Computer Desk — White / Silver Metal L/R Corner,I 7585,Monarch,Office,desks,$469,,,PASS,,
Computer Desk — White / White Metal,I 7554,Monarch,Office,desks,$312,,,PASS,,
Computer Desk — White / White Metal,I 7521,Monarch,Office,desks,$186,,,PASS,,
Computer Desk — White / White Metal,I 7545,Monarch,Office,desks,$205,,,PASS,,
Computer Desk — White / White Metal,I 7535,Monarch,Office,desks,$186,,,PASS,,
Computer Desk — White / White Metal,I 7570,Monarch,Office,desks,$205,,,PASS,,
Computer Desk — White / White Metal,I 7770,Monarch,Office,desks,$236,,,PASS,,
Computer Desk — White / White Metal,I 7775,Monarch,Office,desks,$186,,,PASS,,
Computer Desk — White / White Standing Height,I 7701,Monarch,Office,desks,$346,,,PASS,,
Computer Desk — White Cement-Look Left/Right Face,I 7307,Monarch,Office,desks,$866,,,PASS,,
Computer Desk — White Corner / Silver Metal,I 7500,Monarch,Office,desks,$469,,,PASS,,
Computer Desk — White L-Shaped Corner,I 7494,Monarch,Office,desks,$819,,,PASS,,
Computer Desk — White Ladder Style,I 7040,Monarch,Office,desks,$280,,,PASS,,
Computer Desk — White Left Or Right Facing,I 7027,Monarch,Office,desks,$520,,,PASS,,
Computer Desk — White Left Or Right Facing,I 7760,Monarch,Office,desks,$406,,,PASS,,
Computer Desk — White Left Or Right Facing,I 7690,Monarch,Office,desks,$551,,,PASS,,
Computer Desk — White Left Or Right Facing,I 7600,Monarch,Office,desks,$394,,,PASS,,
Computer Desk — White Left Or Right Facing Corner,I 7023,Monarch,Office,desks,"$1,024",,,PASS,,
Computer Desk — White Left Or Right Facing Corner,I 7028,Monarch,Office,desks,$929,,,PASS,,
Computer Desk — White Left Or Right Facing Corner,I 7133,Monarch,Office,desks,$662,,,PASS,,
Computer Desk — White Left Or Right Facing Corner,I 7022,Monarch,Office,desks,$709,,,PASS,,
Computer Desk — White Marble / Black Metal Corner,I 7595,Monarch,Office,desks,$280,,,PASS,,
Computer Desk — White Marble / Black Metal Corner,I 7393,Monarch,Office,desks,$249,,,PASS,,
Computer Desk — White Marble Left Or Right Facing,I 7762,Monarch,Office,desks,$406,,,PASS,,
Computer Desk — White Marble-Look / Black Metal,I 7558,Monarch,Office,desks,$312,,,PASS,,
Computer Desk — White Marble-Look / Black Metal,I 7527,Monarch,Office,desks,$186,,,PASS,,
Computer Desk — White Marble-Look / Black Metal,I 7549,Monarch,Office,desks,$205,,,PASS,,
Computer Desk — White Marble-Look / Black Metal,I 7539,Monarch,Office,desks,$186,,,PASS,,
Computer Desk — White Marble-Look / Black Metal,I 7571,Monarch,Office,desks,$186,,,PASS,,
Computer Desk — White Top / Black Metal Corner,I 7195,Monarch,Office,desks,$220,,,PASS,,
Computer Desk — White Top / Silver Metal,I 7100,Monarch,Office,desks,$142,,,PASS,,
Computer Desk — White Top / White Metal,I 7165,Monarch,Office,desks,$236,,,PASS,,
Computer Desk — White Top / White Metal,I 7163,Monarch,Office,desks,$189,,,PASS,,
Computer Desk — White Top / White Metal Corner,I 7596,Monarch,Office,desks,$280,,,PASS,,
Computer Desk — White With A Storage Cabinet,I 7350,Monarch,Office,desks,$375,,,PASS,,
Office Chair — Black / Red Fabric On Castors,I 7357,Monarch,Office,office-chairs,$205,,,PASS,,
Office Chair — Black Base On Castors,I 7339,Monarch,Office,office-chairs,$236,,,PASS,,
Office Chair — Black Base On Castors,I 7340,Monarch,Office,office-chairs,$236,,,PASS,,
Office Chair — Black Base On Castors,I 7336,Monarch,Office,office-chairs,$173,,,PASS,,
Office Chair — Black Fabric / High Back Executive,I 7272,Monarch,Office,office-chairs,$394,,,PASS,,
Office Chair — Black Fabric / High Back Executive,I 7354,Monarch,Office,office-chairs,$346,,,PASS,,
Office Chair — Black Fabric / Multi Position,I 7248,Monarch,Office,office-chairs,$315,,,PASS,,
Office Chair — Black Mesh / Multi Position,I 7334,Monarch,Office,office-chairs,$331,,,PASS,,
Office Chair — Black Mesh / Multi Position,I 7224,Monarch,Office,office-chairs,$362,,,PASS,,
Office Chair — Black Mesh / Multi Position,I 7367,Monarch,Office,office-chairs,$362,,,PASS,,
Office Chair — Chrome Base On Castors,I 7462,Monarch,Office,office-chairs,$252,,,PASS,,
Office Chair — Chrome Base On Castors,I 7460,Monarch,Office,office-chairs,$252,,,PASS,,
Office Chair — Chrome High-Back Executive,I 7268,Monarch,Office,office-chairs,$472,,,PASS,,
Office Chair — Chrome Metal Hydraulic Lift Base,I 7298,Monarch,Office,office-chairs,$299,,,PASS,,
Office Chair — Grey Fabric / High Back Executive,I 7270,Monarch,Office,office-chairs,$394,,,PASS,,
Office Chair — Grey Fabric / Multi Position,I 7324,Monarch,Office,office-chairs,$378,,,PASS,,
Office Chair — Grey Mesh / Chrome High-Back Exec,I 7269,Monarch,Office,office-chairs,$472,,,PASS,,
Office Chair — Grey Mesh / Multi Position,I 7225,Monarch,Office,office-chairs,$362,,,PASS,,
Office Chair — High Back Executive,I 7274,Monarch,Office,office-chairs,$614,,,PASS,,
Office Chair — High Back Executive,I 7275,Monarch,Office,office-chairs,$614,,,PASS,,
Office Chair — High Back Executive,I 7273,Monarch,Office,office-chairs,$614,,,PASS,,
Office Chair — High Back Executive,I 7253,Monarch,Office,office-chairs,$504,,,PASS,,
Office Chair — High Back Executive,I 7251,Monarch,Office,office-chairs,$504,,,PASS,,
Office Chair — High Back Executive,I 7252,Monarch,Office,office-chairs,$504,,,PASS,,
Office Chair — High Back Executive,I 7344,Monarch,Office,office-chairs,$394,,,PASS,,
Office Chair — High Back Executive,I 7375,Monarch,Office,office-chairs,$441,,,PASS,,
Office Chair — High Back Executive,I 7378,Monarch,Office,office-chairs,$441,,,PASS,,
Office Chair — High Back Executive,I 7323,Monarch,Office,office-chairs,$441,,,PASS,,
Office Chair — High Back Executive,I 7277,Monarch,Office,office-chairs,$504,,,PASS,,
Office Chair — Multi Position,I 7276,Monarch,Office,office-chairs,$472,,,PASS,,
Office Chair — Multi Position,I 7262,Monarch,Office,office-chairs,$315,,,PASS,,
Office Chair — Multi-Position,I 7265,Monarch,Office,office-chairs,$378,,,PASS,,
Office Chair — Multi-Position,I 7464,Monarch,Office,office-chairs,$189,,,PASS,,
Office Chair — Multi-Position,I 7463,Monarch,Office,office-chairs,$189,,,PASS,,
Office Chair — Multi-Position,I 7465,Monarch,Office,office-chairs,$189,,,PASS,,
Office Chair — Multi-Position,I 7260,Monarch,Office,office-chairs,$268,,,PASS,,
Office Chair — Multi-Position,I 7261,Monarch,Office,office-chairs,$252,,,PASS,,
Office Cubicle — Black Commercial Grade Desk,I 7734,Monarch,Office,desks,$551,,,PASS,,
Office Cubicle — Silver Commercial Grade Desk,I 7729,Monarch,Office,desks,$551,,,PASS,,
Tv Stand — Maple Entertainment Center,ET 1360,Monarch,Office,bookcases,$158,,,PASS,,
Afgan Chobi Finest,RN-333,Rugs Network,Rugs,hand-knotted,"$3,198",,,PASS,,
Afghan Chobi,RN-481,Rugs Network,Rugs,hand-knotted,"$1,316",,,PASS,,
Afghan Chobi,RN-761,Rugs Network,Rugs,hand-knotted,"$2,784",,,PASS,,
Afghan Chobi,RN-961,Rugs Network,Rugs,hand-knotted,"$3,129",,,PASS,,
Afghan Chobi Finest,RN-529,Rugs Network,Rugs,hand-knotted,$950,,,PASS,,
Afghan Chobi Finest,RN-194,Rugs Network,Rugs,hand-knotted,"$1,072",,,PASS,,
Afghan Chobi Finest,RN-181,Rugs Network,Rugs,hand-knotted,"$1,250",,,PASS,,
Afghan Chobi Finest,RN-478,Rugs Network,Rugs,hand-knotted,"$1,260",,,PASS,,
Afghan Chobi Finest,RN-525,Rugs Network,Rugs,hand-knotted,"$1,372",,,PASS,,
Afghan Chobi Finest,RN-458,Rugs Network,Rugs,hand-knotted,"$1,496",,,PASS,,
Afghan Chobi Finest,RN-779,Rugs Network,Rugs,hand-knotted,"$1,710",,,PASS,,
Afghan Chobi Finest,RN-341,Rugs Network,Rugs,hand-knotted,"$1,778",,,PASS,,
Afghan Chobi Finest,RN-354,Rugs Network,Rugs,hand-knotted,"$1,820",,,PASS,,
Afghan Chobi Finest,RN-358,Rugs Network,Rugs,hand-knotted,"$1,822",,,PASS,,
Afghan Chobi Finest,RN-406,Rugs Network,Rugs,hand-knotted,"$1,888",,,PASS,,
Afghan Chobi Finest,RN-408,Rugs Network,Rugs,hand-knotted,"$1,941",,,PASS,,
Afghan Chobi Finest,RN-337,Rugs Network,Rugs,hand-knotted,"$2,120",,,PASS,,
Afghan Chobi Finest,RN-386,Rugs Network,Rugs,hand-knotted,"$2,160",,,PASS,,
Afghan Chobi Finest,RN-387,Rugs Network,Rugs,hand-knotted,"$2,160",,,PASS,,
Afghan Chobi Finest,RN-344,Rugs Network,Rugs,hand-knotted,"$2,208",,,PASS,,
Afghan Chobi Finest,RN-506,Rugs Network,Rugs,hand-knotted,"$2,406",,,PASS,,
Afghan Chobi Finest,RN-1029,Rugs Network,Rugs,hand-knotted,"$2,482",,,PASS,,
Afghan Chobi Finest,RN-425,Rugs Network,Rugs,hand-knotted,"$2,530",,,PASS,,
Afghan Chobi Finest,RN-2166,Rugs Network,Rugs,hand-knotted,"$2,562",,,PASS,,
Afghan Chobi Finest,RN-2150,Rugs Network,Rugs,hand-knotted,"$2,650",,,PASS,,
Afghan Chobi Finest,RN-363,Rugs Network,Rugs,hand-knotted,"$2,670",,,PASS,,
Afghan Chobi Finest,RN-756,Rugs Network,Rugs,hand-knotted,"$2,678",,,PASS,,
Afghan Chobi Finest,RN-2186,Rugs Network,Rugs,hand-knotted,"$2,761",,,PASS,,
Afghan Chobi Finest,RN-379,Rugs Network,Rugs,hand-knotted,"$2,881",,,PASS,,
Afghan Chobi Finest,RN-992,Rugs Network,Rugs,hand-knotted,"$3,168",,,PASS,,
Afghan Chobi Finest,RN-943,Rugs Network,Rugs,hand-knotted,"$3,190",,,PASS,,
Afghan Chobi Finest,RN-331,Rugs Network,Rugs,hand-knotted,"$3,194",,,PASS,,
Afghan Chobi Finest,RN-391,Rugs Network,Rugs,hand-knotted,"$3,195",,,PASS,,
Afghan Chobi Finest,RN-939,Rugs Network,Rugs,hand-knotted,"$3,196",,,PASS,,
Afghan Chobi Finest,RN-2212,Rugs Network,Rugs,hand-knotted,"$3,196",,,PASS,,
Afghan Chobi Finest,RN-2112,Rugs Network,Rugs,hand-knotted,"$3,199",,,PASS,,
Afghan Chobi Finest,RN-376,Rugs Network,Rugs,hand-knotted,"$3,200",,,PASS,,
Afghan Chobi Finest,RN-368,Rugs Network,Rugs,hand-knotted,"$3,208",,,PASS,,
Afghan Chobi Finest,RN-2121,Rugs Network,Rugs,hand-knotted,"$3,208",,,PASS,,
Afghan Chobi Finest,RN-1117,Rugs Network,Rugs,hand-knotted,"$3,232",,,PASS,,
Afghan Chobi Finest,RN-1114,Rugs Network,Rugs,hand-knotted,"$3,328",,,PASS,,
Afghan Chobi Finest,RN-350,Rugs Network,Rugs,hand-knotted,"$3,360",,,PASS,,
Afghan Chobi Finest,RN-366,Rugs Network,Rugs,hand-knotted,"$3,370",,,PASS,,
Afghan Chobi Finest,RN-2120,Rugs Network,Rugs,hand-knotted,"$3,386",,,PASS,,
Afghan Chobi Finest,RN-414,Rugs Network,Rugs,hand-knotted,"$3,396",,,PASS,,
Afghan Chobi Finest,RN-2213,Rugs Network,Rugs,hand-knotted,"$3,536",,,PASS,,
Afghan Chobi Finest,RN-1098,Rugs Network,Rugs,hand-knotted,"$3,572",,,PASS,,
Afghan Chobi Finest,RN-377,Rugs Network,Rugs,hand-knotted,"$3,619",,,PASS,,
Afghan Chobi Finest,RN-2159,Rugs Network,Rugs,hand-knotted,"$5,640",,,PASS,,
Afghan Chobi Finest,RN-1004,Rugs Network,Rugs,hand-knotted,"$7,330",,,PASS,,
Afghan Chobi Finest,RN-2156,Rugs Network,Rugs,hand-knotted,"$8,470",,,PASS,,
Afghan Herati,RN-772,Rugs Network,Rugs,hand-knotted,$235,,,PASS,,
Afghan Herati,RN-703,Rugs Network,Rugs,hand-knotted,$235,,,PASS,,
Afghan Ziegler,RN-741,Rugs Network,Rugs,hand-knotted,"$2,579",,,PASS,,
Agra,RN-559,Rugs Network,Rugs,hand-knotted,$380,,,PASS,,
Agra,RN-436,Rugs Network,Rugs,hand-knotted,$455,,,PASS,,
Agra,RN-315,Rugs Network,Rugs,hand-knotted,$462,,,PASS,,
Bakhtiar,RN-308,Rugs Network,Rugs,hand-knotted,$393,,,PASS,,
Bakhtiar,RN-442,Rugs Network,Rugs,hand-knotted,$718,,,PASS,,
Bakhtiar Jihad,RN-422,Rugs Network,Rugs,hand-knotted,"$2,002",,,PASS,,
Bakhtiar Saman,RN-2169,Rugs Network,Rugs,hand-knotted,"$2,477",,,PASS,,
Bakhtiari,RN-238,Rugs Network,Rugs,hand-knotted,$607,,,PASS,,
Bali Cream,RN-2835,Rugs Network,Rugs,machine-made,$13,,,PASS,,
Bali Cream,RN-2843,Rugs Network,Rugs,machine-made,$13,,,PASS,,
Bali Cream,RN-2844,Rugs Network,Rugs,machine-made,$13,,,PASS,,
Bali Cream_Blue_Dck,RN-2834,Rugs Network,Rugs,machine-made,$243,,,PASS,,
Bali Grey,RN-2832,Rugs Network,Rugs,machine-made,$93,,,PASS,,
Bali Light_Grey,RN-2833,Rugs Network,Rugs,machine-made,$13,,,PASS,,
Bali White,RN-2828,Rugs Network,Rugs,machine-made,$13,,,PASS,,
Bali White,RN-2836,Rugs Network,Rugs,machine-made,$13,,,PASS,,
Bali White,RN-2837,Rugs Network,Rugs,machine-made,$13,,,PASS,,
Bali White,RN-2839,Rugs Network,Rugs,machine-made,$13,,,PASS,,
Bali White,RN-2842,Rugs Network,Rugs,machine-made,$13,,,PASS,,
Bali White,RN-2845,Rugs Network,Rugs,machine-made,$13,,,PASS,,
Bali White,RN-2838,Rugs Network,Rugs,machine-made,$79,,,PASS,,
Bali White,RN-2841,Rugs Network,Rugs,machine-made,$79,,,PASS,,
Bali White,RN-2827,Rugs Network,Rugs,machine-made,$243,,,PASS,,
Bali White,RN-2840,Rugs Network,Rugs,machine-made,$243,,,PASS,,
Bali White,RN-2829,Rugs Network,Rugs,machine-made,$524,,,PASS,,
Bali White,RN-2830,Rugs Network,Rugs,machine-made,$524,,,PASS,,
Balouch,RN-2178,Rugs Network,Rugs,hand-knotted,$155,,,PASS,,
Balouchi,RN-648,Rugs Network,Rugs,hand-knotted,$186,,,PASS,,
Balouchi,RN-649,Rugs Network,Rugs,hand-knotted,$192,,,PASS,,
Balouchi,RN-660,Rugs Network,Rugs,hand-knotted,$192,,,PASS,,
Balouchi,RN-662,Rugs Network,Rugs,hand-knotted,$192,,,PASS,,
Balouchi,RN-647,Rugs Network,Rugs,hand-knotted,$207,,,PASS,,
Balouchi,RN-641,Rugs Network,Rugs,hand-knotted,$207,,,PASS,,
Baluch,RN-2182,Rugs Network,Rugs,hand-knotted,$186,,,PASS,,
Baluch,RN-2180,Rugs Network,Rugs,hand-knotted,$193,,,PASS,,
Baluch,RN-2181,Rugs Network,Rugs,hand-knotted,$193,,,PASS,,
Bargesta,RN-1032,Rugs Network,Rugs,hand-knotted,"$1,311",,,PASS,,
Bidjar,RN-199,Rugs Network,Rugs,hand-knotted,"$4,382",,,PASS,,
Bidjar,RN-1095,Rugs Network,Rugs,hand-knotted,"$4,457",,,PASS,,
Bidjar,RN-423,Rugs Network,Rugs,hand-knotted,"$4,575",,,PASS,,
Bidjar,RN-220,Rugs Network,Rugs,hand-knotted,"$4,594",,,PASS,,
Bidjar,RN-197,Rugs Network,Rugs,hand-knotted,"$4,664",,,PASS,,
Bidjar Ardebil,RN-505,Rugs Network,Rugs,hand-knotted,"$2,926",,,PASS,,
Bidjar Hillwayeh,RN-2187,Rugs Network,Rugs,hand-knotted,"$4,762",,,PASS,,
Bidjar Kolyae,RN-419,Rugs Network,Rugs,hand-knotted,"$2,967",,,PASS,,
Bidjar Patina,RN-720,Rugs Network,Rugs,hand-knotted,$828,,,PASS,,
Bidjar Senneh,RN-498,Rugs Network,Rugs,hand-knotted,"$1,090",,,PASS,,
Bidjar Senneh,RN-570,Rugs Network,Rugs,hand-knotted,"$1,794",,,PASS,,
Bidjar Senneh,RN-171,Rugs Network,Rugs,hand-knotted,"$4,482",,,PASS,,
Bokhara,RN-697,Rugs Network,Rugs,hand-knotted,$400,,,PASS,,
Bokhara,RN-696,Rugs Network,Rugs,hand-knotted,$407,,,PASS,,
Bokhara,RN-553,Rugs Network,Rugs,hand-knotted,$413,,,PASS,,
Bokhara,RN-519,Rugs Network,Rugs,hand-knotted,$476,,,PASS,,
Bokhara,RN-567,Rugs Network,Rugs,hand-knotted,$504,,,PASS,,
Bokhara,RN-554,Rugs Network,Rugs,hand-knotted,$504,,,PASS,,
Bokhara,RN-281,Rugs Network,Rugs,hand-knotted,$531,,,PASS,,
Bokhara,RN-294,Rugs Network,Rugs,hand-knotted,$548,,,PASS,,
Bokhara,RN-165,Rugs Network,Rugs,hand-knotted,$628,,,PASS,,
Bokhara,RN-456,Rugs Network,Rugs,hand-knotted,$856,,,PASS,,
Bokhara,RN-359,Rugs Network,Rugs,hand-knotted,"$1,070",,,PASS,,
Bokhara,RN-361,Rugs Network,Rugs,hand-knotted,"$1,101",,,PASS,,
Bokhara,RN-1111,Rugs Network,Rugs,hand-knotted,"$1,639",,,PASS,,
Bokhara,RN-415,Rugs Network,Rugs,hand-knotted,"$1,656",,,PASS,,
Bokhara Jaldar,RN-569,Rugs Network,Rugs,hand-knotted,$511,,,PASS,,
Bokhara/Jaldar,RN-319,Rugs Network,Rugs,hand-knotted,$689,,,PASS,,
Boukhara,RN-803,Rugs Network,Rugs,hand-knotted,$228,,,PASS,,
Boukhara,RN-847,Rugs Network,Rugs,hand-knotted,$310,,,PASS,,
Boukhara,RN-850,Rugs Network,Rugs,hand-knotted,$310,,,PASS,,
Boukhara,RN-2173,Rugs Network,Rugs,hand-knotted,$483,,,PASS,,
Boukhara,RN-645,Rugs Network,Rugs,hand-knotted,$483,,,PASS,,
Boukhara,RN-644,Rugs Network,Rugs,hand-knotted,$497,,,PASS,,
Boukhara,RN-191,Rugs Network,Rugs,hand-knotted,$518,,,PASS,,
Boukhara,RN-711,Rugs Network,Rugs,hand-knotted,$531,,,PASS,,
Boukhara,RN-713,Rugs Network,Rugs,hand-knotted,$669,,,PASS,,
Boukhara,RN-1025,Rugs Network,Rugs,hand-knotted,"$1,304",,,PASS,,
Boukhara Mouri,RN-708,Rugs Network,Rugs,hand-knotted,$413,,,PASS,,
Bronco Beige,RN-2853,Rugs Network,Rugs,machine-made,$66,,,PASS,,
Bronco Beige,RN-2854,Rugs Network,Rugs,machine-made,$66,,,PASS,,
Bronco Blue,RN-2850,Rugs Network,Rugs,machine-made,$66,,,PASS,,
Bronco Dark_Brown,RN-2847,Rugs Network,Rugs,machine-made,$66,,,PASS,,
Bronco Dark_Brown,RN-2851,Rugs Network,Rugs,machine-made,$66,,,PASS,,
Bronco Fume,RN-2846,Rugs Network,Rugs,machine-made,$66,,,PASS,,
Bronco Fume,RN-2855,Rugs Network,Rugs,machine-made,$66,,,PASS,,
Bronco White,RN-2848,Rugs Network,Rugs,machine-made,$66,,,PASS,,
Bronco White,RN-2849,Rugs Network,Rugs,machine-made,$66,,,PASS,,
Bronco White,RN-2852,Rugs Network,Rugs,machine-made,$66,,,PASS,,
Chobi,RN-2174,Rugs Network,Rugs,hand-knotted,$841,,,PASS,,
Chobi Design,RN-2211,Rugs Network,Rugs,hand-knotted,"$3,460",,,PASS,,
Custom Herati,RN-416,Rugs Network,Rugs,hand-knotted,"$4,416",,,PASS,,
Custom Tabriz,RN-832,Rugs Network,Rugs,hand-knotted,"$4,795",,,PASS,,
Flora_Silk Blue,RN-2860,Rugs Network,Rugs,machine-made,$226,,,PASS,,
Flora_Silk Dark_Cream,RN-2861,Rugs Network,Rugs,machine-made,$226,,,PASS,,
Flora_Silk Green,RN-2858,Rugs Network,Rugs,machine-made,$226,,,PASS,,
Flora_Silk Red,RN-2621,Rugs Network,Rugs,machine-made,$226,,,PASS,,
Flora_Silk Red,RN-2857,Rugs Network,Rugs,machine-made,$226,,,PASS,,
Flora_Silk Rose,RN-2859,Rugs Network,Rugs,machine-made,$226,,,PASS,,
Flora_Silk White,RN-2856,Rugs Network,Rugs,machine-made,$142,,,PASS,,
Florence Blue,RN-2863,Rugs Network,Rugs,machine-made,$249,,,PASS,,
Florence Blue,RN-2867,Rugs Network,Rugs,machine-made,$249,,,PASS,,
Florence Light_Beige,RN-2862,Rugs Network,Rugs,machine-made,$249,,,PASS,,
Florence Light_Beige,RN-2865,Rugs Network,Rugs,machine-made,$249,,,PASS,,
Florence Light_Beige,RN-2868,Rugs Network,Rugs,machine-made,$249,,,PASS,,
Florence Red,RN-2869,Rugs Network,Rugs,machine-made,$249,,,PASS,,
Florence White,RN-2864,Rugs Network,Rugs,machine-made,$17,,,PASS,,
Florence White,RN-2870,Rugs Network,Rugs,machine-made,$249,,,PASS,,
Florence White,RN-2871,Rugs Network,Rugs,machine-made,$265,,,PASS,,
Gabbeh,RN-673,Rugs Network,Rugs,hand-knotted,$911,,,PASS,,
Gabbeh,RN-674,Rugs Network,Rugs,hand-knotted,$911,,,PASS,,
Gabeh,RN-572,Rugs Network,Rugs,hand-knotted,$600,,,PASS,,
Gabeh,RN-581,Rugs Network,Rugs,hand-knotted,$738,,,PASS,,
Gabeh,RN-268,Rugs Network,Rugs,hand-knotted,$780,,,PASS,,
Gabeh,RN-546,Rugs Network,Rugs,hand-knotted,"$1,097",,,PASS,,
Gabeh,RN-454,Rugs Network,Rugs,hand-knotted,"$1,166",,,PASS,,
Gabeh,RN-2151,Rugs Network,Rugs,hand-knotted,"$1,173",,,PASS,,
Gabeh,RN-2148,Rugs Network,Rugs,hand-knotted,"$1,332",,,PASS,,
Gabeh,RN-893,Rugs Network,Rugs,hand-knotted,"$1,339",,,PASS,,
Gabeh,RN-420,Rugs Network,Rugs,hand-knotted,"$1,649",,,PASS,,
Gabeh,RN-371,Rugs Network,Rugs,hand-knotted,"$2,036",,,PASS,,
Garache,RN-518,Rugs Network,Rugs,hand-knotted,$545,,,PASS,,
Garache,RN-244,Rugs Network,Rugs,hand-knotted,$586,,,PASS,,
Garache,RN-246,Rugs Network,Rugs,hand-knotted,$621,,,PASS,,
Garache,RN-164,Rugs Network,Rugs,hand-knotted,$669,,,PASS,,
Ghaliche,RN-258,Rugs Network,Rugs,hand-knotted,$483,,,PASS,,
Ghaliche,RN-262,Rugs Network,Rugs,hand-knotted,$573,,,PASS,,
Ghaliche,RN-265,Rugs Network,Rugs,hand-knotted,$573,,,PASS,,
Ghaliche,RN-233,Rugs Network,Rugs,hand-knotted,$649,,,PASS,,
Ghom,RN-2219,Rugs Network,Rugs,hand-knotted,"$7,995",,,PASS,,
Ghom,RN-2220,Rugs Network,Rugs,hand-knotted,"$8,195",,,PASS,,
Ghom Design,RN-2271,Rugs Network,Rugs,hand-knotted,"$2,329",,,PASS,,
Ghom Design,RN-2285,Rugs Network,Rugs,hand-knotted,"$3,895",,,PASS,,
Ghom Design,RN-2284,Rugs Network,Rugs,hand-knotted,"$3,969",,,PASS,,
Ghom Design,RN-2282,Rugs Network,Rugs,hand-knotted,"$3,985",,,PASS,,
Ghom Design,RN-2302,Rugs Network,Rugs,hand-knotted,"$3,999",,,PASS,,
Ghom Design,RN-2280,Rugs Network,Rugs,hand-knotted,"$4,185",,,PASS,,
Ghom Design,RN-2273,Rugs Network,Rugs,hand-knotted,"$5,165",,,PASS,,
Ghom Design,RN-2270,Rugs Network,Rugs,hand-knotted,"$8,195",,,PASS,,
Gouchan,RN-524,Rugs Network,Rugs,hand-knotted,$402,,,PASS,,
Gouchan,RN-561,Rugs Network,Rugs,hand-knotted,$448,,,PASS,,
Gouchan,RN-192,Rugs Network,Rugs,hand-knotted,$462,,,PASS,,
Gouchan,RN-198,Rugs Network,Rugs,hand-knotted,$483,,,PASS,,
Gouchan,RN-538,Rugs Network,Rugs,hand-knotted,$724,,,PASS,,
Hamadan,RN-137,Rugs Network,Rugs,hand-knotted,$310,,,PASS,,
Hamadan,RN-138,Rugs Network,Rugs,hand-knotted,$310,,,PASS,,
Hamadan,RN-338,Rugs Network,Rugs,hand-knotted,$310,,,PASS,,
Hamadan,RN-370,Rugs Network,Rugs,hand-knotted,$310,,,PASS,,
Hamadan,RN-434,Rugs Network,Rugs,hand-knotted,$310,,,PASS,,
Hamadan,RN-340,Rugs Network,Rugs,hand-knotted,$345,,,PASS,,
Hamadan,RN-457,Rugs Network,Rugs,hand-knotted,$345,,,PASS,,
Hamadan,RN-342,Rugs Network,Rugs,hand-knotted,$346,,,PASS,,
Hamadan,RN-332,Rugs Network,Rugs,hand-knotted,$346,,,PASS,,
Hamadan,RN-139,Rugs Network,Rugs,hand-knotted,$346,,,PASS,,
Hamadan,RN-891,Rugs Network,Rugs,hand-knotted,$346,,,PASS,,
Hamadan,RN-334,Rugs Network,Rugs,hand-knotted,$373,,,PASS,,
Hamadan,RN-2192,Rugs Network,Rugs,hand-knotted,$380,,,PASS,,
Hamadan,RN-2193,Rugs Network,Rugs,hand-knotted,$380,,,PASS,,
Hamadan,RN-435,Rugs Network,Rugs,hand-knotted,$380,,,PASS,,
Hamadan,RN-437,Rugs Network,Rugs,hand-knotted,$380,,,PASS,,
Hamadan,RN-267,Rugs Network,Rugs,hand-knotted,$448,,,PASS,,
Hamadan,RN-517,Rugs Network,Rugs,hand-knotted,$468,,,PASS,,
Hamadan,RN-461,Rugs Network,Rugs,hand-knotted,$483,,,PASS,,
Hamadan,RN-306,Rugs Network,Rugs,hand-knotted,$518,,,PASS,,
Hamadan,RN-167,Rugs Network,Rugs,hand-knotted,$573,,,PASS,,
Hereke_Classic Dark_Grey,RN-2874,Rugs Network,Rugs,machine-made,$66,,,PASS,,
Hereke_Classic Dark_Grey,RN-2686,Rugs Network,Rugs,machine-made,$201,,,PASS,,
Hereke_Classic Dark_Rust,RN-2694,Rugs Network,Rugs,machine-made,$317,,,PASS,,
Hereke_Classic Light_Cream,RN-2875,Rugs Network,Rugs,machine-made,$433,,,PASS,,
Hereke_Classic Light_Cream,RN-2872,Rugs Network,Rugs,machine-made,$433,,,PASS,,
Hereke_Classic Light_Cream,RN-2873,Rugs Network,Rugs,machine-made,$433,,,PASS,,
Herekeh,RN-2278,Rugs Network,Rugs,hand-knotted,"$4,657",,,PASS,,
Herekeh,RN-2275,Rugs Network,Rugs,hand-knotted,"$4,658",,,PASS,,
Herekeh,RN-2279,Rugs Network,Rugs,hand-knotted,"$4,865",,,PASS,,
Herekeh,RN-2272,Rugs Network,Rugs,hand-knotted,"$4,937",,,PASS,,
Herekeh,RN-2277,Rugs Network,Rugs,hand-knotted,"$4,937",,,PASS,,
Herekeh,RN-2274,Rugs Network,Rugs,hand-knotted,"$5,010",,,PASS,,
Herekeh,RN-2276,Rugs Network,Rugs,hand-knotted,"$5,279",,,PASS,,
Herekeh,RN-2300,Rugs Network,Rugs,hand-knotted,"$6,633",,,PASS,,
Herekeh,RN-2301,Rugs Network,Rugs,hand-knotted,"$6,633",,,PASS,,
Herekeh,RN-2283,Rugs Network,Rugs,hand-knotted,"$7,452",,,PASS,,
Herekeh,RN-2281,Rugs Network,Rugs,hand-knotted,"$7,452",,,PASS,,
Heriz,RN-169,Rugs Network,Rugs,hand-knotted,"$4,071",,,PASS,,
Heriz Design,RN-2205,Rugs Network,Rugs,hand-knotted,"$2,208",,,PASS,,
Heriz Patina,RN-846,Rugs Network,Rugs,hand-knotted,$259,,,PASS,,
Heriz Patina,RN-775,Rugs Network,Rugs,hand-knotted,$459,,,PASS,,
Heriz Patina,RN-462,Rugs Network,Rugs,hand-knotted,$661,,,PASS,,
Heriz Patina,RN-466,Rugs Network,Rugs,hand-knotted,$661,,,PASS,,
Heriz Patina,RN-868,Rugs Network,Rugs,hand-knotted,"$1,380",,,PASS,,
Heriz Patina,RN-180,Rugs Network,Rugs,hand-knotted,"$3,852",,,PASS,,
Heriz/Meimeh,RN-170,Rugs Network,Rugs,hand-knotted,"$5,513",,,PASS,,
Hossein Abad,RN-256,Rugs Network,Rugs,hand-knotted,$621,,,PASS,,
Hussein Abad,RN-695,Rugs Network,Rugs,hand-knotted,$683,,,PASS,,
Indo Chobi,RN-693,Rugs Network,Rugs,hand-knotted,$526,,,PASS,,
Indo Chobi,RN-566,Rugs Network,Rugs,hand-knotted,$720,,,PASS,,
Indo Chobi,RN-486,Rugs Network,Rugs,hand-knotted,$750,,,PASS,,
Indo Chobi,RN-488,Rugs Network,Rugs,hand-knotted,$750,,,PASS,,
Indo Chobi,RN-2123,Rugs Network,Rugs,hand-knotted,$810,,,PASS,,
Indo Chobi,RN-2137,Rugs Network,Rugs,hand-knotted,"$1,134",,,PASS,,
Indo Chobi,RN-388,Rugs Network,Rugs,hand-knotted,"$1,368",,,PASS,,
Indo Chobi,RN-1021,Rugs Network,Rugs,hand-knotted,"$1,891",,,PASS,,
Indo Chobi,RN-763,Rugs Network,Rugs,hand-knotted,"$2,008",,,PASS,,
Indo Chobi,RN-743,Rugs Network,Rugs,hand-knotted,"$2,130",,,PASS,,
Indo Chobi,RN-750,Rugs Network,Rugs,hand-knotted,"$2,203",,,PASS,,
Indo Chobi,RN-1112,Rugs Network,Rugs,hand-knotted,"$2,399",,,PASS,,
Indo Chobi,RN-866,Rugs Network,Rugs,hand-knotted,"$2,399",,,PASS,,
Indo Chobi,RN-966,Rugs Network,Rugs,hand-knotted,"$2,399",,,PASS,,
Indo Chobi,RN-964,Rugs Network,Rugs,hand-knotted,"$2,430",,,PASS,,
Indo Chobi,RN-991,Rugs Network,Rugs,hand-knotted,"$2,479",,,PASS,,
Indo Chobi,RN-988,Rugs Network,Rugs,hand-knotted,"$2,479",,,PASS,,
Indo Heriz,RN-639,Rugs Network,Rugs,hand-knotted,$213,,,PASS,,
Indo Heriz,RN-613,Rugs Network,Rugs,hand-knotted,$217,,,PASS,,
Indo Heriz,RN-626,Rugs Network,Rugs,hand-knotted,$217,,,PASS,,
Indo Heriz,RN-627,Rugs Network,Rugs,hand-knotted,$217,,,PASS,,
Indo Heriz,RN-289,Rugs Network,Rugs,hand-knotted,$374,,,PASS,,
Indo Heriz,RN-292,Rugs Network,Rugs,hand-knotted,$374,,,PASS,,
Indo Heriz,RN-654,Rugs Network,Rugs,hand-knotted,$378,,,PASS,,
Indo Heriz,RN-279,Rugs Network,Rugs,hand-knotted,$551,,,PASS,,
Indo Kashmir,RN-520,Rugs Network,Rugs,hand-knotted,$684,,,PASS,,
Indo Kashmir,RN-494,Rugs Network,Rugs,hand-knotted,$799,,,PASS,,
Indo Kashmir,RN-449,Rugs Network,Rugs,hand-knotted,$862,,,PASS,,
Indo Kashmir,RN-395,Rugs Network,Rugs,hand-knotted,"$1,438",,,PASS,,
Indo Kashmir,RN-836,Rugs Network,Rugs,hand-knotted,"$2,472",,,PASS,,
Iris Blue,RN-2878,Rugs Network,Rugs,machine-made,$315,,,PASS,,
Iris Orange,RN-2879,Rugs Network,Rugs,machine-made,$430,,,PASS,,
Iris White,RN-2876,Rugs Network,Rugs,machine-made,$430,,,PASS,,
Iris Yellow,RN-2877,Rugs Network,Rugs,machine-made,$65,,,PASS,,
Isfahan,RN-507,Rugs Network,Rugs,hand-knotted,"$3,162",,,PASS,,
Isfahan,RN-421,Rugs Network,Rugs,hand-knotted,"$3,243",,,PASS,,
Isfahan,RN-515,Rugs Network,Rugs,hand-knotted,"$3,312",,,PASS,,
Isfahan,RN-392,Rugs Network,Rugs,hand-knotted,"$5,008",,,PASS,,
Isfahan  Patina,RN-2188,Rugs Network,Rugs,hand-knotted,"$3,444",,,PASS,,
Isfahan Patina,RN-845,Rugs Network,Rugs,hand-knotted,$673,,,PASS,,
Isfahan Patina,RN-768,Rugs Network,Rugs,hand-knotted,$684,,,PASS,,
Isfahan Patina,RN-828,Rugs Network,Rugs,hand-knotted,$827,,,PASS,,
Isfahan Patina,RN-871,Rugs Network,Rugs,hand-knotted,"$2,869",,,PASS,,
Isfahan Patina,RN-2189,Rugs Network,Rugs,hand-knotted,"$3,162",,,PASS,,
Isfahan Patina,RN-976,Rugs Network,Rugs,hand-knotted,"$3,197",,,PASS,,
Isfahan Patina,RN-413,Rugs Network,Rugs,hand-knotted,"$3,433",,,PASS,,
Isfahan Patina,RN-754,Rugs Network,Rugs,hand-knotted,"$3,857",,,PASS,,
Isfahan Patina,RN-975,Rugs Network,Rugs,hand-knotted,"$4,014",,,PASS,,
Isfahan Patina,RN-411,Rugs Network,Rugs,hand-knotted,"$4,542",,,PASS,,
Jaipur,RN-1105,Rugs Network,Rugs,hand-knotted,$310,,,PASS,,
Jaipur,RN-1102,Rugs Network,Rugs,hand-knotted,$331,,,PASS,,
Jaipur,RN-1103,Rugs Network,Rugs,hand-knotted,$331,,,PASS,,
Jaipur,RN-1104,Rugs Network,Rugs,hand-knotted,$331,,,PASS,,
Jaipur,RN-882,Rugs Network,Rugs,hand-knotted,$407,,,PASS,,
Jaipur,RN-1035,Rugs Network,Rugs,hand-knotted,$573,,,PASS,,
Jaipur,RN-1036,Rugs Network,Rugs,hand-knotted,$573,,,PASS,,
Jaipur,RN-1037,Rugs Network,Rugs,hand-knotted,$573,,,PASS,,
Jaipur,RN-1042,Rugs Network,Rugs,hand-knotted,$573,,,PASS,,
Jaipur,RN-1043,Rugs Network,Rugs,hand-knotted,$573,,,PASS,,
Jaipur,RN-1044,Rugs Network,Rugs,hand-knotted,$573,,,PASS,,
Jaipur,RN-1045,Rugs Network,Rugs,hand-knotted,$573,,,PASS,,
Jaipur,RN-1046,Rugs Network,Rugs,hand-knotted,$573,,,PASS,,
Jaipur,RN-1047,Rugs Network,Rugs,hand-knotted,$573,,,PASS,,
Jaipur,RN-1048,Rugs Network,Rugs,hand-knotted,$573,,,PASS,,
Jaipur,RN-1049,Rugs Network,Rugs,hand-knotted,$573,,,PASS,,
Jaipur,RN-1050,Rugs Network,Rugs,hand-knotted,$573,,,PASS,,
Jaipur,RN-1052,Rugs Network,Rugs,hand-knotted,$573,,,PASS,,
Jaipur,RN-1054,Rugs Network,Rugs,hand-knotted,$573,,,PASS,,
Jaipur,RN-1055,Rugs Network,Rugs,hand-knotted,$573,,,PASS,,
Jaipur,RN-1086,Rugs Network,Rugs,hand-knotted,$573,,,PASS,,
Jaipur,RN-1009,Rugs Network,Rugs,hand-knotted,$573,,,PASS,,
Jaipur,RN-1010,Rugs Network,Rugs,hand-knotted,$573,,,PASS,,
Jaipur,RN-1011,Rugs Network,Rugs,hand-knotted,$573,,,PASS,,
Jaipur,RN-1012,Rugs Network,Rugs,hand-knotted,$573,,,PASS,,
Jaipur,RN-1014,Rugs Network,Rugs,hand-knotted,$573,,,PASS,,
Jaipur,RN-1015,Rugs Network,Rugs,hand-knotted,$573,,,PASS,,
Jaipur,RN-1016,Rugs Network,Rugs,hand-knotted,$573,,,PASS,,
Jaipur,RN-1017,Rugs Network,Rugs,hand-knotted,$573,,,PASS,,
Jaipur,RN-1079,Rugs Network,Rugs,hand-knotted,$573,,,PASS,,
Jaipur,RN-1019,Rugs Network,Rugs,hand-knotted,$573,,,PASS,,
Jaipur,RN-564,Rugs Network,Rugs,hand-knotted,$759,,,PASS,,
Jaipur,RN-537,Rugs Network,Rugs,hand-knotted,$959,,,PASS,,
Jaipur,RN-405,Rugs Network,Rugs,hand-knotted,"$1,863",,,PASS,,
Jaipur,RN-840,Rugs Network,Rugs,hand-knotted,"$2,277",,,PASS,,
Jaldar Bokhara,RN-699,Rugs Network,Rugs,hand-knotted,$448,,,PASS,,
Jaldar Bokhara,RN-500,Rugs Network,Rugs,hand-knotted,$468,,,PASS,,
Jaldar Boukhara,RN-791,Rugs Network,Rugs,hand-knotted,$228,,,PASS,,
Jaldar Boukhara,RN-802,Rugs Network,Rugs,hand-knotted,$228,,,PASS,,
Jaldar Boukhara,RN-804,Rugs Network,Rugs,hand-knotted,$255,,,PASS,,
Jaldar Boukhara,RN-805,Rugs Network,Rugs,hand-knotted,$255,,,PASS,,
Jaldar Boukhara,RN-806,Rugs Network,Rugs,hand-knotted,$269,,,PASS,,
Jaldar Boukhara,RN-807,Rugs Network,Rugs,hand-knotted,$269,,,PASS,,
Jamshidpur,RN-771,Rugs Network,Rugs,hand-knotted,$656,,,PASS,,
Jamshidpur,RN-551,Rugs Network,Rugs,hand-knotted,$821,,,PASS,,
Jamshidpur,RN-716,Rugs Network,Rugs,hand-knotted,$959,,,PASS,,
Jamshidpur,RN-549,Rugs Network,Rugs,hand-knotted,$998,,,PASS,,
Jamshidpur,RN-522,Rugs Network,Rugs,hand-knotted,$998,,,PASS,,
Jamshidpur,RN-550,Rugs Network,Rugs,hand-knotted,$999,,,PASS,,
Jamshidpur,RN-407,Rugs Network,Rugs,hand-knotted,"$2,277",,,PASS,,
Jamshidpur,RN-990,Rugs Network,Rugs,hand-knotted,"$3,208",,,PASS,,
Jamshidpur,RN-865,Rugs Network,Rugs,hand-knotted,"$3,208",,,PASS,,
Jamshidpur,RN-352,Rugs Network,Rugs,hand-knotted,"$3,243",,,PASS,,
Jamshidpur,RN-2216,Rugs Network,Rugs,hand-knotted,"$3,243",,,PASS,,
Jamshidpur,RN-374,Rugs Network,Rugs,hand-knotted,"$3,291",,,PASS,,
Jamshidpur,RN-2209,Rugs Network,Rugs,hand-knotted,"$3,305",,,PASS,,
Jamshidpur,RN-2122,Rugs Network,Rugs,hand-knotted,"$3,305",,,PASS,,
Jamshidpur,RN-189,Rugs Network,Rugs,hand-knotted,"$3,381",,,PASS,,
Jamshidpur,RN-1108,Rugs Network,Rugs,hand-knotted,"$3,519",,,PASS,,
Jamshidpur,RN-960,Rugs Network,Rugs,hand-knotted,"$3,719",,,PASS,,
Jamshidpur,RN-222,Rugs Network,Rugs,hand-knotted,"$4,347",,,PASS,,
Joshegan,RN-954,Rugs Network,Rugs,hand-knotted,"$1,690",,,PASS,,
Kabutarang,RN-270,Rugs Network,Rugs,hand-knotted,$896,,,PASS,,
Kabutarang,RN-2168,Rugs Network,Rugs,hand-knotted,"$2,001",,,PASS,,
Kashan,RN-427,Rugs Network,Rugs,hand-knotted,"$1,649",,,PASS,,
Kashan,RN-504,Rugs Network,Rugs,hand-knotted,"$1,725",,,PASS,,
Kashan,RN-271,Rugs Network,Rugs,hand-knotted,"$1,779",,,PASS,,
Kashan,RN-305,Rugs Network,Rugs,hand-knotted,"$1,863",,,PASS,,
Kashan,RN-509,Rugs Network,Rugs,hand-knotted,"$2,201",,,PASS,,
Kashan,RN-365,Rugs Network,Rugs,hand-knotted,"$2,581",,,PASS,,
Kashan,RN-213,Rugs Network,Rugs,hand-knotted,"$2,739",,,PASS,,
Kashan,RN-259,Rugs Network,Rugs,hand-knotted,"$2,739",,,PASS,,
Kashan,RN-172,Rugs Network,Rugs,hand-knotted,"$3,105",,,PASS,,
Kashan,RN-303,Rugs Network,Rugs,hand-knotted,"$3,519",,,PASS,,
Kashan,RN-226,Rugs Network,Rugs,hand-knotted,"$3,519",,,PASS,,
Kashan,RN-291,Rugs Network,Rugs,hand-knotted,"$4,409",,,PASS,,
Kashan,RN-310,Rugs Network,Rugs,hand-knotted,"$4,622",,,PASS,,
Kashan,RN-282,Rugs Network,Rugs,hand-knotted,"$5,513",,,PASS,,
Kashan Isfahania,RN-2161,Rugs Network,Rugs,hand-knotted,"$3,588",,,PASS,,
Kashan Yazd,RN-1091,Rugs Network,Rugs,hand-knotted,"$3,474",,,PASS,,
Kashan/Isfahania,RN-249,Rugs Network,Rugs,hand-knotted,"$3,795",,,PASS,,
Kashan/Isfahania,RN-301,Rugs Network,Rugs,hand-knotted,"$3,795",,,PASS,,
Kashkuli,RN-563,Rugs Network,Rugs,hand-knotted,$622,,,PASS,,
Kashmar/Mashad,RN-214,Rugs Network,Rugs,hand-knotted,"$2,691",,,PASS,,
Kathmandu,RN-867,Rugs Network,Rugs,hand-knotted,"$1,668",,,PASS,,
Kazak,RN-789,Rugs Network,Rugs,hand-knotted,$262,,,PASS,,
Kazak,RN-163,Rugs Network,Rugs,hand-knotted,$345,,,PASS,,
Kazak,RN-173,Rugs Network,Rugs,hand-knotted,$386,,,PASS,,
Kazak,RN-453,Rugs Network,Rugs,hand-knotted,$483,,,PASS,,
Kazak,RN-296,Rugs Network,Rugs,hand-knotted,$511,,,PASS,,
Kazak,RN-547,Rugs Network,Rugs,hand-knotted,$531,,,PASS,,
Kazak,RN-709,Rugs Network,Rugs,hand-knotted,$669,,,PASS,,
Kazak,RN-778,Rugs Network,Rugs,hand-knotted,$683,,,PASS,,
Kazak,RN-536,Rugs Network,Rugs,hand-knotted,$704,,,PASS,,
Kazak,RN-446,Rugs Network,Rugs,hand-knotted,$745,,,PASS,,
Kazak,RN-447,Rugs Network,Rugs,hand-knotted,$787,,,PASS,,
Kazak,RN-591,Rugs Network,Rugs,hand-knotted,$959,,,PASS,,
Kazak,RN-460,Rugs Network,Rugs,hand-knotted,$959,,,PASS,,
Kazak,RN-343,Rugs Network,Rugs,hand-knotted,$959,,,PASS,,
Kazak,RN-2311,Rugs Network,Rugs,hand-knotted,"$1,221",,,PASS,,
Kazak,RN-1028,Rugs Network,Rugs,hand-knotted,"$1,332",,,PASS,,
Kazak,RN-503,Rugs Network,Rugs,hand-knotted,"$1,373",,,PASS,,
Kazak,RN-2170,Rugs Network,Rugs,hand-knotted,"$1,517",,,PASS,,
Kazak,RN-511,Rugs Network,Rugs,hand-knotted,"$1,518",,,PASS,,
Kazak,RN-513,Rugs Network,Rugs,hand-knotted,"$1,587",,,PASS,,
Kazak,RN-1023,Rugs Network,Rugs,hand-knotted,"$1,622",,,PASS,,
Kazak,RN-512,Rugs Network,Rugs,hand-knotted,"$1,635",,,PASS,,
Kazak,RN-2157,Rugs Network,Rugs,hand-knotted,"$1,649",,,PASS,,
Kazak,RN-1024,Rugs Network,Rugs,hand-knotted,"$1,773",,,PASS,,
Kazak Patina,RN-166,Rugs Network,Rugs,hand-knotted,$338,,,PASS,,
Kazak Patina,RN-667,Rugs Network,Rugs,hand-knotted,$897,,,PASS,,
Kazak Patina,RN-394,Rugs Network,Rugs,hand-knotted,$996,,,PASS,,
Kazak Patina,RN-544,Rugs Network,Rugs,hand-knotted,$996,,,PASS,,
Kerman,RN-429,Rugs Network,Rugs,hand-knotted,"$3,305",,,PASS,,
Kerman Patina,RN-404,Rugs Network,Rugs,hand-knotted,$978,,,PASS,,
Kerman Patina,RN-967,Rugs Network,Rugs,hand-knotted,"$2,818",,,PASS,,
Khal Mohammadi,RN-829,Rugs Network,Rugs,hand-knotted,$531,,,PASS,,
Khal Mohammadi,RN-531,Rugs Network,Rugs,hand-knotted,$759,,,PASS,,
Khal Mohammadi,RN-552,Rugs Network,Rugs,hand-knotted,$759,,,PASS,,
Khal Mohammadi,RN-201,Rugs Network,Rugs,hand-knotted,$759,,,PASS,,
Khal Mohammadi,RN-539,Rugs Network,Rugs,hand-knotted,$780,,,PASS,,
Khal Mohammadi,RN-443,Rugs Network,Rugs,hand-knotted,"$1,097",,,PASS,,
Khorusan,RN-286,Rugs Network,Rugs,hand-knotted,"$1,925",,,PASS,,
King_Shaggy Light_Beige,RN-2880,Rugs Network,Rugs,machine-made,$72,,,PASS,,
King_Silk Beige,RN-2883,Rugs Network,Rugs,machine-made,$373,,,PASS,,
King_Silk Dark_Grey,RN-2882,Rugs Network,Rugs,machine-made,$373,,,PASS,,
King_Silk Dark_Grey,RN-2884,Rugs Network,Rugs,machine-made,$510,,,PASS,,
King_Silk White,RN-2881,Rugs Network,Rugs,machine-made,$510,,,PASS,,
Kolyae,RN-501,Rugs Network,Rugs,hand-knotted,"$1,373",,,PASS,,
Kolyae,RN-2154,Rugs Network,Rugs,hand-knotted,"$2,063",,,PASS,,
Kolyaye,RN-254,Rugs Network,Rugs,hand-knotted,$724,,,PASS,,
Kolyaye,RN-248,Rugs Network,Rugs,hand-knotted,$932,,,PASS,,
Lilihan,RN-562,Rugs Network,Rugs,hand-knotted,$483,,,PASS,,
Lori,RN-176,Rugs Network,Rugs,hand-knotted,$448,,,PASS,,
Lori,RN-232,Rugs Network,Rugs,hand-knotted,$586,,,PASS,,
Lubricraft Gabeh,RN-787,Rugs Network,Rugs,hand-knotted,$724,,,PASS,,
Mahal,RN-483,Rugs Network,Rugs,hand-knotted,$714,,,PASS,,
Mahal,RN-465,Rugs Network,Rugs,hand-knotted,$780,,,PASS,,
Mahal,RN-287,Rugs Network,Rugs,hand-knotted,"$1,863",,,PASS,,
Mahal,RN-247,Rugs Network,Rugs,hand-knotted,"$1,863",,,PASS,,
Mahal,RN-463,Rugs Network,Rugs,hand-knotted,"$2,088",,,PASS,,
Mahal,RN-284,Rugs Network,Rugs,hand-knotted,"$2,450",,,PASS,,
Mahal,RN-299,Rugs Network,Rugs,hand-knotted,"$2,553",,,PASS,,
Mahal,RN-2160,Rugs Network,Rugs,hand-knotted,"$3,243",,,PASS,,
Malayer,RN-557,Rugs Network,Rugs,hand-knotted,"$1,235",,,PASS,,
Malayer,RN-480,Rugs Network,Rugs,hand-knotted,"$1,649",,,PASS,,
Malibu Anthracite,RN-2887,Rugs Network,Rugs,machine-made,$676,,,PASS,,
Malibu Green,RN-2891,Rugs Network,Rugs,machine-made,$495,,,PASS,,
Malibu Light_Blue,RN-2888,Rugs Network,Rugs,machine-made,$676,,,PASS,,
Malibu Light_Grey,RN-2893,Rugs Network,Rugs,machine-made,$314,,,PASS,,
Malibu Light_Grey,RN-2894,Rugs Network,Rugs,machine-made,$314,,,PASS,,
Malibu Light_Grey,RN-2897,Rugs Network,Rugs,machine-made,$314,,,PASS,,
Malibu Light_Grey,RN-2899,Rugs Network,Rugs,machine-made,$314,,,PASS,,
Malibu Light_Grey,RN-2900,Rugs Network,Rugs,machine-made,$314,,,PASS,,
Malibu Orange,RN-2889,Rugs Network,Rugs,machine-made,$314,,,PASS,,
Malibu Orange,RN-2896,Rugs Network,Rugs,machine-made,$314,,,PASS,,
Malibu Orange,RN-2898,Rugs Network,Rugs,machine-made,$314,,,PASS,,
Malibu Pink,RN-2901,Rugs Network,Rugs,machine-made,$314,,,PASS,,
Malibu White,RN-2892,Rugs Network,Rugs,machine-made,$314,,,PASS,,
Malibu Yellow,RN-2890,Rugs Network,Rugs,machine-made,$314,,,PASS,,
Malta Beige_Blue,RN-3217,Rugs Network,Rugs,machine-made,$531,,,PASS,,
Malta Cream_Beige,RN-3220,Rugs Network,Rugs,machine-made,$337,,,PASS,,
Malta Cream_White,RN-2903,Rugs Network,Rugs,machine-made,$110,,,PASS,,
Malta Cream_White,RN-2905,Rugs Network,Rugs,machine-made,$110,,,PASS,,
Malta Cream_White,RN-3221,Rugs Network,Rugs,machine-made,$337,,,PASS,,
Malta Grey_Cream,RN-3218,Rugs Network,Rugs,machine-made,$337,,,PASS,,
Malta Light_Grey_Beige,RN-3216,Rugs Network,Rugs,machine-made,$110,,,PASS,,
Malta Light_Grey_Beige,RN-3219,Rugs Network,Rugs,machine-made,$337,,,PASS,,
Malta White,RN-2902,Rugs Network,Rugs,machine-made,$110,,,PASS,,
Malta White,RN-2906,Rugs Network,Rugs,machine-made,$110,,,PASS,,
Mansouri Collection,RN-986,Rugs Network,Rugs,hand-knotted,"$1,489",,,PASS,,
Mashad,RN-307,Rugs Network,Rugs,hand-knotted,"$1,932",,,PASS,,
Mashad,RN-309,Rugs Network,Rugs,hand-knotted,"$2,201",,,PASS,,
Mashad,RN-253,Rugs Network,Rugs,hand-knotted,"$2,339",,,PASS,,
Mashad,RN-251,Rugs Network,Rugs,hand-knotted,"$2,491",,,PASS,,
Mashad,RN-280,Rugs Network,Rugs,hand-knotted,"$2,615",,,PASS,,
Mashad,RN-245,Rugs Network,Rugs,hand-knotted,"$2,615",,,PASS,,
Mashad,RN-273,Rugs Network,Rugs,hand-knotted,"$2,691",,,PASS,,
Mashad,RN-229,Rugs Network,Rugs,hand-knotted,"$3,443",,,PASS,,
Mashad,RN-241,Rugs Network,Rugs,hand-knotted,"$3,443",,,PASS,,
Mashad,RN-293,Rugs Network,Rugs,hand-knotted,"$4,002",,,PASS,,
Mashad,RN-1093,Rugs Network,Rugs,hand-knotted,"$4,547",,,PASS,,
Mashad Kashmar,RN-261,Rugs Network,Rugs,hand-knotted,"$2,615",,,PASS,,
Maui 060_White_Beige,RN-3243,Rugs Network,Rugs,machine-made,$30,,,PASS,,
Maui 060_White_Beige,RN-3244,Rugs Network,Rugs,machine-made,$30,,,PASS,,
Maui 060_White_Blue,RN-3245,Rugs Network,Rugs,machine-made,$30,,,PASS,,
Maui 063_Beige_Blue,RN-3246,Rugs Network,Rugs,machine-made,$30,,,PASS,,
Maui 090_White_Grey,RN-3248,Rugs Network,Rugs,machine-made,$30,,,PASS,,
Maui 093_Beige_Gold,RN-3247,Rugs Network,Rugs,machine-made,$30,,,PASS,,
Maui 094_Multicolor,RN-3249,Rugs Network,Rugs,machine-made,$30,,,PASS,,
Maui 095_Grey_White,RN-3250,Rugs Network,Rugs,machine-made,$30,,,PASS,,
Medusa Beige,RN-2909,Rugs Network,Rugs,machine-made,$54,,,PASS,,
Medusa Beige,RN-2911,Rugs Network,Rugs,machine-made,$54,,,PASS,,
Medusa Beige,RN-2917,Rugs Network,Rugs,machine-made,$54,,,PASS,,
Medusa Beige,RN-2918,Rugs Network,Rugs,machine-made,$54,,,PASS,,
Medusa Black,RN-2907,Rugs Network,Rugs,machine-made,$54,,,PASS,,
Medusa Black,RN-2908,Rugs Network,Rugs,machine-made,$166,,,PASS,,
Medusa Burgundy,RN-2912,Rugs Network,Rugs,machine-made,$166,,,PASS,,
Medusa Cream,RN-2910,Rugs Network,Rugs,machine-made,$54,,,PASS,,
Medusa Cream,RN-2914,Rugs Network,Rugs,machine-made,$54,,,PASS,,
Medusa Dark_Beige,RN-2913,Rugs Network,Rugs,machine-made,$261,,,PASS,,
Medusa Light_Beige,RN-2920,Rugs Network,Rugs,machine-made,$54,,,PASS,,
Medusa Light_Beige,RN-2919,Rugs Network,Rugs,machine-made,$166,,,PASS,,
Medusa White,RN-2916,Rugs Network,Rugs,machine-made,$54,,,PASS,,
Medusa White,RN-2915,Rugs Network,Rugs,machine-made,$166,,,PASS,,
Melis,RN-746,Rugs Network,Rugs,hand-knotted,"$1,144",,,PASS,,
Melis,RN-762,Rugs Network,Rugs,hand-knotted,"$1,144",,,PASS,,
Mesa Dark_Blue,RN-2930,Rugs Network,Rugs,machine-made,$95,,,PASS,,
Mesa Dark_Blue_Orange,RN-2935,Rugs Network,Rugs,machine-made,$95,,,PASS,,
Mesa Dark_Blue_Red,RN-2932,Rugs Network,Rugs,machine-made,$95,,,PASS,,
Mesa Grey,RN-2926,Rugs Network,Rugs,machine-made,$95,,,PASS,,
Mesa Grey,RN-2929,Rugs Network,Rugs,machine-made,$95,,,PASS,,
Mesa Grey_Cream,RN-2924,Rugs Network,Rugs,machine-made,$95,,,PASS,,
Mesa Ivory,RN-2925,Rugs Network,Rugs,machine-made,$95,,,PASS,,
Mesa Ivory,RN-2927,Rugs Network,Rugs,machine-made,$95,,,PASS,,
Mesa Ivory,RN-2931,Rugs Network,Rugs,machine-made,$95,,,PASS,,
Mesa Ivory,RN-2921,Rugs Network,Rugs,machine-made,$95,,,PASS,,
Mesa Ivory_Red,RN-2933,Rugs Network,Rugs,machine-made,$95,,,PASS,,
Mesa Ivory_Red,RN-2934,Rugs Network,Rugs,machine-made,$95,,,PASS,,
Mesa Red,RN-2928,Rugs Network,Rugs,machine-made,$95,,,PASS,,
Mesa Red_Ivory,RN-2923,Rugs Network,Rugs,machine-made,$95,,,PASS,,
Mesa Red_Ivory,RN-2922,Rugs Network,Rugs,machine-made,$290,,,PASS,,
Meshkin,RN-266,Rugs Network,Rugs,hand-knotted,$545,,,PASS,,
Miami_2 Ice,RN-2937,Rugs Network,Rugs,machine-made,$66,,,PASS,,
Miami_2 Light_Beige,RN-2936,Rugs Network,Rugs,machine-made,$66,,,PASS,,
Miami_2 Light_Beige,RN-2938,Rugs Network,Rugs,machine-made,$66,,,PASS,,
Miami_2 Tile,RN-2939,Rugs Network,Rugs,machine-made,$66,,,PASS,,
Miami_2 Tile,RN-2940,Rugs Network,Rugs,machine-made,$204,,,PASS,,
Miami_2 White,RN-2644,Rugs Network,Rugs,machine-made,$66,,,PASS,,
Micro_Shaggy Beige,RN-2942,Rugs Network,Rugs,machine-made,$559,,,PASS,,
Micro_Shaggy Black,RN-2941,Rugs Network,Rugs,machine-made,$28,,,PASS,,
Micro_Shaggy Dark_Beige,RN-2943,Rugs Network,Rugs,machine-made,$28,,,PASS,,
Micro_Shaggy Dark_Grey,RN-2758,Rugs Network,Rugs,machine-made,$85,,,PASS,,
Micro_Shaggy Grey,RN-3271,Rugs Network,Rugs,machine-made,$260,,,PASS,,
Micro_Shaggy Light_Green,RN-2757,Rugs Network,Rugs,machine-made,$28,,,PASS,,
Micro_Shaggy Light_Grey,RN-2756,Rugs Network,Rugs,machine-made,$28,,,PASS,,
Micro_Shaggy Light_Pink,RN-2755,Rugs Network,Rugs,machine-made,$28,,,PASS,,
Micro_Shaggy White,RN-2944,Rugs Network,Rugs,machine-made,$28,,,PASS,,
Micro_Shaggy White,RN-3270,Rugs Network,Rugs,machine-made,$85,,,PASS,,
Mir Sarough,RN-972,Rugs Network,Rugs,hand-knotted,$393,,,PASS,,
Mir Sarough,RN-575,Rugs Network,Rugs,hand-knotted,$518,,,PASS,,
Mir Sarough,RN-984,Rugs Network,Rugs,hand-knotted,$669,,,PASS,,
Mir Sarough,RN-653,Rugs Network,Rugs,hand-knotted,$724,,,PASS,,
Mir Sarough,RN-652,Rugs Network,Rugs,hand-knotted,$745,,,PASS,,
Mir Sarough,RN-958,Rugs Network,Rugs,hand-knotted,$794,,,PASS,,
Mir Sarough,RN-983,Rugs Network,Rugs,hand-knotted,$821,,,PASS,,
Mir Sarough,RN-2218,Rugs Network,Rugs,hand-knotted,$821,,,PASS,,
Mir Sarough,RN-722,Rugs Network,Rugs,hand-knotted,$914,,,PASS,,
Mir Sarough,RN-927,Rugs Network,Rugs,hand-knotted,"$1,035",,,PASS,,
Mir Sarough,RN-938,Rugs Network,Rugs,hand-knotted,"$1,056",,,PASS,,
Mir Sarough,RN-932,Rugs Network,Rugs,hand-knotted,"$1,173",,,PASS,,
Mir Sarough,RN-321,Rugs Network,Rugs,hand-knotted,"$1,235",,,PASS,,
Mirzapur,RN-548,Rugs Network,Rugs,hand-knotted,"$1,264",,,PASS,,
Mirzapur,RN-479,Rugs Network,Rugs,hand-knotted,"$1,346",,,PASS,,
Mirzapur,RN-835,Rugs Network,Rugs,hand-knotted,"$2,760",,,PASS,,
Mirzapur,RN-378,Rugs Network,Rugs,hand-knotted,"$2,858",,,PASS,,
Mirzapur,RN-2207,Rugs Network,Rugs,hand-knotted,"$3,443",,,PASS,,
Mirzapur,RN-1001,Rugs Network,Rugs,hand-knotted,"$4,864",,,PASS,,
Mishkin,RN-236,Rugs Network,Rugs,hand-knotted,$300,,,PASS,,
Montana Beige,RN-3231,Rugs Network,Rugs,machine-made,$20,,,PASS,,
Montana Blue,RN-3232,Rugs Network,Rugs,machine-made,$20,,,PASS,,
Montana Cream,RN-3224,Rugs Network,Rugs,machine-made,$20,,,PASS,,
Montana Cream,RN-3225,Rugs Network,Rugs,machine-made,$20,,,PASS,,
Montana Cream,RN-3226,Rugs Network,Rugs,machine-made,$20,,,PASS,,
Montana Cream,RN-3229,Rugs Network,Rugs,machine-made,$20,,,PASS,,
Montana Cream,RN-3230,Rugs Network,Rugs,machine-made,$20,,,PASS,,
Montana Cream,RN-3233,Rugs Network,Rugs,machine-made,$20,,,PASS,,
Montana Cream,RN-3234,Rugs Network,Rugs,machine-made,$20,,,PASS,,
Montana Cream,RN-3251,Rugs Network,Rugs,machine-made,$20,,,PASS,,
Montana Light_Grey,RN-3252,Rugs Network,Rugs,machine-made,$20,,,PASS,,
Mouri,RN-555,Rugs Network,Rugs,hand-knotted,$472,,,PASS,,
Mousel,RN-543,Rugs Network,Rugs,hand-knotted,$442,,,PASS,,
Nahavand,RN-202,Rugs Network,Rugs,hand-knotted,$448,,,PASS,,
Nahavand,RN-451,Rugs Network,Rugs,hand-knotted,$518,,,PASS,,
Nahavand,RN-459,Rugs Network,Rugs,hand-knotted,$683,,,PASS,,
Nahavand,RN-240,Rugs Network,Rugs,hand-knotted,$759,,,PASS,,
Nain Nla,RN-438,Rugs Network,Rugs,hand-knotted,"$3,873",,,PASS,,
Nain Patina,RN-2143,Rugs Network,Rugs,hand-knotted,"$2,987",,,PASS,,
Nain Patina,RN-514,Rugs Network,Rugs,hand-knotted,"$2,987",,,PASS,,
Napa Beige,RN-2951,Rugs Network,Rugs,machine-made,$25,,,PASS,,
Napa Cream_Cream,RN-2953,Rugs Network,Rugs,machine-made,$25,,,PASS,,
Napa Dark_Grey,RN-2947,Rugs Network,Rugs,machine-made,$25,,,PASS,,
Napa Light_Beige,RN-2949,Rugs Network,Rugs,machine-made,$25,,,PASS,,
Napa Light_Grey,RN-2948,Rugs Network,Rugs,machine-made,$75,,,PASS,,
Napa White,RN-2952,Rugs Network,Rugs,machine-made,$25,,,PASS,,
Napa White_White,RN-2950,Rugs Network,Rugs,machine-made,$75,,,PASS,,
Nepal,RN-2126,Rugs Network,Rugs,hand-knotted,$172,,,PASS,,
Nepal,RN-2128,Rugs Network,Rugs,hand-knotted,$196,,,PASS,,
Nepal,RN-1018,Rugs Network,Rugs,hand-knotted,$431,,,PASS,,
Nepal,RN-1056,Rugs Network,Rugs,hand-knotted,$431,,,PASS,,
Nepal,RN-1057,Rugs Network,Rugs,hand-knotted,$431,,,PASS,,
Nepal,RN-1058,Rugs Network,Rugs,hand-knotted,$431,,,PASS,,
Nepal,RN-1059,Rugs Network,Rugs,hand-knotted,$431,,,PASS,,
Nepal,RN-1060,Rugs Network,Rugs,hand-knotted,$431,,,PASS,,
Nepal,RN-1061,Rugs Network,Rugs,hand-knotted,$431,,,PASS,,
Nepal,RN-1063,Rugs Network,Rugs,hand-knotted,$431,,,PASS,,
Nepal,RN-1064,Rugs Network,Rugs,hand-knotted,$431,,,PASS,,
Nepal,RN-1065,Rugs Network,Rugs,hand-knotted,$431,,,PASS,,
Nepal,RN-1066,Rugs Network,Rugs,hand-knotted,$431,,,PASS,,
Nepal,RN-1068,Rugs Network,Rugs,hand-knotted,$431,,,PASS,,
Nepal,RN-1069,Rugs Network,Rugs,hand-knotted,$431,,,PASS,,
Nepal,RN-1070,Rugs Network,Rugs,hand-knotted,$431,,,PASS,,
Nepal,RN-1071,Rugs Network,Rugs,hand-knotted,$431,,,PASS,,
Nepal,RN-1072,Rugs Network,Rugs,hand-knotted,$431,,,PASS,,
Nepal,RN-1073,Rugs Network,Rugs,hand-knotted,$431,,,PASS,,
Nepal,RN-1074,Rugs Network,Rugs,hand-knotted,$431,,,PASS,,
Nepal,RN-1076,Rugs Network,Rugs,hand-knotted,$431,,,PASS,,
Nepal,RN-1077,Rugs Network,Rugs,hand-knotted,$431,,,PASS,,
Nepal,RN-1078,Rugs Network,Rugs,hand-knotted,$431,,,PASS,,
Nepal,RN-1039,Rugs Network,Rugs,hand-knotted,$431,,,PASS,,
Nepal,RN-1040,Rugs Network,Rugs,hand-knotted,$431,,,PASS,,
Nepal,RN-339,Rugs Network,Rugs,hand-knotted,$546,,,PASS,,
Nepal,RN-439,Rugs Network,Rugs,hand-knotted,$569,,,PASS,,
Nepal,RN-355,Rugs Network,Rugs,hand-knotted,"$1,087",,,PASS,,
Nepal,RN-335,Rugs Network,Rugs,hand-knotted,"$1,374",,,PASS,,
Nepal,RN-1107,Rugs Network,Rugs,hand-knotted,"$2,530",,,PASS,,
Nepal Aurora,RN-785,Rugs Network,Rugs,hand-knotted,$781,,,PASS,,
Nepali,RN-672,Rugs Network,Rugs,hand-knotted,$748,,,PASS,,
Nepali Dorchi,RN-666,Rugs Network,Rugs,hand-knotted,$799,,,PASS,,
Nepali Dorci,RN-671,Rugs Network,Rugs,hand-knotted,$748,,,PASS,,
Nevada Dark_Beige,RN-2958,Rugs Network,Rugs,machine-made,$47,,,PASS,,
Nevada Grey,RN-2956,Rugs Network,Rugs,machine-made,$104,,,PASS,,
Nevada Grey,RN-2961,Rugs Network,Rugs,machine-made,$320,,,PASS,,
Nevada Grey,RN-2957,Rugs Network,Rugs,machine-made,$320,,,PASS,,
Nevada Grey,RN-2982,Rugs Network,Rugs,machine-made,$320,,,PASS,,
Nevada Light_Beige,RN-2954,Rugs Network,Rugs,machine-made,$47,,,PASS,,
Nevada Light_Beige,RN-2960,Rugs Network,Rugs,machine-made,$47,,,PASS,,
Nevada Light_Beige,RN-2980,Rugs Network,Rugs,machine-made,$47,,,PASS,,
Nevada Light_Beige,RN-2955,Rugs Network,Rugs,machine-made,$104,,,PASS,,
Nevada Light_Beige,RN-2962,Rugs Network,Rugs,machine-made,$104,,,PASS,,
Nevada Light_Beige,RN-2968,Rugs Network,Rugs,machine-made,$104,,,PASS,,
Nevada Light_Beige,RN-2975,Rugs Network,Rugs,machine-made,$104,,,PASS,,
Nevada Light_Beige,RN-2978,Rugs Network,Rugs,machine-made,$104,,,PASS,,
Nevada Light_Beige,RN-2979,Rugs Network,Rugs,machine-made,$104,,,PASS,,
Nevada Light_Beige,RN-2973,Rugs Network,Rugs,machine-made,$177,,,PASS,,
Nevada Light_Beige,RN-2969,Rugs Network,Rugs,machine-made,$320,,,PASS,,
Nevada Light_Beige,RN-2977,Rugs Network,Rugs,machine-made,$320,,,PASS,,
Nevada Light_Beige,RN-2983,Rugs Network,Rugs,machine-made,$320,,,PASS,,
Nevada Light_Beige,RN-2972,Rugs Network,Rugs,machine-made,$504,,,PASS,,
Nevada Light_Beige,RN-2959,Rugs Network,Rugs,machine-made,$504,,,PASS,,
Nevada Light_Beige,RN-2967,Rugs Network,Rugs,machine-made,$504,,,PASS,,
Nevada Light_Beige,RN-2964,Rugs Network,Rugs,machine-made,$504,,,PASS,,
Nevada Light_Beige,RN-2965,Rugs Network,Rugs,machine-made,$504,,,PASS,,
Nevada Light_Beige,RN-2971,Rugs Network,Rugs,machine-made,$689,,,PASS,,
Nevada Light_Beige,RN-2974,Rugs Network,Rugs,machine-made,$689,,,PASS,,
Nevada Light_Grey,RN-2966,Rugs Network,Rugs,machine-made,$177,,,PASS,,
Pako Tabriz,RN-298,Rugs Network,Rugs,hand-knotted,$897,,,PASS,,
Pako Tabriz,RN-571,Rugs Network,Rugs,hand-knotted,"$1,194",,,PASS,,
Pako Tabriz,RN-573,Rugs Network,Rugs,hand-knotted,"$1,359",,,PASS,,
Pako Tabriz,RN-302,Rugs Network,Rugs,hand-knotted,"$1,379",,,PASS,,
Pako Tabriz,RN-1092,Rugs Network,Rugs,hand-knotted,"$5,513",,,PASS,,
Pako Tabriz Patina,RN-188,Rugs Network,Rugs,hand-knotted,"$4,485",,,PASS,,
Persian  Najaf Abad,RN-997,Rugs Network,Rugs,hand-knotted,"$3,857",,,PASS,,
Persian Abadeh,RN-773,Rugs Network,Rugs,hand-knotted,$476,,,PASS,,
Persian Afshar,RN-140,Rugs Network,Rugs,hand-knotted,$275,,,PASS,,
Persian Afshar,RN-2195,Rugs Network,Rugs,hand-knotted,$407,,,PASS,,
Persian Afshar,RN-636,Rugs Network,Rugs,hand-knotted,$545,,,PASS,,
Persian Arak,RN-937,Rugs Network,Rugs,hand-knotted,$338,,,PASS,,
Persian Arak,RN-780,Rugs Network,Rugs,hand-knotted,$531,,,PASS,,
Persian Ardebil,RN-849,Rugs Network,Rugs,hand-knotted,$683,,,PASS,,
Persian Ardebil,RN-854,Rugs Network,Rugs,hand-knotted,$683,,,PASS,,
Persian Ardebil,RN-827,Rugs Network,Rugs,hand-knotted,$759,,,PASS,,
Persian Ardebil,RN-1026,Rugs Network,Rugs,hand-knotted,$821,,,PASS,,
Persian Ardebil,RN-886,Rugs Network,Rugs,hand-knotted,"$1,373",,,PASS,,
Persian Bakhtiar,RN-595,Rugs Network,Rugs,hand-knotted,$821,,,PASS,,
Persian Bakhtiar,RN-745,Rugs Network,Rugs,hand-knotted,$862,,,PASS,,
Persian Bakhtiar,RN-757,Rugs Network,Rugs,hand-knotted,"$1,214",,,PASS,,
Persian Bakhtiar,RN-897,Rugs Network,Rugs,hand-knotted,"$1,511",,,PASS,,
Persian Bakhtiar,RN-2167,Rugs Network,Rugs,hand-knotted,"$1,739",,,PASS,,
Persian Bakhtiar,RN-2152,Rugs Network,Rugs,hand-knotted,"$1,884",,,PASS,,
Persian Bakhtiari,RN-686,Rugs Network,Rugs,hand-knotted,"$1,173",,,PASS,,
Persian Bakhtiari,RN-679,Rugs Network,Rugs,hand-knotted,"$1,180",,,PASS,,
Persian Bidjar,RN-736,Rugs Network,Rugs,hand-knotted,$642,,,PASS,,
Persian Bidjar,RN-935,Rugs Network,Rugs,hand-knotted,$897,,,PASS,,
Persian Bidjar,RN-824,Rugs Network,Rugs,hand-knotted,$938,,,PASS,,
Persian Bidjar,RN-604,Rugs Network,Rugs,hand-knotted,$959,,,PASS,,
Persian Bidjar,RN-706,Rugs Network,Rugs,hand-knotted,$959,,,PASS,,
Persian Bidjar,RN-844,Rugs Network,Rugs,hand-knotted,$959,,,PASS,,
Persian Bidjar,RN-721,Rugs Network,Rugs,hand-knotted,"$1,097",,,PASS,,
Persian Bidjar,RN-811,Rugs Network,Rugs,hand-knotted,"$1,373",,,PASS,,
Persian Bidjar Ardebil,RN-733,Rugs Network,Rugs,hand-knotted,"$1,097",,,PASS,,
Persian Bidjar Kolyae,RN-594,Rugs Network,Rugs,hand-knotted,$683,,,PASS,,
Persian Bidjar Kolyae,RN-601,Rugs Network,Rugs,hand-knotted,$683,,,PASS,,
Persian Bidjar Kolyae,RN-731,Rugs Network,Rugs,hand-knotted,"$1,311",,,PASS,,
Persian Bidjar Kolyae,RN-685,Rugs Network,Rugs,hand-knotted,"$1,690",,,PASS,,
Persian Bidjar Kolyae,RN-683,Rugs Network,Rugs,hand-knotted,"$2,022",,,PASS,,
Persian Bidjar Kolyae,RN-682,Rugs Network,Rugs,hand-knotted,"$2,029",,,PASS,,
Persian Bidjar Kolyae,RN-680,Rugs Network,Rugs,hand-knotted,"$2,153",,,PASS,,
Persian Bidjar Kolyae,RN-678,Rugs Network,Rugs,hand-knotted,"$2,174",,,PASS,,
Persian Bidjar Kolyae,RN-677,Rugs Network,Rugs,hand-knotted,"$2,187",,,PASS,,
Persian Bidjar Kolyae,RN-681,Rugs Network,Rugs,hand-knotted,"$2,201",,,PASS,,
Persian Bidjar Kolyae,RN-687,Rugs Network,Rugs,hand-knotted,"$2,256",,,PASS,,
Persian Bidjar Kolyae,RN-684,Rugs Network,Rugs,hand-knotted,"$2,339",,,PASS,,
Persian Bidjar Kolyae,RN-664,Rugs Network,Rugs,hand-knotted,"$2,345",,,PASS,,
Persian Bidjar Senneh,RN-812,Rugs Network,Rugs,hand-knotted,$407,,,PASS,,
Persian Bidjar Senneh,RN-870,Rugs Network,Rugs,hand-knotted,"$2,753",,,PASS,,
Persian Broujerd,RN-901,Rugs Network,Rugs,hand-knotted,$593,,,PASS,,
Persian Gabeh,RN-760,Rugs Network,Rugs,hand-knotted,"$1,828",,,PASS,,
Persian Garacheh,RN-781,Rugs Network,Rugs,hand-knotted,$807,,,PASS,,
Persian Garavand,RN-979,Rugs Network,Rugs,hand-knotted,$483,,,PASS,,
Persian Garcheh,RN-593,Rugs Network,Rugs,hand-knotted,$448,,,PASS,,
Persian Gholtogh,RN-883,Rugs Network,Rugs,hand-knotted,$407,,,PASS,,
Persian Ghom,RN-860,Rugs Network,Rugs,hand-knotted,$821,,,PASS,,
Persian Goltoch,RN-2155,Rugs Network,Rugs,hand-knotted,$345,,,PASS,,
Persian Goltoch,RN-930,Rugs Network,Rugs,hand-knotted,$545,,,PASS,,
Persian Goltogh,RN-638,Rugs Network,Rugs,hand-knotted,$345,,,PASS,,
Persian Hamadan,RN-950,Rugs Network,Rugs,hand-knotted,$269,,,PASS,,
Persian Hamadan,RN-629,Rugs Network,Rugs,hand-knotted,$310,,,PASS,,
Persian Hamadan,RN-625,Rugs Network,Rugs,hand-knotted,$310,,,PASS,,
Persian Hamadan,RN-608,Rugs Network,Rugs,hand-knotted,$310,,,PASS,,
Persian Hamadan,RN-873,Rugs Network,Rugs,hand-knotted,$310,,,PASS,,
Persian Hamadan,RN-977,Rugs Network,Rugs,hand-knotted,$310,,,PASS,,
Persian Hamadan,RN-1006,Rugs Network,Rugs,hand-knotted,$310,,,PASS,,
Persian Hamadan,RN-2196,Rugs Network,Rugs,hand-knotted,$310,,,PASS,,
Persian Hamadan,RN-2198,Rugs Network,Rugs,hand-knotted,$310,,,PASS,,
Persian Hamadan,RN-2163,Rugs Network,Rugs,hand-knotted,$310,,,PASS,,
Persian Hamadan,RN-2222,Rugs Network,Rugs,hand-knotted,$310,,,PASS,,
Persian Hamadan,RN-2224,Rugs Network,Rugs,hand-knotted,$310,,,PASS,,
Persian Hamadan,RN-2229,Rugs Network,Rugs,hand-knotted,$310,,,PASS,,
Persian Hamadan,RN-2231,Rugs Network,Rugs,hand-knotted,$317,,,PASS,,
Persian Hamadan,RN-2225,Rugs Network,Rugs,hand-knotted,$331,,,PASS,,
Persian Hamadan,RN-982,Rugs Network,Rugs,hand-knotted,$331,,,PASS,,
Persian Hamadan,RN-874,Rugs Network,Rugs,hand-knotted,$331,,,PASS,,
Persian Hamadan,RN-879,Rugs Network,Rugs,hand-knotted,$331,,,PASS,,
Persian Hamadan,RN-881,Rugs Network,Rugs,hand-knotted,$331,,,PASS,,
Persian Hamadan,RN-842,Rugs Network,Rugs,hand-knotted,$331,,,PASS,,
Persian Hamadan,RN-2251,Rugs Network,Rugs,hand-knotted,$338,,,PASS,,
Persian Hamadan,RN-2223,Rugs Network,Rugs,hand-knotted,$345,,,PASS,,
Persian Hamadan,RN-843,Rugs Network,Rugs,hand-knotted,$345,,,PASS,,
Persian Hamadan,RN-880,Rugs Network,Rugs,hand-knotted,$345,,,PASS,,
Persian Hamadan,RN-1007,Rugs Network,Rugs,hand-knotted,$345,,,PASS,,
Persian Hamadan,RN-655,Rugs Network,Rugs,hand-knotted,$345,,,PASS,,
Persian Hamadan,RN-740,Rugs Network,Rugs,hand-knotted,$345,,,PASS,,
Persian Hamadan,RN-605,Rugs Network,Rugs,hand-knotted,$345,,,PASS,,
Persian Hamadan,RN-600,Rugs Network,Rugs,hand-knotted,$345,,,PASS,,
Persian Hamadan,RN-614,Rugs Network,Rugs,hand-knotted,$345,,,PASS,,
Persian Hamadan,RN-607,Rugs Network,Rugs,hand-knotted,$345,,,PASS,,
Persian Hamadan,RN-616,Rugs Network,Rugs,hand-knotted,$345,,,PASS,,
Persian Hamadan,RN-632,Rugs Network,Rugs,hand-knotted,$345,,,PASS,,
Persian Hamadan,RN-635,Rugs Network,Rugs,hand-knotted,$345,,,PASS,,
Persian Hamadan,RN-951,Rugs Network,Rugs,hand-knotted,$352,,,PASS,,
Persian Hamadan,RN-980,Rugs Network,Rugs,hand-knotted,$352,,,PASS,,
Persian Hamadan,RN-1008,Rugs Network,Rugs,hand-knotted,$359,,,PASS,,
Persian Hamadan,RN-2202,Rugs Network,Rugs,hand-knotted,$359,,,PASS,,
Persian Hamadan,RN-2230,Rugs Network,Rugs,hand-knotted,$359,,,PASS,,
Persian Hamadan,RN-2227,Rugs Network,Rugs,hand-knotted,$359,,,PASS,,
Persian Hamadan,RN-2228,Rugs Network,Rugs,hand-knotted,$359,,,PASS,,
Persian Hamadan,RN-602,Rugs Network,Rugs,hand-knotted,$359,,,PASS,,
Persian Hamadan,RN-606,Rugs Network,Rugs,hand-knotted,$366,,,PASS,,
Persian Hamadan,RN-599,Rugs Network,Rugs,hand-knotted,$366,,,PASS,,
Persian Hamadan,RN-657,Rugs Network,Rugs,hand-knotted,$366,,,PASS,,
Persian Hamadan,RN-2250,Rugs Network,Rugs,hand-knotted,$366,,,PASS,,
Persian Hamadan,RN-978,Rugs Network,Rugs,hand-knotted,$366,,,PASS,,
Persian Hamadan,RN-876,Rugs Network,Rugs,hand-knotted,$373,,,PASS,,
Persian Hamadan,RN-2197,Rugs Network,Rugs,hand-knotted,$373,,,PASS,,
Persian Hamadan,RN-2201,Rugs Network,Rugs,hand-knotted,$373,,,PASS,,
Persian Hamadan,RN-630,Rugs Network,Rugs,hand-knotted,$373,,,PASS,,
Persian Hamadan,RN-615,Rugs Network,Rugs,hand-knotted,$373,,,PASS,,
Persian Hamadan,RN-634,Rugs Network,Rugs,hand-knotted,$373,,,PASS,,
Persian Hamadan,RN-610,Rugs Network,Rugs,hand-knotted,$373,,,PASS,,
Persian Hamadan,RN-2199,Rugs Network,Rugs,hand-knotted,$380,,,PASS,,
Persian Hamadan,RN-611,Rugs Network,Rugs,hand-knotted,$380,,,PASS,,
Persian Hamadan,RN-609,Rugs Network,Rugs,hand-knotted,$393,,,PASS,,
Persian Hamadan,RN-656,Rugs Network,Rugs,hand-knotted,$407,,,PASS,,
Persian Hamadan,RN-973,Rugs Network,Rugs,hand-knotted,$407,,,PASS,,
Persian Hamadan,RN-2194,Rugs Network,Rugs,hand-knotted,$407,,,PASS,,
Persian Hamadan,RN-2203,Rugs Network,Rugs,hand-knotted,$407,,,PASS,,
Persian Hamadan,RN-2226,Rugs Network,Rugs,hand-knotted,$407,,,PASS,,
Persian Hamadan,RN-831,Rugs Network,Rugs,hand-knotted,$413,,,PASS,,
Persian Hamadan,RN-949,Rugs Network,Rugs,hand-knotted,$511,,,PASS,,
Persian Hamadan,RN-981,Rugs Network,Rugs,hand-knotted,$628,,,PASS,,
Persian Hamadan,RN-929,Rugs Network,Rugs,hand-knotted,$780,,,PASS,,
Persian Hamadan,RN-2249,Rugs Network,Rugs,hand-knotted,$780,,,PASS,,
Persian Hossein Abad,RN-580,Rugs Network,Rugs,hand-knotted,$759,,,PASS,,
Persian Hussein Abad,RN-622,Rugs Network,Rugs,hand-knotted,$366,,,PASS,,
Persian Hussein Abad,RN-765,Rugs Network,Rugs,hand-knotted,$428,,,PASS,,
Persian Hussein Abad,RN-643,Rugs Network,Rugs,hand-knotted,$428,,,PASS,,
Persian Isfahan,RN-755,Rugs Network,Rugs,hand-knotted,"$1,973",,,PASS,,
Persian Isfahan,RN-1002,Rugs Network,Rugs,hand-knotted,"$4,133",,,PASS,,
Persian Isfahan,RN-1003,Rugs Network,Rugs,hand-knotted,"$5,099",,,PASS,,
Persian Joshegan,RN-623,Rugs Network,Rugs,hand-knotted,$448,,,PASS,,
Persian Joshegan,RN-993,Rugs Network,Rugs,hand-knotted,"$1,925",,,PASS,,
Persian Kalerdasht,RN-925,Rugs Network,Rugs,hand-knotted,$483,,,PASS,,
Persian Kalerdasht,RN-985,Rugs Network,Rugs,hand-knotted,$800,,,PASS,,
Persian Kashan,RN-887,Rugs Network,Rugs,hand-knotted,"$1,511",,,PASS,,
Persian Kashan,RN-898,Rugs Network,Rugs,hand-knotted,"$1,628",,,PASS,,
Persian Kashan,RN-1000,Rugs Network,Rugs,hand-knotted,"$1,695",,,PASS,,
Persian Kashan,RN-2147,Rugs Network,Rugs,hand-knotted,"$1,787",,,PASS,,
Persian Kashan,RN-1027,Rugs Network,Rugs,hand-knotted,"$1,849",,,PASS,,
Persian Kashan,RN-892,Rugs Network,Rugs,hand-knotted,"$2,139",,,PASS,,
Persian Kashan,RN-999,Rugs Network,Rugs,hand-knotted,"$3,864",,,PASS,,
Persian Kashan,RN-998,Rugs Network,Rugs,hand-knotted,"$4,133",,,PASS,,
Persian Kashan Yazd,RN-890,Rugs Network,Rugs,hand-knotted,"$2,063",,,PASS,,
Persian Kashmar,RN-799,Rugs Network,Rugs,hand-knotted,"$4,347",,,PASS,,
Persian Kashmar,RN-794,Rugs Network,Rugs,hand-knotted,"$7,673",,,PASS,,
Persian Kashmar,RN-795,Rugs Network,Rugs,hand-knotted,"$11,033",,,PASS,,
Persian Khoramabad,RN-853,Rugs Network,Rugs,hand-knotted,$345,,,PASS,,
Persian Khoramabad,RN-825,Rugs Network,Rugs,hand-knotted,$366,,,PASS,,
Persian Khoramabad,RN-841,Rugs Network,Rugs,hand-knotted,$407,,,PASS,,
Persian Kirman,RN-758,Rugs Network,Rugs,hand-knotted,"$4,133",,,PASS,,
Persian Kolyae,RN-633,Rugs Network,Rugs,hand-knotted,$448,,,PASS,,
Persian Kolyae,RN-851,Rugs Network,Rugs,hand-knotted,$758,,,PASS,,
Persian Kolyae,RN-941,Rugs Network,Rugs,hand-knotted,"$1,718",,,PASS,,
Persian Korachi,RN-926,Rugs Network,Rugs,hand-knotted,"$1,235",,,PASS,,
Persian Lori,RN-910,Rugs Network,Rugs,hand-knotted,"$1,777",,,PASS,,
Persian Mahal,RN-947,Rugs Network,Rugs,hand-knotted,$407,,,PASS,,
Persian Mahal,RN-826,Rugs Network,Rugs,hand-knotted,$407,,,PASS,,
Persian Mahal,RN-899,Rugs Network,Rugs,hand-knotted,"$2,187",,,PASS,,
Persian Mahal,RN-994,Rugs Network,Rugs,hand-knotted,"$2,201",,,PASS,,
Persian Malayer,RN-945,Rugs Network,Rugs,hand-knotted,$794,,,PASS,,
Persian Malayer,RN-669,Rugs Network,Rugs,hand-knotted,"$1,373",,,PASS,,
Persian Meer Sarough,RN-948,Rugs Network,Rugs,hand-knotted,$738,,,PASS,,
Persian Meer Sarough,RN-942,Rugs Network,Rugs,hand-knotted,$766,,,PASS,,
Persian Meer Sarough,RN-940,Rugs Network,Rugs,hand-knotted,"$1,097",,,PASS,,
Persian Mir Sarough,RN-590,Rugs Network,Rugs,hand-knotted,"$3,947",,,PASS,,
Persian Nahavand,RN-818,Rugs Network,Rugs,hand-knotted,$483,,,PASS,,
Persian Nahavand,RN-2217,Rugs Network,Rugs,hand-knotted,$483,,,PASS,,
Persian Nahavand,RN-857,Rugs Network,Rugs,hand-knotted,$545,,,PASS,,
Persian Nahavand,RN-819,Rugs Network,Rugs,hand-knotted,$592,,,PASS,,
Persian Nahavand,RN-946,Rugs Network,Rugs,hand-knotted,$683,,,PASS,,
Persian Nain,RN-219,Rugs Network,Rugs,hand-knotted,"$1,728",,,PASS,,
Persian Nain,RN-304,Rugs Network,Rugs,hand-knotted,"$1,728",,,PASS,,
Persian Nain,RN-186,Rugs Network,Rugs,hand-knotted,"$1,905",,,PASS,,
Persian Nain,RN-728,Rugs Network,Rugs,hand-knotted,"$1,980",,,PASS,,
Persian Nain,RN-474,Rugs Network,Rugs,hand-knotted,"$2,460",,,PASS,,
Persian Nain,RN-444,Rugs Network,Rugs,hand-knotted,"$2,670",,,PASS,,
Persian Nain,RN-468,Rugs Network,Rugs,hand-knotted,"$2,734",,,PASS,,
Persian Nain,RN-2164,Rugs Network,Rugs,hand-knotted,"$2,753",,,PASS,,
Persian Nain,RN-428,Rugs Network,Rugs,hand-knotted,"$3,762",,,PASS,,
Persian Nain,RN-759,Rugs Network,Rugs,hand-knotted,"$3,822",,,PASS,,
Persian Nain,RN-2191,Rugs Network,Rugs,hand-knotted,"$3,840",,,PASS,,
Persian Nain,RN-424,Rugs Network,Rugs,hand-knotted,"$3,960",,,PASS,,
Persian Nain,RN-753,Rugs Network,Rugs,hand-knotted,"$3,998",,,PASS,,
Persian Nain Nla,RN-907,Rugs Network,Rugs,hand-knotted,"$3,998",,,PASS,,
Persian Nain Nla,RN-908,Rugs Network,Rugs,hand-knotted,"$3,998",,,PASS,,
Persian Nain Nla,RN-909,Rugs Network,Rugs,hand-knotted,"$3,998",,,PASS,,
Persian Nain Nla,RN-2144,Rugs Network,Rugs,hand-knotted,"$4,753",,,PASS,,
Persian Nain Tabas,RN-724,Rugs Network,Rugs,hand-knotted,"$1,375",,,PASS,,
Persian Najaf Abad,RN-796,Rugs Network,Rugs,hand-knotted,"$4,485",,,PASS,,
Persian Qashgai,RN-931,Rugs Network,Rugs,hand-knotted,"$1,359",,,PASS,,
Persian Quashgai,RN-624,Rugs Network,Rugs,hand-knotted,$448,,,PASS,,
Persian Roudbar,RN-878,Rugs Network,Rugs,hand-knotted,$407,,,PASS,,
Persian Royal Kerman,RN-619,Rugs Network,Rugs,hand-knotted,$649,,,PASS,,
Persian Sabzevar,RN-2306,Rugs Network,Rugs,hand-knotted,"$2,477",,,PASS,,
Persian Saghez,RN-628,Rugs Network,Rugs,hand-knotted,$407,,,PASS,,
Persian Saghez,RN-800,Rugs Network,Rugs,hand-knotted,$407,,,PASS,,
Persian Saghez,RN-801,Rugs Network,Rugs,hand-knotted,$407,,,PASS,,
Persian Saghez,RN-848,Rugs Network,Rugs,hand-knotted,$407,,,PASS,,
Persian Saghez,RN-631,Rugs Network,Rugs,hand-knotted,$448,,,PASS,,
Persian Sarough,RN-790,Rugs Network,Rugs,hand-knotted,$269,,,PASS,,
Persian Sarough,RN-808,Rugs Network,Rugs,hand-knotted,$310,,,PASS,,
Persian Sarough,RN-814,Rugs Network,Rugs,hand-knotted,$310,,,PASS,,
Persian Sarough,RN-820,Rugs Network,Rugs,hand-knotted,$380,,,PASS,,
Persian Sarough,RN-592,Rugs Network,Rugs,hand-knotted,$380,,,PASS,,
Persian Sarough,RN-816,Rugs Network,Rugs,hand-knotted,$482,,,PASS,,
Persian Sarough,RN-642,Rugs Network,Rugs,hand-knotted,$545,,,PASS,,
Persian Sarough,RN-815,Rugs Network,Rugs,hand-knotted,$545,,,PASS,,
Persian Sarough,RN-788,Rugs Network,Rugs,hand-knotted,$592,,,PASS,,
Persian Sarough,RN-955,Rugs Network,Rugs,hand-knotted,$614,,,PASS,,
Persian Sarough,RN-858,Rugs Network,Rugs,hand-knotted,$683,,,PASS,,
Persian Sarough,RN-924,Rugs Network,Rugs,hand-knotted,$683,,,PASS,,
Persian Sarough,RN-928,Rugs Network,Rugs,hand-knotted,$897,,,PASS,,
Persian Sarough,RN-694,Rugs Network,Rugs,hand-knotted,"$1,097",,,PASS,,
Persian Sarough,RN-718,Rugs Network,Rugs,hand-knotted,"$1,352",,,PASS,,
Persian Sarough,RN-953,Rugs Network,Rugs,hand-knotted,"$1,377",,,PASS,,
Persian Sarough,RN-944,Rugs Network,Rugs,hand-knotted,"$1,449",,,PASS,,
Persian Sarough,RN-726,Rugs Network,Rugs,hand-knotted,"$1,649",,,PASS,,
Persian Sarough,RN-744,Rugs Network,Rugs,hand-knotted,"$1,649",,,PASS,,
Persian Sarough,RN-748,Rugs Network,Rugs,hand-knotted,"$2,753",,,PASS,,
Persian Sarough,RN-749,Rugs Network,Rugs,hand-knotted,"$2,753",,,PASS,,
Persian Sarough,RN-889,Rugs Network,Rugs,hand-knotted,"$2,753",,,PASS,,
Persian Sarough,RN-821,Rugs Network,Rugs,hand-knotted,"$3,029",,,PASS,,
Persian Sarough,RN-900,Rugs Network,Rugs,hand-knotted,"$3,119",,,PASS,,
Persian Sarough,RN-2185,Rugs Network,Rugs,hand-knotted,"$3,381",,,PASS,,
Persian Sarough,RN-777,Rugs Network,Rugs,hand-knotted,"$4,078",,,PASS,,
Persian Saveh,RN-640,Rugs Network,Rugs,hand-knotted,$407,,,PASS,,
Persian Saveh,RN-766,Rugs Network,Rugs,hand-knotted,$407,,,PASS,,
Persian Saveh,RN-822,Rugs Network,Rugs,hand-knotted,$407,,,PASS,,
Persian Saveh,RN-823,Rugs Network,Rugs,hand-knotted,$407,,,PASS,,
Persian Saveh,RN-852,Rugs Network,Rugs,hand-knotted,$407,,,PASS,,
Persian Saveh,RN-877,Rugs Network,Rugs,hand-knotted,$407,,,PASS,,
Persian Shiraz,RN-584,Rugs Network,Rugs,hand-knotted,$511,,,PASS,,
Persian Shiraz,RN-782,Rugs Network,Rugs,hand-knotted,$552,,,PASS,,
Persian Shiraz,RN-783,Rugs Network,Rugs,hand-knotted,$552,,,PASS,,
Persian Shiraz,RN-675,Rugs Network,Rugs,hand-knotted,$552,,,PASS,,
Persian Shiraz,RN-676,Rugs Network,Rugs,hand-knotted,$552,,,PASS,,
Persian Shiraz,RN-751,Rugs Network,Rugs,hand-knotted,$787,,,PASS,,
Persian Shiraz,RN-921,Rugs Network,Rugs,hand-knotted,$807,,,PASS,,
Persian Shiraz,RN-913,Rugs Network,Rugs,hand-knotted,$827,,,PASS,,
Persian Shiraz,RN-2172,Rugs Network,Rugs,hand-knotted,$828,,,PASS,,
Persian Shiraz,RN-914,Rugs Network,Rugs,hand-knotted,$856,,,PASS,,
Persian Shiraz,RN-915,Rugs Network,Rugs,hand-knotted,$856,,,PASS,,
Persian Shiraz,RN-923,Rugs Network,Rugs,hand-knotted,$856,,,PASS,,
Persian Shiraz,RN-918,Rugs Network,Rugs,hand-knotted,$856,,,PASS,,
Persian Shiraz,RN-920,Rugs Network,Rugs,hand-knotted,$856,,,PASS,,
Persian Shiraz,RN-752,Rugs Network,Rugs,hand-knotted,$856,,,PASS,,
Persian Shiraz,RN-912,Rugs Network,Rugs,hand-knotted,$862,,,PASS,,
Persian Shiraz,RN-922,Rugs Network,Rugs,hand-knotted,$862,,,PASS,,
Persian Shiraz,RN-916,Rugs Network,Rugs,hand-knotted,$869,,,PASS,,
Persian Shiraz,RN-2146,Rugs Network,Rugs,hand-knotted,$869,,,PASS,,
Persian Shiraz,RN-917,Rugs Network,Rugs,hand-knotted,$883,,,PASS,,
Persian Shiraz,RN-2171,Rugs Network,Rugs,hand-knotted,$897,,,PASS,,
Persian Tabriz,RN-617,Rugs Network,Rugs,hand-knotted,$380,,,PASS,,
Persian Tabriz,RN-872,Rugs Network,Rugs,hand-knotted,"$1,787",,,PASS,,
Persian Tabriz,RN-1096,Rugs Network,Rugs,hand-knotted,"$2,753",,,PASS,,
Persian Tabriz,RN-2307,Rugs Network,Rugs,hand-knotted,"$4,485",,,PASS,,
Persian Tabriz,RN-2158,Rugs Network,Rugs,hand-knotted,"$5,513",,,PASS,,
Persian Tabriz,RN-792,Rugs Network,Rugs,hand-knotted,"$5,998",,,PASS,,
Persian Tabriz Hosseinabad,RN-830,Rugs Network,Rugs,hand-knotted,$380,,,PASS,,
Persian Toyserkan,RN-588,Rugs Network,Rugs,hand-knotted,$662,,,PASS,,
Persian Varamin,RN-234,Rugs Network,Rugs,hand-knotted,$745,,,PASS,,
Persian Wiss,RN-621,Rugs Network,Rugs,hand-knotted,$469,,,PASS,,
Persian Wiss,RN-620,Rugs Network,Rugs,hand-knotted,$504,,,PASS,,
Persian Wiss,RN-585,Rugs Network,Rugs,hand-knotted,$511,,,PASS,,
Persian Wiss,RN-895,Rugs Network,Rugs,hand-knotted,"$1,587",,,PASS,,
Persian Yalameh,RN-2190,Rugs Network,Rugs,hand-knotted,"$2,477",,,PASS,,
Persian Zanjan,RN-884,Rugs Network,Rugs,hand-knotted,$373,,,PASS,,
Persian Zanjan,RN-618,Rugs Network,Rugs,hand-knotted,$483,,,PASS,,
Persian Zanjan,RN-957,Rugs Network,Rugs,hand-knotted,$518,,,PASS,,
Persian Zanjan,RN-974,Rugs Network,Rugs,hand-knotted,$518,,,PASS,,
Persian Zanjan,RN-896,Rugs Network,Rugs,hand-knotted,$759,,,PASS,,
Persian_Classic Black,RN-2991,Rugs Network,Rugs,machine-made,$98,,,PASS,,
Persian_Classic Black,RN-2994,Rugs Network,Rugs,machine-made,$98,,,PASS,,
Persian_Classic Black,RN-3273,Rugs Network,Rugs,machine-made,$98,,,PASS,,
Persian_Classic Black,RN-2713,Rugs Network,Rugs,machine-made,$300,,,PASS,,
Persian_Classic Black,RN-3019,Rugs Network,Rugs,machine-made,$300,,,PASS,,
Persian_Classic Black,RN-3007,Rugs Network,Rugs,machine-made,$300,,,PASS,,
Persian_Classic Black,RN-2997,Rugs Network,Rugs,machine-made,$300,,,PASS,,
Persian_Classic Black,RN-3001,Rugs Network,Rugs,machine-made,$300,,,PASS,,
Persian_Classic Black,RN-3006,Rugs Network,Rugs,machine-made,$472,,,PASS,,
Persian_Classic Black_Black,RN-3012,Rugs Network,Rugs,machine-made,$472,,,PASS,,
Persian_Classic Black_Black,RN-3017,Rugs Network,Rugs,machine-made,$472,,,PASS,,
Persian_Classic Cream,RN-2985,Rugs Network,Rugs,machine-made,$98,,,PASS,,
Persian_Classic Cream,RN-2988,Rugs Network,Rugs,machine-made,$98,,,PASS,,
Persian_Classic Cream,RN-2992,Rugs Network,Rugs,machine-made,$98,,,PASS,,
Persian_Classic Cream,RN-2995,Rugs Network,Rugs,machine-made,$98,,,PASS,,
Persian_Classic Cream,RN-3272,Rugs Network,Rugs,machine-made,$98,,,PASS,,
Persian_Classic Cream,RN-3003,Rugs Network,Rugs,machine-made,$189,,,PASS,,
Persian_Classic Cream,RN-3004,Rugs Network,Rugs,machine-made,$300,,,PASS,,
Persian_Classic Cream,RN-3005,Rugs Network,Rugs,machine-made,$300,,,PASS,,
Persian_Classic Cream,RN-2999,Rugs Network,Rugs,machine-made,$300,,,PASS,,
Persian_Classic Cream,RN-3009,Rugs Network,Rugs,machine-made,$472,,,PASS,,
Persian_Classic Cream,RN-3002,Rugs Network,Rugs,machine-made,$472,,,PASS,,
Persian_Classic Cream_Cream,RN-3000,Rugs Network,Rugs,machine-made,$300,,,PASS,,
Persian_Classic Cream_Cream,RN-3016,Rugs Network,Rugs,machine-made,$472,,,PASS,,
Persian_Classic Cream_Cream,RN-3020,Rugs Network,Rugs,machine-made,$472,,,PASS,,
Persian_Classic Green,RN-3014,Rugs Network,Rugs,machine-made,$189,,,PASS,,
Persian_Classic Red,RN-2984,Rugs Network,Rugs,machine-made,$98,,,PASS,,
Persian_Classic Red,RN-2987,Rugs Network,Rugs,machine-made,$98,,,PASS,,
Persian_Classic Red,RN-2989,Rugs Network,Rugs,machine-made,$98,,,PASS,,
Persian_Classic Red,RN-2993,Rugs Network,Rugs,machine-made,$98,,,PASS,,
Persian_Classic Red,RN-2996,Rugs Network,Rugs,machine-made,$98,,,PASS,,
Persian_Classic Red,RN-3008,Rugs Network,Rugs,machine-made,$300,,,PASS,,
Persian_Classic Red,RN-2998,Rugs Network,Rugs,machine-made,$300,,,PASS,,
Persian_Classic Red,RN-3018,Rugs Network,Rugs,machine-made,$472,,,PASS,,
Persian_Classic Red,RN-3010,Rugs Network,Rugs,machine-made,$645,,,PASS,,
Persian_Classic Red_Red,RN-3011,Rugs Network,Rugs,machine-made,$472,,,PASS,,
Persian_Classic Red_Red,RN-3015,Rugs Network,Rugs,machine-made,$472,,,PASS,,
Phoenix Beige,RN-3029,Rugs Network,Rugs,machine-made,$76,,,PASS,,
Phoenix Beige,RN-3030,Rugs Network,Rugs,machine-made,$233,,,PASS,,
Phoenix Black,RN-3023,Rugs Network,Rugs,machine-made,$233,,,PASS,,
Phoenix Blue,RN-2553,Rugs Network,Rugs,machine-made,$76,,,PASS,,
Phoenix Cream,RN-3022,Rugs Network,Rugs,machine-made,$76,,,PASS,,
Phoenix Cream,RN-3026,Rugs Network,Rugs,machine-made,$76,,,PASS,,
Phoenix Cream,RN-3033,Rugs Network,Rugs,machine-made,$233,,,PASS,,
Phoenix Dark_Brown,RN-3024,Rugs Network,Rugs,machine-made,$76,,,PASS,,
Phoenix Dark_Brown,RN-2579,Rugs Network,Rugs,machine-made,$76,,,PASS,,
Phoenix Dark_Brown,RN-3032,Rugs Network,Rugs,machine-made,$129,,,PASS,,
Phoenix Dark_Green,RN-3025,Rugs Network,Rugs,machine-made,$76,,,PASS,,
Phoenix Dark_Green,RN-2551,Rugs Network,Rugs,machine-made,$129,,,PASS,,
Phoenix Dark_Grey,RN-3028,Rugs Network,Rugs,machine-made,$76,,,PASS,,
Phoenix Dark_Kiremit,RN-3027,Rugs Network,Rugs,machine-made,$76,,,PASS,,
Phoenix Dark_Lilac,RN-2588,Rugs Network,Rugs,machine-made,$76,,,PASS,,
Phoenix Light_Grey,RN-3031,Rugs Network,Rugs,machine-made,$76,,,PASS,,
Phoenix Middle_Blue,RN-2583,Rugs Network,Rugs,machine-made,$76,,,PASS,,
Plain_Shaggy Beige,RN-2459,Rugs Network,Rugs,machine-made,$27,,,PASS,,
Plain_Shaggy Black,RN-3035,Rugs Network,Rugs,machine-made,$80,,,PASS,,
Plain_Shaggy Brown,RN-2423,Rugs Network,Rugs,machine-made,$27,,,PASS,,
Plain_Shaggy Cream,RN-2422,Rugs Network,Rugs,machine-made,$27,,,PASS,,
Plain_Shaggy Dark_Beige,RN-2424,Rugs Network,Rugs,machine-made,$27,,,PASS,,
Plain_Shaggy Dark_Brown,RN-3034,Rugs Network,Rugs,machine-made,$27,,,PASS,,
Plain_Shaggy Dark_Red,RN-2419,Rugs Network,Rugs,machine-made,$27,,,PASS,,
Plain_Shaggy Grey,RN-2421,Rugs Network,Rugs,machine-made,$27,,,PASS,,
Plain_Shaggy Purple,RN-2420,Rugs Network,Rugs,machine-made,$27,,,PASS,,
Plain_Shaggy Red,RN-2468,Rugs Network,Rugs,machine-made,$27,,,PASS,,
Plain_Shaggy White,RN-3036,Rugs Network,Rugs,machine-made,$27,,,PASS,,
Qashgai,RN-196,Rugs Network,Rugs,hand-knotted,$545,,,PASS,,
Reno Beige,RN-3041,Rugs Network,Rugs,machine-made,$250,,,PASS,,
Reno Beige,RN-3038,Rugs Network,Rugs,machine-made,$538,,,PASS,,
Reno Beige,RN-3042,Rugs Network,Rugs,machine-made,$538,,,PASS,,
Reno Beige,RN-3043,Rugs Network,Rugs,machine-made,$538,,,PASS,,
Reno Cream,RN-2708,Rugs Network,Rugs,machine-made,$250,,,PASS,,
Reno Cream,RN-2706,Rugs Network,Rugs,machine-made,$250,,,PASS,,
Reno Cream,RN-3039,Rugs Network,Rugs,machine-made,$394,,,PASS,,
Reno Gold,RN-2709,Rugs Network,Rugs,machine-made,$82,,,PASS,,
Reno Gold,RN-3040,Rugs Network,Rugs,machine-made,$250,,,PASS,,
Reno Terra,RN-3037,Rugs Network,Rugs,machine-made,$82,,,PASS,,
Rio Beige,RN-3054,Rugs Network,Rugs,machine-made,$26,,,PASS,,
Rio Burgundy,RN-3046,Rugs Network,Rugs,machine-made,$26,,,PASS,,
Rio Burgundy,RN-3049,Rugs Network,Rugs,machine-made,$26,,,PASS,,
Rio Burgundy,RN-3050,Rugs Network,Rugs,machine-made,$26,,,PASS,,
Rio Burgundy,RN-3053,Rugs Network,Rugs,machine-made,$26,,,PASS,,
Rio Dark_Beige,RN-3044,Rugs Network,Rugs,machine-made,$26,,,PASS,,
Rio Dark_Beige,RN-3047,Rugs Network,Rugs,machine-made,$26,,,PASS,,
Rio Dark_Beige,RN-3051,Rugs Network,Rugs,machine-made,$26,,,PASS,,
Rio Dark_Grey,RN-3055,Rugs Network,Rugs,machine-made,$58,,,PASS,,
Rio Light_Beige,RN-3045,Rugs Network,Rugs,machine-made,$26,,,PASS,,
Rio Light_Beige,RN-3048,Rugs Network,Rugs,machine-made,$26,,,PASS,,
Rio Light_Beige_Kwx,RN-3052,Rugs Network,Rugs,machine-made,$26,,,PASS,,
Roma Beige,RN-3058,Rugs Network,Rugs,machine-made,$70,,,PASS,,
Roma Beige,RN-3061,Rugs Network,Rugs,machine-made,$70,,,PASS,,
Roma Beige,RN-3063,Rugs Network,Rugs,machine-made,$216,,,PASS,,
Roma Beige,RN-3066,Rugs Network,Rugs,machine-made,$465,,,PASS,,
Roma Black,RN-3060,Rugs Network,Rugs,machine-made,$70,,,PASS,,
Roma Cream,RN-3067,Rugs Network,Rugs,machine-made,$32,,,PASS,,
Roma Cream,RN-3056,Rugs Network,Rugs,machine-made,$32,,,PASS,,
Roma Cream,RN-3057,Rugs Network,Rugs,machine-made,$32,,,PASS,,
Roma Cream,RN-3279,Rugs Network,Rugs,machine-made,$216,,,PASS,,
Roma Cream,RN-3280,Rugs Network,Rugs,machine-made,$216,,,PASS,,
Roma Cream,RN-3281,Rugs Network,Rugs,machine-made,$216,,,PASS,,
Roma Cream,RN-3275,Rugs Network,Rugs,machine-made,$216,,,PASS,,
Roma Cream,RN-3276,Rugs Network,Rugs,machine-made,$216,,,PASS,,
Roma Cream,RN-3064,Rugs Network,Rugs,machine-made,$216,,,PASS,,
Roma Dark_Blue,RN-3277,Rugs Network,Rugs,machine-made,$120,,,PASS,,
Roma Dark_Blue,RN-3274,Rugs Network,Rugs,machine-made,$216,,,PASS,,
Roma Dark_Brown,RN-3059,Rugs Network,Rugs,machine-made,$32,,,PASS,,
Roma Dark_Brown,RN-2433,Rugs Network,Rugs,machine-made,$70,,,PASS,,
Roma Dark_Brown,RN-3065,Rugs Network,Rugs,machine-made,$465,,,PASS,,
Roma Fume,RN-3062,Rugs Network,Rugs,machine-made,$216,,,PASS,,
Roma Light_Blue,RN-3278,Rugs Network,Rugs,machine-made,$216,,,PASS,,
Roodbar,RN-250,Rugs Network,Rugs,hand-knotted,$580,,,PASS,,
Royal Balouch,RN-738,Rugs Network,Rugs,hand-knotted,$172,,,PASS,,
Royal Balouch,RN-145,Rugs Network,Rugs,hand-knotted,$178,,,PASS,,
Royal Balouch,RN-688,Rugs Network,Rugs,hand-knotted,$186,,,PASS,,
Royal Balouch,RN-691,Rugs Network,Rugs,hand-knotted,$192,,,PASS,,
Royal Balouch,RN-2183,Rugs Network,Rugs,hand-knotted,$207,,,PASS,,
Royal Balouch,RN-2177,Rugs Network,Rugs,hand-knotted,$242,,,PASS,,
Royal Balouch,RN-596,Rugs Network,Rugs,hand-knotted,$380,,,PASS,,
Royal Balouchi,RN-651,Rugs Network,Rugs,hand-knotted,$172,,,PASS,,
Royal Balouchi,RN-855,Rugs Network,Rugs,hand-knotted,$199,,,PASS,,
Royal Balouchi,RN-856,Rugs Network,Rugs,hand-knotted,$199,,,PASS,,
Royal Balouchi,RN-658,Rugs Network,Rugs,hand-knotted,$206,,,PASS,,
Royal Balouchi,RN-813,Rugs Network,Rugs,hand-knotted,$235,,,PASS,,
Royal Balouchi,RN-810,Rugs Network,Rugs,hand-knotted,$242,,,PASS,,
Royal Baluchi,RN-742,Rugs Network,Rugs,hand-knotted,$248,,,PASS,,
Royal Bokhara,RN-277,Rugs Network,Rugs,hand-knotted,$738,,,PASS,,
Royal Jaipur,RN-402,Rugs Network,Rugs,hand-knotted,"$1,877",,,PASS,,
Royal Jaipur,RN-400,Rugs Network,Rugs,hand-knotted,"$2,187",,,PASS,,
Royal Kerman,RN-597,Rugs Network,Rugs,hand-knotted,"$2,615",,,PASS,,
Royal Kerman,RN-793,Rugs Network,Rugs,hand-knotted,"$5,099",,,PASS,,
Royal_Shaggy Cream,RN-2693,Rugs Network,Rugs,machine-made,$72,,,PASS,,
Royal_Shaggy Light_Beige,RN-3074,Rugs Network,Rugs,machine-made,$24,,,PASS,,
Royal_Shaggy Light_Beige,RN-2572,Rugs Network,Rugs,machine-made,$72,,,PASS,,
Royal_Shaggy Light_Blue,RN-3071,Rugs Network,Rugs,machine-made,$24,,,PASS,,
Royal_Shaggy Light_Blue,RN-3072,Rugs Network,Rugs,machine-made,$24,,,PASS,,
Royal_Shaggy Light_Blue,RN-2593,Rugs Network,Rugs,machine-made,$72,,,PASS,,
Royal_Shaggy Light_Grey,RN-3070,Rugs Network,Rugs,machine-made,$33,,,PASS,,
Royal_Shaggy Light_Grey,RN-3075,Rugs Network,Rugs,machine-made,$72,,,PASS,,
Royal_Shaggy White,RN-3073,Rugs Network,Rugs,machine-made,$24,,,PASS,,
Royal_Shaggy White,RN-3068,Rugs Network,Rugs,machine-made,$24,,,PASS,,
Royal_Shaggy White,RN-3223,Rugs Network,Rugs,machine-made,$33,,,PASS,,
Royal_Shaggy White,RN-2570,Rugs Network,Rugs,machine-made,$72,,,PASS,,
Royal_Silk Beige,RN-2439,Rugs Network,Rugs,machine-made,$86,,,PASS,,
Royal_Silk Black,RN-2441,Rugs Network,Rugs,machine-made,$86,,,PASS,,
Royal_Silk Black,RN-3077,Rugs Network,Rugs,machine-made,$565,,,PASS,,
Royal_Silk Grey,RN-2436,Rugs Network,Rugs,machine-made,$86,,,PASS,,
Royal_Silk Grey,RN-2437,Rugs Network,Rugs,machine-made,$565,,,PASS,,
Royal_Silk Grey,RN-3080,Rugs Network,Rugs,machine-made,$565,,,PASS,,
Royal_Silk White,RN-3078,Rugs Network,Rugs,machine-made,$263,,,PASS,,
Royal_Silk White,RN-3079,Rugs Network,Rugs,machine-made,$414,,,PASS,,
Russian Kazak,RN-2165,Rugs Network,Rugs,hand-knotted,"$1,373",,,PASS,,
Sabzabar,RN-2149,Rugs Network,Rugs,hand-knotted,"$1,036",,,PASS,,
Sabzavar,RN-257,Rugs Network,Rugs,hand-knotted,"$2,298",,,PASS,,
Sabzavar,RN-230,Rugs Network,Rugs,hand-knotted,"$2,298",,,PASS,,
Sabzavar,RN-231,Rugs Network,Rugs,hand-knotted,"$2,477",,,PASS,,
Sabzavar,RN-218,Rugs Network,Rugs,hand-knotted,"$2,615",,,PASS,,
Sabzavar,RN-215,Rugs Network,Rugs,hand-knotted,"$2,615",,,PASS,,
Sarab,RN-399,Rugs Network,Rugs,hand-knotted,"$1,374",,,PASS,,
Sarab,RN-1116,Rugs Network,Rugs,hand-knotted,"$2,128",,,PASS,,
Sarab,RN-2204,Rugs Network,Rugs,hand-knotted,"$2,128",,,PASS,,
Sarough,RN-445,Rugs Network,Rugs,hand-knotted,$683,,,PASS,,
Sarough,RN-582,Rugs Network,Rugs,hand-knotted,$683,,,PASS,,
Sarough,RN-317,Rugs Network,Rugs,hand-knotted,$959,,,PASS,,
Sarough,RN-183,Rugs Network,Rugs,hand-knotted,$998,,,PASS,,
Sarough,RN-274,Rugs Network,Rugs,hand-knotted,"$1,115",,,PASS,,
Sarough,RN-295,Rugs Network,Rugs,hand-knotted,"$2,477",,,PASS,,
Sarough,RN-2206,Rugs Network,Rugs,hand-knotted,"$3,416",,,PASS,,
Sarough,RN-207,Rugs Network,Rugs,hand-knotted,"$3,581",,,PASS,,
Sarough,RN-426,Rugs Network,Rugs,hand-knotted,"$3,657",,,PASS,,
Sarough Patina,RN-735,Rugs Network,Rugs,hand-knotted,"$1,373",,,PASS,,
Savannah Cream,RN-3083,Rugs Network,Rugs,machine-made,$74,,,PASS,,
Savannah Cream,RN-3084,Rugs Network,Rugs,machine-made,$74,,,PASS,,
Savannah Cream,RN-3085,Rugs Network,Rugs,machine-made,$74,,,PASS,,
Savannah Cream,RN-3086,Rugs Network,Rugs,machine-made,$74,,,PASS,,
Savannah Cream,RN-3087,Rugs Network,Rugs,machine-made,$74,,,PASS,,
Savannah Cream,RN-3093,Rugs Network,Rugs,machine-made,$74,,,PASS,,
Savannah Cream,RN-3081,Rugs Network,Rugs,machine-made,$490,,,PASS,,
Savannah Dark_Beige,RN-3094,Rugs Network,Rugs,machine-made,$74,,,PASS,,
Savannah Dark_Grey,RN-3090,Rugs Network,Rugs,machine-made,$74,,,PASS,,
Savannah Light_Blue,RN-3082,Rugs Network,Rugs,machine-made,$74,,,PASS,,
Savannah Light_Blue,RN-3095,Rugs Network,Rugs,machine-made,$74,,,PASS,,
Savannah Light_Grey,RN-2517,Rugs Network,Rugs,machine-made,$74,,,PASS,,
Savannah Light_Grey,RN-3088,Rugs Network,Rugs,machine-made,$74,,,PASS,,
Savannah Light_Grey,RN-3091,Rugs Network,Rugs,machine-made,$74,,,PASS,,
Saveh,RN-530,Rugs Network,Rugs,hand-knotted,$345,,,PASS,,
Saveh,RN-956,Rugs Network,Rugs,hand-knotted,$925,,,PASS,,
Sedona Beige,RN-3102,Rugs Network,Rugs,machine-made,$79,,,PASS,,
Sedona Beige,RN-3104,Rugs Network,Rugs,machine-made,$79,,,PASS,,
Sedona Black,RN-3105,Rugs Network,Rugs,machine-made,$79,,,PASS,,
Sedona Cream,RN-3097,Rugs Network,Rugs,machine-made,$79,,,PASS,,
Sedona Cream,RN-3101,Rugs Network,Rugs,machine-made,$79,,,PASS,,
Sedona Cream,RN-3106,Rugs Network,Rugs,machine-made,$79,,,PASS,,
Sedona Cream,RN-3100,Rugs Network,Rugs,machine-made,$243,,,PASS,,
Sedona Dark_Beige,RN-3107,Rugs Network,Rugs,machine-made,$79,,,PASS,,
Sedona Dark_Grey,RN-3098,Rugs Network,Rugs,machine-made,$384,,,PASS,,
Sedona Light_Grey,RN-3103,Rugs Network,Rugs,machine-made,$79,,,PASS,,
Sedona Light_Grey,RN-3109,Rugs Network,Rugs,machine-made,$79,,,PASS,,
Sedona Middle_Grey,RN-3108,Rugs Network,Rugs,machine-made,$79,,,PASS,,
Serapi Jewel,RN-318,Rugs Network,Rugs,hand-knotted,"$1,489",,,PASS,,
Serapi Jewel,RN-410,Rugs Network,Rugs,hand-knotted,"$1,547",,,PASS,,
Serapi Jewel,RN-409,Rugs Network,Rugs,hand-knotted,"$1,552",,,PASS,,
Serapi Jewel,RN-360,Rugs Network,Rugs,hand-knotted,"$1,926",,,PASS,,
Seville Beige,RN-3261,Rugs Network,Rugs,machine-made,$67,,,PASS,,
Seville Cream_Ecru,RN-3265,Rugs Network,Rugs,machine-made,$67,,,PASS,,
Seville Cream_Grey,RN-3264,Rugs Network,Rugs,machine-made,$67,,,PASS,,
Seville Ecru_Light_Blue,RN-3260,Rugs Network,Rugs,machine-made,$67,,,PASS,,
Seville Ecru_Light_Blue,RN-3257,Rugs Network,Rugs,machine-made,$67,,,PASS,,
Seville Ecru_Light_Grey,RN-3253,Rugs Network,Rugs,machine-made,$67,,,PASS,,
Seville Ecru_Light_Grey,RN-3256,Rugs Network,Rugs,machine-made,$67,,,PASS,,
Seville Ecru_Light_Grey,RN-3258,Rugs Network,Rugs,machine-made,$67,,,PASS,,
Seville Ecru_Light_Grey,RN-3259,Rugs Network,Rugs,machine-made,$206,,,PASS,,
Seville Grey_Cream,RN-3262,Rugs Network,Rugs,machine-made,$67,,,PASS,,
Seville Light_Grey_Cream,RN-3263,Rugs Network,Rugs,machine-made,$67,,,PASS,,
Seville Light_Grey_Cream,RN-3254,Rugs Network,Rugs,machine-made,$67,,,PASS,,
Seville Light_Grey_Cream,RN-3255,Rugs Network,Rugs,machine-made,$67,,,PASS,,
Shiraz,RN-470,Rugs Network,Rugs,hand-knotted,$635,,,PASS,,
Shiraz,RN-471,Rugs Network,Rugs,hand-knotted,$635,,,PASS,,
Shiraz,RN-472,Rugs Network,Rugs,hand-knotted,$635,,,PASS,,
Shiraz,RN-475,Rugs Network,Rugs,hand-knotted,$662,,,PASS,,
Shiraz,RN-473,Rugs Network,Rugs,hand-knotted,$683,,,PASS,,
Shiraz,RN-348,Rugs Network,Rugs,hand-knotted,$759,,,PASS,,
Shiraz,RN-367,Rugs Network,Rugs,hand-knotted,$963,,,PASS,,
Silk Kashmir,RN-2235,Rugs Network,Rugs,hand-knotted,$635,,,PASS,,
Silk Kashmir,RN-2232,Rugs Network,Rugs,hand-knotted,$718,,,PASS,,
Silk Kashmir,RN-2233,Rugs Network,Rugs,hand-knotted,$718,,,PASS,,
Silk Kashmir,RN-2254,Rugs Network,Rugs,hand-knotted,$911,,,PASS,,
Silk Kashmir,RN-2236,Rugs Network,Rugs,hand-knotted,$994,,,PASS,,
Silk Kashmir,RN-2256,Rugs Network,Rugs,hand-knotted,"$1,093",,,PASS,,
Silk Kashmir,RN-2237,Rugs Network,Rugs,hand-knotted,"$1,205",,,PASS,,
Silk Kashmir,RN-2234,Rugs Network,Rugs,hand-knotted,"$1,242",,,PASS,,
Silk Kashmir,RN-2242,Rugs Network,Rugs,hand-knotted,"$1,242",,,PASS,,
Silk Kashmir,RN-2255,Rugs Network,Rugs,hand-knotted,"$1,270",,,PASS,,
Silk Kashmir,RN-2253,Rugs Network,Rugs,hand-knotted,"$1,518",,,PASS,,
Silk Kashmir,RN-2240,Rugs Network,Rugs,hand-knotted,"$1,564",,,PASS,,
Silk Kashmir,RN-2241,Rugs Network,Rugs,hand-knotted,"$1,564",,,PASS,,
Silk Kashmir,RN-2243,Rugs Network,Rugs,hand-knotted,"$1,647",,,PASS,,
Silk Kashmir,RN-2238,Rugs Network,Rugs,hand-knotted,"$1,647",,,PASS,,
Silk Kashmir,RN-2239,Rugs Network,Rugs,hand-knotted,"$1,647",,,PASS,,
Silk Kashmir,RN-2267,Rugs Network,Rugs,hand-knotted,"$1,748",,,PASS,,
Silk Kashmir,RN-2264,Rugs Network,Rugs,hand-knotted,"$2,484",,,PASS,,
Silk Kashmir,RN-2244,Rugs Network,Rugs,hand-knotted,"$2,484",,,PASS,,
Silk Kashmir,RN-2268,Rugs Network,Rugs,hand-knotted,"$2,567",,,PASS,,
Silk Kashmir,RN-2245,Rugs Network,Rugs,hand-knotted,"$2,677",,,PASS,,
Silk Kashmir,RN-2265,Rugs Network,Rugs,hand-knotted,"$2,723",,,PASS,,
Silk Kashmir,RN-2269,Rugs Network,Rugs,hand-knotted,"$2,981",,,PASS,,
Silk Kashmir,RN-2262,Rugs Network,Rugs,hand-knotted,"$5,474",,,PASS,,
Silk Kashmir,RN-2263,Rugs Network,Rugs,hand-knotted,"$5,474",,,PASS,,
Silk Kashmir,RN-2258,Rugs Network,Rugs,hand-knotted,"$5,474",,,PASS,,
Silk Kashmir,RN-2259,Rugs Network,Rugs,hand-knotted,"$5,474",,,PASS,,
Silk Kashmir,RN-2247,Rugs Network,Rugs,hand-knotted,"$5,492",,,PASS,,
Silk Kashmir,RN-2246,Rugs Network,Rugs,hand-knotted,"$5,796",,,PASS,,
Silk Kashmir,RN-2260,Rugs Network,Rugs,hand-knotted,"$5,796",,,PASS,,
Silk Kashmir,RN-2252,Rugs Network,Rugs,hand-knotted,"$5,796",,,PASS,,
Silk Kashmir,RN-2261,Rugs Network,Rugs,hand-knotted,"$5,879",,,PASS,,
Silk Kashmir,RN-2248,Rugs Network,Rugs,hand-knotted,"$5,879",,,PASS,,
Silk Kashmir,RN-2257,Rugs Network,Rugs,hand-knotted,"$7,167",,,PASS,,
Silk Kashmir,RN-2266,Rugs Network,Rugs,hand-knotted,"$11,031",,,PASS,,
Soft_Shaggy Cream,RN-3285,Rugs Network,Rugs,machine-made,$21,,,PASS,,
Soft_Shaggy Cream,RN-3110,Rugs Network,Rugs,machine-made,$21,,,PASS,,
Soft_Shaggy Cream,RN-3112,Rugs Network,Rugs,machine-made,$21,,,PASS,,
Soft_Shaggy Dark_Grey,RN-3114,Rugs Network,Rugs,machine-made,$63,,,PASS,,
Soft_Shaggy Light_Grey,RN-2518,Rugs Network,Rugs,machine-made,$63,,,PASS,,
Soft_Shaggy Light_Grey,RN-2743,Rugs Network,Rugs,machine-made,$63,,,PASS,,
Soft_Shaggy Light_Turquoise,RN-2689,Rugs Network,Rugs,machine-made,$21,,,PASS,,
Soft_Shaggy Mink,RN-2688,Rugs Network,Rugs,machine-made,$63,,,PASS,,
Soft_Shaggy White,RN-3113,Rugs Network,Rugs,machine-made,$63,,,PASS,,
Soft_Shaggy White_Blue,RN-3111,Rugs Network,Rugs,machine-made,$63,,,PASS,,
Sultan Abad,RN-403,Rugs Network,Rugs,hand-knotted,"$1,863",,,PASS,,
Sultan Abad,RN-987,Rugs Network,Rugs,hand-knotted,"$2,615",,,PASS,,
Sultan Abad,RN-989,Rugs Network,Rugs,hand-knotted,"$2,753",,,PASS,,
Sultan Abad,RN-969,Rugs Network,Rugs,hand-knotted,"$2,753",,,PASS,,
Sultan Abad,RN-839,Rugs Network,Rugs,hand-knotted,"$2,753",,,PASS,,
Sultan Abad,RN-965,Rugs Network,Rugs,hand-knotted,"$2,753",,,PASS,,
Sultan Abad,RN-864,Rugs Network,Rugs,hand-knotted,"$3,029",,,PASS,,
Sultan Abad,RN-1115,Rugs Network,Rugs,hand-knotted,"$3,395",,,PASS,,
Sultan Abad,RN-862,Rugs Network,Rugs,hand-knotted,"$3,443",,,PASS,,
Sultanabad,RN-372,Rugs Network,Rugs,hand-knotted,"$2,294",,,PASS,,
Sumac,RN-612,Rugs Network,Rugs,hand-knotted,$551,,,PASS,,
Sumac,RN-516,Rugs Network,Rugs,hand-knotted,$569,,,PASS,,
Sumac,RN-383,Rugs Network,Rugs,hand-knotted,"$1,208",,,PASS,,
Sumac,RN-385,Rugs Network,Rugs,hand-knotted,"$1,208",,,PASS,,
Sumac,RN-314,Rugs Network,Rugs,hand-knotted,"$1,235",,,PASS,,
Sumac,RN-356,Rugs Network,Rugs,hand-knotted,"$1,259",,,PASS,,
Sumac,RN-384,Rugs Network,Rugs,hand-knotted,"$1,259",,,PASS,,
Sumac,RN-373,Rugs Network,Rugs,hand-knotted,"$1,259",,,PASS,,
Sumac,RN-322,Rugs Network,Rugs,hand-knotted,"$1,511",,,PASS,,
Sumac,RN-324,Rugs Network,Rugs,hand-knotted,"$1,511",,,PASS,,
Sumac,RN-325,Rugs Network,Rugs,hand-knotted,"$1,511",,,PASS,,
Sumac,RN-327,Rugs Network,Rugs,hand-knotted,"$1,587",,,PASS,,
Sumac,RN-326,Rugs Network,Rugs,hand-knotted,"$1,608",,,PASS,,
Sumac,RN-375,Rugs Network,Rugs,hand-knotted,"$1,834",,,PASS,,
Tabriz,RN-576,Rugs Network,Rugs,hand-knotted,$821,,,PASS,,
Tabriz,RN-272,Rugs Network,Rugs,hand-knotted,$821,,,PASS,,
Tabriz,RN-346,Rugs Network,Rugs,hand-knotted,"$1,511",,,PASS,,
Tabriz,RN-217,Rugs Network,Rugs,hand-knotted,"$1,587",,,PASS,,
Tabriz,RN-269,Rugs Network,Rugs,hand-knotted,"$1,787",,,PASS,,
Tabriz,RN-353,Rugs Network,Rugs,hand-knotted,"$1,966",,,PASS,,
Tabriz,RN-1022,Rugs Network,Rugs,hand-knotted,"$2,394",,,PASS,,
Tabriz,RN-228,Rugs Network,Rugs,hand-knotted,"$3,243",,,PASS,,
Tabriz,RN-255,Rugs Network,Rugs,hand-knotted,"$3,567",,,PASS,,
Tabriz,RN-243,Rugs Network,Rugs,hand-knotted,"$3,719",,,PASS,,
Tabriz,RN-380,Rugs Network,Rugs,hand-knotted,"$3,835",,,PASS,,
Tabriz Aubusson,RN-221,Rugs Network,Rugs,hand-knotted,"$3,816",,,PASS,,
Tabriz Design,RN-2129,Rugs Network,Rugs,hand-knotted,$331,,,PASS,,
Tabriz Design,RN-2133,Rugs Network,Rugs,hand-knotted,$476,,,PASS,,
Tabriz Design,RN-2135,Rugs Network,Rugs,hand-knotted,$476,,,PASS,,
Tabriz Design,RN-2130,Rugs Network,Rugs,hand-knotted,$490,,,PASS,,
Tabriz Design,RN-2131,Rugs Network,Rugs,hand-knotted,$490,,,PASS,,
Tabriz Design,RN-1084,Rugs Network,Rugs,hand-knotted,$538,,,PASS,,
Tabriz Design,RN-1083,Rugs Network,Rugs,hand-knotted,$573,,,PASS,,
Tabriz Design,RN-2134,Rugs Network,Rugs,hand-knotted,$586,,,PASS,,
Tabriz Design,RN-1100,Rugs Network,Rugs,hand-knotted,$600,,,PASS,,
Tabriz Design,RN-1082,Rugs Network,Rugs,hand-knotted,$600,,,PASS,,
Tabriz Design,RN-1085,Rugs Network,Rugs,hand-knotted,$600,,,PASS,,
Tabriz Design,RN-1101,Rugs Network,Rugs,hand-knotted,$614,,,PASS,,
Tabriz Design,RN-1099,Rugs Network,Rugs,hand-knotted,$614,,,PASS,,
Tabriz Design,RN-1080,Rugs Network,Rugs,hand-knotted,$621,,,PASS,,
Tabriz Design,RN-1081,Rugs Network,Rugs,hand-knotted,$647,,,PASS,,
Tabriz Design,RN-2125,Rugs Network,Rugs,hand-knotted,$716,,,PASS,,
Tabriz Design,RN-2138,Rugs Network,Rugs,hand-knotted,$724,,,PASS,,
Tabriz Design,RN-2139,Rugs Network,Rugs,hand-knotted,$724,,,PASS,,
Tabriz Design,RN-2140,Rugs Network,Rugs,hand-knotted,$724,,,PASS,,
Tabriz Design,RN-2141,Rugs Network,Rugs,hand-knotted,$724,,,PASS,,
Tabriz Design,RN-2124,Rugs Network,Rugs,hand-knotted,$724,,,PASS,,
Tabriz Design,RN-2127,Rugs Network,Rugs,hand-knotted,$745,,,PASS,,
Tabriz Design,RN-2136,Rugs Network,Rugs,hand-knotted,$821,,,PASS,,
Tabriz Design,RN-1031,Rugs Network,Rugs,hand-knotted,$857,,,PASS,,
Tabriz Design,RN-1089,Rugs Network,Rugs,hand-knotted,"$2,477",,,PASS,,
Tabriz Design,RN-1033,Rugs Network,Rugs,hand-knotted,"$2,615",,,PASS,,
Tabriz Design,RN-2214,Rugs Network,Rugs,hand-knotted,"$3,304",,,PASS,,
Tabriz Design,RN-2221,Rugs Network,Rugs,hand-knotted,"$3,657",,,PASS,,
Tabriz Design,RN-1090,Rugs Network,Rugs,hand-knotted,"$4,685",,,PASS,,
Tabriz Design,RN-2215,Rugs Network,Rugs,hand-knotted,"$5,072",,,PASS,,
Tabriz Mahi,RN-382,Rugs Network,Rugs,hand-knotted,"$3,933",,,PASS,,
Tabriz Mahi,RN-227,Rugs Network,Rugs,hand-knotted,"$6,465",,,PASS,,
Tabriz Mahi Patina,RN-732,Rugs Network,Rugs,hand-knotted,"$1,083",,,PASS,,
Tabriz Mahi Patina,RN-715,Rugs Network,Rugs,hand-knotted,"$1,890",,,PASS,,
Tabriz Mahi Patina,RN-1087,Rugs Network,Rugs,hand-knotted,"$4,547",,,PASS,,
Tabriz Mahi Patina,RN-1088,Rugs Network,Rugs,hand-knotted,"$5,216",,,PASS,,
Tabriz Mood Patina,RN-712,Rugs Network,Rugs,hand-knotted,"$1,194",,,PASS,,
Tabriz Mood Patina,RN-707,Rugs Network,Rugs,hand-knotted,"$1,194",,,PASS,,
Tabriz Mood Patina,RN-508,Rugs Network,Rugs,hand-knotted,"$1,194",,,PASS,,
Tabriz Mood Patina,RN-195,Rugs Network,Rugs,hand-knotted,"$1,235",,,PASS,,
Tabriz Mood Patina,RN-182,Rugs Network,Rugs,hand-knotted,"$1,380",,,PASS,,
Tabriz Naghsheh,RN-540,Rugs Network,Rugs,hand-knotted,"$3,581",,,PASS,,
Tabriz Naghsheh,RN-364,Rugs Network,Rugs,hand-knotted,"$5,146",,,PASS,,
Tabriz Patina,RN-637,Rugs Network,Rugs,hand-knotted,$366,,,PASS,,
Tabriz Patina,RN-2119,Rugs Network,Rugs,hand-knotted,$566,,,PASS,,
Tabriz Patina,RN-2118,Rugs Network,Rugs,hand-knotted,$586,,,PASS,,
Tabriz Patina,RN-2113,Rugs Network,Rugs,hand-knotted,$621,,,PASS,,
Tabriz Patina,RN-2115,Rugs Network,Rugs,hand-knotted,$642,,,PASS,,
Tabriz Patina,RN-2116,Rugs Network,Rugs,hand-knotted,$642,,,PASS,,
Tabriz Patina,RN-2117,Rugs Network,Rugs,hand-knotted,$642,,,PASS,,
Tabriz Patina,RN-578,Rugs Network,Rugs,hand-knotted,$662,,,PASS,,
Tabriz Patina,RN-705,Rugs Network,Rugs,hand-knotted,$669,,,PASS,,
Tabriz Patina,RN-861,Rugs Network,Rugs,hand-knotted,$683,,,PASS,,
Tabriz Patina,RN-2114,Rugs Network,Rugs,hand-knotted,$683,,,PASS,,
Tabriz Patina,RN-875,Rugs Network,Rugs,hand-knotted,$724,,,PASS,,
Tabriz Patina,RN-902,Rugs Network,Rugs,hand-knotted,$759,,,PASS,,
Tabriz Patina,RN-485,Rugs Network,Rugs,hand-knotted,$827,,,PASS,,
Tabriz Patina,RN-430,Rugs Network,Rugs,hand-knotted,$882,,,PASS,,
Tabriz Patina,RN-714,Rugs Network,Rugs,hand-knotted,$890,,,PASS,,
Tabriz Patina,RN-431,Rugs Network,Rugs,hand-knotted,$959,,,PASS,,
Tabriz Patina,RN-717,Rugs Network,Rugs,hand-knotted,"$1,006",,,PASS,,
Tabriz Patina,RN-560,Rugs Network,Rugs,hand-knotted,"$1,070",,,PASS,,
Tabriz Patina,RN-723,Rugs Network,Rugs,hand-knotted,"$1,076",,,PASS,,
Tabriz Patina,RN-558,Rugs Network,Rugs,hand-knotted,"$1,097",,,PASS,,
Tabriz Patina,RN-568,Rugs Network,Rugs,hand-knotted,"$1,097",,,PASS,,
Tabriz Patina,RN-313,Rugs Network,Rugs,hand-knotted,"$1,097",,,PASS,,
Tabriz Patina,RN-300,Rugs Network,Rugs,hand-knotted,"$1,097",,,PASS,,
Tabriz Patina,RN-285,Rugs Network,Rugs,hand-knotted,"$1,130",,,PASS,,
Tabriz Patina,RN-526,Rugs Network,Rugs,hand-knotted,"$1,158",,,PASS,,
Tabriz Patina,RN-499,Rugs Network,Rugs,hand-knotted,"$1,158",,,PASS,,
Tabriz Patina,RN-710,Rugs Network,Rugs,hand-knotted,"$1,166",,,PASS,,
Tabriz Patina,RN-725,Rugs Network,Rugs,hand-knotted,"$1,166",,,PASS,,
Tabriz Patina,RN-323,Rugs Network,Rugs,hand-knotted,"$1,185",,,PASS,,
Tabriz Patina,RN-734,Rugs Network,Rugs,hand-knotted,"$1,208",,,PASS,,
Tabriz Patina,RN-719,Rugs Network,Rugs,hand-knotted,"$1,235",,,PASS,,
Tabriz Patina,RN-668,Rugs Network,Rugs,hand-knotted,"$1,235",,,PASS,,
Tabriz Patina,RN-482,Rugs Network,Rugs,hand-knotted,"$1,235",,,PASS,,
Tabriz Patina,RN-484,Rugs Network,Rugs,hand-knotted,"$1,235",,,PASS,,
Tabriz Patina,RN-729,Rugs Network,Rugs,hand-knotted,"$1,241",,,PASS,,
Tabriz Patina,RN-727,Rugs Network,Rugs,hand-knotted,"$1,259",,,PASS,,
Tabriz Patina,RN-730,Rugs Network,Rugs,hand-knotted,"$1,373",,,PASS,,
Tabriz Patina,RN-776,Rugs Network,Rugs,hand-knotted,"$1,725",,,PASS,,
Tabriz Patina,RN-491,Rugs Network,Rugs,hand-knotted,"$1,773",,,PASS,,
Tabriz Patina,RN-492,Rugs Network,Rugs,hand-knotted,"$1,773",,,PASS,,
Tabriz Patina,RN-489,Rugs Network,Rugs,hand-knotted,"$1,773",,,PASS,,
Tabriz Patina,RN-178,Rugs Network,Rugs,hand-knotted,"$1,794",,,PASS,,
Tabriz Patina,RN-398,Rugs Network,Rugs,hand-knotted,"$1,863",,,PASS,,
Tabriz Patina,RN-493,Rugs Network,Rugs,hand-knotted,"$1,904",,,PASS,,
Tabriz Patina,RN-490,Rugs Network,Rugs,hand-knotted,"$1,925",,,PASS,,
Tabriz Patina,RN-2210,Rugs Network,Rugs,hand-knotted,"$1,925",,,PASS,,
Tabriz Patina,RN-774,Rugs Network,Rugs,hand-knotted,"$2,201",,,PASS,,
Tabriz Patina,RN-401,Rugs Network,Rugs,hand-knotted,"$2,277",,,PASS,,
Tabriz Patina,RN-369,Rugs Network,Rugs,hand-knotted,"$2,277",,,PASS,,
Tabriz Patina,RN-328,Rugs Network,Rugs,hand-knotted,"$2,339",,,PASS,,
Tabriz Patina,RN-320,Rugs Network,Rugs,hand-knotted,"$2,339",,,PASS,,
Tabriz Patina,RN-362,Rugs Network,Rugs,hand-knotted,"$2,414",,,PASS,,
Tabriz Patina,RN-389,Rugs Network,Rugs,hand-knotted,"$2,422",,,PASS,,
Tabriz Patina,RN-906,Rugs Network,Rugs,hand-knotted,"$2,967",,,PASS,,
Tabriz Patina,RN-968,Rugs Network,Rugs,hand-knotted,"$3,305",,,PASS,,
Tabriz Patina,RN-894,Rugs Network,Rugs,hand-knotted,"$3,519",,,PASS,,
Tabriz Patina,RN-381,Rugs Network,Rugs,hand-knotted,"$3,657",,,PASS,,
Tabriz Patina,RN-962,Rugs Network,Rugs,hand-knotted,"$3,657",,,PASS,,
Tabriz Patina,RN-963,Rugs Network,Rugs,hand-knotted,"$3,719",,,PASS,,
Tabriz Patina,RN-390,Rugs Network,Rugs,hand-knotted,"$3,933",,,PASS,,
Tabriz Patina,RN-223,Rugs Network,Rugs,hand-knotted,"$3,933",,,PASS,,
Tabriz Patina,RN-311,Rugs Network,Rugs,hand-knotted,"$3,933",,,PASS,,
Tabriz Patina,RN-1106,Rugs Network,Rugs,hand-knotted,"$4,409",,,PASS,,
Tabriz Patina,RN-833,Rugs Network,Rugs,hand-knotted,"$4,658",,,PASS,,
Tabriz Patina,RN-185,Rugs Network,Rugs,hand-knotted,"$4,743",,,PASS,,
Tabriz Patina,RN-225,Rugs Network,Rugs,hand-knotted,"$4,823",,,PASS,,
Tabriz Patina,RN-193,Rugs Network,Rugs,hand-knotted,"$5,216",,,PASS,,
Tabriz Patina,RN-1097,Rugs Network,Rugs,hand-knotted,"$5,223",,,PASS,,
Tabriz Patina,RN-797,Rugs Network,Rugs,hand-knotted,"$5,237",,,PASS,,
Tabriz Patina,RN-798,Rugs Network,Rugs,hand-knotted,"$6,617",,,PASS,,
Tabriz Sheik Safi,RN-2162,Rugs Network,Rugs,hand-knotted,"$11,723",,,PASS,,
Tafresh,RN-190,Rugs Network,Rugs,hand-knotted,$759,,,PASS,,
Tafresh,RN-2153,Rugs Network,Rugs,hand-knotted,"$2,408",,,PASS,,
Tajik Caucasus,RN-663,Rugs Network,Rugs,hand-knotted,$259,,,PASS,,
Tampa Black,RN-3122,Rugs Network,Rugs,machine-made,$29,,,PASS,,
Tampa Black,RN-3123,Rugs Network,Rugs,machine-made,$29,,,PASS,,
Tampa Black,RN-3119,Rugs Network,Rugs,machine-made,$64,,,PASS,,
Tampa Dark_Beige,RN-3120,Rugs Network,Rugs,machine-made,$29,,,PASS,,
Tampa Dark_Beige,RN-3125,Rugs Network,Rugs,machine-made,$29,,,PASS,,
Tampa Dark_Brown,RN-3117,Rugs Network,Rugs,machine-made,$29,,,PASS,,
Tampa Dark_Brown,RN-3124,Rugs Network,Rugs,machine-made,$310,,,PASS,,
Tampa Grey,RN-3126,Rugs Network,Rugs,machine-made,$29,,,PASS,,
Tampa Grey,RN-3127,Rugs Network,Rugs,machine-made,$29,,,PASS,,
Tampa White,RN-3116,Rugs Network,Rugs,machine-made,$29,,,PASS,,
Tampa White,RN-3118,Rugs Network,Rugs,machine-made,$29,,,PASS,,
Tampa White,RN-3121,Rugs Network,Rugs,machine-made,$29,,,PASS,,
Tora Bora,RN-701,Rugs Network,Rugs,hand-knotted,$331,,,PASS,,
Tora Bora,RN-702,Rugs Network,Rugs,hand-knotted,$407,,,PASS,,
Tora Bora,RN-2175,Rugs Network,Rugs,hand-knotted,$486,,,PASS,,
Tora Bora,RN-2179,Rugs Network,Rugs,hand-knotted,$495,,,PASS,,
Tora Bora Nomad,RN-767,Rugs Network,Rugs,hand-knotted,$492,,,PASS,,
Tora Bora Nomad,RN-690,Rugs Network,Rugs,hand-knotted,$496,,,PASS,,
Torino Beige,RN-3145,Rugs Network,Rugs,machine-made,$101,,,PASS,,
Torino Beige,RN-3148,Rugs Network,Rugs,machine-made,$101,,,PASS,,
Torino Blue,RN-3149,Rugs Network,Rugs,machine-made,$667,,,PASS,,
Torino Cream,RN-3131,Rugs Network,Rugs,machine-made,$101,,,PASS,,
Torino Cream,RN-3133,Rugs Network,Rugs,machine-made,$101,,,PASS,,
Torino Cream,RN-3135,Rugs Network,Rugs,machine-made,$101,,,PASS,,
Torino Cream,RN-3136,Rugs Network,Rugs,machine-made,$101,,,PASS,,
Torino Cream,RN-3152,Rugs Network,Rugs,machine-made,$101,,,PASS,,
Torino Cream,RN-3142,Rugs Network,Rugs,machine-made,$101,,,PASS,,
Torino Cream,RN-3144,Rugs Network,Rugs,machine-made,$101,,,PASS,,
Torino Cream,RN-3146,Rugs Network,Rugs,machine-made,$101,,,PASS,,
Torino Cream,RN-3147,Rugs Network,Rugs,machine-made,$101,,,PASS,,
Torino Cream,RN-3129,Rugs Network,Rugs,machine-made,$310,,,PASS,,
Torino Cream,RN-3150,Rugs Network,Rugs,machine-made,$310,,,PASS,,
Torino Cream,RN-3151,Rugs Network,Rugs,machine-made,$310,,,PASS,,
Torino Cream,RN-3154,Rugs Network,Rugs,machine-made,$310,,,PASS,,
Torino Cream,RN-3153,Rugs Network,Rugs,machine-made,$667,,,PASS,,
Torino Dark_Beige,RN-3139,Rugs Network,Rugs,machine-made,$101,,,PASS,,
Torino Dark_Blue,RN-3138,Rugs Network,Rugs,machine-made,$489,,,PASS,,
Torino Dark_Grey,RN-3140,Rugs Network,Rugs,machine-made,$101,,,PASS,,
Torino Dark_Grey,RN-3141,Rugs Network,Rugs,machine-made,$101,,,PASS,,
Torino Grey,RN-3128,Rugs Network,Rugs,machine-made,$310,,,PASS,,
Torino Light_Beige,RN-3130,Rugs Network,Rugs,machine-made,$101,,,PASS,,
Torino Light_Green,RN-3132,Rugs Network,Rugs,machine-made,$101,,,PASS,,
Torino Rust,RN-3143,Rugs Network,Rugs,machine-made,$101,,,PASS,,
Toyserkan,RN-252,Rugs Network,Rugs,hand-knotted,$606,,,PASS,,
Toyserkan,RN-264,Rugs Network,Rugs,hand-knotted,$794,,,PASS,,
Toyserkan,RN-263,Rugs Network,Rugs,hand-knotted,$821,,,PASS,,
Toyserkan,RN-200,Rugs Network,Rugs,hand-knotted,$821,,,PASS,,
Turkoman,RN-971,Rugs Network,Rugs,hand-knotted,$413,,,PASS,,
Turkoman,RN-162,Rugs Network,Rugs,hand-knotted,$518,,,PASS,,
Turkoman,RN-556,Rugs Network,Rugs,hand-knotted,$607,,,PASS,,
Turkoman,RN-224,Rugs Network,Rugs,hand-knotted,"$3,519",,,PASS,,
Ushak,RN-1034,Rugs Network,Rugs,hand-knotted,$345,,,PASS,,
Ushak,RN-351,Rugs Network,Rugs,hand-knotted,"$1,208",,,PASS,,
Ushak,RN-441,Rugs Network,Rugs,hand-knotted,"$1,290",,,PASS,,
Ushak,RN-396,Rugs Network,Rugs,hand-knotted,"$1,346",,,PASS,,
Ushak,RN-329,Rugs Network,Rugs,hand-knotted,"$1,489",,,PASS,,
Ushak,RN-1109,Rugs Network,Rugs,hand-knotted,"$1,760",,,PASS,,
Ushak,RN-417,Rugs Network,Rugs,hand-knotted,"$1,925",,,PASS,,
Ushak,RN-869,Rugs Network,Rugs,hand-knotted,"$2,201",,,PASS,,
Ushak,RN-834,Rugs Network,Rugs,hand-knotted,"$2,277",,,PASS,,
Ushak,RN-2208,Rugs Network,Rugs,hand-knotted,"$2,289",,,PASS,,
Varamin,RN-242,Rugs Network,Rugs,hand-knotted,$495,,,PASS,,
Vegas Beige,RN-3157,Rugs Network,Rugs,machine-made,$82,,,PASS,,
Vegas Black,RN-3159,Rugs Network,Rugs,machine-made,$82,,,PASS,,
Vegas Black,RN-3162,Rugs Network,Rugs,machine-made,$82,,,PASS,,
Vegas Black,RN-3171,Rugs Network,Rugs,machine-made,$541,,,PASS,,
Vegas Cream,RN-3170,Rugs Network,Rugs,machine-made,$82,,,PASS,,
Vegas Cream,RN-3164,Rugs Network,Rugs,machine-made,$82,,,PASS,,
Vegas Light_Beige,RN-3169,Rugs Network,Rugs,machine-made,$82,,,PASS,,
Vegas White,RN-3168,Rugs Network,Rugs,machine-made,$82,,,PASS,,
Vegas White,RN-3160,Rugs Network,Rugs,machine-made,$82,,,PASS,,
Vegas White,RN-3161,Rugs Network,Rugs,machine-made,$82,,,PASS,,
Vegas White,RN-3163,Rugs Network,Rugs,machine-made,$82,,,PASS,,
Vegas White,RN-3165,Rugs Network,Rugs,machine-made,$82,,,PASS,,
Vegas White,RN-3166,Rugs Network,Rugs,machine-made,$82,,,PASS,,
Vegas White,RN-3156,Rugs Network,Rugs,machine-made,$139,,,PASS,,
Vegas White,RN-3167,Rugs Network,Rugs,machine-made,$139,,,PASS,,
Vegas White,RN-3158,Rugs Network,Rugs,machine-made,$159,,,PASS,,
Vegas White,RN-3172,Rugs Network,Rugs,machine-made,$541,,,PASS,,
Venus Beige,RN-3178,Rugs Network,Rugs,machine-made,$470,,,PASS,,
Venus Dark_Beige,RN-3176,Rugs Network,Rugs,machine-made,$71,,,PASS,,
Venus Dark_Beige,RN-3173,Rugs Network,Rugs,machine-made,$138,,,PASS,,
Venus Dark_Beige,RN-3175,Rugs Network,Rugs,machine-made,$218,,,PASS,,
Venus Grey,RN-3174,Rugs Network,Rugs,machine-made,$71,,,PASS,,
Venus Light_Beige,RN-3181,Rugs Network,Rugs,machine-made,$138,,,PASS,,
Venus Light_Beige,RN-3180,Rugs Network,Rugs,machine-made,$218,,,PASS,,
Venus Light_Beige,RN-3177,Rugs Network,Rugs,machine-made,$218,,,PASS,,
Verona Anthracite,RN-3188,Rugs Network,Rugs,machine-made,$30,,,PASS,,
Verona Anthracite,RN-3189,Rugs Network,Rugs,machine-made,$30,,,PASS,,
Verona Black,RN-3185,Rugs Network,Rugs,machine-made,$30,,,PASS,,
Verona Black,RN-3186,Rugs Network,Rugs,machine-made,$30,,,PASS,,
Verona Black,RN-3197,Rugs Network,Rugs,machine-made,$30,,,PASS,,
Verona Black,RN-3184,Rugs Network,Rugs,machine-made,$68,,,PASS,,
Verona Black,RN-3191,Rugs Network,Rugs,machine-made,$68,,,PASS,,
Verona Black,RN-3192,Rugs Network,Rugs,machine-made,$68,,,PASS,,
Verona Black,RN-3203,Rugs Network,Rugs,machine-made,$446,,,PASS,,
Verona Dark_Brown,RN-3190,Rugs Network,Rugs,machine-made,$30,,,PASS,,
Verona Dark_Brown,RN-3195,Rugs Network,Rugs,machine-made,$30,,,PASS,,
Verona Dark_Brown,RN-3196,Rugs Network,Rugs,machine-made,$30,,,PASS,,
Verona Dark_Brown,RN-3194,Rugs Network,Rugs,machine-made,$131,,,PASS,,
Verona Grey,RN-3187,Rugs Network,Rugs,machine-made,$30,,,PASS,,
Verona Grey,RN-3182,Rugs Network,Rugs,machine-made,$30,,,PASS,,
Verona Light_Grey,RN-3199,Rugs Network,Rugs,machine-made,$131,,,PASS,,
Verona Terra,RN-3201,Rugs Network,Rugs,machine-made,$68,,,PASS,,
Verona White,RN-3198,Rugs Network,Rugs,machine-made,$30,,,PASS,,
Verona White,RN-3183,Rugs Network,Rugs,machine-made,$68,,,PASS,,
Verona White,RN-3200,Rugs Network,Rugs,machine-made,$68,,,PASS,,
Verona White,RN-3193,Rugs Network,Rugs,machine-made,$68,,,PASS,,
Vesta Black,RN-3211,Rugs Network,Rugs,machine-made,$166,,,PASS,,
Vesta Cream,RN-3206,Rugs Network,Rugs,machine-made,$166,,,PASS,,
Vesta Cream,RN-3212,Rugs Network,Rugs,machine-made,$166,,,PASS,,
Vesta Dark_Brown,RN-3213,Rugs Network,Rugs,machine-made,$166,,,PASS,,
Vesta Dark_Brown,RN-3214,Rugs Network,Rugs,machine-made,$166,,,PASS,,
Vesta Green,RN-3204,Rugs Network,Rugs,machine-made,$104,,,PASS,,
Vesta Grey,RN-3210,Rugs Network,Rugs,machine-made,$356,,,PASS,,
Vesta Light_Beige,RN-3207,Rugs Network,Rugs,machine-made,$166,,,PASS,,
Vesta Red,RN-3208,Rugs Network,Rugs,machine-made,$166,,,PASS,,
Vesta Red,RN-3209,Rugs Network,Rugs,machine-made,$166,,,PASS,,
Vesta Rose,RN-3205,Rugs Network,Rugs,machine-made,$166,,,PASS,,
Yalameh Design,RN-817,Rugs Network,Rugs,hand-knotted,$201,,,PASS,,
Yalameh Patina,RN-142,Rugs Network,Rugs,hand-knotted,$201,,,PASS,,
Yalameh Patina,RN-859,Rugs Network,Rugs,hand-knotted,$378,,,PASS,,
Zanjan,RN-206,Rugs Network,Rugs,hand-knotted,$649,,,PASS,,
Ziegler,RN-432,Rugs Network,Rugs,hand-knotted,$896,,,PASS,,
Zigler,RN-936,Rugs Network,Rugs,hand-knotted,$545,,,PASS,,
Zigler,RN-535,Rugs Network,Rugs,hand-knotted,$662,,,PASS,,
Zigler,RN-184,Rugs Network,Rugs,hand-knotted,$897,,,PASS,,
Zigler,RN-312,Rugs Network,Rugs,hand-knotted,"$1,173",,,PASS,,
