Supplier,SKU,Product,Department,Type,Supplier price (net),Our price (net x 3.15),Margin $,From price?,Photo URL
A-Class,1212,1212,Living Room,Sectionals,1100.00,3465.00,2365.00,Yes,https://www.aclassfurniture.ca/uploads/product_images/12121.jpg
A-Class,1212,1212 — Sofa,Living Room,Sofas,515.00,1622.00,1107.00,No,https://www.aclassfurniture.ca/uploads/product_images/12121.jpg
A-Class,1213,1213,Living Room,Sectionals,1250.00,3938.00,2688.00,Yes,https://www.aclassfurniture.ca/uploads/product_images/se1.jpg
A-Class,1213,1213 — Sofa,Living Room,Sofas,475.00,1496.00,1021.00,No,https://www.aclassfurniture.ca/uploads/product_images/se1.jpg
A-Class,1220,1220,Living Room,Sectionals,1275.00,4016.00,2741.00,Yes,https://www.aclassfurniture.ca/uploads/product_images/SOFA_20A.jpg
A-Class,1220,1220,Living Room,Sectionals,1275.00,4016.00,2741.00,Yes,https://www.aclassfurniture.ca/uploads/product_images/a_class_sectional_angle2.jpg
A-Class,1220,1220 — Sofa,Living Room,Sofas,475.00,1496.00,1021.00,No,https://www.aclassfurniture.ca/uploads/product_images/SOFA_20A.jpg
A-Class,1250,1250,Living Room,Sectionals,1200.00,3780.00,2580.00,Yes,https://www.aclassfurniture.ca/uploads/product_images/se11.jpg
A-Class,1250,1250 — Sofa,Living Room,Sofas,515.00,1622.00,1107.00,No,https://www.aclassfurniture.ca/uploads/product_images/se11.jpg
A-Class,1257,1257,Living Room,Sectionals,1100.00,3465.00,2365.00,Yes,https://www.aclassfurniture.ca/uploads/product_images/SOFA_18A.jpg
A-Class,1257,1257 — Sofa,Living Room,Sofas,515.00,1622.00,1107.00,No,https://www.aclassfurniture.ca/uploads/product_images/SOFA_18A.jpg
A-Class,1260,1260,Living Room,Sectionals,1100.00,3465.00,2365.00,Yes,https://www.aclassfurniture.ca/uploads/product_images/assets_uploads_product_images_12602.jpg
A-Class,1260,1260 — Sofa,Living Room,Sofas,335.00,1055.00,720.00,No,https://www.aclassfurniture.ca/uploads/product_images/assets_uploads_product_images_12602.jpg
A-Class,1270,1270,Living Room,Sectionals,1000.00,3150.00,2150.00,Yes,https://www.aclassfurniture.ca/uploads/product_images/1270.jpg
A-Class,1270,1270 — Sofa,Living Room,Sofas,575.00,1811.00,1236.00,No,https://www.aclassfurniture.ca/uploads/product_images/1270.jpg
A-Class,1280,1280,Living Room,Sofas,540.00,1701.00,1161.00,Yes,https://www.aclassfurniture.ca/uploads/product_images/1280_b1.jpg
A-Class,1280,1280 — 3-Pc Set,Living Room,Sofas,1350.00,4252.00,2902.00,No,https://www.aclassfurniture.ca/uploads/product_images/1280_b1.jpg
A-Class,1280,1280 — Sofa,Living Room,Sofas,515.00,1622.00,1107.00,No,https://www.aclassfurniture.ca/uploads/product_images/1280_b1.jpg
A-Class,1290,1290,Living Room,Sofas,540.00,1701.00,1161.00,Yes,https://www.aclassfurniture.ca/uploads/product_images/908448(SOFA_45).jpg
A-Class,1290,1290 — 3-Pc Set,Living Room,Sofas,1350.00,4252.00,2902.00,No,https://www.aclassfurniture.ca/uploads/product_images/908448(SOFA_45).jpg
A-Class,1290,1290 — Sofa,Living Room,Sofas,540.00,1701.00,1161.00,No,https://www.aclassfurniture.ca/uploads/product_images/908448(SOFA_45).jpg
A-Class,1510,1510,Living Room,Sofas,520.00,1638.00,1118.00,Yes,https://www.aclassfurniture.ca/uploads/product_images/so21.jpg
A-Class,1510,1510 — 3-Pc Set,Living Room,Sofas,1300.00,4095.00,2795.00,No,https://www.aclassfurniture.ca/uploads/product_images/so21.jpg
A-Class,1510,1510 — Sofa,Living Room,Sofas,520.00,1638.00,1118.00,No,https://www.aclassfurniture.ca/uploads/product_images/so21.jpg
A-Class,1515,1515,Living Room,Sectionals,1350.00,4252.00,2902.00,Yes,https://www.aclassfurniture.ca/uploads/product_images/1515_Sectional.jpg
A-Class,1515,1515 — Sofa,Living Room,Sofas,435.00,1370.00,935.00,No,https://www.aclassfurniture.ca/uploads/product_images/1515_Sectional.jpg
A-Class,1525,1525,Living Room,Sectionals,495.00,1559.00,1064.00,Yes,https://www.aclassfurniture.ca/uploads/product_images/908404_cropped_front.jpg
A-Class,1525,1525 — Sofa,Living Room,Sofas,495.00,1559.00,1064.00,No,https://www.aclassfurniture.ca/uploads/product_images/908404_cropped_front.jpg
A-Class,1550,1550,Living Room,Sectionals,1050.00,3308.00,2258.00,Yes,https://www.aclassfurniture.ca/uploads/product_images/1550.jpg
A-Class,1550,1550 — Sofa,Living Room,Sofas,435.00,1370.00,935.00,No,https://www.aclassfurniture.ca/uploads/product_images/1550.jpg
A-Class,1616,1616,Living Room,Sectionals,540.00,1701.00,1161.00,Yes,https://www.aclassfurniture.ca/uploads/product_images/se13.jpg
A-Class,1616,1616 — Sofa,Living Room,Sofas,335.00,1055.00,720.00,No,https://www.aclassfurniture.ca/uploads/product_images/se13.jpg
A-Class,1617,1617,Living Room,Sofas,540.00,1701.00,1161.00,Yes,https://www.aclassfurniture.ca/uploads/product_images/1617.jpg
A-Class,1617,1617 — 3-Pc Set,Living Room,Sofas,1350.00,4252.00,2902.00,No,https://www.aclassfurniture.ca/uploads/product_images/1617.jpg
A-Class,1617,1617 — Sofa,Living Room,Sofas,540.00,1701.00,1161.00,No,https://www.aclassfurniture.ca/uploads/product_images/1617.jpg
A-Class,1625,1625,Living Room,Sofas,540.00,1701.00,1161.00,Yes,https://www.aclassfurniture.ca/uploads/product_images/SOFA_6B.jpg
A-Class,1625,1625 — 3-Pc Set,Living Room,Sofas,1350.00,4252.00,2902.00,No,https://www.aclassfurniture.ca/uploads/product_images/SOFA_6B.jpg
A-Class,1625,1625 — Sofa,Living Room,Sofas,540.00,1701.00,1161.00,No,https://www.aclassfurniture.ca/uploads/product_images/SOFA_6B.jpg
A-Class,1650,1650,Living Room,Sofas,540.00,1701.00,1161.00,Yes,https://www.aclassfurniture.ca/uploads/product_images/SOFA_5D.jpg
A-Class,1650,1650 — 3-Pc Set,Living Room,Sofas,1350.00,4252.00,2902.00,No,https://www.aclassfurniture.ca/uploads/product_images/SOFA_5D.jpg
A-Class,1650,1650 — Sofa,Living Room,Sofas,540.00,1701.00,1161.00,No,https://www.aclassfurniture.ca/uploads/product_images/SOFA_5D.jpg
A-Class,1825,1825,Living Room,Sofas,580.00,1827.00,1247.00,Yes,https://www.aclassfurniture.ca/uploads/product_images/1800.jpg
A-Class,1825,1825 — 3-Pc Set,Living Room,Sofas,1450.00,4568.00,3118.00,No,https://www.aclassfurniture.ca/uploads/product_images/1800.jpg
A-Class,1825,1825 — Sofa,Living Room,Sofas,580.00,1827.00,1247.00,No,https://www.aclassfurniture.ca/uploads/product_images/1800.jpg
A-Class,1830,1830,Living Room,Sofas,540.00,1701.00,1161.00,Yes,https://www.aclassfurniture.ca/uploads/product_images/1830AA.jpg
A-Class,1830,1830 — 3-Pc Set,Living Room,Sofas,1350.00,4252.00,2902.00,No,https://www.aclassfurniture.ca/uploads/product_images/1830AA.jpg
A-Class,1830,1830 — Sofa,Living Room,Sofas,540.00,1701.00,1161.00,No,https://www.aclassfurniture.ca/uploads/product_images/1830AA.jpg
A-Class,1840,1840,Living Room,Sofas,640.00,2016.00,1376.00,Yes,https://www.aclassfurniture.ca/assets/uploads/product_images/1840_d.jpg
A-Class,1840,1840 — 3-Pc Set,Living Room,Sofas,1600.00,5040.00,3440.00,No,https://www.aclassfurniture.ca/assets/uploads/product_images/1840_d.jpg
A-Class,1840,1840 — Sofa,Living Room,Sofas,640.00,2016.00,1376.00,No,https://www.aclassfurniture.ca/assets/uploads/product_images/1840_d.jpg
A-Class,1845,1845,Living Room,Sofas,660.00,2079.00,1419.00,Yes,https://www.aclassfurniture.ca/uploads/product_images/SOFA_21D.jpg
A-Class,1845,1845 — 3-Pc Set,Living Room,Sofas,1650.00,5198.00,3548.00,No,https://www.aclassfurniture.ca/uploads/product_images/SOFA_21D.jpg
A-Class,1845,1845 — Sofa,Living Room,Sofas,660.00,2079.00,1419.00,No,https://www.aclassfurniture.ca/uploads/product_images/SOFA_21D.jpg
A-Class,1850,1850,Living Room,Sofas,640.00,2016.00,1376.00,Yes,https://www.aclassfurniture.ca/uploads/product_images/1850_D.jpg
A-Class,1850,1850 — 3-Pc Set,Living Room,Sofas,1600.00,5040.00,3440.00,No,https://www.aclassfurniture.ca/uploads/product_images/1850_D.jpg
A-Class,1850,1850 — Sofa,Living Room,Sofas,640.00,2016.00,1376.00,No,https://www.aclassfurniture.ca/uploads/product_images/1850_D.jpg
A-Class,1855,1855,Living Room,Sofas,620.00,1953.00,1333.00,Yes,https://www.aclassfurniture.ca/uploads/product_images/SOFA_1D.jpg
A-Class,1855,1855 — 3-Pc Set,Living Room,Sofas,1550.00,4882.00,3332.00,No,https://www.aclassfurniture.ca/uploads/product_images/SOFA_1D.jpg
A-Class,1855,1855 — Sofa,Living Room,Sofas,620.00,1953.00,1333.00,No,https://www.aclassfurniture.ca/uploads/product_images/SOFA_1D.jpg
A-Class,1865,1865,Living Room,Sofas,600.00,1890.00,1290.00,Yes,https://www.aclassfurniture.ca/uploads/product_images/so4.jpg
A-Class,1865,1865 — 3-Pc Set,Living Room,Sofas,1500.00,4725.00,3225.00,No,https://www.aclassfurniture.ca/uploads/product_images/so4.jpg
A-Class,1865,1865 — Sofa,Living Room,Sofas,600.00,1890.00,1290.00,No,https://www.aclassfurniture.ca/uploads/product_images/so4.jpg
A-Class,1870,1870,Living Room,Sofas,620.00,1953.00,1333.00,Yes,https://www.aclassfurniture.ca/uploads/product_images/1870AA.jpg
A-Class,1870,1870 — 3-Pc Set,Living Room,Sofas,1550.00,4882.00,3332.00,No,https://www.aclassfurniture.ca/uploads/product_images/1870AA.jpg
A-Class,1870,1870 — Sofa,Living Room,Sofas,620.00,1953.00,1333.00,No,https://www.aclassfurniture.ca/uploads/product_images/1870AA.jpg
A-Class,1890,1890,Living Room,Sectionals,625.00,1969.00,1344.00,Yes,https://www.aclassfurniture.ca/uploads/product_images/se14.jpg
A-Class,1890,1890 — Sofa,Living Room,Sofas,625.00,1969.00,1344.00,No,https://www.aclassfurniture.ca/uploads/product_images/se14.jpg
A-Class,2020,2020,Living Room,Sofas,520.00,1638.00,1118.00,Yes,https://www.aclassfurniture.ca/uploads/product_images/2020.jpg
A-Class,2020,2020 — 3-Pc Set,Living Room,Sofas,1300.00,4095.00,2795.00,No,https://www.aclassfurniture.ca/uploads/product_images/2020.jpg
A-Class,2020,2020 — Sofa,Living Room,Sofas,435.00,1370.00,935.00,No,https://www.aclassfurniture.ca/uploads/product_images/2020.jpg
A-Class,2050,2050,Living Room,Sectionals,495.00,1559.00,1064.00,Yes,https://www.aclassfurniture.ca/uploads/product_images/20502.jpg
A-Class,2050,2050 — Sofa,Living Room,Sofas,495.00,1559.00,1064.00,No,https://www.aclassfurniture.ca/uploads/product_images/20502.jpg
A-Class,2060,2060,Living Room,Sectionals,1250.00,3938.00,2688.00,Yes,https://www.aclassfurniture.ca/uploads/product_images/assets_uploads_product_images_20602.jpg
A-Class,2060,2060 — Sectional,Living Room,Sectionals,1250.00,3938.00,2688.00,No,https://www.aclassfurniture.ca/uploads/product_images/assets_uploads_product_images_20602.jpg
A-Class,2060,2060 — Sofa,Living Room,Sofas,575.00,1811.00,1236.00,No,https://www.aclassfurniture.ca/uploads/product_images/assets_uploads_product_images_20602.jpg
A-Class,2070,2070,Living Room,Sofas,520.00,1638.00,1118.00,Yes,https://www.aclassfurniture.ca/uploads/product_images/2070D.jpg
A-Class,2070,2070 Sectional,Living Room,Sectionals,520.00,1638.00,1118.00,Yes,https://www.aclassfurniture.ca/uploads/product_images/2070_a.jpg
A-Class,2070,2070 — 3-Pc Set,Living Room,Sofas,1300.00,4095.00,2795.00,No,https://www.aclassfurniture.ca/uploads/product_images/2070D.jpg
A-Class,2070,2070 — Sofa,Living Room,Sofas,435.00,1370.00,935.00,No,https://www.aclassfurniture.ca/uploads/product_images/2070D.jpg
A-Class,2110,2110,Living Room,Sofas,520.00,1638.00,1118.00,Yes,https://www.aclassfurniture.ca/uploads/product_images/so16.jpg
A-Class,2110,2110 — 3-Pc Set,Living Room,Sofas,1300.00,4095.00,2795.00,No,https://www.aclassfurniture.ca/uploads/product_images/so16.jpg
A-Class,2110,2110 — Sofa,Living Room,Sofas,520.00,1638.00,1118.00,No,https://www.aclassfurniture.ca/uploads/product_images/so16.jpg
A-Class,2121,2121,Living Room,Sectionals,1050.00,3308.00,2258.00,Yes,https://www.aclassfurniture.ca/uploads/product_images/21211.jpg
A-Class,2121,2121 — Sofa,Living Room,Sofas,455.00,1433.00,978.00,No,https://www.aclassfurniture.ca/uploads/product_images/21211.jpg
A-Class,2160,2160,Living Room,Sofas,520.00,1638.00,1118.00,Yes,https://www.aclassfurniture.ca/uploads/product_images/so17.jpg
A-Class,2160,2160 — 3-Pc Set,Living Room,Sofas,1300.00,4095.00,2795.00,No,https://www.aclassfurniture.ca/uploads/product_images/so17.jpg
A-Class,2160,2160 — Sofa,Living Room,Sofas,455.00,1433.00,978.00,No,https://www.aclassfurniture.ca/uploads/product_images/so17.jpg
A-Class,2170,2170,Living Room,Sofas,520.00,1638.00,1118.00,Yes,https://www.aclassfurniture.ca/uploads/product_images/2170a.jpg
A-Class,2170,2170 — 3-Pc Set,Living Room,Sofas,1300.00,4095.00,2795.00,No,https://www.aclassfurniture.ca/uploads/product_images/2170a.jpg
A-Class,2170,2170 — Sofa,Living Room,Sofas,520.00,1638.00,1118.00,No,https://www.aclassfurniture.ca/uploads/product_images/2170a.jpg
A-Class,2192,2192,Living Room,Chairs,400.00,1260.00,860.00,Yes,https://www.aclassfurniture.ca/uploads/product_images/2192--a.jpg
A-Class,2192,2192 — Chair,Living Room,Chairs,400.00,1260.00,860.00,No,https://www.aclassfurniture.ca/uploads/product_images/2192--a.jpg
A-Class,2310,2310,Living Room,Sofas,540.00,1701.00,1161.00,Yes,https://www.aclassfurniture.ca/uploads/product_images/2310_(2).jpg
A-Class,2310,2310 — 3-Pc Set,Living Room,Sofas,1350.00,4252.00,2902.00,No,https://www.aclassfurniture.ca/uploads/product_images/2310_(2).jpg
A-Class,2310,2310 — Sofa,Living Room,Sofas,540.00,1701.00,1161.00,No,https://www.aclassfurniture.ca/uploads/product_images/2310_(2).jpg
A-Class,2350,2350,Living Room,Sofas,540.00,1701.00,1161.00,Yes,https://www.aclassfurniture.ca/uploads/product_images/2350.jpg
A-Class,2350,2350 — 3-Pc Set,Living Room,Sofas,1350.00,4252.00,2902.00,No,https://www.aclassfurniture.ca/uploads/product_images/2350.jpg
A-Class,2350,2350 — Sofa,Living Room,Sofas,540.00,1701.00,1161.00,No,https://www.aclassfurniture.ca/uploads/product_images/2350.jpg
A-Class,2380,2380,Living Room,Chaises,500.00,1575.00,1075.00,Yes,https://www.aclassfurniture.ca/uploads/product_images/2380.jpg
A-Class,2380,2380 — Chaise,Living Room,Chaises,500.00,1575.00,1075.00,No,https://www.aclassfurniture.ca/uploads/product_images/2380.jpg
A-Class,2390,2390,Living Room,Chaises,525.00,1654.00,1129.00,Yes,https://www.aclassfurniture.ca/uploads/product_images/2390.jpg
A-Class,2390,2390 — Chaise,Living Room,Chaises,525.00,1654.00,1129.00,No,https://www.aclassfurniture.ca/uploads/product_images/2390.jpg
A-Class,2550,2550,Living Room,Sofas,520.00,1638.00,1118.00,Yes,https://www.aclassfurniture.ca/uploads/product_images/2550_sofa.jpg
A-Class,2550,2550 — Sofa,Living Room,Sofas,520.00,1638.00,1118.00,No,https://www.aclassfurniture.ca/uploads/product_images/2550_sofa.jpg
A-Class,2750,2750,Living Room,Sofas,520.00,1638.00,1118.00,Yes,https://www.aclassfurniture.ca/uploads/product_images/2750AA.jpg
A-Class,2750,2750 — 3-Pc Set,Living Room,Sofas,1300.00,4095.00,2795.00,No,https://www.aclassfurniture.ca/uploads/product_images/2750AA.jpg
A-Class,2750,2750 — Sofa,Living Room,Sofas,520.00,1638.00,1118.00,No,https://www.aclassfurniture.ca/uploads/product_images/2750AA.jpg
A-Class,2760,2760,Living Room,Sofas,520.00,1638.00,1118.00,Yes,https://www.aclassfurniture.ca/uploads/product_images/so27.jpg
A-Class,2760,2760 — 3-Pc Set,Living Room,Sofas,1300.00,4095.00,2795.00,No,https://www.aclassfurniture.ca/uploads/product_images/so27.jpg
A-Class,2760,2760 — Sofa,Living Room,Sofas,520.00,1638.00,1118.00,No,https://www.aclassfurniture.ca/uploads/product_images/so27.jpg
A-Class,2860,2860,Living Room,Sofas,420.00,1323.00,903.00,Yes,https://www.aclassfurniture.ca/uploads/product_images/2860.jpg
A-Class,2860,2860 Sectional,Living Room,Sectionals,420.00,1323.00,903.00,Yes,https://www.aclassfurniture.ca/uploads/product_images/see1.jpg
A-Class,2860,2860 — 3-Pc Set,Living Room,Sofas,1050.00,3308.00,2258.00,No,https://www.aclassfurniture.ca/uploads/product_images/2860.jpg
A-Class,2860,2860 — Sofa,Living Room,Sofas,400.00,1260.00,860.00,No,https://www.aclassfurniture.ca/uploads/product_images/2860.jpg
A-Class,2870,2870,Living Room,Sofas,520.00,1638.00,1118.00,Yes,https://www.aclassfurniture.ca/uploads/product_images/2870.jpg
A-Class,2870,2870 — 3-Pc Set,Living Room,Sofas,1300.00,4095.00,2795.00,No,https://www.aclassfurniture.ca/uploads/product_images/2870.jpg
A-Class,2870,2870 — Sofa,Living Room,Sofas,500.00,1575.00,1075.00,No,https://www.aclassfurniture.ca/uploads/product_images/2870.jpg
A-Class,2900,2900,Living Room,Sofas,640.00,2016.00,1376.00,Yes,https://www.aclassfurniture.ca/uploads/product_images/2900.jpg
A-Class,2900,2900 — 3-Pc Set,Living Room,Sofas,1600.00,5040.00,3440.00,No,https://www.aclassfurniture.ca/uploads/product_images/2900.jpg
A-Class,2900,2900 — Sofa,Living Room,Sofas,640.00,2016.00,1376.00,No,https://www.aclassfurniture.ca/uploads/product_images/2900.jpg
A-Class,2910,2910,Living Room,Sofas,620.00,1953.00,1333.00,Yes,https://www.aclassfurniture.ca/uploads/product_images/2910AA.jpg
A-Class,2910,2910 — 3-Pc Set,Living Room,Sofas,1550.00,4882.00,3332.00,No,https://www.aclassfurniture.ca/uploads/product_images/2910AA.jpg
A-Class,2910,2910 — Sofa,Living Room,Sofas,620.00,1953.00,1333.00,No,https://www.aclassfurniture.ca/uploads/product_images/2910AA.jpg
A-Class,2920,2920,Living Room,Sofas,660.00,2079.00,1419.00,Yes,https://www.aclassfurniture.ca/uploads/product_images/2920-A.jpg
A-Class,2920,2920 — 3-Pc Set,Living Room,Sofas,1650.00,5198.00,3548.00,No,https://www.aclassfurniture.ca/uploads/product_images/2920-A.jpg
A-Class,2920,2920 — Sofa,Living Room,Sofas,660.00,2079.00,1419.00,No,https://www.aclassfurniture.ca/uploads/product_images/2920-A.jpg
A-Class,2929,2929,Living Room,Sectionals,1675.00,5276.00,3601.00,Yes,https://www.aclassfurniture.ca/uploads/product_images/see31.jpg
A-Class,2929,2929 — Sofa,Living Room,Sofas,480.00,1512.00,1032.00,No,https://www.aclassfurniture.ca/uploads/product_images/see31.jpg
A-Class,2933,2933,Living Room,Sectionals,1375.00,4331.00,2956.00,Yes,https://www.aclassfurniture.ca/uploads/product_images/2933-A.jpg
A-Class,2933,2933 — Sofa,Living Room,Sofas,670.00,2110.00,1440.00,No,https://www.aclassfurniture.ca/uploads/product_images/2933-A.jpg
A-Class,2935,2935,Living Room,Sectionals,1100.00,3465.00,2365.00,Yes,https://www.aclassfurniture.ca/uploads/product_images/see23.jpg
A-Class,2935,2935 — Sofa,Living Room,Sofas,540.00,1701.00,1161.00,No,https://www.aclassfurniture.ca/uploads/product_images/see23.jpg
A-Class,2950,2950,Living Room,Sofas,640.00,2016.00,1376.00,Yes,https://demo-oasis-six.vercel.app/assets/cutouts/73b609c487d3411b.webp
A-Class,2950,2950 — 3-Pc Set,Living Room,Sofas,1600.00,5040.00,3440.00,No,https://demo-oasis-six.vercel.app/assets/cutouts/73b609c487d3411b.webp
A-Class,2950,2950 — Sofa,Living Room,Sofas,640.00,2016.00,1376.00,No,https://demo-oasis-six.vercel.app/assets/cutouts/73b609c487d3411b.webp
A-Class,3120,3120,Living Room,Sofas,520.00,1638.00,1118.00,Yes,https://www.aclassfurniture.ca/uploads/product_images/SOFA_14A.jpg
A-Class,3120,3120 — 3-Pc Set,Living Room,Sofas,1300.00,4095.00,2795.00,No,https://www.aclassfurniture.ca/uploads/product_images/SOFA_14A.jpg
A-Class,3120,3120 — Sofa,Living Room,Sofas,520.00,1638.00,1118.00,No,https://www.aclassfurniture.ca/uploads/product_images/SOFA_14A.jpg
A-Class,3130,3130,Living Room,Sofas,520.00,1638.00,1118.00,Yes,https://www.aclassfurniture.ca/uploads/product_images/soo14.jpg
A-Class,3130,3130 — 3-Pc Set,Living Room,Sofas,1300.00,4095.00,2795.00,No,https://www.aclassfurniture.ca/uploads/product_images/soo14.jpg
A-Class,3130,3130 — Sofa,Living Room,Sofas,520.00,1638.00,1118.00,No,https://www.aclassfurniture.ca/uploads/product_images/soo14.jpg
A-Class,3260,3260,Living Room,Sofas,520.00,1638.00,1118.00,Yes,https://www.aclassfurniture.ca/uploads/product_images/3260.jpg
A-Class,3260,3260 — 3-Pc Set,Living Room,Sofas,1300.00,4095.00,2795.00,No,https://www.aclassfurniture.ca/uploads/product_images/3260.jpg
A-Class,3260,3260 — Sofa,Living Room,Sofas,520.00,1638.00,1118.00,No,https://www.aclassfurniture.ca/uploads/product_images/3260.jpg
A-Class,3300,3300,Living Room,Sofas,400.00,1260.00,860.00,Yes,https://www.aclassfurniture.ca/uploads/product_images/soo22.jpg
A-Class,3300,3300 — 3-Pc Set,Living Room,Sofas,1000.00,3150.00,2150.00,No,https://www.aclassfurniture.ca/uploads/product_images/soo22.jpg
A-Class,3300,3300 — Sofa,Living Room,Sofas,400.00,1260.00,860.00,No,https://www.aclassfurniture.ca/uploads/product_images/soo22.jpg
A-Class,3320,3320,Living Room,Sofas,400.00,1260.00,860.00,Yes,https://www.aclassfurniture.ca/uploads/product_images/3320.jpg
A-Class,3320,3320 — 3-Pc Set,Living Room,Sofas,1000.00,3150.00,2150.00,No,https://www.aclassfurniture.ca/uploads/product_images/3320.jpg
A-Class,3320,3320 — Sofa,Living Room,Sofas,400.00,1260.00,860.00,No,https://www.aclassfurniture.ca/uploads/product_images/3320.jpg
A-Class,3335,3335,Living Room,Sectionals,400.00,1260.00,860.00,Yes,https://www.aclassfurniture.ca/uploads/product_images/3335-B.jpg
A-Class,3335,3335 — 3-Pc Set,Living Room,Sofas,1000.00,3150.00,2150.00,No,https://www.aclassfurniture.ca/uploads/product_images/3335-B.jpg
A-Class,3335,3335 — Sofa,Living Room,Sofas,400.00,1260.00,860.00,No,https://www.aclassfurniture.ca/uploads/product_images/3335-B.jpg
A-Class,3370,3370,Living Room,Sofas,520.00,1638.00,1118.00,Yes,https://www.aclassfurniture.ca/uploads/product_images/3370.jpg
A-Class,3370,3370 — 3-Pc Set,Living Room,Sofas,1300.00,4095.00,2795.00,No,https://www.aclassfurniture.ca/uploads/product_images/3370.jpg
A-Class,3370,3370 — Sofa,Living Room,Sofas,520.00,1638.00,1118.00,No,https://www.aclassfurniture.ca/uploads/product_images/3370.jpg
A-Class,3400,3400,Living Room,Sofas,520.00,1638.00,1118.00,Yes,https://www.aclassfurniture.ca/uploads/product_images/3400_-A.jpg
A-Class,3400,3400 — 3-Pc Set,Living Room,Sofas,1300.00,4095.00,2795.00,No,https://www.aclassfurniture.ca/uploads/product_images/3400_-A.jpg
A-Class,3400,3400 — Sofa,Living Room,Sofas,520.00,1638.00,1118.00,No,https://www.aclassfurniture.ca/uploads/product_images/3400_-A.jpg
A-Class,3410,3410,Living Room,Sofas,520.00,1638.00,1118.00,Yes,https://www.aclassfurniture.ca/uploads/product_images/3410a.jpg
A-Class,3410,3410 — 3-Pc Set,Living Room,Sofas,1300.00,4095.00,2795.00,No,https://www.aclassfurniture.ca/uploads/product_images/3410a.jpg
A-Class,3410,3410 — Sofa,Living Room,Sofas,520.00,1638.00,1118.00,No,https://www.aclassfurniture.ca/uploads/product_images/3410a.jpg
A-Class,401,401,Living Room,Chairs,370.00,1166.00,796.00,Yes,https://www.aclassfurniture.ca/uploads/product_images/CHAIR_5A.jpg
A-Class,401,401 — Chair,Living Room,Chairs,370.00,1166.00,796.00,No,https://www.aclassfurniture.ca/uploads/product_images/CHAIR_5A.jpg
A-Class,405,405,Living Room,Chairs,450.00,1418.00,968.00,Yes,https://www.aclassfurniture.ca/uploads/product_images/c12.jpg
A-Class,405,405 — Chair,Living Room,Chairs,450.00,1418.00,968.00,No,https://www.aclassfurniture.ca/uploads/product_images/c12.jpg
A-Class,407,407,Living Room,Chairs,450.00,1418.00,968.00,Yes,https://demo-oasis-six.vercel.app/assets/cutouts/e634475d143b203f.webp
A-Class,407,407 — Chair,Living Room,Chairs,450.00,1418.00,968.00,No,https://demo-oasis-six.vercel.app/assets/cutouts/e634475d143b203f.webp
A-Class,408,408,Living Room,Chairs,450.00,1418.00,968.00,Yes,https://www.aclassfurniture.ca/uploads/product_images/408_c.jpg
A-Class,408,408 — Chair,Living Room,Chairs,450.00,1418.00,968.00,No,https://www.aclassfurniture.ca/uploads/product_images/408_c.jpg
A-Class,409,409,Living Room,Chairs,450.00,1418.00,968.00,Yes,https://www.aclassfurniture.ca/uploads/product_images/cc23.jpg
A-Class,409,409 — Chair,Living Room,Chairs,450.00,1418.00,968.00,No,https://www.aclassfurniture.ca/uploads/product_images/cc23.jpg
A-Class,4100,4100,Living Room,Sofas,560.00,1764.00,1204.00,Yes,https://www.aclassfurniture.ca/uploads/product_images/4100a.jpg
A-Class,4100,4100 — 3-Pc Set,Living Room,Sofas,1400.00,4410.00,3010.00,No,https://www.aclassfurniture.ca/uploads/product_images/4100a.jpg
A-Class,4100,4100 — Sofa,Living Room,Sofas,560.00,1764.00,1204.00,No,https://www.aclassfurniture.ca/uploads/product_images/4100a.jpg
A-Class,412,412,Living Room,Chairs,450.00,1418.00,968.00,Yes,https://www.aclassfurniture.ca/uploads/product_images/cc24.jpg
A-Class,412,412 — Chair,Living Room,Chairs,450.00,1418.00,968.00,No,https://www.aclassfurniture.ca/uploads/product_images/cc24.jpg
A-Class,413,413,Living Room,Chairs,525.00,1654.00,1129.00,Yes,https://www.aclassfurniture.ca/uploads/product_images/CHAIR_12A.jpg
A-Class,413,413 — Chair,Living Room,Chairs,525.00,1654.00,1129.00,No,https://www.aclassfurniture.ca/uploads/product_images/CHAIR_12A.jpg
A-Class,415,415,Living Room,Chairs,400.00,1260.00,860.00,Yes,https://www.aclassfurniture.ca/uploads/product_images/cc14.jpg
A-Class,415,415 — Chair,Living Room,Chairs,400.00,1260.00,860.00,No,https://www.aclassfurniture.ca/uploads/product_images/cc14.jpg
A-Class,4210,4210,Living Room,Sofas,520.00,1638.00,1118.00,Yes,https://demo-oasis-six.vercel.app/assets/cutouts/e4673a9e19a6c2ce.webp
A-Class,4210,4210 — 3-Pc Set,Living Room,Sofas,1300.00,4095.00,2795.00,No,https://demo-oasis-six.vercel.app/assets/cutouts/e4673a9e19a6c2ce.webp
A-Class,4210,4210 — Sofa,Living Room,Sofas,520.00,1638.00,1118.00,No,https://demo-oasis-six.vercel.app/assets/cutouts/e4673a9e19a6c2ce.webp
A-Class,4250,4250,Living Room,Sofas,540.00,1701.00,1161.00,Yes,https://www.aclassfurniture.ca/uploads/product_images/4250AA.jpg
A-Class,4250,4250 — 3-Pc Set,Living Room,Sofas,1350.00,4252.00,2902.00,No,https://www.aclassfurniture.ca/uploads/product_images/4250AA.jpg
A-Class,4250,4250 — Sofa,Living Room,Sofas,540.00,1701.00,1161.00,No,https://www.aclassfurniture.ca/uploads/product_images/4250AA.jpg
A-Class,4253,4253,Living Room,Sectionals,160.00,504.00,344.00,Yes,https://www.aclassfurniture.ca/uploads/product_images/sectional_Feb171.jpg
A-Class,4253,4253 — Sofa,Living Room,Sofas,700.00,2205.00,1505.00,No,https://www.aclassfurniture.ca/uploads/product_images/sectional_Feb171.jpg
A-Class,426,426,Living Room,Chairs,425.00,1339.00,914.00,Yes,https://www.aclassfurniture.ca/uploads/product_images/CHAIR_9A.jpg
A-Class,426,426 — Chair,Living Room,Chairs,425.00,1339.00,914.00,No,https://www.aclassfurniture.ca/uploads/product_images/CHAIR_9A.jpg
A-Class,4260,4260,Living Room,Sofas,520.00,1638.00,1118.00,Yes,https://demo-oasis-six.vercel.app/assets/cutouts/6ac6f4a7440944ac.webp
A-Class,4260,4260 — 3-Pc Set,Living Room,Sofas,1300.00,4095.00,2795.00,No,https://demo-oasis-six.vercel.app/assets/cutouts/6ac6f4a7440944ac.webp
A-Class,4260,4260 — Sofa,Living Room,Sofas,520.00,1638.00,1118.00,No,https://demo-oasis-six.vercel.app/assets/cutouts/6ac6f4a7440944ac.webp
A-Class,427,427,Living Room,Chairs,425.00,1339.00,914.00,Yes,https://www.aclassfurniture.ca/uploads/product_images/cc16.jpg
A-Class,427,427 — Chair,Living Room,Chairs,425.00,1339.00,914.00,No,https://www.aclassfurniture.ca/uploads/product_images/cc16.jpg
A-Class,428,428,Living Room,Chairs,425.00,1339.00,914.00,Yes,https://www.aclassfurniture.ca/uploads/product_images/cc17.jpg
A-Class,428,428 — Chair,Living Room,Chairs,425.00,1339.00,914.00,No,https://www.aclassfurniture.ca/uploads/product_images/cc17.jpg
A-Class,4280,4280,Living Room,Sofas,540.00,1701.00,1161.00,Yes,https://www.aclassfurniture.ca/uploads/product_images/soo18.jpg
A-Class,4280,4280 — 3-Pc Set,Living Room,Sofas,1350.00,4252.00,2902.00,No,https://www.aclassfurniture.ca/uploads/product_images/soo18.jpg
A-Class,4280,4280 — Sofa,Living Room,Sofas,540.00,1701.00,1161.00,No,https://www.aclassfurniture.ca/uploads/product_images/soo18.jpg
A-Class,429,429,Living Room,Chairs,400.00,1260.00,860.00,Yes,https://www.aclassfurniture.ca/uploads/product_images/429_1.jpg
A-Class,429,429 — Chair,Living Room,Chairs,400.00,1260.00,860.00,No,https://www.aclassfurniture.ca/uploads/product_images/429_1.jpg
A-Class,431,431,Living Room,Chairs,400.00,1260.00,860.00,Yes,https://www.aclassfurniture.ca/uploads/product_images/CHAIR_11A.jpg
A-Class,431,431 — Chair,Living Room,Chairs,400.00,1260.00,860.00,No,https://www.aclassfurniture.ca/uploads/product_images/CHAIR_11A.jpg
A-Class,4310,4310,Living Room,Sofas,580.00,1827.00,1247.00,Yes,https://www.aclassfurniture.ca/uploads/product_images/soo24.jpg
A-Class,4310,4310 — 3-Pc Set,Living Room,Sofas,1450.00,4568.00,3118.00,No,https://www.aclassfurniture.ca/uploads/product_images/soo24.jpg
A-Class,4310,4310 — Sofa,Living Room,Sofas,580.00,1827.00,1247.00,No,https://www.aclassfurniture.ca/uploads/product_images/soo24.jpg
A-Class,4320,4320,Living Room,Sofas,580.00,1827.00,1247.00,Yes,https://www.aclassfurniture.ca/uploads/product_images/4320B.jpg
A-Class,4320,4320 — 3-Pc Set,Living Room,Sofas,1450.00,4568.00,3118.00,No,https://www.aclassfurniture.ca/uploads/product_images/4320B.jpg
A-Class,4320,4320 — Sofa,Living Room,Sofas,580.00,1827.00,1247.00,No,https://www.aclassfurniture.ca/uploads/product_images/4320B.jpg
A-Class,4330,4330,Living Room,Sofas,580.00,1827.00,1247.00,Yes,https://www.aclassfurniture.ca/uploads/product_images/4330-B.jpg
A-Class,4330,4330 — 3-Pc Set,Living Room,Sofas,1450.00,4568.00,3118.00,No,https://www.aclassfurniture.ca/uploads/product_images/4330-B.jpg
A-Class,4330,4330 — Sofa,Living Room,Sofas,580.00,1827.00,1247.00,No,https://www.aclassfurniture.ca/uploads/product_images/4330-B.jpg
A-Class,4340,4340,Living Room,Sofas,580.00,1827.00,1247.00,Yes,https://www.aclassfurniture.ca/uploads/product_images/sso2.jpg
A-Class,4340,4340 — 3-Pc Set,Living Room,Sofas,1450.00,4568.00,3118.00,No,https://www.aclassfurniture.ca/uploads/product_images/sso2.jpg
A-Class,4340,4340 — Sofa,Living Room,Sofas,580.00,1827.00,1247.00,No,https://www.aclassfurniture.ca/uploads/product_images/sso2.jpg
A-Class,435,435,Living Room,Chairs,400.00,1260.00,860.00,Yes,https://www.aclassfurniture.ca/uploads/product_images/435.jpg
A-Class,435,435 — Chair,Living Room,Chairs,400.00,1260.00,860.00,No,https://www.aclassfurniture.ca/uploads/product_images/435.jpg
A-Class,440,440,Living Room,Chairs,400.00,1260.00,860.00,Yes,https://www.aclassfurniture.ca/uploads/product_images/440.jpg
A-Class,440,440 — Chair,Living Room,Chairs,400.00,1260.00,860.00,No,https://www.aclassfurniture.ca/uploads/product_images/440.jpg
A-Class,455,455,Living Room,Chairs,400.00,1260.00,860.00,Yes,https://www.aclassfurniture.ca/uploads/product_images/455.jpg
A-Class,455,455 — Chair,Living Room,Chairs,400.00,1260.00,860.00,No,https://www.aclassfurniture.ca/uploads/product_images/455.jpg
A-Class,459,459,Living Room,Chairs,400.00,1260.00,860.00,Yes,https://www.aclassfurniture.ca/uploads/product_images/459_d.jpg
A-Class,459,459 — Chair,Living Room,Chairs,400.00,1260.00,860.00,No,https://www.aclassfurniture.ca/uploads/product_images/459_d.jpg
A-Class,465,465,Living Room,Sectionals,400.00,1260.00,860.00,Yes,https://www.aclassfurniture.ca/uploads/product_images/1111aaa.jpg
A-Class,480,480,Living Room,Chairs,400.00,1260.00,860.00,Yes,https://www.aclassfurniture.ca/uploads/product_images/480.jpg
A-Class,480,480 — Chair,Living Room,Chairs,400.00,1260.00,860.00,No,https://www.aclassfurniture.ca/uploads/product_images/480.jpg
A-Class,4900,4900,Living Room,Sofas,520.00,1638.00,1118.00,Yes,https://demo-oasis-six.vercel.app/assets/cutouts/38f21426ae4c6f76.webp
A-Class,4900,4900 — 3-Pc Set,Living Room,Sofas,1300.00,4095.00,2795.00,No,https://demo-oasis-six.vercel.app/assets/cutouts/38f21426ae4c6f76.webp
A-Class,4900,4900 — Sofa,Living Room,Sofas,520.00,1638.00,1118.00,No,https://demo-oasis-six.vercel.app/assets/cutouts/38f21426ae4c6f76.webp
A-Class,4910,4910,Living Room,Sofas,520.00,1638.00,1118.00,Yes,https://www.aclassfurniture.ca/uploads/product_images/4910AA.jpg
A-Class,4910,4910 — 3-Pc Set,Living Room,Sofas,1300.00,4095.00,2795.00,No,https://www.aclassfurniture.ca/uploads/product_images/4910AA.jpg
A-Class,4910,4910 — Sofa,Living Room,Sofas,520.00,1638.00,1118.00,No,https://www.aclassfurniture.ca/uploads/product_images/4910AA.jpg
A-Class,4950,4950,Living Room,Sofas,440.00,1386.00,946.00,Yes,https://www.aclassfurniture.ca/uploads/product_images/4950_b.jpg
A-Class,4950,4950 — 3-Pc Set,Living Room,Sofas,1100.00,3465.00,2365.00,No,https://www.aclassfurniture.ca/uploads/product_images/4950_b.jpg
A-Class,4950,4950 — Sofa,Living Room,Sofas,440.00,1386.00,946.00,No,https://www.aclassfurniture.ca/uploads/product_images/4950_b.jpg
A-Class,502,502,Living Room,Ottomans,375.00,1181.00,806.00,Yes,https://www.aclassfurniture.ca/uploads/product_images/502_C.jpg
A-Class,502,502 — Ottoman,Living Room,Ottomans,375.00,1181.00,806.00,No,https://www.aclassfurniture.ca/uploads/product_images/502_C.jpg
A-Class,503,503,Living Room,Ottomans,450.00,1418.00,968.00,Yes,https://www.aclassfurniture.ca/uploads/product_images/503-B.jpg
A-Class,503,503 — Ottoman,Living Room,Ottomans,450.00,1418.00,968.00,No,https://www.aclassfurniture.ca/uploads/product_images/503-B.jpg
A-Class,505,505,Living Room,Ottomans,375.00,1181.00,806.00,Yes,https://www.aclassfurniture.ca/uploads/product_images/505_b.jpg
A-Class,505,505 — Ottoman,Living Room,Ottomans,375.00,1181.00,806.00,No,https://www.aclassfurniture.ca/uploads/product_images/505_b.jpg
A-Class,510,510,Living Room,Ottomans,260.00,819.00,559.00,Yes,https://www.aclassfurniture.ca/uploads/product_images/510_-a1.jpg
A-Class,510,510 — Ottoman,Living Room,Ottomans,260.00,819.00,559.00,No,https://www.aclassfurniture.ca/uploads/product_images/510_-a1.jpg
A-Class,5100,5100,Living Room,Sofas,520.00,1638.00,1118.00,Yes,https://www.aclassfurniture.ca/uploads/product_images/5100_D.jpg
A-Class,5100,5100 — 3-Pc Set,Living Room,Sofas,1300.00,4095.00,2795.00,No,https://www.aclassfurniture.ca/uploads/product_images/5100_D.jpg
A-Class,5100,5100 — Sofa,Living Room,Sofas,435.00,1370.00,935.00,No,https://www.aclassfurniture.ca/uploads/product_images/5100_D.jpg
A-Class,5150,5150,Living Room,Sofas,520.00,1638.00,1118.00,Yes,https://www.aclassfurniture.ca/uploads/product_images/5150.jpg
A-Class,5150,5150 — 3-Pc Set,Living Room,Sofas,1300.00,4095.00,2795.00,No,https://www.aclassfurniture.ca/uploads/product_images/5150.jpg
A-Class,5150,5150 — Sofa,Living Room,Sofas,520.00,1638.00,1118.00,No,https://www.aclassfurniture.ca/uploads/product_images/5150.jpg
A-Class,5155,5155,Living Room,Sectionals,1050.00,3308.00,2258.00,Yes,https://www.aclassfurniture.ca/uploads/product_images/see26.jpg
A-Class,5155,5155 — Sofa,Living Room,Sofas,435.00,1370.00,935.00,No,https://www.aclassfurniture.ca/uploads/product_images/see26.jpg
A-Class,520,520,Living Room,Ottomans,260.00,819.00,559.00,Yes,https://www.aclassfurniture.ca/uploads/product_images/520.jpg
A-Class,520,520 — Ottoman,Living Room,Ottomans,260.00,819.00,559.00,No,https://www.aclassfurniture.ca/uploads/product_images/520.jpg
A-Class,5200,5200,Living Room,Sofas,580.00,1827.00,1247.00,Yes,https://www.aclassfurniture.ca/uploads/product_images/5200.jpg
A-Class,5200,5200 — 3-Pc Set,Living Room,Sofas,1450.00,4568.00,3118.00,No,https://www.aclassfurniture.ca/uploads/product_images/5200.jpg
A-Class,5200,5200 — Sofa,Living Room,Sofas,580.00,1827.00,1247.00,No,https://www.aclassfurniture.ca/uploads/product_images/5200.jpg
A-Class,5250,5250,Living Room,Sofas,580.00,1827.00,1247.00,Yes,https://www.aclassfurniture.ca/uploads/product_images/5250-sofa.jpg
A-Class,5250,5250 — 3-Pc Set,Living Room,Sofas,1450.00,4568.00,3118.00,No,https://www.aclassfurniture.ca/uploads/product_images/5250-sofa.jpg
A-Class,5250,5250 — Sofa,Living Room,Sofas,580.00,1827.00,1247.00,No,https://www.aclassfurniture.ca/uploads/product_images/5250-sofa.jpg
A-Class,5300,5300,Living Room,Sofas,600.00,1890.00,1290.00,Yes,https://www.aclassfurniture.ca/uploads/product_images/5300.jpg
A-Class,5300,5300 — 3-Pc Set,Living Room,Sofas,1500.00,4725.00,3225.00,No,https://www.aclassfurniture.ca/uploads/product_images/5300.jpg
A-Class,5300,5300 — Sofa,Living Room,Sofas,600.00,1890.00,1290.00,No,https://www.aclassfurniture.ca/uploads/product_images/5300.jpg
A-Class,5350,5350,Living Room,Sofas,560.00,1764.00,1204.00,Yes,https://www.aclassfurniture.ca/uploads/product_images/5350.jpg
A-Class,5350,5350 — 3-Pc Set,Living Room,Sofas,1400.00,4410.00,3010.00,No,https://www.aclassfurniture.ca/uploads/product_images/5350.jpg
A-Class,5350,5350 — Sofa,Living Room,Sofas,560.00,1764.00,1204.00,No,https://www.aclassfurniture.ca/uploads/product_images/5350.jpg
A-Class,5360,5360,Living Room,Sofas,560.00,1764.00,1204.00,Yes,https://www.aclassfurniture.ca/uploads/product_images/seat_front.jpg
A-Class,5360,5360 — 3-Pc Set,Living Room,Sofas,1400.00,4410.00,3010.00,No,https://www.aclassfurniture.ca/uploads/product_images/seat_front.jpg
A-Class,5360,5360 — Sofa,Living Room,Sofas,560.00,1764.00,1204.00,No,https://www.aclassfurniture.ca/uploads/product_images/seat_front.jpg
A-Class,5370,5370,Living Room,Sofas,660.00,2079.00,1419.00,Yes,https://www.aclassfurniture.ca/uploads/product_images/5370_b.jpg
A-Class,5370,5370 — 3-Pc Set,Living Room,Sofas,1650.00,5198.00,3548.00,No,https://www.aclassfurniture.ca/uploads/product_images/5370_b.jpg
A-Class,5370,5370 — Sofa,Living Room,Sofas,610.00,1922.00,1312.00,No,https://www.aclassfurniture.ca/uploads/product_images/5370_b.jpg
A-Class,5375,5375,Living Room,Sofas,700.00,2205.00,1505.00,Yes,https://www.aclassfurniture.ca/uploads/product_images/5375-A.jpg
A-Class,5375,5375 — 3-Pc Set,Living Room,Sofas,1750.00,5512.00,3762.00,No,https://www.aclassfurniture.ca/uploads/product_images/5375-A.jpg
A-Class,5375,5375 — Sofa,Living Room,Sofas,700.00,2205.00,1505.00,No,https://www.aclassfurniture.ca/uploads/product_images/5375-A.jpg
A-Class,540,540,Living Room,Ottomans,325.00,1024.00,699.00,Yes,https://www.aclassfurniture.ca/uploads/product_images/542S.jpg
A-Class,540,540 — Ottoman,Living Room,Ottomans,325.00,1024.00,699.00,No,https://www.aclassfurniture.ca/uploads/product_images/542S.jpg
A-Class,5400,5400,Living Room,Sofas,440.00,1386.00,946.00,Yes,https://www.aclassfurniture.ca/uploads/product_images/54002.jpg
A-Class,5400,5400 — 3-Pc Set,Living Room,Sofas,1100.00,3465.00,2365.00,No,https://www.aclassfurniture.ca/uploads/product_images/54002.jpg
A-Class,5400,5400 — Sofa,Living Room,Sofas,440.00,1386.00,946.00,No,https://www.aclassfurniture.ca/uploads/product_images/54002.jpg
A-Class,544,544,Living Room,Ottomans,325.00,1024.00,699.00,Yes,https://www.aclassfurniture.ca/uploads/product_images/544_-A.jpg
A-Class,544,544 — Ottoman,Living Room,Ottomans,325.00,1024.00,699.00,No,https://www.aclassfurniture.ca/uploads/product_images/544_-A.jpg
A-Class,550,550,Living Room,Ottomans,300.00,945.00,645.00,Yes,https://www.aclassfurniture.ca/uploads/product_images/550AA.jpg
A-Class,550,550 — Ottoman,Living Room,Ottomans,300.00,945.00,645.00,No,https://www.aclassfurniture.ca/uploads/product_images/550AA.jpg
A-Class,550,550 — Sofa,Living Room,Sofas,50.00,158.00,108.00,No,https://www.aclassfurniture.ca/uploads/product_images/550AA.jpg
A-Class,6050,6050,Living Room,Sofas,540.00,1701.00,1161.00,Yes,https://www.aclassfurniture.ca/uploads/product_images/6050aaaa.jpg
A-Class,6050,6050 — 3-Pc Set,Living Room,Sofas,1350.00,4252.00,2902.00,No,https://www.aclassfurniture.ca/uploads/product_images/6050aaaa.jpg
A-Class,6050,6050 — Sofa,Living Room,Sofas,540.00,1701.00,1161.00,No,https://www.aclassfurniture.ca/uploads/product_images/6050aaaa.jpg
A-Class,6070,6070,Living Room,Sofas,520.00,1638.00,1118.00,Yes,https://www.aclassfurniture.ca/uploads/product_images/6070aaaa.jpg
A-Class,6070,6070 — 3-Pc Set,Living Room,Sofas,1300.00,4095.00,2795.00,No,https://www.aclassfurniture.ca/uploads/product_images/6070aaaa.jpg
A-Class,6070,6070 — Sofa,Living Room,Sofas,520.00,1638.00,1118.00,No,https://www.aclassfurniture.ca/uploads/product_images/6070aaaa.jpg
A-Class,6100,6100,Living Room,Sofas,520.00,1638.00,1118.00,Yes,https://www.aclassfurniture.ca/uploads/product_images/sso32.jpg
A-Class,6100,6100 — 3-Pc Set,Living Room,Sofas,1300.00,4095.00,2795.00,No,https://www.aclassfurniture.ca/uploads/product_images/sso32.jpg
A-Class,6100,6100 — Sofa,Living Room,Sofas,520.00,1638.00,1118.00,No,https://www.aclassfurniture.ca/uploads/product_images/sso32.jpg
A-Class,6150,6150,Living Room,Sofas,520.00,1638.00,1118.00,Yes,https://www.aclassfurniture.ca/uploads/product_images/sso42.jpg
A-Class,6150,6150 — 3-Pc Set,Living Room,Sofas,1300.00,4095.00,2795.00,No,https://www.aclassfurniture.ca/uploads/product_images/sso42.jpg
A-Class,6150,6150 — Sofa,Living Room,Sofas,520.00,1638.00,1118.00,No,https://www.aclassfurniture.ca/uploads/product_images/sso42.jpg
A-Class,7100,7100,Living Room,Sofas,620.00,1953.00,1333.00,Yes,https://www.aclassfurniture.ca/uploads/product_images/7100aaaa.jpg
A-Class,7100,7100 — 3-Pc Set,Living Room,Sofas,1550.00,4882.00,3332.00,No,https://www.aclassfurniture.ca/uploads/product_images/7100aaaa.jpg
A-Class,7100,7100 — Sofa,Living Room,Sofas,620.00,1953.00,1333.00,No,https://www.aclassfurniture.ca/uploads/product_images/7100aaaa.jpg
A-Class,7110,7110,Living Room,Sofas,620.00,1953.00,1333.00,Yes,https://www.aclassfurniture.ca/uploads/product_images/7110aaaa.jpg
A-Class,7110,7110 — 3-Pc Set,Living Room,Sofas,1550.00,4882.00,3332.00,No,https://www.aclassfurniture.ca/uploads/product_images/7110aaaa.jpg
A-Class,7110,7110 — Sofa,Living Room,Sofas,620.00,1953.00,1333.00,No,https://www.aclassfurniture.ca/uploads/product_images/7110aaaa.jpg
Matrix,B2011,Aria Chest Beige,Bedroom,Chests,299.00,942.00,643.00,Yes,https://demo-oasis-six.vercel.app/assets/cutouts/67df0197cf5b6c7c.webp
Matrix,B2011,Aria Dresser Beige,Bedroom,Dressers,379.00,1194.00,815.00,Yes,https://demo-oasis-six.vercel.app/assets/cutouts/659b0b942e86eecb.webp
Matrix,B2011,Aria Dresser mirror set Beige,Bedroom,Dressers,379.00,1194.00,815.00,Yes,https://demo-oasis-six.vercel.app/assets/cutouts/f261d7c6061ef5a7.webp
Matrix,B2011,Aria King bed Beige,Bedroom,Beds,699.00,2202.00,1503.00,Yes,https://matrixfurnituregroup.ca/uploads/thumbs/1775834815_e54a124d870fc9761670.jpg
Matrix,B2011,Aria Nightstand Beige,Bedroom,Nightstands,149.00,469.00,320.00,Yes,https://demo-oasis-six.vercel.app/assets/cutouts/ea10dc92a2d97e78.webp
Matrix,B2011,Aria Quee bed Beige,Bedroom,Beds,599.00,1887.00,1288.00,Yes,https://matrixfurnituregroup.ca/uploads/thumbs/1775834845_84390ae4bfb7d0288cc4.jpg
Matrix,2011,Aria — Nightstand,Bedroom,Nightstands,149.00,469.00,320.00,No,https://demo-oasis-six.vercel.app/assets/cutouts/ea10dc92a2d97e78.webp
Matrix,B2011,Aria — Queen Set,Bedroom,Bedroom Sets,1499.00,4722.00,3223.00,Yes,https://matrixfurnituregroup.ca/uploads/thumbs/1761678954_c0c2fcc37e8371c515cb.jpg
Matrix,B852,Austin Dresser mirror set Dark walnut,Bedroom,Dressers,399.00,1257.00,858.00,Yes,https://matrixfurnituregroup.ca/uploads/thumbs/1760023148_b53ec9de507d8e41675a.jpg
Matrix,B852,Austin King bed Dark walnut,Bedroom,Beds,899.00,2832.00,1933.00,Yes,https://matrixfurnituregroup.ca/uploads/thumbs/1745438331_ebfdabbff0f45e9af0f4.jpg
Matrix,B852,Austin King storage bed Walnut,Bedroom,Beds,799.00,2517.00,1718.00,Yes,https://matrixfurnituregroup.ca/uploads/thumbs/1781109348_98efe3c92836a4ffdbfd.png
Matrix,B852,Austin Queen bed Dark walnut,Bedroom,Beds,799.00,2517.00,1718.00,Yes,https://matrixfurnituregroup.ca/uploads/thumbs/1745438344_e99acc056009a00e1118.jpg
Matrix,B852,Austin — Queen Set,Bedroom,Bedroom Sets,1899.00,5982.00,4083.00,Yes,https://matrixfurnituregroup.ca/uploads/thumbs/1744386049_e3127f4f43e108217f4f.jpg
Matrix,B853,Baltimore,Bedroom,Beds,1799.00,5667.00,3868.00,Yes,https://demo-oasis-six.vercel.app/assets/cutouts/07e1d5649578ba00.webp
Matrix,B851,Baltimore Chest Dark grey,Bedroom,Chests,319.00,1005.00,686.00,Yes,https://matrixfurnituregroup.ca/uploads/thumbs/1745438214_9aa4f2e7a6cddbfc1feb.jpg
Matrix,B853,Baltimore Chest Dark grey,Bedroom,Chests,319.00,1005.00,686.00,Yes,https://matrixfurnituregroup.ca/uploads/thumbs/1780065082_1d4fd9cc6a95b23a83cc.jpg
Matrix,B851,Baltimore Chest Dark walnut,Bedroom,Chests,319.00,1005.00,686.00,Yes,https://matrixfurnituregroup.ca/uploads/thumbs/1745438035_2817f151164d2cb2e40c.jpg
Matrix,B853,Baltimore Chest Dark walnut,Bedroom,Chests,319.00,1005.00,686.00,Yes,https://matrixfurnituregroup.ca/uploads/thumbs/1780064751_6fb7669a163b1d9c69c9.jpg
Matrix,B851,Baltimore Dresser Dark Grey,Bedroom,Dressers,399.00,1257.00,858.00,Yes,https://matrixfurnituregroup.ca/uploads/items/1776876802_1c5d3b4af0b837e39d3c.jpg
Matrix,B853,Baltimore Dresser Dark Grey,Bedroom,Dressers,399.00,1257.00,858.00,Yes,https://matrixfurnituregroup.ca/uploads/items/1780064300_c3e6f695765b559dfd9b.jpg
Matrix,B851,Baltimore Dresser Dark Walnut,Bedroom,Dressers,399.00,1257.00,858.00,Yes,https://matrixfurnituregroup.ca/uploads/items/1776876777_17eab31eb252a794b1e6.jpg
Matrix,B853,Baltimore Dresser Dark Walnut,Bedroom,Dressers,399.00,1257.00,858.00,Yes,https://matrixfurnituregroup.ca/uploads/items/1780063881_e5c3cda01874d7006896.jpg
Matrix,B851,Baltimore Dresser mirror set Dark grey,Bedroom,Dressers,399.00,1257.00,858.00,Yes,https://matrixfurnituregroup.ca/uploads/thumbs/1745438283_b97f15235d51b3a798cf.jpg
Matrix,B851,Baltimore Dresser mirror set Dark walnut,Bedroom,Dressers,399.00,1257.00,858.00,Yes,https://matrixfurnituregroup.ca/uploads/thumbs/1745438172_3fc651da3c4b2d8efc16.jpg
Matrix,B853,Baltimore Dresser mirror set Walnut,Bedroom,Dressers,399.00,1257.00,858.00,Yes,https://matrixfurnituregroup.ca/uploads/thumbs/1780071154_d427bab193ed0695d046.jpg
Matrix,B851,Baltimore King bed Dark grey,Bedroom,Beds,859.00,2706.00,1847.00,Yes,https://matrixfurnituregroup.ca/uploads/thumbs/1745438253_a44a7862adfbe1c6a6b8.jpg
Matrix,B851,Baltimore King bed Dark walnut,Bedroom,Beds,859.00,2706.00,1847.00,Yes,https://matrixfurnituregroup.ca/uploads/thumbs/1745438128_aef754027d6cb8340800.jpg
Matrix,B853,Baltimore King bed Grey,Bedroom,Beds,859.00,2706.00,1847.00,Yes,https://matrixfurnituregroup.ca/uploads/thumbs/1780070367_aafb6e366a68482d95ba.jpg
Matrix,B853,Baltimore King bed Walnut,Bedroom,Beds,859.00,2706.00,1847.00,Yes,https://matrixfurnituregroup.ca/uploads/thumbs/1780070463_5e2593692ea70e2187a5.png
Matrix,B851,Baltimore Nightstand Dark grey,Bedroom,Nightstands,159.00,501.00,342.00,Yes,https://matrixfurnituregroup.ca/uploads/thumbs/1745438234_451d55e14bb40568848e.jpg
Matrix,B853,Baltimore Nightstand Dark grey,Bedroom,Nightstands,159.00,501.00,342.00,Yes,https://matrixfurnituregroup.ca/uploads/thumbs/1780065308_8f7c3a68a4ba10d41b78.jpg
Matrix,B851,Baltimore Nightstand Dark walnut,Bedroom,Nightstands,159.00,501.00,342.00,Yes,https://matrixfurnituregroup.ca/uploads/thumbs/1745438082_8f9137f366d938802a02.jpg
Matrix,B853,Baltimore Nightstand Dark walnut,Bedroom,Nightstands,159.00,501.00,342.00,Yes,https://matrixfurnituregroup.ca/uploads/thumbs/1780064888_1812c861588346f68edf.jpg
Matrix,B851,Baltimore Queen bed Dark grey,Bedroom,Beds,759.00,2391.00,1632.00,Yes,https://matrixfurnituregroup.ca/uploads/thumbs/1745438269_ef8319097adf7e436c24.jpg
Matrix,B851,Baltimore Queen bed Dark walnut,Bedroom,Beds,759.00,2391.00,1632.00,Yes,https://matrixfurnituregroup.ca/uploads/thumbs/1745438146_2c99c97ab7d4bb71827f.jpg
Matrix,B853,Baltimore Queen bed Grey,Bedroom,Beds,759.00,2391.00,1632.00,Yes,https://matrixfurnituregroup.ca/uploads/thumbs/1780070784_5f62594fd1009f2c232e.jpg
Matrix,B853,Baltimore Queen bed Walnut,Bedroom,Beds,759.00,2391.00,1632.00,Yes,https://matrixfurnituregroup.ca/uploads/thumbs/1780070622_4aa13640783e67e8b0ee.png
Matrix,B853,Baltimore dresser mirror set Grey,Bedroom,Dressers,399.00,1257.00,858.00,Yes,https://matrixfurnituregroup.ca/uploads/thumbs/1780071422_713111017648c7dc66d2.jpg
Matrix,851,Baltimore — Nightstand,Bedroom,Nightstands,159.00,501.00,342.00,No,https://matrixfurnituregroup.ca/uploads/thumbs/1745438234_451d55e14bb40568848e.jpg
Matrix,B851,Baltimore — Queen Set,Bedroom,Bedroom Sets,1799.00,5667.00,3868.00,Yes,https://matrixfurnituregroup.ca/uploads/thumbs/1744386437_a55eeb7a7460cc4b0c00.jpg
Matrix,B2251,Berlin Chest Grey,Bedroom,Chests,499.00,1572.00,1073.00,Yes,https://demo-oasis-six.vercel.app/assets/cutouts/6c1843b70aef29e1.webp
Matrix,B2251,Berlin Dresser Grey,Bedroom,Dressers,619.00,1950.00,1331.00,Yes,https://demo-oasis-six.vercel.app/assets/cutouts/3d721fdfa7ff5011.webp
Matrix,B2251,Berlin Dresser mirror set Grey,Bedroom,Dressers,619.00,1950.00,1331.00,Yes,https://demo-oasis-six.vercel.app/assets/cutouts/22c329ecc3da2211.webp
Matrix,B2251,Berlin King bed Grey,Bedroom,Beds,1099.00,3462.00,2363.00,Yes,https://demo-oasis-six.vercel.app/assets/cutouts/fb02f8322595a24d.webp
Matrix,B2251,Berlin Nightstand Grey,Bedroom,Nightstands,249.00,784.00,535.00,Yes,https://demo-oasis-six.vercel.app/assets/cutouts/3b39cc178a5891eb.webp
Matrix,B2251,Berlin Queen bed Grey,Bedroom,Beds,999.00,3147.00,2148.00,Yes,https://demo-oasis-six.vercel.app/assets/cutouts/47206aa685a445fd.webp
Matrix,2251,Berlin — Nightstand,Bedroom,Nightstands,249.00,784.00,535.00,No,https://demo-oasis-six.vercel.app/assets/cutouts/3b39cc178a5891eb.webp
Matrix,B2251,Berlin — Queen Set,Bedroom,Bedroom Sets,2499.00,7872.00,5373.00,Yes,https://demo-oasis-six.vercel.app/assets/cutouts/99af9ee521aef1f8.webp
Matrix,B1901,Blayne Dresser mirror set Grey angly White,Bedroom,Dressers,629.00,1981.00,1352.00,Yes,https://matrixfurnituregroup.ca/uploads/thumbs/1744327128_e4932fd50c3bf9728df3.jpg
Matrix,B1901,Blayne King bed Grey angly White,Bedroom,Beds,1099.00,3462.00,2363.00,Yes,https://demo-oasis-six.vercel.app/assets/cutouts/93a533934ad38add.webp
Matrix,B1901,Blayne Queen bed Grey angly White,Bedroom,Beds,999.00,3147.00,2148.00,Yes,https://demo-oasis-six.vercel.app/assets/cutouts/23101fbbd014fead.webp
Matrix,B1901,Blayne — Queen Set,Bedroom,Bedroom Sets,2499.00,7872.00,5373.00,Yes,https://matrixfurnituregroup.ca/uploads/thumbs/1744326993_52070c3fede7bea549f2.jpg
Matrix,B1781,Bristal Chest Beige,Bedroom,Chests,399.00,1257.00,858.00,Yes,https://demo-oasis-six.vercel.app/assets/cutouts/4f1c14dc6d9dbfad.webp
Matrix,B1781,Bristal Dresser Beige,Bedroom,Dressers,499.00,1572.00,1073.00,Yes,https://demo-oasis-six.vercel.app/assets/cutouts/833514d8adbd0574.webp
Matrix,B1781,Bristal Dresser mirror set Beige,Bedroom,Dressers,499.00,1572.00,1073.00,Yes,https://demo-oasis-six.vercel.app/assets/cutouts/d15554bc463d1f73.webp
Matrix,B1781,Bristal King bed Beige,Bedroom,Beds,899.00,2832.00,1933.00,Yes,https://matrixfurnituregroup.ca/uploads/thumbs/1745438578_a2e2fa6f46a08e636d19.jpg
Matrix,B1781,Bristal Nightstand Beige,Bedroom,Nightstands,199.00,627.00,428.00,Yes,https://demo-oasis-six.vercel.app/assets/cutouts/85b533cfe72f31e9.webp
Matrix,B1781,Bristal Queen bed Beige,Bedroom,Beds,799.00,2517.00,1718.00,Yes,https://matrixfurnituregroup.ca/uploads/thumbs/1745438592_1a259147af0faa802eae.jpg
Matrix,1781,Bristal — Nightstand,Bedroom,Nightstands,199.00,627.00,428.00,No,https://demo-oasis-six.vercel.app/assets/cutouts/85b533cfe72f31e9.webp
Matrix,B1781,Bristal — Queen Set,Bedroom,Bedroom Sets,1999.00,6297.00,4298.00,Yes,https://demo-oasis-six.vercel.app/assets/cutouts/5dadd7b1e16d31fd.webp
Matrix,B2031,Bronco Chest Grey,Bedroom,Chests,339.00,1068.00,729.00,Yes,https://demo-oasis-six.vercel.app/assets/cutouts/87238069f156d5a4.webp
Matrix,B2031,Bronco Dresser Grey,Bedroom,Dressers,429.00,1351.00,922.00,Yes,https://demo-oasis-six.vercel.app/assets/cutouts/3cf32120d693c537.webp
Matrix,B2031,Bronco Dresser mirror set Grey,Bedroom,Dressers,429.00,1351.00,922.00,Yes,https://demo-oasis-six.vercel.app/assets/cutouts/62653d1a82980a3a.webp
Matrix,B2031,Bronco Full bed Grey,Bedroom,Beds,679.00,2139.00,1460.00,Yes,https://matrixfurnituregroup.ca/uploads/thumbs/1776715060_e41e124edf20200bd42b.jpg
Matrix,B2031,Bronco King bed Grey,Bedroom,Beds,779.00,2454.00,1675.00,Yes,https://matrixfurnituregroup.ca/uploads/thumbs/1776715013_adf989572a9a4aa424fe.jpg
Matrix,B2031,Bronco Nightstand Grey,Bedroom,Nightstands,169.00,532.00,363.00,Yes,https://demo-oasis-six.vercel.app/assets/cutouts/b03857c8b773b7cf.webp
Matrix,B2031,Bronco Queen bed Grey,Bedroom,Beds,679.00,2139.00,1460.00,Yes,https://matrixfurnituregroup.ca/uploads/thumbs/1776715113_0b550ec123bff2b1de07.jpg
Matrix,2031,Bronco — Nightstand,Bedroom,Nightstands,169.00,532.00,363.00,No,https://demo-oasis-six.vercel.app/assets/cutouts/b03857c8b773b7cf.webp
Matrix,B2031,Bronco — Queen Set,Bedroom,Bedroom Sets,1699.00,5352.00,3653.00,Yes,https://demo-oasis-six.vercel.app/assets/cutouts/0f73a6ecae3b4662.webp
Matrix,B1161,Brooklyn Chest Gun metal,Bedroom,Chests,219.00,690.00,471.00,Yes,https://matrixfurnituregroup.ca/uploads/thumbs/1776279272_9dd4e78c9d0a420c0353.jpg
Matrix,B1161,Brooklyn Chest White,Bedroom,Chests,219.00,690.00,471.00,Yes,https://matrixfurnituregroup.ca/uploads/thumbs/1759438098_16c8e2d23be3ecc21f90.jpg
Matrix,B1161,Brooklyn Dresser Gun Metal,Bedroom,Dressers,269.00,847.00,578.00,Yes,https://matrixfurnituregroup.ca/uploads/items/1776279135_dbc5037e32b563c2f079.jpg
Matrix,B1161,Brooklyn Dresser White,Bedroom,Dressers,269.00,847.00,578.00,Yes,https://matrixfurnituregroup.ca/uploads/items/1759438330_53001ccf9f72b99c41a5.jpg
Matrix,B1161,Brooklyn Dresser mirror set Gun metal,Bedroom,Dressers,269.00,847.00,578.00,Yes,https://matrixfurnituregroup.ca/uploads/thumbs/1745529028_7cd937919a507c303cc6.jpg
Matrix,B1161,Brooklyn Dresser mirror set White,Bedroom,Dressers,269.00,847.00,578.00,Yes,https://matrixfurnituregroup.ca/uploads/thumbs/1759438356_1f19738f2ba56e128034.jpg
Matrix,B1161,Brooklyn Full bed Gun metal,Bedroom,Beds,379.00,1194.00,815.00,Yes,https://matrixfurnituregroup.ca/uploads/thumbs/1745344461_296c7896803844e3b833.jpg
Matrix,B1161,Brooklyn Nightstand Gun metal,Bedroom,Nightstands,109.00,343.00,234.00,Yes,https://matrixfurnituregroup.ca/uploads/thumbs/1745344375_63635cc4143f1a09d39e.jpg
Matrix,B1161,Brooklyn Nightstand White,Bedroom,Nightstands,109.00,343.00,234.00,Yes,https://matrixfurnituregroup.ca/uploads/thumbs/1759438005_49cd7a4db63141eaf7d7.jpg
Matrix,B1161,Brooklyn Queen bed Gun metal,Bedroom,Beds,379.00,1194.00,815.00,Yes,https://matrixfurnituregroup.ca/uploads/thumbs/1759352937_96b82a10cc83d8086ad3.jpg
Matrix,B1161,Brooklyn Queen bed White,Bedroom,Beds,379.00,1194.00,815.00,Yes,https://matrixfurnituregroup.ca/uploads/thumbs/1759438312_bfd3c439052bca1a3e77.jpg
Matrix,B1161,Brooklyn Twin bed Gun metal,Bedroom,Beds,379.00,1194.00,815.00,Yes,https://matrixfurnituregroup.ca/uploads/thumbs/1759352979_a751c3df11e3a9343394.jpg
Matrix,B1161,Brooklyn Twin bed White,Bedroom,Beds,379.00,1194.00,815.00,Yes,https://matrixfurnituregroup.ca/uploads/thumbs/1771355863_0749c6f8296b6c804d8c.jpg
Matrix,1161,Brooklyn — Nightstand,Bedroom,Nightstands,109.00,343.00,234.00,No,https://matrixfurnituregroup.ca/uploads/thumbs/1745344375_63635cc4143f1a09d39e.jpg
Matrix,B1161,Brooklyn — Queen Set,Bedroom,Bedroom Sets,1099.00,3462.00,2363.00,Yes,https://matrixfurnituregroup.ca/uploads/thumbs/1744386847_1cb39c0e9910261f5155.jpg
Matrix,B1681,Chole Chest Grey angly,Bedroom,Chests,479.00,1509.00,1030.00,Yes,https://demo-oasis-six.vercel.app/assets/cutouts/bee763af6ecf69eb.webp
Matrix,B1681,Chole Dresser Grey Angly,Bedroom,Dressers,599.00,1887.00,1288.00,Yes,https://matrixfurnituregroup.ca/uploads/items/1776438142_4e74f68e100692ca3bd4.jpg
Matrix,B1681,Chole Dresser mirror set Grey angly,Bedroom,Dressers,599.00,1887.00,1288.00,Yes,https://demo-oasis-six.vercel.app/assets/cutouts/2910888ac83afdd4.webp
Matrix,B1681,Chole King bed Grey angly,Bedroom,Beds,1059.00,3336.00,2277.00,Yes,https://demo-oasis-six.vercel.app/assets/cutouts/4b513b8dfc5e07d4.webp
Matrix,B1681,Chole King bed with wings Grey angly,Bedroom,Beds,1059.00,3336.00,2277.00,Yes,https://demo-oasis-six.vercel.app/assets/cutouts/2cc21612fc3627b6.webp
Matrix,B1681,Chole Nightstand Grey angly,Bedroom,Nightstands,239.00,753.00,514.00,Yes,https://demo-oasis-six.vercel.app/assets/cutouts/ea470fd8d925dedf.webp
Matrix,B1681,Chole Queen bed Grey angly,Bedroom,Beds,959.00,3021.00,2062.00,Yes,https://demo-oasis-six.vercel.app/assets/cutouts/180974332563fdac.webp
Matrix,B1681,Chole Queen bed with wings Grey angly,Bedroom,Beds,959.00,3021.00,2062.00,Yes,https://demo-oasis-six.vercel.app/assets/cutouts/06de9b5663565352.webp
Matrix,1681,Chole — Nightstand,Bedroom,Nightstands,239.00,753.00,514.00,No,https://demo-oasis-six.vercel.app/assets/cutouts/ea470fd8d925dedf.webp
Matrix,B1681,Chole — Queen Set,Bedroom,Bedroom Sets,2399.00,7557.00,5158.00,Yes,https://demo-oasis-six.vercel.app/assets/cutouts/0110f0f3d5a102ad.webp
Matrix,B1391,Crystal Chest Black,Bedroom,Chests,419.00,1320.00,901.00,Yes,https://matrixfurnituregroup.ca/uploads/thumbs/1776282705_808c02b0062506983f65.jpg
Matrix,B1391,Crystal Chest White,Bedroom,Chests,419.00,1320.00,901.00,Yes,https://matrixfurnituregroup.ca/uploads/thumbs/1745350383_9cd2afa1d2e565afe90c.jpg
Matrix,B1391,Crystal Dresser Black,Bedroom,Dressers,529.00,1666.00,1137.00,Yes,https://matrixfurnituregroup.ca/uploads/items/1776282750_1f8dc6a537fd83694e4d.jpg
Matrix,B1391,Crystal Dresser White,Bedroom,Dressers,529.00,1666.00,1137.00,Yes,https://matrixfurnituregroup.ca/uploads/items/1776282981_db04de077cf4492d0067.jpg
Matrix,B1391,Crystal Dresser mirror set Black,Bedroom,Dressers,529.00,1666.00,1137.00,Yes,https://matrixfurnituregroup.ca/uploads/thumbs/1760022713_c3a4612eb9bc506357f8.jpg
Matrix,B1391,Crystal Dresser mirror set White,Bedroom,Dressers,529.00,1666.00,1137.00,Yes,https://matrixfurnituregroup.ca/uploads/thumbs/1745350760_d0c7eb552f24e126aa70.jpg
Matrix,B1391,Crystal King bed Black,Bedroom,Beds,939.00,2958.00,2019.00,Yes,https://matrixfurnituregroup.ca/uploads/thumbs/1759427800_ac96b70cd4842c73c28e.jpg
Matrix,B1391,Crystal King bed White,Bedroom,Beds,939.00,2958.00,2019.00,Yes,https://matrixfurnituregroup.ca/uploads/thumbs/1745350601_cfb54e42a511d390b4c2.jpg
Matrix,B1391,Crystal Nightstand Black,Bedroom,Nightstands,209.00,658.00,449.00,Yes,https://matrixfurnituregroup.ca/uploads/thumbs/1760020020_8a77b9011b1e9bbf9b7f.jpg
Matrix,B1391,Crystal Nightstand White,Bedroom,Nightstands,209.00,658.00,449.00,Yes,https://matrixfurnituregroup.ca/uploads/thumbs/1745350466_6531323d351ef1d1075c.jpg
Matrix,B1391,Crystal Queen bed Black,Bedroom,Beds,839.00,2643.00,1804.00,Yes,https://matrixfurnituregroup.ca/uploads/thumbs/1759427767_ccbfbae86687d3c2c888.jpg
Matrix,B1391,Crystal Queen bed White,Bedroom,Beds,839.00,2643.00,1804.00,Yes,https://matrixfurnituregroup.ca/uploads/thumbs/1745350642_af90ad2cd3a05a522b3a.jpg
Matrix,1391,Crystal — Nightstand,Bedroom,Nightstands,209.00,658.00,449.00,No,https://matrixfurnituregroup.ca/uploads/thumbs/1760020020_8a77b9011b1e9bbf9b7f.jpg
Matrix,B1391,Crystal — Queen Set,Bedroom,Bedroom Sets,2099.00,6612.00,4513.00,Yes,https://matrixfurnituregroup.ca/uploads/thumbs/1744387103_cd6559e5943a095bcc40.jpg
Matrix,B1071,Cypress Chest Black,Bedroom,Chests,419.00,1320.00,901.00,Yes,https://matrixfurnituregroup.ca/uploads/thumbs/1744660606_50a8766b42177b2b9fd1.jpg
Matrix,B1071,Cypress Chest White,Bedroom,Chests,419.00,1320.00,901.00,Yes,https://matrixfurnituregroup.ca/uploads/thumbs/1745338440_6440f1c7a2d4526a391b.webp
Matrix,B1071,Cypress Dresser Black,Bedroom,Dressers,529.00,1666.00,1137.00,Yes,https://matrixfurnituregroup.ca/uploads/items/1776278127_a5b58dd82bd46a1079a8.jpg
Matrix,B1071,Cypress Dresser White,Bedroom,Dressers,529.00,1666.00,1137.00,Yes,https://matrixfurnituregroup.ca/uploads/items/1776278059_fa88ef3d6485ad29b082.jpg
Matrix,B1071,Cypress Dresser mirror set Black,Bedroom,Dressers,529.00,1666.00,1137.00,Yes,https://matrixfurnituregroup.ca/uploads/thumbs/1745338504_8e5184fe90df24439c6a.jpg
Matrix,B1071,Cypress Dresser mirror set White,Bedroom,Dressers,529.00,1666.00,1137.00,Yes,https://matrixfurnituregroup.ca/uploads/thumbs/1776884328_d9c92786dfbe2ee3cce7.jpg
Matrix,B1071,Cypress King bed Black,Bedroom,Beds,939.00,2958.00,2019.00,Yes,https://matrixfurnituregroup.ca/uploads/thumbs/1744660030_5f09c8bc102c178c7ccf.jpg
Matrix,B1071,Cypress King bed White,Bedroom,Beds,939.00,2958.00,2019.00,Yes,https://matrixfurnituregroup.ca/uploads/thumbs/1745338181_73d4200ca27d685e5a54.webp
Matrix,B1071,Cypress Nightstand Black,Bedroom,Nightstands,209.00,658.00,449.00,Yes,https://matrixfurnituregroup.ca/uploads/thumbs/1745337979_1be148726c1de6f958f1.webp
Matrix,B1071,Cypress Nightstand White,Bedroom,Nightstands,209.00,658.00,449.00,Yes,https://matrixfurnituregroup.ca/uploads/thumbs/1745337850_4ade077dfac26befa3b7.webp
Matrix,B1071,Cypress Queen bed Black,Bedroom,Beds,839.00,2643.00,1804.00,Yes,https://matrixfurnituregroup.ca/uploads/thumbs/1744660234_f0e3f64391e071e1c1b4.jpg
Matrix,B1071,Cypress Queen bed White,Bedroom,Beds,839.00,2643.00,1804.00,Yes,https://matrixfurnituregroup.ca/uploads/thumbs/1745338164_a2bb821dd5de49e9bf70.webp
Matrix,1071,Cypress — Nightstand,Bedroom,Nightstands,209.00,658.00,449.00,No,https://matrixfurnituregroup.ca/uploads/thumbs/1745337979_1be148726c1de6f958f1.webp
Matrix,B1071,Cypress — Queen Set,Bedroom,Bedroom Sets,2099.00,6612.00,4513.00,Yes,https://demo-oasis-six.vercel.app/assets/cutouts/a3875d4f2ca1a86d.webp
Matrix,B1551,Daisy Dresser Taupe,Bedroom,Dressers,479.00,1509.00,1030.00,Yes,
Matrix,B1571,Denver Chest Light grey,Bedroom,Chests,219.00,690.00,471.00,Yes,https://matrixfurnituregroup.ca/uploads/thumbs/1745420876_6a7cfd880a8d7c5ba099.jpg
Matrix,B1571,Denver Dresser Light Grey,Bedroom,Dressers,279.00,879.00,600.00,Yes,https://matrixfurnituregroup.ca/uploads/items/1776435656_717501f30509f852145c.jpg
Matrix,B1571,Denver Dresser mirror set Light grey,Bedroom,Dressers,279.00,879.00,600.00,Yes,https://matrixfurnituregroup.ca/uploads/thumbs/1745421377_4ad93b1db8afdc3c7c20.jpg
Matrix,B1571,Denver Full bed Light grey,Bedroom,Beds,379.00,1194.00,815.00,Yes,https://matrixfurnituregroup.ca/uploads/thumbs/1745421064_eb2098ced3952bda2efc.jpg
Matrix,B1571,Denver Nightstand Light grey,Bedroom,Nightstands,109.00,343.00,234.00,Yes,https://matrixfurnituregroup.ca/uploads/thumbs/1745420973_ba00ad68fb0939e7dd8f.jpg
Matrix,B1571,Denver Queen bed Light grey,Bedroom,Beds,379.00,1194.00,815.00,Yes,https://matrixfurnituregroup.ca/uploads/thumbs/1745421314_48aef97d736334772525.jpg
Matrix,B1571,Denver Twin bed Light grey,Bedroom,Beds,379.00,1194.00,815.00,Yes,https://matrixfurnituregroup.ca/uploads/thumbs/1759427867_8545476a16a7efe36b96.jpg
Matrix,1571,Denver — Nightstand,Bedroom,Nightstands,109.00,343.00,234.00,No,https://matrixfurnituregroup.ca/uploads/thumbs/1745420973_ba00ad68fb0939e7dd8f.jpg
Matrix,B1571,Denver — Queen Set,Bedroom,Bedroom Sets,1099.00,3462.00,2363.00,Yes,https://demo-oasis-six.vercel.app/assets/cutouts/45477b2f699d12db.webp
Matrix,B1171,Destiny Dresser Silver,Bedroom,Dressers,429.00,1351.00,922.00,Yes,https://matrixfurnituregroup.ca/uploads/items/1776279616_e1378f73ff3af15a5e57.jpg
Matrix,B1171,Destiny Dresser mirror set Silver,Bedroom,Dressers,429.00,1351.00,922.00,Yes,https://matrixfurnituregroup.ca/uploads/thumbs/1745345603_bfad7563a6ec991da898.jpg
Matrix,B1171,Destiny King bed Silver,Bedroom,Beds,679.00,2139.00,1460.00,Yes,https://matrixfurnituregroup.ca/uploads/thumbs/1745345390_797540613dd6330d5fd7.jpg
Matrix,B1171,Destiny Nightstand Silver,Bedroom,Nightstands,169.00,532.00,363.00,Yes,https://matrixfurnituregroup.ca/uploads/thumbs/1745345341_459f3a81babc761fd80e.jpg
Matrix,B1171,Destiny Queen bed Silver,Bedroom,Beds,679.00,2139.00,1460.00,Yes,https://matrixfurnituregroup.ca/uploads/thumbs/1745345469_e6a66e7b901b1b93f761.jpg
Matrix,1171,Destiny — Nightstand,Bedroom,Nightstands,169.00,532.00,363.00,No,https://matrixfurnituregroup.ca/uploads/thumbs/1745345341_459f3a81babc761fd80e.jpg
Matrix,B1171,Destiny — Queen Set,Bedroom,Bedroom Sets,1699.00,5352.00,3653.00,Yes,https://matrixfurnituregroup.ca/uploads/thumbs/1744387615_6eb4c28e893962878a45.jpg
Matrix,B1961,Disco Chest Grey,Bedroom,Chests,459.00,1446.00,987.00,Yes,https://demo-oasis-six.vercel.app/assets/cutouts/4436be617e25158a.webp
Matrix,B1961,Disco Dresser Grey,Bedroom,Dressers,569.00,1792.00,1223.00,Yes,https://demo-oasis-six.vercel.app/assets/cutouts/15e1b1e894ad1ad4.webp
Matrix,B1961,Disco Nightstand Grey,Bedroom,Nightstands,229.00,721.00,492.00,Yes,https://demo-oasis-six.vercel.app/assets/cutouts/7b59532e44a1cb55.webp
Matrix,1961,Disco — Nightstand,Bedroom,Nightstands,229.00,721.00,492.00,No,https://demo-oasis-six.vercel.app/assets/cutouts/7b59532e44a1cb55.webp
Matrix,B1961,Disco — Queen Set,Bedroom,Bedroom Sets,2299.00,7242.00,4943.00,Yes,https://demo-oasis-six.vercel.app/assets/cutouts/e372a4f759890fc7.webp
Matrix,B1941,Elara Chest Grey,Bedroom,Chests,299.00,942.00,643.00,Yes,https://matrixfurnituregroup.ca/uploads/thumbs/1776701478_f8f0fdab4e32326ae688.jpg
Matrix,B1941,Elara Dresser Grey,Bedroom,Dressers,379.00,1194.00,815.00,Yes,https://matrixfurnituregroup.ca/uploads/items/1776701602_dea668f7b36af0f9bfd4.jpg
Matrix,B1941,Elara Nightstand Grey,Bedroom,Nightstands,149.00,469.00,320.00,Yes,https://matrixfurnituregroup.ca/uploads/thumbs/1776701496_4254d5fc6799cb398617.jpg
Matrix,B1941,Elara Queen bed Grey,Bedroom,Beds,599.00,1887.00,1288.00,Yes,https://matrixfurnituregroup.ca/uploads/thumbs/1776701571_a2a697faaac2c1c6fc9a.jpg
Matrix,B1941,Elara dresser mirror set Grey,Bedroom,Dressers,379.00,1194.00,815.00,Yes,https://matrixfurnituregroup.ca/uploads/thumbs/1776701393_146e5b23dad510acbaa1.jpg
Matrix,1941,Elara — Nightstand,Bedroom,Nightstands,149.00,469.00,320.00,No,https://matrixfurnituregroup.ca/uploads/thumbs/1776701496_4254d5fc6799cb398617.jpg
Matrix,B1941,Elara — Queen Set,Bedroom,Bedroom Sets,1499.00,4722.00,3223.00,Yes,https://matrixfurnituregroup.ca/uploads/thumbs/1776701326_1d8c2cea4ea414a03a75.jpg
Matrix,B1471,Ember Chest Graphite,Bedroom,Chests,499.00,1572.00,1073.00,Yes,https://demo-oasis-six.vercel.app/assets/cutouts/8edec3dce11c26de.webp
Matrix,B1471,Ember Dresser Graphite,Bedroom,Dressers,619.00,1950.00,1331.00,Yes,https://demo-oasis-six.vercel.app/assets/cutouts/bfc70e390be17ec2.webp
Matrix,B1471,Ember Dresser mirror set Graphite,Bedroom,Dressers,619.00,1950.00,1331.00,Yes,https://demo-oasis-six.vercel.app/assets/cutouts/388d9e97e7e7e07f.webp
Matrix,B1471,Ember King bed Graphite,Bedroom,Beds,1099.00,3462.00,2363.00,Yes,https://demo-oasis-six.vercel.app/assets/cutouts/70ad8a9d742a3dc4.webp
Matrix,B1471,Ember Nightstand Graphite,Bedroom,Nightstands,249.00,784.00,535.00,Yes,https://demo-oasis-six.vercel.app/assets/cutouts/f71c644f46694df5.webp
Matrix,B1471,Ember Queen bed Graphite,Bedroom,Beds,999.00,3147.00,2148.00,Yes,https://demo-oasis-six.vercel.app/assets/cutouts/fa04ec4cf06b2fe9.webp
Matrix,1471,Ember — Nightstand,Bedroom,Nightstands,249.00,784.00,535.00,No,https://demo-oasis-six.vercel.app/assets/cutouts/f71c644f46694df5.webp
Matrix,B1471,Ember — Queen Set,Bedroom,Bedroom Sets,2499.00,7872.00,5373.00,Yes,https://demo-oasis-six.vercel.app/assets/cutouts/9359c06dc0fef6d4.webp
Matrix,B2191,Geneva Chest Riversend,Bedroom,Chests,559.00,1761.00,1202.00,Yes,https://matrixfurnituregroup.ca/uploads/thumbs/1771447118_1a168bbb4a9e3f6b4c34.jpg
Matrix,B2191,Geneva Dresser Riversend,Bedroom,Dressers,699.00,2202.00,1503.00,Yes,https://matrixfurnituregroup.ca/uploads/items/1766178672_429c8abf46aab687d39e.jpg
Matrix,B2191,Geneva Dresser mirror set Riversend,Bedroom,Dressers,699.00,2202.00,1503.00,Yes,https://matrixfurnituregroup.ca/uploads/thumbs/1766178895_a52d4c6799472f90ec63.jpg
Matrix,B2191,Geneva King bed Riversend,Bedroom,Beds,1219.00,3840.00,2621.00,Yes,https://matrixfurnituregroup.ca/uploads/thumbs/1766178813_3dfcfc6e9ab01fe02fd5.jpg
Matrix,B2191,Geneva Nightstand Riversend,Bedroom,Nightstands,279.00,879.00,600.00,Yes,https://matrixfurnituregroup.ca/uploads/thumbs/1766178778_e33eca8ab00b1e662c5f.jpg
Matrix,B2191,Geneva Queen bed Riversend,Bedroom,Beds,1119.00,3525.00,2406.00,Yes,https://matrixfurnituregroup.ca/uploads/thumbs/1771447154_e69fef38d5346475ec8d.jpg
Matrix,2191,Geneva — Nightstand,Bedroom,Nightstands,279.00,879.00,600.00,No,https://matrixfurnituregroup.ca/uploads/thumbs/1766178778_e33eca8ab00b1e662c5f.jpg
Matrix,B2191,Geneva — Queen Set,Bedroom,Bedroom Sets,2799.00,8817.00,6018.00,Yes,https://demo-oasis-six.vercel.app/assets/cutouts/6311acaa71930d57.webp
Matrix,B1801,Germani Chest Brown,Bedroom,Chests,459.00,1446.00,987.00,Yes,https://matrixfurnituregroup.ca/uploads/thumbs/1744324481_daae8e8f8f057fdf5449.jpg
Matrix,B1801,Germani Dresser Brown,Bedroom,Dressers,579.00,1824.00,1245.00,Yes,https://demo-oasis-six.vercel.app/assets/cutouts/8d09d76e131e7e80.webp
Matrix,B1801,Germani Dresser mirror set Brown,Bedroom,Dressers,579.00,1824.00,1245.00,Yes,https://matrixfurnituregroup.ca/uploads/thumbs/1744324686_5a7a63cfd903746a658e.jpg
Matrix,B1801,Germani King bed Brown,Bedroom,Beds,1019.00,3210.00,2191.00,Yes,https://matrixfurnituregroup.ca/uploads/thumbs/1744324515_072d01a0fa14ad2b007c.jpg
Matrix,B1801,Germani Nightstand Brown,Bedroom,Nightstands,229.00,721.00,492.00,Yes,https://matrixfurnituregroup.ca/uploads/thumbs/1744324494_c8275f3d879464cc47ac.jpg
Matrix,B1801,Germani Queen bed Brown,Bedroom,Beds,919.00,2895.00,1976.00,Yes,https://matrixfurnituregroup.ca/uploads/thumbs/1744324533_43b46cc1d74a8aace91f.jpg
Matrix,1801,Germani — Nightstand,Bedroom,Nightstands,229.00,721.00,492.00,No,https://matrixfurnituregroup.ca/uploads/thumbs/1744324494_c8275f3d879464cc47ac.jpg
Matrix,B1801,Germani — Queen Set,Bedroom,Bedroom Sets,2299.00,7242.00,4943.00,Yes,https://matrixfurnituregroup.ca/uploads/thumbs/1744324588_03a298151f7343edcabe.jpg
Matrix,B1141,Ginger Chest Gun metal,Bedroom,Chests,199.00,627.00,428.00,Yes,https://matrixfurnituregroup.ca/uploads/thumbs/1745339851_b7ffd4ef417379b540fc.jpg
Matrix,B1141,Ginger Chest White,Bedroom,Chests,199.00,627.00,428.00,Yes,https://matrixfurnituregroup.ca/uploads/thumbs/1745344817_4881b5627f6a11317fa6.jpg
Matrix,B1141,Ginger King bed Gun metal,Bedroom,Beds,899.00,2832.00,1933.00,Yes,https://matrixfurnituregroup.ca/uploads/thumbs/1745340002_0eb5cae95108181d7fba.jpg
Matrix,B1141,Ginger King bed White,Bedroom,Beds,899.00,2832.00,1933.00,Yes,https://matrixfurnituregroup.ca/uploads/thumbs/1745343806_bab2a91b1ded57286baa.jpg
Matrix,B1141,Ginger Nightstand Gun metal,Bedroom,Nightstands,799.00,2517.00,1718.00,Yes,https://matrixfurnituregroup.ca/uploads/thumbs/1745339954_892f8c78f0b7ddd48eda.jpg
Matrix,B1141,Ginger Nightstand White,Bedroom,Nightstands,799.00,2517.00,1718.00,Yes,https://matrixfurnituregroup.ca/uploads/thumbs/1745344858_6ed4192c96095fdb3445.jpg
Matrix,B1141,Ginger Queen bed Gun metal,Bedroom,Beds,799.00,2517.00,1718.00,Yes,https://matrixfurnituregroup.ca/uploads/thumbs/1745340021_af2a35057a1a8ceca229.jpg
Matrix,B1141,Ginger Queen bed White,Bedroom,Beds,799.00,2517.00,1718.00,Yes,https://matrixfurnituregroup.ca/uploads/thumbs/1745344170_6695f594818c36c4a344.jpg
Matrix,B1561,Grace Dresser mirror set Grey,Bedroom,Dressers,399.00,1257.00,858.00,Yes,https://matrixfurnituregroup.ca/uploads/thumbs/1745420592_c2db189426a2c4304ba7.jpg
Matrix,B423,Hazel King bed Black,Bedroom,Beds,699.00,2202.00,1503.00,Yes,https://matrixfurnituregroup.ca/uploads/thumbs/1759932645_d76948beec1e4a67abd4.jpg
Matrix,B2041,Highland Dresser mirror set White,Bedroom,Dressers,429.00,1351.00,922.00,Yes,https://demo-oasis-six.vercel.app/assets/cutouts/4ad1c4aa9605c3fb.webp
Matrix,B2041,Highland King bed Grey,Bedroom,Beds,779.00,2454.00,1675.00,Yes,https://demo-oasis-six.vercel.app/assets/cutouts/f91129f96b248158.webp
Matrix,B2041,Highland King bed White,Bedroom,Beds,779.00,2454.00,1675.00,Yes,https://demo-oasis-six.vercel.app/assets/cutouts/aea4e8b5eb090b56.webp
Matrix,B2041,Highland Queen  Bed Grey,Bedroom,Beds,679.00,2139.00,1460.00,Yes,https://demo-oasis-six.vercel.app/assets/cutouts/150efc64e32e2c6c.webp
Matrix,B2041,Highland Queen  Bed White,Bedroom,Beds,679.00,2139.00,1460.00,Yes,https://demo-oasis-six.vercel.app/assets/cutouts/e5d248f536b8d840.webp
Matrix,2041,Highland — Nightstand,Bedroom,Nightstands,169.00,532.00,363.00,No,https://demo-oasis-six.vercel.app/assets/cutouts/57fe01e0c75ba942.webp
Matrix,B2041,Highland — Queen Set,Bedroom,Bedroom Sets,1699.00,5352.00,3653.00,Yes,https://demo-oasis-six.vercel.app/assets/cutouts/8978eb96f7906809.webp
Matrix,B2041,Highland/colorado Chest Grey,Bedroom,Chests,339.00,1068.00,729.00,Yes,https://demo-oasis-six.vercel.app/assets/cutouts/7cf498eb4843e328.webp
Matrix,B2041,Highland/colorado Chest White,Bedroom,Chests,339.00,1068.00,729.00,Yes,https://demo-oasis-six.vercel.app/assets/cutouts/d582956bdb755840.webp
Matrix,B2041,Highland/colorado Nightstand Grey,Bedroom,Nightstands,169.00,532.00,363.00,Yes,https://demo-oasis-six.vercel.app/assets/cutouts/57fe01e0c75ba942.webp
Matrix,B2041,Highland/colorado Nightstand White,Bedroom,Nightstands,169.00,532.00,363.00,Yes,https://demo-oasis-six.vercel.app/assets/cutouts/f6117c1836fdd08f.webp
Matrix,B2041,Highlandcolorado Dresser Grey,Bedroom,Dressers,429.00,1351.00,922.00,Yes,https://demo-oasis-six.vercel.app/assets/cutouts/2d688e41f3fdab55.webp
Matrix,B2041,Highlandcolorado Dresser White,Bedroom,Dressers,429.00,1351.00,922.00,Yes,https://demo-oasis-six.vercel.app/assets/cutouts/355b2cb7832f51b5.webp
Matrix,B1991,Houston Chest Walnut,Bedroom,Chests,279.00,879.00,600.00,Yes,https://demo-oasis-six.vercel.app/assets/cutouts/5ee51e48950cde1a.webp
Matrix,B1991,Houston Dresser Mirror set  walnut,Bedroom,Dressers,349.00,1099.00,750.00,Yes,https://demo-oasis-six.vercel.app/assets/cutouts/dbbe2d135b02b839.webp
Matrix,B1991,Houston Dresser Walnut,Bedroom,Dressers,349.00,1099.00,750.00,Yes,https://demo-oasis-six.vercel.app/assets/cutouts/c58c0c9ae21b92c7.webp
Matrix,B1991,Houston King bed Walnut,Bedroom,Beds,659.00,2076.00,1417.00,Yes,https://demo-oasis-six.vercel.app/assets/cutouts/df8302494d3bee19.webp
Matrix,B1991,Houston Nightstand Walnut,Bedroom,Nightstands,139.00,438.00,299.00,Yes,https://demo-oasis-six.vercel.app/assets/cutouts/a32bc17ee99cd1f0.webp
Matrix,B1991,Houston Queen bed Walnut,Bedroom,Beds,559.00,1761.00,1202.00,Yes,https://demo-oasis-six.vercel.app/assets/cutouts/1fb7475b56050b75.webp
Matrix,1991,Houston — Nightstand,Bedroom,Nightstands,139.00,438.00,299.00,No,https://demo-oasis-six.vercel.app/assets/cutouts/a32bc17ee99cd1f0.webp
Matrix,B1991,Houston — Queen Set,Bedroom,Bedroom Sets,1399.00,4407.00,3008.00,Yes,https://demo-oasis-six.vercel.app/assets/cutouts/9c98eff5663e4070.webp
Matrix,B2411,Hugo Dresser Light Grey,Bedroom,Dressers,439.00,1383.00,944.00,Yes,
Matrix,B1291,Jasmine Chest Beige Gold,Bedroom,Chests,439.00,1383.00,944.00,Yes,https://matrixfurnituregroup.ca/uploads/thumbs/1745348031_6b479124866272e70d92.jpg
Matrix,B1291,Jasmine Dresser Beige Gold,Bedroom,Dressers,549.00,1729.00,1180.00,Yes,https://matrixfurnituregroup.ca/uploads/items/1776281674_13f7d634fb336a135493.jpg
Matrix,B1291,Jasmine Dresser mirror set Beige Gold,Bedroom,Dressers,549.00,1729.00,1180.00,Yes,https://matrixfurnituregroup.ca/uploads/thumbs/1745348266_7c3b93bc5a93db7d16f5.jpg
Matrix,B1291,Jasmine King bed Beige Gold,Bedroom,Beds,979.00,3084.00,2105.00,Yes,https://matrixfurnituregroup.ca/uploads/thumbs/1745348124_8764bc27d45f1dfc755e.jpg
Matrix,B1291,Jasmine Nightstand Beige Gold,Bedroom,Nightstands,219.00,690.00,471.00,Yes,https://matrixfurnituregroup.ca/uploads/thumbs/1745348064_15375b3838dfadcbd546.jpg
Matrix,B1291,Jasmine Queen bed Beige Gold,Bedroom,Beds,879.00,2769.00,1890.00,Yes,https://matrixfurnituregroup.ca/uploads/thumbs/1745348222_81d5e248a78af96c604f.jpg
Matrix,1291,Jasmine — Nightstand,Bedroom,Nightstands,219.00,690.00,471.00,No,https://matrixfurnituregroup.ca/uploads/thumbs/1745348064_15375b3838dfadcbd546.jpg
Matrix,B1291,Jasmine — Queen Set,Bedroom,Bedroom Sets,2199.00,6927.00,4728.00,Yes,https://matrixfurnituregroup.ca/uploads/thumbs/1744393781_96d465d7d8ead0e55516.jpg
Matrix,B1441,Kenzo Chest Dark walnut,Bedroom,Chests,329.00,1036.00,707.00,Yes,https://matrixfurnituregroup.ca/uploads/thumbs/1745351015_d9ff69b6516dc7d78be5.jpg
Matrix,B1441,Kenzo Dresser Dark Walnut,Bedroom,Dressers,409.00,1288.00,879.00,Yes,https://matrixfurnituregroup.ca/uploads/items/1776285270_17632830abbf3fde96fc.jpg
Matrix,B1441,Kenzo Dresser mirror set Dark walnut,Bedroom,Dressers,409.00,1288.00,879.00,Yes,https://matrixfurnituregroup.ca/uploads/thumbs/1745351139_c27a23fa013b52030a6c.jpg
Matrix,B1441,Kenzo King bed Dark walnut,Bedroom,Beds,759.00,2391.00,1632.00,Yes,https://matrixfurnituregroup.ca/uploads/thumbs/1754939897_f7ada2537194fe4f0351.jpg
Matrix,B1441,Kenzo Nightstand Dark walnut,Bedroom,Nightstands,169.00,532.00,363.00,Yes,https://matrixfurnituregroup.ca/uploads/thumbs/1745351081_9e7ba48dda6856379786.jpg
Matrix,B1441,Kenzo Queen bed Dark walnut,Bedroom,Beds,659.00,2076.00,1417.00,Yes,https://matrixfurnituregroup.ca/uploads/thumbs/1754939934_e87838f888bc6d86b954.jpg
Matrix,1441,Kenzo — Nightstand,Bedroom,Nightstands,169.00,532.00,363.00,No,https://matrixfurnituregroup.ca/uploads/thumbs/1745351081_9e7ba48dda6856379786.jpg
Matrix,B1441,Kenzo — Queen Set,Bedroom,Bedroom Sets,1649.00,5194.00,3545.00,Yes,https://matrixfurnituregroup.ca/uploads/thumbs/1744394010_6467451e39e2ba23d8b8.jpg
Matrix,B1831,Laguna Chest White,Bedroom,Chests,399.00,1257.00,858.00,Yes,https://matrixfurnituregroup.ca/uploads/thumbs/1744833821_08043b7f4d0d4b6ab980.jpg
Matrix,B1831,Laguna Dresser White,Bedroom,Dressers,499.00,1572.00,1073.00,Yes,https://matrixfurnituregroup.ca/uploads/items/1776457418_2a2cee41c183fea80fae.jpg
Matrix,B1831,Laguna Dresser mirror set White,Bedroom,Dressers,499.00,1572.00,1073.00,Yes,https://matrixfurnituregroup.ca/uploads/thumbs/1745436593_247b25ee5d9f5524e38e.jpg
Matrix,B1831,Laguna King bed White,Bedroom,Beds,899.00,2832.00,1933.00,Yes,https://matrixfurnituregroup.ca/uploads/thumbs/1744834219_b0f079827d7da062ecc3.jpg
Matrix,B1831,Laguna Nightstand White,Bedroom,Nightstands,199.00,627.00,428.00,Yes,https://matrixfurnituregroup.ca/uploads/thumbs/1744834361_7942d717d4f96787c270.jpg
Matrix,B1831,Laguna Queen bed White,Bedroom,Beds,799.00,2517.00,1718.00,Yes,https://matrixfurnituregroup.ca/uploads/thumbs/1744834282_36916751bdc2652ffd8b.jpg
Matrix,1831,Laguna — Nightstand,Bedroom,Nightstands,199.00,627.00,428.00,No,https://matrixfurnituregroup.ca/uploads/thumbs/1744834361_7942d717d4f96787c270.jpg
Matrix,B1831,Laguna — Queen Set,Bedroom,Bedroom Sets,1999.00,6297.00,4298.00,Yes,https://matrixfurnituregroup.ca/uploads/thumbs/1744388837_8940e4e8e539eedaa998.jpg
Matrix,B1861,Landmark Chest Silver,Bedroom,Chests,439.00,1383.00,944.00,Yes,https://matrixfurnituregroup.ca/uploads/thumbs/1744833244_2e5e427ab8516c4cab3f.jpg
Matrix,B1861,Landmark Dresser Silver,Bedroom,Dressers,549.00,1729.00,1180.00,Yes,https://matrixfurnituregroup.ca/uploads/items/1776694970_d0481a591a13d728a0d4.jpg
Matrix,B1861,Landmark Dresser mirror set Silver,Bedroom,Dressers,549.00,1729.00,1180.00,Yes,https://matrixfurnituregroup.ca/uploads/thumbs/1745436688_c2a759234a8195006faa.jpg
Matrix,B1861,Landmark King bed Silver,Bedroom,Beds,979.00,3084.00,2105.00,Yes,https://matrixfurnituregroup.ca/uploads/thumbs/1744833491_aa5b9040a2a32b36f594.jpg
Matrix,B1861,Landmark Nightstand Silver,Bedroom,Nightstands,219.00,690.00,471.00,Yes,https://matrixfurnituregroup.ca/uploads/thumbs/1744833421_a18c187a9e7cb2ddd1bb.jpg
Matrix,B1861,Landmark Queen bed Silver,Bedroom,Beds,879.00,2769.00,1890.00,Yes,https://matrixfurnituregroup.ca/uploads/thumbs/1744833586_7f5a3dea10b768a0ef08.jpg
Matrix,1861,Landmark — Nightstand,Bedroom,Nightstands,219.00,690.00,471.00,No,https://matrixfurnituregroup.ca/uploads/thumbs/1744833421_a18c187a9e7cb2ddd1bb.jpg
Matrix,B1861,Landmark — Queen Set,Bedroom,Bedroom Sets,2199.00,6927.00,4728.00,Yes,https://demo-oasis-six.vercel.app/assets/cutouts/8f2b42d2f86138ef.webp
Matrix,B1401,Laura Chest White Gold,Bedroom,Chests,479.00,1509.00,1030.00,Yes,https://demo-oasis-six.vercel.app/assets/cutouts/3595c29f39694f95.webp
Matrix,B1401,Laura Dresser White Gold,Bedroom,Dressers,599.00,1887.00,1288.00,Yes,https://demo-oasis-six.vercel.app/assets/cutouts/7fb74f87e723d473.webp
Matrix,B1401,Laura Dresser mirror set White Gold,Bedroom,Dressers,599.00,1887.00,1288.00,Yes,https://demo-oasis-six.vercel.app/assets/cutouts/3c1caa13e0db5adb.webp
Matrix,B1401,Laura King bed White Gold,Bedroom,Beds,1059.00,3336.00,2277.00,Yes,https://demo-oasis-six.vercel.app/assets/cutouts/167c3646faf4effa.webp
Matrix,B1401,Laura Left nightstand White Gold,Bedroom,Nightstands,239.00,753.00,514.00,Yes,https://matrixfurnituregroup.ca/uploads/thumbs/1776285093_a817bd5b3efbd232ca8e.jpg
Matrix,B1401,Laura Queen bed White Gold,Bedroom,Beds,959.00,3021.00,2062.00,Yes,https://matrixfurnituregroup.ca/uploads/thumbs/1743451358_e9d51983b27d85bb0f9b.jpg
Matrix,B1401,Laura Right nightstand White Gold,Bedroom,Nightstands,239.00,753.00,514.00,Yes,https://matrixfurnituregroup.ca/uploads/thumbs/1776285064_2d8a6d2c1b13773f8f2a.jpg
Matrix,1401,Laura — Nightstand,Bedroom,Nightstands,239.00,753.00,514.00,No,https://matrixfurnituregroup.ca/uploads/thumbs/1776285093_a817bd5b3efbd232ca8e.jpg
Matrix,B1401,Laura — Queen Set,Bedroom,Bedroom Sets,2399.00,7557.00,5158.00,Yes,https://demo-oasis-six.vercel.app/assets/cutouts/b6ed08d7740dcdc0.webp
Matrix,B526,Lavish King bed Black,Bedroom,Beds,1199.00,3777.00,2578.00,Yes,https://demo-oasis-six.vercel.app/assets/cutouts/614c3824eda0c68a.webp
Matrix,B526,Lavish King bed Grey,Bedroom,Beds,1199.00,3777.00,2578.00,Yes,https://demo-oasis-six.vercel.app/assets/cutouts/09a5040c813d0eb9.webp
Matrix,B526,Lavish Queen bed Black,Bedroom,Beds,1099.00,3462.00,2363.00,Yes,https://demo-oasis-six.vercel.app/assets/cutouts/f1222a6018f49910.webp
Matrix,B526,Lavish Queen bed Grey,Bedroom,Beds,1099.00,3462.00,2363.00,Yes,https://demo-oasis-six.vercel.app/assets/cutouts/ddf8248f124ba64f.webp
Matrix,B1741,Lavita Chest Grey,Bedroom,Chests,499.00,1572.00,1073.00,Yes,https://matrixfurnituregroup.ca/uploads/thumbs/1744148940_54c634182836e76568ad.jpg
Matrix,B1741,Lavita Dresser Grey,Bedroom,Dressers,629.00,1981.00,1352.00,Yes,https://matrixfurnituregroup.ca/uploads/items/1776439349_a7d6c11769e755624559.jpg
Matrix,B1741,Lavita Dresser mirror set Grey,Bedroom,Dressers,629.00,1981.00,1352.00,Yes,https://demo-oasis-six.vercel.app/assets/cutouts/69a7c11922d122a8.webp
Matrix,B1741,Lavita King bed Grey,Bedroom,Beds,1099.00,3462.00,2363.00,Yes,https://matrixfurnituregroup.ca/uploads/thumbs/1744152834_1f5da24c520fd915bd7b.jpg
Matrix,B1741,Lavita Nightstand Grey,Bedroom,Nightstands,249.00,784.00,535.00,Yes,https://matrixfurnituregroup.ca/uploads/thumbs/1744152294_bb6af565779c43b5ffd9.jpg
Matrix,B1741,Lavita Queen bed Grey,Bedroom,Beds,999.00,3147.00,2148.00,Yes,https://matrixfurnituregroup.ca/uploads/thumbs/1744153227_c04d1e15725ef2ae2a55.jpg
Matrix,1741,Lavita — Nightstand,Bedroom,Nightstands,249.00,784.00,535.00,No,https://matrixfurnituregroup.ca/uploads/thumbs/1744152294_bb6af565779c43b5ffd9.jpg
Matrix,B1741,Lavita — Queen Set,Bedroom,Bedroom Sets,2499.00,7872.00,5373.00,Yes,https://demo-oasis-six.vercel.app/assets/cutouts/fd2ba22bef64c55a.webp
Matrix,B1981,Leonor Chest Zebra white,Bedroom,Chests,459.00,1446.00,987.00,Yes,https://matrixfurnituregroup.ca/uploads/thumbs/1767028795_00312f2c3c5e54b04a18.jpg
Matrix,B1981,Leonor Dresser Zebra White,Bedroom,Dressers,579.00,1824.00,1245.00,Yes,https://matrixfurnituregroup.ca/uploads/items/1775833579_d900ddeb8e641590b86a.jpg
Matrix,B1981,Leonor King bed  Zebra white,Bedroom,Beds,1019.00,3210.00,2191.00,Yes,https://matrixfurnituregroup.ca/uploads/thumbs/1775833649_70f152c9f3d4779ae7e2.jpg
Matrix,B1981,Leonor Nightstand Zebra white,Bedroom,Nightstands,229.00,721.00,492.00,Yes,https://matrixfurnituregroup.ca/uploads/thumbs/1775833605_b93c041d240bfe3d8066.jpg
Matrix,B1981,Leonor Queen bed  Zebra white,Bedroom,Beds,919.00,2895.00,1976.00,Yes,https://matrixfurnituregroup.ca/uploads/thumbs/1775833688_a8f8d5d928328a8c7ed7.jpg
Matrix,1981,Leonor — Nightstand,Bedroom,Nightstands,229.00,721.00,492.00,No,https://matrixfurnituregroup.ca/uploads/thumbs/1775833605_b93c041d240bfe3d8066.jpg
Matrix,B1981,Leonor — Queen Set,Bedroom,Bedroom Sets,2299.00,7242.00,4943.00,Yes,https://demo-oasis-six.vercel.app/assets/cutouts/71985a3c4f472c27.webp
Matrix,B2241,Lexington Chest Cream,Bedroom,Chests,449.00,1414.00,965.00,Yes,https://matrixfurnituregroup.ca/uploads/thumbs/1776368872_d831aef2011341f3e6c0.jpg
Matrix,B2241,Lexington Dresser Cream,Bedroom,Dressers,559.00,1761.00,1202.00,Yes,https://matrixfurnituregroup.ca/uploads/items/1776368761_72df799be32789a7128a.jpg
Matrix,B2241,Lexington King bed Cream,Bedroom,Beds,999.00,3147.00,2148.00,Yes,https://matrixfurnituregroup.ca/uploads/thumbs/1776368992_6b5bf6ffcf32c55f0885.jpg
Matrix,B2241,Lexington Nightstand Cream,Bedroom,Nightstands,229.00,721.00,492.00,Yes,https://matrixfurnituregroup.ca/uploads/thumbs/1776369208_8f0805ad312a2b1de591.jpg
Matrix,B2241,Lexington Queen bed Cream,Bedroom,Beds,899.00,2832.00,1933.00,Yes,https://matrixfurnituregroup.ca/uploads/thumbs/1776368971_9a090a72e715b283ca9c.jpg
Matrix,2241,Lexington — Nightstand,Bedroom,Nightstands,229.00,721.00,492.00,No,https://matrixfurnituregroup.ca/uploads/thumbs/1776369208_8f0805ad312a2b1de591.jpg
Matrix,B2241,Lexington — Queen Set,Bedroom,Bedroom Sets,2249.00,7084.00,4835.00,Yes,https://demo-oasis-six.vercel.app/assets/cutouts/3106cc73ed323ab7.webp
Matrix,B2261,Lisbon Chest Grey,Bedroom,Chests,539.00,1698.00,1159.00,Yes,https://matrixfurnituregroup.ca/uploads/thumbs/1779479755_2731dfb6c138a2b8587f.jpg
Matrix,B2261,Lisbon Dresser Grey,Bedroom,Dressers,669.00,2107.00,1438.00,Yes,https://demo-oasis-six.vercel.app/assets/cutouts/6aed9336495df3cb.webp
Matrix,B2261,Lisbon Dresser mirror set Grey,Bedroom,Dressers,669.00,2107.00,1438.00,Yes,https://matrixfurnituregroup.ca/uploads/thumbs/1779481667_6d7004002f37a7b97b3e.jpg
Matrix,B2261,Lisbon King bed Grey,Bedroom,Beds,1179.00,3714.00,2535.00,Yes,https://matrixfurnituregroup.ca/uploads/thumbs/1779480656_0a95539be2f30005495b.jpg
Matrix,B2261,Lisbon Nightstand Grey,Bedroom,Nightstands,269.00,847.00,578.00,Yes,https://matrixfurnituregroup.ca/uploads/thumbs/1779479982_e686aadc76b25cabb6ff.jpg
Matrix,B2261,Lisbon Queen bed Grey,Bedroom,Beds,1079.00,3399.00,2320.00,Yes,https://matrixfurnituregroup.ca/uploads/thumbs/1779481016_167660aa346eeb18172b.jpg
Matrix,2261,Lisbon — Nightstand,Bedroom,Nightstands,269.00,847.00,578.00,No,https://matrixfurnituregroup.ca/uploads/thumbs/1779479982_e686aadc76b25cabb6ff.jpg
Matrix,B2261,Lisbon — Queen Set,Bedroom,Bedroom Sets,2699.00,8502.00,5803.00,Yes,https://demo-oasis-six.vercel.app/assets/cutouts/b7eebbb33d4fe358.webp
Matrix,B1341,Lorenzo Chest Grey,Bedroom,Chests,579.00,1824.00,1245.00,Yes,https://matrixfurnituregroup.ca/uploads/thumbs/1745349391_fccccf7a7ec4eae659bb.jpg
Matrix,B1341,Lorenzo Dresser Grey,Bedroom,Dressers,729.00,2296.00,1567.00,Yes,https://matrixfurnituregroup.ca/uploads/items/1776281903_f2e6c37e87fb642467b6.jpg
Matrix,B1341,Lorenzo Dresser mirror set Grey,Bedroom,Dressers,729.00,2296.00,1567.00,Yes,https://demo-oasis-six.vercel.app/assets/cutouts/9106ed448a9be541.webp
Matrix,B1341,Lorenzo King bed Grey,Bedroom,Beds,1259.00,3966.00,2707.00,Yes,https://matrixfurnituregroup.ca/uploads/thumbs/1745349495_db3976a8a9adba87f2bd.jpg
Matrix,B1341,Lorenzo Nightstand Grey,Bedroom,Nightstands,289.00,910.00,621.00,Yes,https://matrixfurnituregroup.ca/uploads/thumbs/1745349426_bf036faadbb56a1f17c9.jpg
Matrix,B1341,Lorenzo Queen bed Grey,Bedroom,Beds,1159.00,3651.00,2492.00,Yes,https://matrixfurnituregroup.ca/uploads/thumbs/1745349565_c892881cb3a23d2258c1.jpg
Matrix,1341,Lorenzo — Nightstand,Bedroom,Nightstands,289.00,910.00,621.00,No,https://matrixfurnituregroup.ca/uploads/thumbs/1745349426_bf036faadbb56a1f17c9.jpg
Matrix,B1341,Lorenzo — Queen Set,Bedroom,Bedroom Sets,2899.00,9132.00,6233.00,Yes,https://matrixfurnituregroup.ca/uploads/thumbs/1744396014_15ec1a27bc40bd728931.jpg
Matrix,B1631,Madrid Dresser Graphite,Bedroom,Dressers,649.00,2044.00,1395.00,Yes,https://demo-oasis-six.vercel.app/assets/cutouts/aaa1bb7b7f4efc5e.webp
Matrix,B1631,Madrid Dresser mirror set Graphite,Bedroom,Dressers,649.00,2044.00,1395.00,Yes,https://demo-oasis-six.vercel.app/assets/cutouts/5bd6cee305986a08.webp
Matrix,B1631,Madrid King bed Graphite,Bedroom,Beds,1139.00,3588.00,2449.00,Yes,https://demo-oasis-six.vercel.app/assets/cutouts/9a40b81c5ebac1eb.webp
Matrix,B1631,Madrid Nightstand Graphite,Bedroom,Nightstands,259.00,816.00,557.00,Yes,https://demo-oasis-six.vercel.app/assets/cutouts/67c30c51d1411a46.webp
Matrix,B1631,Madrid Queen bed Graphite,Bedroom,Beds,1039.00,3273.00,2234.00,Yes,https://demo-oasis-six.vercel.app/assets/cutouts/deabf283577d2fb0.webp
Matrix,1631,Madrid — Nightstand,Bedroom,Nightstands,259.00,816.00,557.00,No,https://demo-oasis-six.vercel.app/assets/cutouts/67c30c51d1411a46.webp
Matrix,B1911,Manchester Chest Walnut Grey,Bedroom,Chests,459.00,1446.00,987.00,Yes,https://matrixfurnituregroup.ca/uploads/thumbs/1744327278_15850b0fa18dd9623f0b.jpg
Matrix,B1911,Manchester Dresser Walnut Grey,Bedroom,Dressers,569.00,1792.00,1223.00,Yes,https://demo-oasis-six.vercel.app/assets/cutouts/49e2c5c9f90d8319.webp
Matrix,B1911,Manchester Dresser mirror set Walnut Grey,Bedroom,Dressers,569.00,1792.00,1223.00,Yes,https://matrixfurnituregroup.ca/uploads/thumbs/1744327650_35c76b1f5166e39883ad.jpg
Matrix,B1911,Manchester King bed Walnut Grey,Bedroom,Beds,1019.00,3210.00,2191.00,Yes,https://matrixfurnituregroup.ca/uploads/thumbs/1744327308_348fd306c26fb82fc2a6.jpg
Matrix,B1911,Manchester Nightstand Walnut Grey,Bedroom,Nightstands,229.00,721.00,492.00,Yes,https://matrixfurnituregroup.ca/uploads/thumbs/1771449578_2fe52c30b15772208b97.jpg
Matrix,B1911,Manchester Queen bed Walnut Grey,Bedroom,Beds,919.00,2895.00,1976.00,Yes,https://matrixfurnituregroup.ca/uploads/thumbs/1744327324_d701674c0411382f4f7d.jpg
Matrix,1911,Manchester — Nightstand,Bedroom,Nightstands,229.00,721.00,492.00,No,https://matrixfurnituregroup.ca/uploads/thumbs/1771449578_2fe52c30b15772208b97.jpg
Matrix,B1911,Manchester — Queen Set,Bedroom,Bedroom Sets,2299.00,7242.00,4943.00,Yes,https://demo-oasis-six.vercel.app/assets/cutouts/bc47c621f32a8653.webp
Matrix,B523,Maya King bed Black,Bedroom,Beds,1099.00,3462.00,2363.00,Yes,https://demo-oasis-six.vercel.app/assets/cutouts/a6516d415eba95cc.webp
Matrix,B523,Maya King bed Grey,Bedroom,Beds,1099.00,3462.00,2363.00,Yes,https://demo-oasis-six.vercel.app/assets/cutouts/654bb1724e3fd2b1.webp
Matrix,B523,Maya Queen bed Black,Bedroom,Beds,999.00,3147.00,2148.00,Yes,https://demo-oasis-six.vercel.app/assets/cutouts/c9a7db2fabd8b7a6.webp
Matrix,B523,Maya Queen bed Grey,Bedroom,Beds,999.00,3147.00,2148.00,Yes,https://demo-oasis-six.vercel.app/assets/cutouts/33ffd28ba4cd37cb.webp
Matrix,B1971,Monaco Chest Beige,Bedroom,Chests,519.00,1635.00,1116.00,Yes,https://demo-oasis-six.vercel.app/assets/cutouts/a690460d02b4a951.webp
Matrix,B1971,Monaco Dresser Beige,Bedroom,Dressers,649.00,2044.00,1395.00,Yes,https://demo-oasis-six.vercel.app/assets/cutouts/15da0af1f5bd015b.webp
Matrix,B1971,Monaco Dresser mirror set Beige,Bedroom,Dressers,649.00,2044.00,1395.00,Yes,https://demo-oasis-six.vercel.app/assets/cutouts/80a04d3d4da2b280.webp
Matrix,B1971,Monaco King bed Beige,Bedroom,Beds,1139.00,3588.00,2449.00,Yes,https://demo-oasis-six.vercel.app/assets/cutouts/b4c1353ce5ff815c.webp
Matrix,B1971,Monaco Nightstand Beige,Bedroom,Nightstands,259.00,816.00,557.00,Yes,https://demo-oasis-six.vercel.app/assets/cutouts/d399dd39bce0f754.webp
Matrix,B1971,Monaco Queen bed beige,Bedroom,Beds,1039.00,3273.00,2234.00,Yes,https://demo-oasis-six.vercel.app/assets/cutouts/c2ab77035a232b60.webp
Matrix,1971,Monaco — Nightstand,Bedroom,Nightstands,259.00,816.00,557.00,No,https://demo-oasis-six.vercel.app/assets/cutouts/d399dd39bce0f754.webp
Matrix,B1971,Monaco — Queen Set,Bedroom,Bedroom Sets,2599.00,8187.00,5588.00,Yes,https://demo-oasis-six.vercel.app/assets/cutouts/493d90e854c9a7ba.webp
Matrix,B1711,Munich Chest White,Bedroom,Chests,419.00,1320.00,901.00,Yes,https://matrixfurnituregroup.ca/uploads/thumbs/1745425468_a74bb1224de7e601059c.jpg
Matrix,B1711,Munich Dresser White,Bedroom,Dressers,529.00,1666.00,1137.00,Yes,https://matrixfurnituregroup.ca/uploads/items/1776438644_b7df364e39b35a19776f.jpg
Matrix,B1711,Munich Dresser mirror set White,Bedroom,Dressers,529.00,1666.00,1137.00,Yes,https://matrixfurnituregroup.ca/uploads/thumbs/1745425617_296206b0ec759518fc2b.jpg
Matrix,B1711,Munich King bed White,Bedroom,Beds,939.00,2958.00,2019.00,Yes,https://matrixfurnituregroup.ca/uploads/thumbs/1745425553_4500232b56d66d34115c.jpg
Matrix,B1711,Munich Nightstand White,Bedroom,Nightstands,209.00,658.00,449.00,Yes,https://matrixfurnituregroup.ca/uploads/thumbs/1745425500_4d45410eb18e3b33dd26.jpg
Matrix,B1711,Munich Queen bed White,Bedroom,Beds,839.00,2643.00,1804.00,Yes,https://matrixfurnituregroup.ca/uploads/thumbs/1745425579_4daa086f5a46ac27148c.jpg
Matrix,1711,Munich — Nightstand,Bedroom,Nightstands,209.00,658.00,449.00,No,https://matrixfurnituregroup.ca/uploads/thumbs/1745425500_4d45410eb18e3b33dd26.jpg
Matrix,B1711,Munich — Queen Set,Bedroom,Bedroom Sets,2099.00,6612.00,4513.00,Yes,https://demo-oasis-six.vercel.app/assets/cutouts/546060aba9ccde95.webp
Matrix,B1581,Obsession Chest White Gold,Bedroom,Chests,379.00,1194.00,815.00,Yes,https://demo-oasis-six.vercel.app/assets/cutouts/a1a7ca6a1187aaa0.webp
Matrix,B1581,Obsession Dresser White Gold,Bedroom,Dressers,469.00,1477.00,1008.00,Yes,https://matrixfurnituregroup.ca/uploads/items/1776435991_039e80bf02eef65222e4.jpg
Matrix,B1581,Obsession Dresser mirror set White Gold,Bedroom,Dressers,469.00,1477.00,1008.00,Yes,https://demo-oasis-six.vercel.app/assets/cutouts/985ca3eaf797ead9.webp
Matrix,B1581,Obsession King bed White Gold,Bedroom,Beds,859.00,2706.00,1847.00,Yes,https://demo-oasis-six.vercel.app/assets/cutouts/5c2a759eb0ebdc9e.webp
Matrix,B1581,Obsession Nightstand White Gold,Bedroom,Nightstands,189.00,595.00,406.00,Yes,https://demo-oasis-six.vercel.app/assets/cutouts/84562b86e5b71af9.webp
Matrix,B1581,Obsession Queen bed White Gold,Bedroom,Beds,759.00,2391.00,1632.00,Yes,https://demo-oasis-six.vercel.app/assets/cutouts/8b05e84986459c90.webp
Matrix,1581,Obsession — Nightstand,Bedroom,Nightstands,189.00,595.00,406.00,No,https://demo-oasis-six.vercel.app/assets/cutouts/84562b86e5b71af9.webp
Matrix,B1581,Obsession — Queen Set,Bedroom,Bedroom Sets,1899.00,5982.00,4083.00,Yes,https://demo-oasis-six.vercel.app/assets/cutouts/2ddf87714f531c54.webp
Matrix,B2201,Olympia Chest Grey,Bedroom,Chests,439.00,1383.00,944.00,Yes,https://demo-oasis-six.vercel.app/assets/cutouts/8588363c99a8c835.webp
Matrix,B2201,Olympia Dresser Grey,Bedroom,Dressers,549.00,1729.00,1180.00,Yes,https://matrixfurnituregroup.ca/uploads/items/1775844479_8941a0ab31e5208c1a61.png
Matrix,B2201,Olympia Dresser mirror  Set  grey,Bedroom,Dressers,549.00,1729.00,1180.00,Yes,https://matrixfurnituregroup.ca/uploads/thumbs/1776803028_f220dde00365b3e5fbce.png
Matrix,B2201,Olympia King bed  grey,Bedroom,Beds,979.00,3084.00,2105.00,Yes,https://demo-oasis-six.vercel.app/assets/cutouts/931cd4ad56ec9d2b.webp
Matrix,B2201,Olympia Queen bed  grey,Bedroom,Beds,879.00,2769.00,1890.00,Yes,https://demo-oasis-six.vercel.app/assets/cutouts/c17bd944a3bb9f61.webp
Matrix,2201,Olympia — Nightstand,Bedroom,Nightstands,219.00,690.00,471.00,No,https://demo-oasis-six.vercel.app/assets/cutouts/cc6796e12a527d31.webp
Matrix,B2201,Olympia — Queen Set,Bedroom,Bedroom Sets,2199.00,6927.00,4728.00,Yes,https://demo-oasis-six.vercel.app/assets/cutouts/2ecdff70e8dc6e29.webp
Matrix,B1331,Passion King bed Milky white,Bedroom,Beds,799.00,2517.00,1718.00,Yes,https://matrixfurnituregroup.ca/uploads/thumbs/1780337667_daaa6b2612f3f7de2018.jpg
Matrix,B1331,Passion Queen bed Milky white,Bedroom,Beds,799.00,2517.00,1718.00,Yes,https://matrixfurnituregroup.ca/uploads/thumbs/1780338488_6a2689b72ecfc81eae99.jpg
Matrix,1331,Passion — King Set,Bedroom,Beds,1999.00,6297.00,4298.00,No,https://matrixfurnituregroup.ca/uploads/thumbs/1780337667_daaa6b2612f3f7de2018.jpg
Matrix,B1621,Rachel Chest White,Bedroom,Chests,459.00,1446.00,987.00,Yes,https://matrixfurnituregroup.ca/uploads/thumbs/1745431813_381f3db98a41128afea7.jpg
Matrix,B1621,Rachel Dresser White,Bedroom,Dressers,579.00,1824.00,1245.00,Yes,https://matrixfurnituregroup.ca/uploads/items/1776436433_f663af494c81bab17af1.jpg
Matrix,B1621,Rachel Dresser mirror set Pu White,Bedroom,Dressers,579.00,1824.00,1245.00,Yes,https://matrixfurnituregroup.ca/uploads/thumbs/1745432540_09e5741e55cc17cc9e1c.jpg
Matrix,B1621,Rachel King bed White,Bedroom,Beds,1019.00,3210.00,2191.00,Yes,https://matrixfurnituregroup.ca/uploads/thumbs/1745432116_2960559cc94a09560bac.jpg
Matrix,B1621,Rachel King bed pu White,Bedroom,Beds,1019.00,3210.00,2191.00,Yes,https://matrixfurnituregroup.ca/uploads/thumbs/1745432223_547faff2e1006c0e9a77.jpg
Matrix,B1621,Rachel Nightstand White,Bedroom,Nightstands,229.00,721.00,492.00,Yes,https://matrixfurnituregroup.ca/uploads/thumbs/1745431994_589d854519786ad536f8.jpg
Matrix,B1621,Rachel Queen bed White,Bedroom,Beds,919.00,2895.00,1976.00,Yes,https://matrixfurnituregroup.ca/uploads/thumbs/1745432189_d29eb7d46e1c40b74e0f.jpg
Matrix,B1621,Rachel Queen bed pu White,Bedroom,Beds,919.00,2895.00,1976.00,Yes,https://matrixfurnituregroup.ca/uploads/thumbs/1745432326_8b9c4a3d3737d3764c67.jpg
Matrix,1621,Rachel — Nightstand,Bedroom,Nightstands,229.00,721.00,492.00,No,https://matrixfurnituregroup.ca/uploads/thumbs/1745431994_589d854519786ad536f8.jpg
Matrix,B1621,Rachel — Queen Set,Bedroom,Bedroom Sets,2299.00,7242.00,4943.00,Yes,https://matrixfurnituregroup.ca/uploads/thumbs/1744396666_ae200b483ac344a5385c.jpg
Matrix,B391,Roma Chest Champagne,Bedroom,Chests,599.00,1887.00,1288.00,Yes,https://matrixfurnituregroup.ca/uploads/thumbs/1759439614_e901b0b6b6b28abed697.jpg
Matrix,B391,Roma Chest Dark walnut,Bedroom,Chests,599.00,1887.00,1288.00,Yes,https://matrixfurnituregroup.ca/uploads/thumbs/1759439748_d39ad3330d7bcbadf234.jpg
Matrix,B391,Roma Dresser Champagne,Bedroom,Dressers,749.00,2359.00,1610.00,Yes,https://matrixfurnituregroup.ca/uploads/items/1759439595_02d98bcd3d264c69624c.jpg
Matrix,B391,Roma Dresser Dark Walnut,Bedroom,Dressers,749.00,2359.00,1610.00,Yes,https://matrixfurnituregroup.ca/uploads/items/1759439707_bcd9235dc3636da34798.jpg
Matrix,B391,Roma Dresser mirror set Champagne,Bedroom,Dressers,749.00,2359.00,1610.00,Yes,https://matrixfurnituregroup.ca/uploads/thumbs/1759439865_71e42690c40b332df67b.jpg
Matrix,B391,Roma Dresser mirror set Dark walnut,Bedroom,Dressers,749.00,2359.00,1610.00,Yes,https://matrixfurnituregroup.ca/uploads/thumbs/1759439881_871bb4c94ffac2c72d64.jpg
Matrix,B391,Roma King bed Dark walnut,Bedroom,Beds,1299.00,4092.00,2793.00,Yes,https://matrixfurnituregroup.ca/uploads/thumbs/1759429131_d5d4edf2f96065c5ba7b.jpg
Matrix,B391,Roma Nightstand Champagne,Bedroom,Nightstands,299.00,942.00,643.00,Yes,https://matrixfurnituregroup.ca/uploads/thumbs/1759439630_d296234e5d4758dff98a.jpg
Matrix,B391,Roma Nightstand Dark walnut,Bedroom,Nightstands,299.00,942.00,643.00,Yes,https://matrixfurnituregroup.ca/uploads/thumbs/1759439761_2cf546be91aafed92a7d.jpg
Matrix,B391,Roma Queen bed Dark walnut,Bedroom,Beds,1199.00,3777.00,2578.00,Yes,https://matrixfurnituregroup.ca/uploads/thumbs/1759429174_93d090db403ddc1faec3.jpg
Matrix,391,Roma — Nightstand,Bedroom,Nightstands,299.00,942.00,643.00,No,https://matrixfurnituregroup.ca/uploads/thumbs/1759439630_d296234e5d4758dff98a.jpg
Matrix,B391,Roma — Queen Set,Bedroom,Bedroom Sets,2999.00,9447.00,6448.00,Yes,https://demo-oasis-six.vercel.app/assets/cutouts/bd80779166b3bb5e.webp
Matrix,B1061,Rylee Dresser Grey,Bedroom,Dressers,329.00,1036.00,707.00,Yes,https://matrixfurnituregroup.ca/uploads/items/1776277578_96c8c7e7dbaa019ac8f3.jpg
Matrix,B1061,Rylee Dresser mirror set Grey,Bedroom,Dressers,329.00,1036.00,707.00,Yes,https://matrixfurnituregroup.ca/uploads/thumbs/1744657630_8866eb4bbe87670edae1.jpg
Matrix,B1061,Rylee King bed Grey,Bedroom,Beds,619.00,1950.00,1331.00,Yes,https://matrixfurnituregroup.ca/uploads/thumbs/1744658780_175dbdd7f9ba5cf7e2cc.jpg
Matrix,B1061,Rylee Nightstand Grey,Bedroom,Nightstands,129.00,406.00,277.00,Yes,https://matrixfurnituregroup.ca/uploads/thumbs/1744657233_f28a50c3c204be3cc284.jpg
Matrix,B1061,Rylee Queen bed Grey,Bedroom,Beds,519.00,1635.00,1116.00,Yes,https://matrixfurnituregroup.ca/uploads/thumbs/1744658738_08cd626e4fe591062a5b.jpg
Matrix,1061,Rylee — Nightstand,Bedroom,Nightstands,129.00,406.00,277.00,No,https://matrixfurnituregroup.ca/uploads/thumbs/1744657233_f28a50c3c204be3cc284.jpg
Matrix,B1061,Rylee — Queen Set,Bedroom,Bedroom Sets,1299.00,4092.00,2793.00,Yes,https://matrixfurnituregroup.ca/uploads/thumbs/1744382357_55d204a5cf4024ff7e66.jpg
Matrix,B1591,Samantha Chest Olive silver,Bedroom,Chests,459.00,1446.00,987.00,Yes,https://matrixfurnituregroup.ca/uploads/thumbs/1745421625_d9c4abb1b45c7e6dcac3.jpg
Matrix,B1591,Samantha Dresser Olive Silver,Bedroom,Dressers,579.00,1824.00,1245.00,Yes,https://matrixfurnituregroup.ca/uploads/items/1776436246_244e04b3c58342261909.jpg
Matrix,B1591,Samantha Dresser mirror set Olive silver,Bedroom,Dressers,579.00,1824.00,1245.00,Yes,https://matrixfurnituregroup.ca/uploads/thumbs/1754940835_6f475d6c14536680a1a0.jpg
Matrix,B1591,Samantha King bed Olive silver,Bedroom,Beds,919.00,2895.00,1976.00,Yes,https://matrixfurnituregroup.ca/uploads/thumbs/1745422131_1525ed685b1ee6bc137a.jpg
Matrix,B1591,Samantha Nightstand Olive silver,Bedroom,Nightstands,229.00,721.00,492.00,Yes,https://matrixfurnituregroup.ca/uploads/thumbs/1745421906_ae1351d68f8493b825f0.jpg
Matrix,B1591,Samantha Queen bed Olive silver,Bedroom,Beds,919.00,2895.00,1976.00,Yes,https://matrixfurnituregroup.ca/uploads/thumbs/1745422212_b7854790888be55f301c.jpg
Matrix,B1591,Samantha — King Set,Bedroom,Bedroom Sets,2299.00,7242.00,4943.00,Yes,https://matrixfurnituregroup.ca/uploads/thumbs/1744385905_6452d7e65c346f0b3e5d.jpg
Matrix,1591,Samantha — Nightstand,Bedroom,Nightstands,229.00,721.00,492.00,No,https://matrixfurnituregroup.ca/uploads/thumbs/1745421906_ae1351d68f8493b825f0.jpg
Matrix,B2221,Seville Chest White,Bedroom,Chests,479.00,1509.00,1030.00,Yes,https://matrixfurnituregroup.ca/uploads/thumbs/1776717329_1a8df65344d8d2acdd56.jpg
Matrix,B2221,Seville Dresser White,Bedroom,Dressers,599.00,1887.00,1288.00,Yes,https://matrixfurnituregroup.ca/uploads/items/1776717237_3449d69cb5ef0ef17dae.jpg
Matrix,B2221,Seville Dresser mirror set White,Bedroom,Dressers,599.00,1887.00,1288.00,Yes,https://matrixfurnituregroup.ca/uploads/thumbs/1776786886_6162e209a65ba3a45252.jpg
Matrix,B2221,Seville King bed White,Bedroom,Beds,1059.00,3336.00,2277.00,Yes,https://matrixfurnituregroup.ca/uploads/thumbs/1776717504_2ea9d5857b17d5c68722.jpg
Matrix,B2221,Seville Nightstand White,Bedroom,Nightstands,239.00,753.00,514.00,Yes,https://matrixfurnituregroup.ca/uploads/thumbs/1776717577_e24bd507f955ec45d673.jpg
Matrix,B2221,Seville Queen bed White,Bedroom,Beds,959.00,3021.00,2062.00,Yes,https://matrixfurnituregroup.ca/uploads/thumbs/1776717546_546762649dde4fb57e54.jpg
Matrix,2221,Seville — Nightstand,Bedroom,Nightstands,239.00,753.00,514.00,No,https://matrixfurnituregroup.ca/uploads/thumbs/1776717577_e24bd507f955ec45d673.jpg
Matrix,B2221,Seville — Queen Set,Bedroom,Bedroom Sets,2399.00,7557.00,5158.00,Yes,https://demo-oasis-six.vercel.app/assets/cutouts/0540f6ed3006d4d9.webp
Matrix,B1491,Sienna Chest Beige,Bedroom,Chests,439.00,1383.00,944.00,Yes,https://demo-oasis-six.vercel.app/assets/cutouts/971b579a9c0e3eb9.webp
Matrix,B1491,Sienna King bed Beige,Bedroom,Beds,979.00,3084.00,2105.00,Yes,https://demo-oasis-six.vercel.app/assets/cutouts/f15a2c3af582d873.webp
Matrix,B1491,Sienna Nightstand Beige,Bedroom,Nightstands,219.00,690.00,471.00,Yes,https://demo-oasis-six.vercel.app/assets/cutouts/69aa465d192497cd.webp
Matrix,B1491,Sienna Queen bed Beige,Bedroom,Beds,879.00,2769.00,1890.00,Yes,https://demo-oasis-six.vercel.app/assets/cutouts/0933fcb915081809.webp
Matrix,1491,Sienna — Nightstand,Bedroom,Nightstands,219.00,690.00,471.00,No,https://demo-oasis-six.vercel.app/assets/cutouts/69aa465d192497cd.webp
Matrix,B1051,Skylar Chest Grey,Bedroom,Chests,329.00,1036.00,707.00,Yes,https://matrixfurnituregroup.ca/uploads/thumbs/1744654145_93d445d02d8803696002.jpg
Matrix,B1051,Skylar Dresser Grey,Bedroom,Dressers,409.00,1288.00,879.00,Yes,https://matrixfurnituregroup.ca/uploads/items/1776882106_18a3e2a8e0a033df4d06.png
Matrix,B1051,Skylar Dresser mirror set Grey,Bedroom,Dressers,409.00,1288.00,879.00,Yes,https://matrixfurnituregroup.ca/uploads/thumbs/1744655500_d1a20f508733b73f9ed3.jpg
Matrix,B1051,Skylar King bed Grey,Bedroom,Beds,679.00,2139.00,1460.00,Yes,https://matrixfurnituregroup.ca/uploads/thumbs/1744654617_a4cf7aca0f5410b55a5e.jpg
Matrix,B1051,Skylar Nightstand Grey,Bedroom,Nightstands,169.00,532.00,363.00,Yes,https://matrixfurnituregroup.ca/uploads/thumbs/1744654452_2815342178e90dccfd73.jpg
Matrix,B1051,Skylar Queen bed Grey,Bedroom,Beds,579.00,1824.00,1245.00,Yes,https://matrixfurnituregroup.ca/uploads/thumbs/1744654660_2f1a797ccd720648e895.jpg
Matrix,1051,Skylar — Nightstand,Bedroom,Nightstands,169.00,532.00,363.00,No,https://matrixfurnituregroup.ca/uploads/thumbs/1744654452_2815342178e90dccfd73.jpg
Matrix,B1051,Skylar — Queen Set,Bedroom,Bedroom Sets,1649.00,5194.00,3545.00,Yes,https://matrixfurnituregroup.ca/uploads/thumbs/1744653481_072ef1de88c421393fde.jpg
Matrix,B1181,Sophia Chest Black,Bedroom,Chests,299.00,942.00,643.00,Yes,https://matrixfurnituregroup.ca/uploads/thumbs/1745345693_2812c46bed9a7dbbc6b3.jpg
Matrix,B1181,Sophia Chest Grey,Bedroom,Chests,299.00,942.00,643.00,Yes,https://matrixfurnituregroup.ca/uploads/thumbs/1745346068_0f90d73341b52d14d654.jpg
Matrix,B1181,Sophia Chest Navy,Bedroom,Chests,299.00,942.00,643.00,Yes,https://matrixfurnituregroup.ca/uploads/thumbs/1745346618_4daeea6c46518d83954f.jpg
Matrix,B1181,Sophia Dresser Black,Bedroom,Dressers,369.00,1162.00,793.00,Yes,https://matrixfurnituregroup.ca/uploads/items/1776279874_c621e7670686c29b309c.jpg
Matrix,B1181,Sophia Dresser Grey,Bedroom,Dressers,369.00,1162.00,793.00,Yes,https://matrixfurnituregroup.ca/uploads/items/1776280562_82c8aeb755c06211d09d.jpg
Matrix,B1181,Sophia Dresser Navy,Bedroom,Dressers,369.00,1162.00,793.00,Yes,https://matrixfurnituregroup.ca/uploads/items/1776281002_ecbf32691d816c354350.jpg
Matrix,B1181,Sophia Dresser mirror set Black,Bedroom,Dressers,369.00,1162.00,793.00,Yes,https://matrixfurnituregroup.ca/uploads/thumbs/1745345966_a61b96e54087de0b309a.jpg
Matrix,B1181,Sophia Dresser mirror set Grey,Bedroom,Dressers,369.00,1162.00,793.00,Yes,https://matrixfurnituregroup.ca/uploads/thumbs/1745346531_c018d08b9716433253b7.jpg
Matrix,B1181,Sophia Dresser mirror set Navy,Bedroom,Dressers,369.00,1162.00,793.00,Yes,https://matrixfurnituregroup.ca/uploads/thumbs/1745346862_039eebbfd54d85e6012c.jpg
Matrix,B1181,Sophia King bed Black,Bedroom,Beds,629.00,1981.00,1352.00,Yes,https://matrixfurnituregroup.ca/uploads/thumbs/1745345789_b7e52b61c78119f34258.jpg
Matrix,B1181,Sophia King bed Grey,Bedroom,Beds,629.00,1981.00,1352.00,Yes,https://matrixfurnituregroup.ca/uploads/thumbs/1745346231_901b741ac0d4614e4a89.jpg
Matrix,B1181,Sophia King bed Navy,Bedroom,Beds,629.00,1981.00,1352.00,Yes,https://matrixfurnituregroup.ca/uploads/thumbs/1745346763_3a5611d64b0be6a0ef3d.jpg
Matrix,B1181,Sophia Nightstand Black,Bedroom,Nightstands,149.00,469.00,320.00,Yes,https://matrixfurnituregroup.ca/uploads/thumbs/1745345718_a97cc16c32cd39b2221c.jpg
Matrix,B1181,Sophia Nightstand Grey,Bedroom,Nightstands,149.00,469.00,320.00,Yes,https://matrixfurnituregroup.ca/uploads/thumbs/1745346116_863ed71fbe5067111832.jpg
Matrix,B1181,Sophia Nightstand Navy,Bedroom,Nightstands,149.00,469.00,320.00,Yes,https://matrixfurnituregroup.ca/uploads/thumbs/1745346700_8db366a55e3df6285c6d.jpg
Matrix,B1181,Sophia Queen bed Black,Bedroom,Beds,529.00,1666.00,1137.00,Yes,https://matrixfurnituregroup.ca/uploads/thumbs/1745345916_0b8cc61d64ee1fac8092.jpg
Matrix,B1181,Sophia Queen bed Grey,Bedroom,Beds,529.00,1666.00,1137.00,Yes,https://matrixfurnituregroup.ca/uploads/thumbs/1745346423_2e90e9b82c63f8704da0.jpg
Matrix,B1181,Sophia Queen bed Navy,Bedroom,Beds,529.00,1666.00,1137.00,Yes,https://matrixfurnituregroup.ca/uploads/thumbs/1745346789_f463691a7e010010b163.jpg
Matrix,1181,Sophia — Nightstand,Bedroom,Nightstands,149.00,469.00,320.00,No,https://matrixfurnituregroup.ca/uploads/thumbs/1745345718_a97cc16c32cd39b2221c.jpg
Matrix,B1181,Sophia — Queen Set,Bedroom,Bedroom Sets,1499.00,4722.00,3223.00,Yes,https://demo-oasis-six.vercel.app/assets/cutouts/8dffb97b4af9d898.webp
Matrix,1714,Sterling,Bedroom,Beds,1699.00,5352.00,3653.00,Yes,https://demo-oasis-six.vercel.app/assets/cutouts/1433ea025971357a.webp
Matrix,1814,Sterling,Bedroom,Beds,1699.00,5352.00,3653.00,Yes,https://matrixfurnituregroup.ca/uploads/thumbs/1745262110_0a907219009ec674bc61.jpg
Matrix,1714,Sterling Chest Silver,Bedroom,Chests,299.00,942.00,643.00,Yes,https://matrixfurnituregroup.ca/uploads/thumbs/1759440541_7eb0eb78186b3e254286.jpg
Matrix,B2231,Sterling Chest Silver,Bedroom,Chests,299.00,942.00,643.00,Yes,https://matrixfurnituregroup.ca/uploads/thumbs/1775850697_e93421080d22d18090d8.jpg
Matrix,1814,Sterling Chest White,Bedroom,Chests,299.00,942.00,643.00,Yes,https://matrixfurnituregroup.ca/uploads/thumbs/1745268372_fcea6d9d5acd12e8ccce.webp
Matrix,B2231,Sterling Chest White,Bedroom,Chests,299.00,942.00,643.00,Yes,https://matrixfurnituregroup.ca/uploads/thumbs/1775851231_e0f3c9654aa0ef0027f0.jpg
Matrix,1714,Sterling Dresser Silver,Bedroom,Dressers,379.00,1194.00,815.00,Yes,https://matrixfurnituregroup.ca/uploads/items/1759439984_8f0ab48cb63d5ed42fd6.jpg
Matrix,B2231,Sterling Dresser Silver,Bedroom,Dressers,379.00,1194.00,815.00,Yes,https://matrixfurnituregroup.ca/uploads/items/1775850309_9cae6b9344894e4b7ce0.jpg
Matrix,1814,Sterling Dresser White,Bedroom,Dressers,379.00,1194.00,815.00,Yes,https://matrixfurnituregroup.ca/uploads/items/1776269459_0e59adc4b7359bb38191.png
Matrix,B2231,Sterling Dresser White,Bedroom,Dressers,379.00,1194.00,815.00,Yes,https://matrixfurnituregroup.ca/uploads/items/1776866339_a1b8698eb55b4526cb7b.jpg
Matrix,1714,Sterling Dresser mirror set Silver,Bedroom,Dressers,379.00,1194.00,815.00,Yes,https://matrixfurnituregroup.ca/uploads/thumbs/1746124302_783da9fe8e77bc80168d.jpg
Matrix,1814,Sterling Dresser mirror set White,Bedroom,Dressers,379.00,1194.00,815.00,Yes,https://matrixfurnituregroup.ca/uploads/thumbs/1760022222_60892193385f3f2b79d2.jpg
Matrix,1714,Sterling King bed Silver,Bedroom,Beds,829.00,2611.00,1782.00,Yes,https://matrixfurnituregroup.ca/uploads/thumbs/1745267222_0957b96e2eb60c5a7d7b.jpg
Matrix,B2231,Sterling King bed Silver,Bedroom,Beds,829.00,2611.00,1782.00,Yes,https://matrixfurnituregroup.ca/uploads/thumbs/1775850629_175e479d54bccc2c91f1.jpg
Matrix,1814,Sterling King bed White,Bedroom,Beds,829.00,2611.00,1782.00,Yes,https://matrixfurnituregroup.ca/uploads/thumbs/1745268760_5e14113a33a7edd433b9.webp
Matrix,B2231,Sterling King bed White,Bedroom,Beds,829.00,2611.00,1782.00,Yes,https://matrixfurnituregroup.ca/uploads/thumbs/1775851478_3db22579b815aeb00d22.jpg
Matrix,1714,Sterling Nightstand Silver,Bedroom,Nightstands,149.00,469.00,320.00,Yes,https://matrixfurnituregroup.ca/uploads/thumbs/1759440556_5480ae784f985b3ed356.jpg
Matrix,B2231,Sterling Nightstand Silver,Bedroom,Nightstands,149.00,469.00,320.00,Yes,https://matrixfurnituregroup.ca/uploads/thumbs/1775850674_41e07fcb5e4aba78b107.jpg
Matrix,1814,Sterling Nightstand White,Bedroom,Nightstands,149.00,469.00,320.00,Yes,https://matrixfurnituregroup.ca/uploads/thumbs/1771449812_8bd33a3280a25bd21bb4.jpg
Matrix,B2231,Sterling Nightstand White,Bedroom,Nightstands,149.00,469.00,320.00,Yes,https://matrixfurnituregroup.ca/uploads/thumbs/1775851262_9d7548856cf2352a75de.jpg
Matrix,1714,Sterling Queen bed Silver,Bedroom,Beds,729.00,2296.00,1567.00,Yes,https://matrixfurnituregroup.ca/uploads/thumbs/1745267311_5290e013d655644d0a4b.jpg
Matrix,B2231,Sterling Queen bed Silver,Bedroom,Beds,729.00,2296.00,1567.00,Yes,https://matrixfurnituregroup.ca/uploads/thumbs/1775851342_cf911d6770af73085b59.jpg
Matrix,1814,Sterling Queen bed White,Bedroom,Beds,729.00,2296.00,1567.00,Yes,https://matrixfurnituregroup.ca/uploads/thumbs/1745268809_911d5d74f72d63f7a349.webp
Matrix,B2231,Sterling Queen bed White,Bedroom,Beds,729.00,2296.00,1567.00,Yes,https://matrixfurnituregroup.ca/uploads/thumbs/1775851464_787e3f9166027b3fb249.jpg
Matrix,B2231,Sterling dresser mirror set Silver,Bedroom,Dressers,379.00,1194.00,815.00,Yes,https://matrixfurnituregroup.ca/uploads/thumbs/1775850286_a08f633552b3905394ed.jpg
Matrix,B2231,Sterling dresser mirror set White,Bedroom,Dressers,379.00,1194.00,815.00,Yes,https://matrixfurnituregroup.ca/uploads/thumbs/1775851280_2788600db6ae7fc7b198.jpg
Matrix,2231,Sterling — Nightstand,Bedroom,Nightstands,149.00,469.00,320.00,No,https://matrixfurnituregroup.ca/uploads/thumbs/1775850674_41e07fcb5e4aba78b107.jpg
Matrix,B2231,Sterling — Queen Set,Bedroom,Bedroom Sets,1699.00,5352.00,3653.00,Yes,https://demo-oasis-six.vercel.app/assets/cutouts/dac40280753a439a.webp
Matrix,B2021,Sydney Chest Grey,Bedroom,Chests,359.00,1131.00,772.00,Yes,https://demo-oasis-six.vercel.app/assets/cutouts/addcf998170eaa78.webp
Matrix,B2021,Sydney Dresser Grey,Bedroom,Dressers,449.00,1414.00,965.00,Yes,https://demo-oasis-six.vercel.app/assets/cutouts/0f74d0f7fdb1c569.webp
Matrix,B2021,Sydney Dresser mirror set Grey,Bedroom,Dressers,449.00,1414.00,965.00,Yes,https://demo-oasis-six.vercel.app/assets/cutouts/49506e1c2a48d611.webp
Matrix,B2021,Sydney King bed Grey,Bedroom,Beds,819.00,2580.00,1761.00,Yes,https://demo-oasis-six.vercel.app/assets/cutouts/d24ac489206a79e0.webp
Matrix,B2021,Sydney Queen bed Grey,Bedroom,Beds,719.00,2265.00,1546.00,Yes,https://demo-oasis-six.vercel.app/assets/cutouts/1e76fa6a9bcb9b3c.webp
Matrix,2021,Sydney — Nightstand,Bedroom,Nightstands,179.00,564.00,385.00,No,https://demo-oasis-six.vercel.app/assets/cutouts/f172563e6a985f9a.webp
Matrix,B2021,Sydney — Queen Set,Bedroom,Bedroom Sets,1799.00,5667.00,3868.00,Yes,https://demo-oasis-six.vercel.app/assets/cutouts/d08eb54a0fe06612.webp
Matrix,B2071,Talia Chest Black,Bedroom,Chests,419.00,1320.00,901.00,Yes,https://matrixfurnituregroup.ca/uploads/thumbs/1744329117_b297fed98bda50bc49d0.jpg
Matrix,B2071,Talia Chest White,Bedroom,Chests,419.00,1320.00,901.00,Yes,https://matrixfurnituregroup.ca/uploads/thumbs/1744328717_cea35035d16c0a36c1c9.jpg
Matrix,B2071,Talia Dresser Black,Bedroom,Dressers,529.00,1666.00,1137.00,Yes,https://matrixfurnituregroup.ca/uploads/items/1776789779_87f472460a18e2af425c.jpg
Matrix,B2071,Talia Dresser White,Bedroom,Dressers,529.00,1666.00,1137.00,Yes,https://matrixfurnituregroup.ca/uploads/items/1776790128_9661e04b3aa3723adbbc.jpg
Matrix,B2071,Talia Dresser mirror set Black,Bedroom,Dressers,529.00,1666.00,1137.00,Yes,https://matrixfurnituregroup.ca/uploads/thumbs/1744329325_762c0cb8679dade6104d.jpg
Matrix,B2071,Talia Dresser mirror set White,Bedroom,Dressers,529.00,1666.00,1137.00,Yes,https://matrixfurnituregroup.ca/uploads/thumbs/1744329004_d4273675f9ebae598f42.jpg
Matrix,B2071,Talia King bed Black,Bedroom,Beds,939.00,2958.00,2019.00,Yes,https://matrixfurnituregroup.ca/uploads/thumbs/1744329155_e18fd3bebd6ad64c77f4.jpg
Matrix,B2071,Talia King bed White,Bedroom,Beds,939.00,2958.00,2019.00,Yes,https://matrixfurnituregroup.ca/uploads/thumbs/1744328786_2d5213d5a65918b8ba79.jpg
Matrix,B2071,Talia Nightstand Black,Bedroom,Nightstands,209.00,658.00,449.00,Yes,https://matrixfurnituregroup.ca/uploads/thumbs/1744329128_99cc282b524af164317c.jpg
Matrix,B2071,Talia Nightstand White,Bedroom,Nightstands,209.00,658.00,449.00,Yes,https://matrixfurnituregroup.ca/uploads/thumbs/1744328737_07e9334020417edf037e.jpg
Matrix,B2071,Talia Queen bed Black,Bedroom,Beds,839.00,2643.00,1804.00,Yes,https://matrixfurnituregroup.ca/uploads/thumbs/1744329189_313e55bad757bd731a97.jpg
Matrix,B2071,Talia Queen bed White,Bedroom,Beds,839.00,2643.00,1804.00,Yes,https://matrixfurnituregroup.ca/uploads/thumbs/1744328810_85cb263a4c475d6df9ab.jpg
Matrix,2071,Talia — Nightstand,Bedroom,Nightstands,209.00,658.00,449.00,No,https://matrixfurnituregroup.ca/uploads/thumbs/1744329128_99cc282b524af164317c.jpg
Matrix,B2071,Talia — Queen Set,Bedroom,Bedroom Sets,2099.00,6612.00,4513.00,Yes,https://matrixfurnituregroup.ca/uploads/thumbs/1744328862_caaeac19440bb48ab572.jpg
Matrix,B1951,Treasure Chest Grey,Bedroom,Chests,419.00,1320.00,901.00,Yes,https://matrixfurnituregroup.ca/uploads/thumbs/1775829608_5b4c6d08d7fbffacdcc0.png
Matrix,B1951,Treasure Chest White,Bedroom,Chests,419.00,1320.00,901.00,Yes,https://matrixfurnituregroup.ca/uploads/thumbs/1775830350_7dbc48d9813fe3b2048d.png
Matrix,B1951,Treasure Dresser Grey,Bedroom,Dressers,519.00,1635.00,1116.00,Yes,https://matrixfurnituregroup.ca/uploads/items/1775830167_a1d49d7cbf909dc73e9b.png
Matrix,B1951,Treasure Dresser White,Bedroom,Dressers,519.00,1635.00,1116.00,Yes,https://matrixfurnituregroup.ca/uploads/items/1775830938_249793cca5de85a0272b.png
Matrix,B1951,Treasure Dresser mirror  set Grey,Bedroom,Dressers,519.00,1635.00,1116.00,Yes,https://matrixfurnituregroup.ca/uploads/thumbs/1775831399_30b210216ce249049d96.png
Matrix,1951,Treasure — Nightstand,Bedroom,Nightstands,209.00,658.00,449.00,No,https://matrixfurnituregroup.ca/uploads/thumbs/1775829673_6d52ca363e05ccc588d9.png
Matrix,B1951,Treasure — Queen Set,Bedroom,Bedroom Sets,2099.00,6612.00,4513.00,Yes,https://demo-oasis-six.vercel.app/assets/cutouts/e900800f4dda5293.webp
Matrix,B1921,Venice Chest Grey,Bedroom,Chests,479.00,1509.00,1030.00,Yes,https://matrixfurnituregroup.ca/uploads/thumbs/1743533728_50a53374a94c3e07bedd.jpg
Matrix,B1921,Venice Dresser Grey,Bedroom,Dressers,599.00,1887.00,1288.00,Yes,https://demo-oasis-six.vercel.app/assets/cutouts/81ac1a8a7278866d.webp
Matrix,B1921,Venice Dresser mirror set Grey,Bedroom,Dressers,599.00,1887.00,1288.00,Yes,https://matrixfurnituregroup.ca/uploads/thumbs/1743537013_269f6de958cff9cee26d.jpg
Matrix,B1921,Venice King bed Grey,Bedroom,Beds,1139.00,3588.00,2449.00,Yes,https://matrixfurnituregroup.ca/uploads/thumbs/1743534484_3a96c673d3572b072b4d.jpg
Matrix,B1921,Venice Nightstand Grey,Bedroom,Nightstands,239.00,753.00,514.00,Yes,https://matrixfurnituregroup.ca/uploads/thumbs/1743534241_cb7774439f78ad2d7470.jpg
Matrix,B1921,Venice Queen bed Grey,Bedroom,Beds,959.00,3021.00,2062.00,Yes,https://matrixfurnituregroup.ca/uploads/thumbs/1743535000_c23be7d028ae5ec2ea75.jpg
Matrix,1921,Venice — Nightstand,Bedroom,Nightstands,239.00,753.00,514.00,No,https://matrixfurnituregroup.ca/uploads/thumbs/1743534241_cb7774439f78ad2d7470.jpg
Matrix,B1921,Venice — Queen Set,Bedroom,Bedroom Sets,2399.00,7557.00,5158.00,Yes,https://demo-oasis-six.vercel.app/assets/cutouts/288da1542dd9a47f.webp
Matrix,B2211,Versailles Chest Dark walnut,Bedroom,Chests,439.00,1383.00,944.00,Yes,https://matrixfurnituregroup.ca/uploads/thumbs/1775852041_572519d8ca9c013e7154.jpg
Matrix,B2211,Versailles Dresser Dark Walnut,Bedroom,Dressers,549.00,1729.00,1180.00,Yes,https://matrixfurnituregroup.ca/uploads/items/1776803629_d630fd9120486a59a57f.png
Matrix,B2211,Versailles Dresser mirror set  dark walnut,Bedroom,Dressers,549.00,1729.00,1180.00,Yes,https://matrixfurnituregroup.ca/uploads/thumbs/1776804181_e9c1a3041bf5f8a04a90.png
Matrix,B2211,Versailles King bed Dark walnut,Bedroom,Beds,979.00,3084.00,2105.00,Yes,https://matrixfurnituregroup.ca/uploads/thumbs/1776803883_1311a2e0c83417af8c2a.png
Matrix,B2211,Versailles Queen bed Dark walnut,Bedroom,Beds,879.00,2769.00,1890.00,Yes,https://matrixfurnituregroup.ca/uploads/thumbs/1776804093_45d2328e919c6b3c3591.png
Matrix,B2211,Versailles — Queen Set,Bedroom,Bedroom Sets,2199.00,6927.00,4728.00,Yes,https://demo-oasis-six.vercel.app/assets/cutouts/d993425b83b3fe73.webp
Matrix,2211,Versaills — Nightstand,Bedroom,Nightstands,219.00,690.00,471.00,No,https://matrixfurnituregroup.ca/uploads/thumbs/1775852106_47b517f6ce8a74deb9db.jpg
Matrix,B1891,Zain Chest Grey angly White,Bedroom,Chests,399.00,1257.00,858.00,Yes,https://matrixfurnituregroup.ca/uploads/thumbs/1744326826_4f891fbe19d36822f9bc.jpg
Matrix,B1891,Zain Dresser Grey Angly White,Bedroom,Dressers,499.00,1572.00,1073.00,Yes,https://demo-oasis-six.vercel.app/assets/cutouts/6f2d5cd625c1d6b6.webp
Matrix,B1891,Zain Dresser mirror set Grey angly White,Bedroom,Dressers,499.00,1572.00,1073.00,Yes,https://matrixfurnituregroup.ca/uploads/thumbs/1760022869_3c2197d3c3ac920013e5.jpg
Matrix,B1891,Zain King bed Grey angly White,Bedroom,Beds,899.00,2832.00,1933.00,Yes,https://matrixfurnituregroup.ca/uploads/thumbs/1744326851_6f844309402316bf5ac0.jpg
Matrix,B1891,Zain Nightstand Grey angly White,Bedroom,Nightstands,199.00,627.00,428.00,Yes,https://matrixfurnituregroup.ca/uploads/thumbs/1760020957_0152033db10475fe1fe8.jpg
Matrix,B1891,Zain Queen bed Grey angly White,Bedroom,Beds,799.00,2517.00,1718.00,Yes,https://matrixfurnituregroup.ca/uploads/thumbs/1744326863_702bbe634e4addd608c3.jpg
Matrix,1891,Zain — Nightstand,Bedroom,Nightstands,199.00,627.00,428.00,No,https://matrixfurnituregroup.ca/uploads/thumbs/1760020957_0152033db10475fe1fe8.jpg
Matrix,B1891,Zain — Queen Set,Bedroom,Bedroom Sets,1999.00,6297.00,4298.00,Yes,https://demo-oasis-six.vercel.app/assets/cutouts/6540de5742bfd16c.webp
Matrix,B1531,Zoya King bed Black,Bedroom,Beds,1199.00,3777.00,2578.00,Yes,https://matrixfurnituregroup.ca/uploads/thumbs/1771355907_803fbfb117a71bfff520.jpg
Matrix,B1531,Zoya Queen bed Black,Bedroom,Beds,1099.00,3462.00,2363.00,Yes,https://matrixfurnituregroup.ca/uploads/thumbs/1771355930_57e8a8e4f9109c5ac89f.jpg
Matrix,B1941,elara King bed  grey,Bedroom,Beds,699.00,2202.00,1503.00,Yes,https://matrixfurnituregroup.ca/uploads/thumbs/1776701364_136e7039c414c987700b.jpg
Matrix,B2011,Aria Mirror Beige,Decor,Mirrors,379.00,1194.00,815.00,Yes,https://demo-oasis-six.vercel.app/assets/cutouts/319a0919e8c82ac8.webp
Matrix,B2031,Bronco Mirror Grey,Decor,Mirrors,429.00,1351.00,922.00,Yes,https://demo-oasis-six.vercel.app/assets/cutouts/75b0aae50395d9ce.webp
Matrix,B1551,Daisy Mirror Taupe,Decor,Mirrors,479.00,1509.00,1030.00,Yes,
Matrix,B2041,Highlandcolorado Mirror Grey,Decor,Mirrors,429.00,1351.00,922.00,Yes,https://demo-oasis-six.vercel.app/assets/cutouts/bc98fe9b17a27c6c.webp
Matrix,B2041,Highlandcolorado Mirror White,Decor,Mirrors,429.00,1351.00,922.00,Yes,https://demo-oasis-six.vercel.app/assets/cutouts/6ceeaac32db4ff9f.webp
Matrix,B2411,Hugo Mirror Light Grey,Decor,Lighting,439.00,1383.00,944.00,Yes,
Matrix,B2201,Olympia Mirror Grey,Decor,Mirrors,549.00,1729.00,1180.00,Yes,https://matrixfurnituregroup.ca/uploads/items/1766175588_9d58d07832864fe81a93.jpg
Matrix,D1870,Atlantis,Dining,Dining Sets,1899.00,5982.00,4083.00,Yes,https://demo-oasis-six.vercel.app/assets/cutouts/b9c0104ce0c8b572.webp
Matrix,D1870,Atlantis Chairs Grey   2pcs/ctn,Dining,Dining Chairs,150.00,472.00,322.00,Yes,https://matrixfurnituregroup.ca/uploads/thumbs/1743627278_350d61b229fbd02c6693.jpg
Matrix,D1870,Atlantis Dining table Marble Aluminium,Dining,Dining Tables,999.00,3147.00,2148.00,Yes,https://demo-oasis-six.vercel.app/assets/cutouts/082ce86f2b2a3fc9.webp
Matrix,D1530,Ayla Dining table,Dining,Dining Tables,749.00,2359.00,1610.00,Yes,https://demo-oasis-six.vercel.app/assets/cutouts/c8f7463acdc4ca41.webp
Matrix,D1640,Aylin Dining table,Dining,Dining Tables,849.00,2674.00,1825.00,Yes,https://matrixfurnituregroup.ca/uploads/thumbs/1760027790_c10346aad1330f47c0bc.jpg
Matrix,D1360,Bailey Dining table Glass Chrome,Dining,Dining Tables,599.00,1887.00,1288.00,Yes,https://demo-oasis-six.vercel.app/assets/cutouts/f189784ef53dc9b0.webp
Matrix,D1810,Cora,Dining,Dining Sets,1199.00,3777.00,2578.00,Yes,https://demo-oasis-six.vercel.app/assets/cutouts/607af98d0409af9f.webp
Matrix,D1810,Cora Chair Dark espresso   2pcs/ctn,Dining,Dining Chairs,115.00,362.00,247.00,Yes,https://matrixfurnituregroup.ca/uploads/thumbs/1743782617_068e06c12ac57f662fe4.jpg
Matrix,D1810,Cora Dining table Dark espresso,Dining,Dining Tables,509.00,1603.00,1094.00,Yes,https://matrixfurnituregroup.ca/uploads/thumbs/1777997870_14a68a1eb53f7530fd88.jpg
Matrix,D1900,Everly Chair Champagne Gold,Dining,Dining Chairs,280.00,882.00,602.00,Yes,https://demo-oasis-six.vercel.app/assets/cutouts/278bea0f80950d20.webp
Matrix,D1900,Everly Dining table White,Dining,Dining Tables,1099.00,3462.00,2363.00,Yes,https://demo-oasis-six.vercel.app/assets/cutouts/9d9f7e46a92f6eab.webp
Matrix,D1555,Lilly,Dining,Dining Sets,749.00,2359.00,1610.00,Yes,https://demo-oasis-six.vercel.app/assets/cutouts/932e954fde862bce.webp
Matrix,D1555,Lilly Chair Grey   2pcs/ctn,Dining,Dining Chairs,72.00,227.00,155.00,Yes,https://matrixfurnituregroup.ca/uploads/thumbs/1743792659_4d48f19a4f2776802bc0.jpg
Matrix,D1555,Lilly Table w/6 drawer Grey,Dining,Dining Tables,369.00,1162.00,793.00,Yes,https://demo-oasis-six.vercel.app/assets/cutouts/b6b82a3860a7dba4.webp
Matrix,D1860,Lou Chair Cream Grey   2pcs/ctn,Dining,Dining Chairs,99.00,312.00,213.00,Yes,https://matrixfurnituregroup.ca/uploads/thumbs/1743781298_74a845cf0e259de19ef8.jpg
Matrix,D1860,Lou Dining table,Dining,Dining Tables,649.00,2044.00,1395.00,Yes,https://matrixfurnituregroup.ca/uploads/thumbs/1777994384_032fa0b100e261c5710b.jpg
Matrix,D1790,Madrid,Dining,Dining Sets,2199.00,6927.00,4728.00,Yes,https://demo-oasis-six.vercel.app/assets/cutouts/c16fd0fffa0f50c6.webp
Matrix,D1790,Madrid Chair Graphite   2pcs/ctn,Dining,Dining Chairs,199.00,627.00,428.00,Yes,https://demo-oasis-six.vercel.app/assets/cutouts/56fc458fa5d8d22a.webp
Matrix,D1790,Madrid Dining table,Dining,Dining Tables,999.00,3147.00,2148.00,Yes,https://matrixfurnituregroup.ca/uploads/thumbs/1778688271_26d2b1ee16ed88d47772.jpg
Matrix,D1820,Mae,Dining,Dining Sets,1199.00,3777.00,2578.00,Yes,https://demo-oasis-six.vercel.app/assets/cutouts/6bb256f4ee4c9536.webp
Matrix,D1820,Mae Chair Brown   2pcs/ctn,Dining,Dining Chairs,115.00,362.00,247.00,Yes,https://matrixfurnituregroup.ca/uploads/thumbs/1743781635_1dd231ebb1ef506b3e92.jpg
Matrix,D1820,Mae Dining table  Brown,Dining,Dining Tables,509.00,1603.00,1094.00,Yes,https://matrixfurnituregroup.ca/uploads/thumbs/1743781679_08e348f445429606292e.jpg
Matrix,D1930,Max Chair Grey,Dining,Dining Chairs,160.00,504.00,344.00,Yes,https://demo-oasis-six.vercel.app/assets/cutouts/a6010809b8012903.webp
Matrix,D1930,Max Dining table Marble,Dining,Dining Tables,399.00,1257.00,858.00,Yes,https://demo-oasis-six.vercel.app/assets/cutouts/faa0bf98c547cedb.webp
Matrix,D1460,Maya Dining table,Dining,Dining Tables,699.00,2202.00,1503.00,Yes,https://demo-oasis-six.vercel.app/assets/cutouts/9ad0a00cfff28bfe.webp
Matrix,D1660,Maya Dining table,Dining,Dining Tables,749.00,2359.00,1610.00,Yes,https://demo-oasis-six.vercel.app/assets/cutouts/3670c556ff48f188.webp
Matrix,D760,Milan,Dining,Dining Sets,1399.00,4407.00,3008.00,Yes,https://demo-oasis-six.vercel.app/assets/cutouts/49a629f429669f49.webp
Matrix,D760,Milan Dining table White Chrome,Dining,Dining Tables,499.00,1572.00,1073.00,Yes,https://demo-oasis-six.vercel.app/assets/cutouts/3823852713109c9b.webp
Matrix,D760,Milan Side chair White Chrome   2pcs/ctn,Dining,Dining Chairs,149.00,469.00,320.00,Yes,https://demo-oasis-six.vercel.app/assets/cutouts/a8d4768f86485548.webp
Matrix,D1470,Molly,Dining,Dining Sets,1249.00,3934.00,2685.00,Yes,https://demo-oasis-six.vercel.app/assets/cutouts/d75a8c5ef3a27476.webp
Matrix,D1470,Molly Arm chair Brown   2pcs/ctn,Dining,Dining Chairs,105.00,331.00,226.00,Yes,https://matrixfurnituregroup.ca/uploads/thumbs/1743783422_64202838844db186e635.jpg
Matrix,D1470,Molly Dining set Brown,Dining,Dining Tables,599.00,1887.00,1288.00,Yes,https://demo-oasis-six.vercel.app/assets/cutouts/6bd06a69886f1112.webp
Matrix,D1470,Molly dining table,Dining,Dining Tables,599.00,1887.00,1288.00,Yes,https://demo-oasis-six.vercel.app/assets/cutouts/646bdcaa0efaef24.webp
Matrix,D1490T,Norah,Dining,Dining Sets,1299.00,4092.00,2793.00,Yes,https://demo-oasis-six.vercel.app/assets/cutouts/c6d23feaf459eefb.webp
Matrix,D1910,Parker Chair Grey,Dining,Dining Chairs,160.00,504.00,344.00,Yes,https://demo-oasis-six.vercel.app/assets/cutouts/9150cf46e9e9039c.webp
Matrix,D1910,Parker Dining table Milky white,Dining,Dining Tables,749.00,2359.00,1610.00,Yes,https://demo-oasis-six.vercel.app/assets/cutouts/f0b04390900303f5.webp
Matrix,D660,Pauline Swivel side chair Grey Brown   2pcs/ctn,Dining,Dining Chairs,88.00,277.00,189.00,Yes,https://matrixfurnituregroup.ca/uploads/thumbs/1743791550_948fab994d7e1f48fe74.jpg
Matrix,D1560,Remi Dining table Marble Chrome,Dining,Dining Tables,749.00,2359.00,1610.00,Yes,https://demo-oasis-six.vercel.app/assets/cutouts/4ce45fe9a29df34b.webp
Matrix,D1920,Rene Chair Grey gold,Dining,Dining Chairs,160.00,504.00,344.00,Yes,https://demo-oasis-six.vercel.app/assets/cutouts/17b9fe6666b8e55c.webp
Matrix,D1920,Rene Dining table Marble,Dining,Dining Tables,399.00,1257.00,858.00,Yes,https://demo-oasis-six.vercel.app/assets/cutouts/e39548aeb3ffa867.webp
Matrix,L6125,Aida,Living Room,Living Sets,1699.00,5352.00,3653.00,Yes,https://demo-oasis-six.vercel.app/assets/cutouts/92b29f0196425179.webp
Matrix,L6125,Aida Chair Taupe,Living Room,Chairs,389.00,1225.00,836.00,Yes,https://matrixfurnituregroup.ca/uploads/thumbs/1766438712_a8c44357617afd434e7b.jpg
Matrix,L6125,Aida Love seat Taupe,Living Room,Loveseats,599.00,1887.00,1288.00,Yes,https://matrixfurnituregroup.ca/uploads/thumbs/1766438730_0216ff0d295412995ff6.jpg
Matrix,L6125,Aida Sofa Taupe,Living Room,Sofas,719.00,2265.00,1546.00,Yes,https://matrixfurnituregroup.ca/uploads/thumbs/1766438752_5b03d4b4337165dcca85.jpg
Matrix,L2865,Amiyah,Living Room,Sectionals,3099.00,9762.00,6663.00,Yes,https://demo-oasis-six.vercel.app/assets/cutouts/23ca6a3d59d69ab3.webp
Matrix,L1865,Amiyah Chair Beige,Living Room,Chairs,709.00,2233.00,1524.00,Yes,https://matrixfurnituregroup.ca/uploads/thumbs/1744322765_68ffae3eb0fe39d68ed5.jpg
Matrix,L1865,Amiyah Chair Grey,Living Room,Chairs,709.00,2233.00,1524.00,Yes,https://matrixfurnituregroup.ca/uploads/thumbs/1744322583_74ad1d0647d039fc72dc.jpg
Matrix,L1865,Amiyah Loveseat Beige,Living Room,Loveseats,1089.00,3430.00,2341.00,Yes,https://matrixfurnituregroup.ca/uploads/thumbs/1744322777_b2b6aafbd48971df00dd.jpg
Matrix,L1865,Amiyah Loveseat Grey,Living Room,Loveseats,1089.00,3430.00,2341.00,Yes,https://matrixfurnituregroup.ca/uploads/thumbs/1744322593_d70aebe8a3323198adb4.jpg
Matrix,1530,Ayla Coffee table,Living Room,Coffee Tables,749.00,2359.00,1610.00,Yes,https://demo-oasis-six.vercel.app/assets/cutouts/fe257cfd201cf15f.webp
Matrix,L2625,Blaire,Living Room,Living Sets,1449.00,4564.00,3115.00,Yes,https://demo-oasis-six.vercel.app/assets/cutouts/c434bc4dffe1db34.webp
Matrix,L2625,Blaire Chair Beige,Living Room,Chairs,339.00,1068.00,729.00,Yes,https://matrixfurnituregroup.ca/uploads/thumbs/1778860742_506767632c328d80ea38.jpg
Matrix,L2625,Blaire Love seat Beige,Living Room,Loveseats,509.00,1603.00,1094.00,Yes,https://matrixfurnituregroup.ca/uploads/thumbs/1778864529_2902480ce0ee73c05d15.jpg
Matrix,L2625,Blaire Sofa Beige,Living Room,Sofas,609.00,1918.00,1309.00,Yes,https://matrixfurnituregroup.ca/uploads/thumbs/1778864463_4d47ca74b748f6da9cc8.jpg
Matrix,L6025,Blaise,Living Room,Living Sets,2049.00,6454.00,4405.00,Yes,https://demo-oasis-six.vercel.app/assets/cutouts/a4c7c1b3c6649b52.webp
Matrix,L6025,Blaise Chair Cream,Living Room,Chairs,479.00,1509.00,1030.00,Yes,https://matrixfurnituregroup.ca/uploads/thumbs/1778857069_3b68d3b0c501a53240b1.jpg
Matrix,L6025,Blaise Love seat Cream,Living Room,Loveseats,719.00,2265.00,1546.00,Yes,https://matrixfurnituregroup.ca/uploads/thumbs/1778857155_1234a39534735f72c28f.jpg
Matrix,L6025,Blaise Sofa Cream,Living Room,Sofas,859.00,2706.00,1847.00,Yes,https://matrixfurnituregroup.ca/uploads/thumbs/1778857563_85b0f30b97a58bb1362e.jpg
Matrix,L8225,Bona,Living Room,Living Sets,1999.00,6297.00,4298.00,Yes,https://matrixfurnituregroup.ca/uploads/thumbs/1744153301_f2c02a1c48d7991942bb.jpg
Matrix,L8225,Bona Chair Beige,Living Room,Chairs,459.00,1446.00,987.00,Yes,https://matrixfurnituregroup.ca/uploads/thumbs/1744152159_e19b66d7ff743ae65228.jpg
Matrix,L8225,Bona Love seat Beige,Living Room,Loveseats,699.00,2202.00,1503.00,Yes,https://matrixfurnituregroup.ca/uploads/thumbs/1744152512_7cbf0d6eb4531252426d.jpg
Matrix,L8225,Bona Sofa Beige,Living Room,Sofas,839.00,2643.00,1804.00,Yes,https://matrixfurnituregroup.ca/uploads/thumbs/1744152679_ef6c34edb68e424b4ebf.jpg
Matrix,L2975,Boomer Chair Chocolate,Living Room,Chairs,489.00,1540.00,1051.00,Yes,https://matrixfurnituregroup.ca/uploads/thumbs/1776196000_33d1ef416ed06f22b8ad.jpg
Matrix,L2975,Boomer Chair Stone,Living Room,Chairs,489.00,1540.00,1051.00,Yes,https://matrixfurnituregroup.ca/uploads/thumbs/1776196457_feeaffba62c221986899.jpg
Matrix,L2975,Boomer Love seat Chocolate,Living Room,Loveseats,739.00,2328.00,1589.00,Yes,https://matrixfurnituregroup.ca/uploads/thumbs/1776196227_cce4faa290d9cfd2f69f.jpg
Matrix,L2975,Boomer Love seat Stone,Living Room,Loveseats,739.00,2328.00,1589.00,Yes,https://matrixfurnituregroup.ca/uploads/thumbs/1776196521_cf8d72c61a28468c142d.jpg
Matrix,L2975,Boomer Sofa Chocolate,Living Room,Sofas,889.00,2800.00,1911.00,Yes,https://matrixfurnituregroup.ca/uploads/thumbs/1776196276_22efe8a08dd4f7ce5528.jpg
Matrix,L2975,Boomer Sofa Stone,Living Room,Sofas,889.00,2800.00,1911.00,Yes,https://matrixfurnituregroup.ca/uploads/thumbs/1776196585_61fe078b27084cb332c4.jpg
Matrix,2975,Boomer — 3-Pc Set,Living Room,Sofas,2099.00,6612.00,4513.00,No,https://matrixfurnituregroup.ca/uploads/thumbs/1776196276_22efe8a08dd4f7ce5528.jpg
Matrix,L8525,Caroline,Living Room,Living Sets,2699.00,8502.00,5803.00,Yes,https://matrixfurnituregroup.ca/uploads/thumbs/1744746426_267c17c80c8bc0415217.jpg
Matrix,L8525,Caroline Chair Light grey,Living Room,Chairs,619.00,1950.00,1331.00,Yes,https://matrixfurnituregroup.ca/uploads/thumbs/1744746781_73e7b77bad0cab47e166.jpg
Matrix,L8525,Caroline Love seat Light grey,Living Room,Loveseats,949.00,2989.00,2040.00,Yes,https://matrixfurnituregroup.ca/uploads/thumbs/1744746924_63aeeba2ce47ae528ff1.jpg
Matrix,L8525,Caroline Sofa Light grey,Living Room,Sofas,1139.00,3588.00,2449.00,Yes,https://matrixfurnituregroup.ca/uploads/thumbs/1744746952_cc00f066f064da6a8bfe.jpg
Matrix,L8625,Chateau,Living Room,Living Sets,2399.00,7557.00,5158.00,Yes,https://demo-oasis-six.vercel.app/assets/cutouts/d058f8af4c8378bb.webp
Matrix,L8625,Chateau Chair Beige,Living Room,Chairs,559.00,1761.00,1202.00,Yes,https://demo-oasis-six.vercel.app/assets/cutouts/15f15a82e94f8219.webp
Matrix,L8625,Chateau Love seat Beige,Living Room,Loveseats,839.00,2643.00,1804.00,Yes,https://demo-oasis-six.vercel.app/assets/cutouts/d8685d70c5036fd6.webp
Matrix,L8625,Chateau Sofa Beige,Living Room,Sofas,1009.00,3178.00,2169.00,Yes,https://demo-oasis-six.vercel.app/assets/cutouts/9c33c81954c901cd.webp
Matrix,L3665,Comfort Chair Cream,Living Room,Chairs,329.00,1036.00,707.00,Yes,https://matrixfurnituregroup.ca/uploads/thumbs/1776197252_1b133aeb33adc89662ea.jpg
Matrix,L3665,Comfort Chair Grey,Living Room,Chairs,329.00,1036.00,707.00,Yes,https://matrixfurnituregroup.ca/uploads/thumbs/1776197493_22435d3783ab79f87d68.jpg
Matrix,L3665,Comfort Love seat Cream,Living Room,Loveseats,499.00,1572.00,1073.00,Yes,https://matrixfurnituregroup.ca/uploads/thumbs/1744141181_27d8d6c583653f186205.jpg
Matrix,L3665,Comfort Love seat Grey,Living Room,Loveseats,499.00,1572.00,1073.00,Yes,https://matrixfurnituregroup.ca/uploads/thumbs/1776197610_c50a03f9450e1e5504b4.jpg
Matrix,L3665,Comfort Sofa Cream,Living Room,Sofas,599.00,1887.00,1288.00,Yes,https://matrixfurnituregroup.ca/uploads/thumbs/1744141319_39f8dc5d0edc7da67849.jpg
Matrix,L3665,Comfort Sofa Grey,Living Room,Sofas,599.00,1887.00,1288.00,Yes,https://matrixfurnituregroup.ca/uploads/thumbs/1776197656_4dd3c9af0d00ff00d855.jpg
Matrix,3665,Comfort — 3-Pc Set,Living Room,Sofas,1429.00,4501.00,3072.00,No,https://matrixfurnituregroup.ca/uploads/thumbs/1744141319_39f8dc5d0edc7da67849.jpg
Matrix,L8125,Contessa,Living Room,Living Sets,1999.00,6297.00,4298.00,Yes,https://matrixfurnituregroup.ca/uploads/thumbs/1744221850_db251eb0c63191212750.jpg
Matrix,L8125,Contessa Chair Beige,Living Room,Chairs,459.00,1446.00,987.00,Yes,https://matrixfurnituregroup.ca/uploads/thumbs/1744213174_b496ca3b19c6352227bf.jpg
Matrix,L8125,Contessa Chair Grey,Living Room,Chairs,459.00,1446.00,987.00,Yes,https://matrixfurnituregroup.ca/uploads/thumbs/1744214705_76ecf4c1b8ab3f04c83f.jpg
Matrix,L8125,Contessa Love seat Beige,Living Room,Loveseats,699.00,2202.00,1503.00,Yes,https://matrixfurnituregroup.ca/uploads/thumbs/1744213576_904f4c60c6ca83538e5e.jpg
Matrix,L8125,Contessa Love seat Grey,Living Room,Loveseats,699.00,2202.00,1503.00,Yes,https://matrixfurnituregroup.ca/uploads/thumbs/1744215189_4be6abeba0699ae90d2e.jpg
Matrix,L8125,Contessa Sofa Beige,Living Room,Sofas,839.00,2643.00,1804.00,Yes,https://matrixfurnituregroup.ca/uploads/thumbs/1776179163_9d7f67b41ec6b5bc5417.jpg
Matrix,L8125,Contessa Sofa Grey,Living Room,Sofas,839.00,2643.00,1804.00,Yes,https://matrixfurnituregroup.ca/uploads/thumbs/1744215470_5fb2ca0fba45be48e032.jpg
Matrix,L2875,Cooper Chair Grey,Living Room,Chairs,479.00,1509.00,1030.00,Yes,https://matrixfurnituregroup.ca/uploads/thumbs/1776195007_b2a624c519f4510ca593.jpg
Matrix,L2875,Cooper Chair Ice,Living Room,Chairs,479.00,1509.00,1030.00,Yes,https://matrixfurnituregroup.ca/uploads/thumbs/1776195217_9592b3c4916cb39d78b3.jpg
Matrix,L2875,Cooper Love seat Grey,Living Room,Loveseats,729.00,2296.00,1567.00,Yes,https://matrixfurnituregroup.ca/uploads/thumbs/1776195064_72f010f634f0a27eb2a5.jpg
Matrix,L2875,Cooper Love seat Ice,Living Room,Loveseats,729.00,2296.00,1567.00,Yes,https://matrixfurnituregroup.ca/uploads/thumbs/1776195267_d0f94befd8b524033c77.jpg
Matrix,L2875,Cooper Sofa Grey,Living Room,Sofas,879.00,2769.00,1890.00,Yes,https://matrixfurnituregroup.ca/uploads/thumbs/1776195343_1f4c46673d3501208e30.jpg
Matrix,L2875,Cooper Sofa Ice,Living Room,Sofas,879.00,2769.00,1890.00,Yes,https://matrixfurnituregroup.ca/uploads/thumbs/1776195400_35c9fcbe9bcc0d5ce78e.jpg
Matrix,2875,Cooper — 3-Pc Set,Living Room,Sofas,2099.00,6612.00,4513.00,No,https://matrixfurnituregroup.ca/uploads/thumbs/1776195343_1f4c46673d3501208e30.jpg
Matrix,L5725,Diana,Living Room,Living Sets,1499.00,4722.00,3223.00,Yes,https://matrixfurnituregroup.ca/uploads/thumbs/1744326310_55f38dbaacc5da2d6a4a.webp
Matrix,L5725,Diana Chair Grey,Living Room,Chairs,349.00,1099.00,750.00,Yes,https://matrixfurnituregroup.ca/uploads/thumbs/1744326508_6095f1cf6a346dc7ae54.webp
Matrix,L5725,Diana Chair Silver,Living Room,Chairs,349.00,1099.00,750.00,Yes,https://matrixfurnituregroup.ca/uploads/thumbs/1744326546_4c617f2d42506b13bee6.webp
Matrix,L5725,Diana Loveseat Grey,Living Room,Loveseats,529.00,1666.00,1137.00,Yes,https://matrixfurnituregroup.ca/uploads/thumbs/1744326704_1647522d5fb53190df13.webp
Matrix,L5725,Diana Loveseat Silver,Living Room,Loveseats,529.00,1666.00,1137.00,Yes,https://matrixfurnituregroup.ca/uploads/thumbs/1744326720_e6b05c7997bbffd2287a.webp
Matrix,L5725,Diana Sofa Silver,Living Room,Sofas,629.00,1981.00,1352.00,Yes,https://matrixfurnituregroup.ca/uploads/thumbs/1744326875_39caa7bcda3e996b0614.webp
Matrix,L2475,Duke Chair Brown,Living Room,Chairs,389.00,1225.00,836.00,Yes,https://matrixfurnituregroup.ca/uploads/thumbs/1744135732_9c4bc7adf68c7e1ef9b3.jpg
Matrix,L2475,Duke Chair Dark grey,Living Room,Chairs,389.00,1225.00,836.00,Yes,https://matrixfurnituregroup.ca/uploads/thumbs/1744136911_8bf4b16255f8ce92b53d.jpg
Matrix,L2475,Duke Love seat Brown,Living Room,Loveseats,599.00,1887.00,1288.00,Yes,https://matrixfurnituregroup.ca/uploads/thumbs/1744136160_4fa92fa11a0933aded19.jpg
Matrix,L2475,Duke Love seat Dark grey,Living Room,Loveseats,599.00,1887.00,1288.00,Yes,https://matrixfurnituregroup.ca/uploads/thumbs/1744137702_8f3aaa64133fb062fd67.jpg
Matrix,L2475,Duke Sofa Brown,Living Room,Sofas,719.00,2265.00,1546.00,Yes,https://matrixfurnituregroup.ca/uploads/thumbs/1744136488_8102aa72dedbe43fe8ae.jpg
Matrix,L2475,Duke Sofa Dark grey,Living Room,Sofas,719.00,2265.00,1546.00,Yes,https://matrixfurnituregroup.ca/uploads/thumbs/1744137948_cd69b523b984eb52056a.jpg
Matrix,2475,Duke — 3-Pc Set,Living Room,Sofas,1699.00,5352.00,3653.00,No,https://matrixfurnituregroup.ca/uploads/thumbs/1744136488_8102aa72dedbe43fe8ae.jpg
Matrix,L3075,Fortuner Chair Black,Living Room,Chairs,609.00,1918.00,1309.00,Yes,https://demo-oasis-six.vercel.app/assets/cutouts/b69a74e3eedd473d.webp
Matrix,L3075,Fortuner Chair Gray,Living Room,Chairs,609.00,1918.00,1309.00,Yes,https://demo-oasis-six.vercel.app/assets/cutouts/3abdfb53a20c4442.webp
Matrix,L3075,Fortuner Chair Ice,Living Room,Chairs,609.00,1918.00,1309.00,Yes,https://demo-oasis-six.vercel.app/assets/cutouts/bda2a09342016d9e.webp
Matrix,L3075,Fortuner Loveseat Black,Living Room,Loveseats,929.00,2926.00,1997.00,Yes,https://demo-oasis-six.vercel.app/assets/cutouts/e81fd20934a1a01e.webp
Matrix,L3075,Fortuner Loveseat Gray,Living Room,Loveseats,929.00,2926.00,1997.00,Yes,https://demo-oasis-six.vercel.app/assets/cutouts/7b4c206bed4b7fc1.webp
Matrix,L3075,Fortuner Loveseat Ice,Living Room,Loveseats,929.00,2926.00,1997.00,Yes,https://demo-oasis-six.vercel.app/assets/cutouts/be32e5e73bbcc1fe.webp
Matrix,L3075,Fortuner Sofa Black,Living Room,Sofas,1119.00,3525.00,2406.00,Yes,https://demo-oasis-six.vercel.app/assets/cutouts/026428b258f13315.webp
Matrix,L3075,Fortuner Sofa Gray,Living Room,Sofas,1119.00,3525.00,2406.00,Yes,https://demo-oasis-six.vercel.app/assets/cutouts/8502401e4304b73d.webp
Matrix,L3075,Fortuner Sofa Ice,Living Room,Sofas,1119.00,3525.00,2406.00,Yes,https://demo-oasis-six.vercel.app/assets/cutouts/98b983bfe8799938.webp
Matrix,3075,Fortuner — 3-Pc Set,Living Room,Sofas,2649.00,8344.00,5695.00,No,https://demo-oasis-six.vercel.app/assets/cutouts/026428b258f13315.webp
Matrix,L5925,Freemont,Living Room,Living Sets,2199.00,6927.00,4728.00,Yes,https://matrixfurnituregroup.ca/uploads/thumbs/1769099072_c35851b1e4d314e2bed8.jpg
Matrix,L5925,Freemont Chair Taupe,Living Room,Chairs,509.00,1603.00,1094.00,Yes,https://matrixfurnituregroup.ca/uploads/thumbs/1766175251_65b2c5ea1eafc31daf24.jpg
Matrix,L5925,Freemont Love seat Taupe,Living Room,Loveseats,769.00,2422.00,1653.00,Yes,https://matrixfurnituregroup.ca/uploads/thumbs/1766175315_af1262795b962dcaf053.jpg
Matrix,L5925,Freemont Sofa Taupe,Living Room,Sofas,929.00,2926.00,1997.00,Yes,https://matrixfurnituregroup.ca/uploads/thumbs/1778611070_87d274aabaad35093f18.png
Matrix,4165,Hennessey — 3-Pc Set,Living Room,Sofas,2699.00,8502.00,5803.00,No,https://demo-oasis-six.vercel.app/assets/cutouts/6940eae3ecaf96bb.webp
Matrix,L4165,Hennessy Chair w/pr recliner Bone,Living Room,Chairs,619.00,1950.00,1331.00,Yes,https://demo-oasis-six.vercel.app/assets/cutouts/0a731468e5f96aa2.webp
Matrix,L4165,Hennessy Chair w/pr recliner Cognac,Living Room,Chairs,619.00,1950.00,1331.00,Yes,https://demo-oasis-six.vercel.app/assets/cutouts/12a8f9a63523d284.webp
Matrix,L4165,Hennessy Loveseat w/pr recliner Bone,Living Room,Loveseats,949.00,2989.00,2040.00,Yes,https://demo-oasis-six.vercel.app/assets/cutouts/c5e01edf8e205372.webp
Matrix,L4165,Hennessy Loveseat w/pr recliner Cognac,Living Room,Loveseats,949.00,2989.00,2040.00,Yes,https://demo-oasis-six.vercel.app/assets/cutouts/329fc436ba42376d.webp
Matrix,L4165,Hennessy Sofa w/pr recliner Bone,Living Room,Sofas,1139.00,3588.00,2449.00,Yes,https://demo-oasis-six.vercel.app/assets/cutouts/6940eae3ecaf96bb.webp
Matrix,L4165,Hennessy Sofa w/pr recliner Cognac,Living Room,Sofas,1139.00,3588.00,2449.00,Yes,https://demo-oasis-six.vercel.app/assets/cutouts/6cc4d98a3608e634.webp
Matrix,L1525,Impreza,Living Room,Living Sets,1899.00,5982.00,4083.00,Yes,https://matrixfurnituregroup.ca/uploads/thumbs/1744300695_0d08ef54b8150916f7e3.jpg
Matrix,L1525,Impreza Chair Beige,Living Room,Chairs,439.00,1383.00,944.00,Yes,https://matrixfurnituregroup.ca/uploads/thumbs/1744300828_3bed77f180dc6f21c449.jpg
Matrix,L1525,Impreza Chair Grey,Living Room,Chairs,439.00,1383.00,944.00,Yes,https://matrixfurnituregroup.ca/uploads/thumbs/1744300611_aa0e865d20ec91ef0054.jpg
Matrix,L1525,Impreza Loveseat Beige,Living Room,Loveseats,669.00,2107.00,1438.00,Yes,https://matrixfurnituregroup.ca/uploads/thumbs/1744300855_1561e0981c99b663856f.jpg
Matrix,L1525,Impreza Loveseat Grey,Living Room,Loveseats,669.00,2107.00,1438.00,Yes,https://matrixfurnituregroup.ca/uploads/thumbs/1744300625_456d38217b61deb824ae.jpg
Matrix,L1525,Impreza Sofa Beige,Living Room,Sofas,799.00,2517.00,1718.00,Yes,https://matrixfurnituregroup.ca/uploads/thumbs/1744300870_55a8b5eea906685c3547.jpg
Matrix,L1525,Impreza Sofa Grey,Living Room,Sofas,799.00,2517.00,1718.00,Yes,https://matrixfurnituregroup.ca/uploads/thumbs/1744300641_bffd3d387454d6f3f0f6.jpg
Matrix,L2775,Inox Chair  Black,Living Room,Chairs,549.00,1729.00,1180.00,Yes,https://matrixfurnituregroup.ca/uploads/thumbs/1761244167_e260e4564489c2aa3a05.png
Matrix,L2775,Inox Chair Blue,Living Room,Chairs,549.00,1729.00,1180.00,Yes,https://matrixfurnituregroup.ca/uploads/thumbs/1744323085_a0383d78898045b80f52.jpg
Matrix,L2775,Inox Chair Chocolate,Living Room,Chairs,549.00,1729.00,1180.00,Yes,https://matrixfurnituregroup.ca/uploads/thumbs/1761243488_4cb86d1187a14344d1e2.png
Matrix,L2775,Inox Chair Grey,Living Room,Chairs,549.00,1729.00,1180.00,Yes,https://matrixfurnituregroup.ca/uploads/thumbs/1744322972_679df68a60a062ea48c8.jpg
Matrix,L2775,Inox Loveseat Black,Living Room,Loveseats,839.00,2643.00,1804.00,Yes,https://matrixfurnituregroup.ca/uploads/thumbs/1761250127_504682b9bbd85a7acf7a.png
Matrix,L2775,Inox Loveseat Blue,Living Room,Loveseats,839.00,2643.00,1804.00,Yes,https://matrixfurnituregroup.ca/uploads/thumbs/1744323060_84165fb5460c5801188b.jpg
Matrix,L2775,Inox Loveseat Chocolate,Living Room,Loveseats,839.00,2643.00,1804.00,Yes,https://matrixfurnituregroup.ca/uploads/thumbs/1761250222_cbed849bac211932404e.png
Matrix,L2775,Inox Loveseat Grey,Living Room,Loveseats,839.00,2643.00,1804.00,Yes,https://matrixfurnituregroup.ca/uploads/thumbs/1744146566_b32ce35e34a78de761ac.jpg
Matrix,L1425,Isabella,Living Room,Living Sets,2699.00,8502.00,5803.00,Yes,https://demo-oasis-six.vercel.app/assets/cutouts/ac92a82f9cd32531.webp
Matrix,L1425,Isabella Chair Silver Gold,Living Room,Chairs,619.00,1950.00,1331.00,Yes,https://demo-oasis-six.vercel.app/assets/cutouts/a2a398be1966c6cb.webp
Matrix,1425,Isabella Coffee table Silver Gold,Living Room,Coffee Tables,349.00,1099.00,750.00,Yes,https://demo-oasis-six.vercel.app/assets/cutouts/c36f2760adbd56e0.webp
Matrix,1425,Isabella End table Silver Gold,Living Room,End Tables,349.00,1099.00,750.00,Yes,https://demo-oasis-six.vercel.app/assets/cutouts/0f70f689af5c75be.webp
Matrix,L1425,Isabella Loveseat Silver Gold,Living Room,Loveseats,949.00,2989.00,2040.00,Yes,https://demo-oasis-six.vercel.app/assets/cutouts/7b6a7b5c183be06a.webp
Matrix,L1425,Isabella Sofa Silver Gold,Living Room,Sofas,1139.00,3588.00,2449.00,Yes,https://demo-oasis-six.vercel.app/assets/cutouts/7f04111ac27c2122.webp
Matrix,L8325,Juno,Living Room,Living Sets,1799.00,5667.00,3868.00,Yes,https://matrixfurnituregroup.ca/uploads/thumbs/1744324719_dea4b1374f00aec77f81.webp
Matrix,L8325,Juno Chair Beige,Living Room,Chairs,419.00,1320.00,901.00,Yes,https://demo-oasis-six.vercel.app/assets/cutouts/0e64bfc4b49543c9.webp
Matrix,L8325,Juno Chair Grey,Living Room,Chairs,419.00,1320.00,901.00,Yes,https://demo-oasis-six.vercel.app/assets/cutouts/c9f5fc5c5db0719a.webp
Matrix,L8325,Juno Love seat Beige,Living Room,Loveseats,629.00,1981.00,1352.00,Yes,https://demo-oasis-six.vercel.app/assets/cutouts/bc2653e40283438e.webp
Matrix,L8325,Juno Love seat Grey,Living Room,Loveseats,629.00,1981.00,1352.00,Yes,https://demo-oasis-six.vercel.app/assets/cutouts/e48ce26ff25fd952.webp
Matrix,L8325,Juno Sofa Beige,Living Room,Sofas,759.00,2391.00,1632.00,Yes,https://demo-oasis-six.vercel.app/assets/cutouts/e36cfc4d9df3c1a4.webp
Matrix,L8325,Juno Sofa Grey,Living Room,Sofas,759.00,2391.00,1632.00,Yes,https://demo-oasis-six.vercel.app/assets/cutouts/d864b0379d1e6d1a.webp
Matrix,L8725,Kibali,Living Room,Living Sets,2199.00,6927.00,4728.00,Yes,https://demo-oasis-six.vercel.app/assets/cutouts/90279a13eb968576.webp
Matrix,L8725,Kibali Chair Taupe,Living Room,Chairs,509.00,1603.00,1094.00,Yes,https://demo-oasis-six.vercel.app/assets/cutouts/a86949d0097b7000.webp
Matrix,L8725,Kibali Loveseat Taupe,Living Room,Loveseats,769.00,2422.00,1653.00,Yes,https://demo-oasis-six.vercel.app/assets/cutouts/4c542f9876d89ca3.webp
Matrix,L8725,Kibali Sofa Taupe,Living Room,Sofas,929.00,2926.00,1997.00,Yes,https://demo-oasis-six.vercel.app/assets/cutouts/5bf1ad6aef264d9a.webp
Matrix,L5825,Malibu,Living Room,Living Sets,2349.00,7399.00,5050.00,Yes,https://demo-oasis-six.vercel.app/assets/cutouts/701d2757635b1d09.webp
Matrix,L5825,Malibu Chair Cream,Living Room,Chairs,539.00,1698.00,1159.00,Yes,https://matrixfurnituregroup.ca/uploads/thumbs/1779825769_26fd8206ed29c38b8933.jpg
Matrix,L5825,Malibu Chair Dark taupe,Living Room,Chairs,539.00,1698.00,1159.00,Yes,https://matrixfurnituregroup.ca/uploads/thumbs/1766433775_f80432f1019677d4d395.jpg
Matrix,L5825,Malibu Love seat Cream,Living Room,Loveseats,829.00,2611.00,1782.00,Yes,https://matrixfurnituregroup.ca/uploads/thumbs/1767028197_03901df07693147f7911.jpg
Matrix,L5825,Malibu Love seat Dark taupe,Living Room,Loveseats,829.00,2611.00,1782.00,Yes,https://matrixfurnituregroup.ca/uploads/thumbs/1766182134_58e2349823356ec2db20.jpg
Matrix,L5825,Malibu Sofa Cream,Living Room,Sofas,989.00,3115.00,2126.00,Yes,https://matrixfurnituregroup.ca/uploads/thumbs/1776109497_a89a33a446c11d780c97.jpg
Matrix,L5825,Malibu Sofa Dark taupe,Living Room,Sofas,989.00,3115.00,2126.00,Yes,https://matrixfurnituregroup.ca/uploads/thumbs/1766182115_0debe96558148cdb814b.jpg
Matrix,1930,Max Coffee table Marble,Living Room,Coffee Tables,399.00,1257.00,858.00,Yes,https://demo-oasis-six.vercel.app/assets/cutouts/be56db63dd7a9bc4.webp
Matrix,21,Maya Coffee table Marble Chrome,Living Room,Coffee Tables,699.00,2202.00,1503.00,Yes,https://demo-oasis-six.vercel.app/assets/cutouts/43f3ea0e8a94d3d3.webp
Matrix,23,Maya Coffee table Marble Gold,Living Room,Coffee Tables,699.00,2202.00,1503.00,Yes,https://demo-oasis-six.vercel.app/assets/cutouts/3a6d83e33d070db3.webp
Matrix,L7325,Naomi,Living Room,Living Sets,1799.00,5667.00,3868.00,Yes,https://demo-oasis-six.vercel.app/assets/cutouts/959b5b36437fee6a.webp
Matrix,L7325,Naomi Chair Black,Living Room,Chairs,409.00,1288.00,879.00,Yes,https://matrixfurnituregroup.ca/uploads/thumbs/1744299309_4080fed030aedb776866.jpg
Matrix,L7325,Naomi Chair Taupe,Living Room,Chairs,409.00,1288.00,879.00,Yes,https://demo-oasis-six.vercel.app/assets/cutouts/349c7a9658449021.webp
Matrix,L7325,Naomi Loveseat Black,Living Room,Loveseats,629.00,1981.00,1352.00,Yes,https://matrixfurnituregroup.ca/uploads/thumbs/1744299325_2a89ccebcc6310ea775f.jpg
Matrix,L7325,Naomi Loveseat Taupe,Living Room,Loveseats,629.00,1981.00,1352.00,Yes,https://demo-oasis-six.vercel.app/assets/cutouts/c91e40765a7b9000.webp
Matrix,L7325,Naomi Sofa Black,Living Room,Sofas,759.00,2391.00,1632.00,Yes,https://matrixfurnituregroup.ca/uploads/thumbs/1744299338_11b292368ab135b709ad.jpg
Matrix,L7325,Naomi Sofa Taupe,Living Room,Sofas,759.00,2391.00,1632.00,Yes,https://demo-oasis-six.vercel.app/assets/cutouts/79902e9fab843fcd.webp
Matrix,L3325,Otis,Living Room,Living Sets,2099.00,6612.00,4513.00,Yes,https://demo-oasis-six.vercel.app/assets/cutouts/2ca338aac9dddfb2.webp
Matrix,L3325,Otis Chair Beige,Living Room,Chairs,489.00,1540.00,1051.00,Yes,https://demo-oasis-six.vercel.app/assets/cutouts/826b2fb4deb257b1.webp
Matrix,L3325,Otis Chair Silver,Living Room,Chairs,489.00,1540.00,1051.00,Yes,https://demo-oasis-six.vercel.app/assets/cutouts/58517507786e270d.webp
Matrix,L3175,Paloma Chair w/pr recliner Brown,Living Room,Chairs,599.00,1887.00,1288.00,Yes,https://demo-oasis-six.vercel.app/assets/cutouts/3a1bf5027ce99fe3.webp
Matrix,L3175,Paloma Chair w/pr recliner Off white,Living Room,Chairs,599.00,1887.00,1288.00,Yes,https://demo-oasis-six.vercel.app/assets/cutouts/c5b05349c6ab1cd0.webp
Matrix,L3175,Paloma Loveseat w/pr recliner Brown,Living Room,Loveseats,909.00,2863.00,1954.00,Yes,https://demo-oasis-six.vercel.app/assets/cutouts/331f2e3ac0542e9d.webp
Matrix,L3175,Paloma Loveseat w/pr recliner Off white,Living Room,Loveseats,909.00,2863.00,1954.00,Yes,https://demo-oasis-six.vercel.app/assets/cutouts/48eb12624a5cc25c.webp
Matrix,L3175,Paloma Sofa w/pr recliner Brown,Living Room,Sofas,1099.00,3462.00,2363.00,Yes,https://demo-oasis-six.vercel.app/assets/cutouts/79387b1461826f17.webp
Matrix,L3175,Paloma Sofa w/pr recliner Off white,Living Room,Sofas,1099.00,3462.00,2363.00,Yes,https://demo-oasis-six.vercel.app/assets/cutouts/72bacac1ef98d659.webp
Matrix,3175,Paloma — 3-Pc Set,Living Room,Sofas,2599.00,8187.00,5588.00,No,https://demo-oasis-six.vercel.app/assets/cutouts/79387b1461826f17.webp
Matrix,L2925,Percy,Living Room,Living Sets,1799.00,5667.00,3868.00,Yes,https://demo-oasis-six.vercel.app/assets/cutouts/9314e251acc70235.webp
Matrix,L2575,Polar Chair Chocolate,Living Room,Chairs,669.00,2107.00,1438.00,Yes,https://matrixfurnituregroup.ca/uploads/thumbs/1776193156_5f891ef879764312e793.jpg
Matrix,L2575,Polar Chair Light grey,Living Room,Chairs,669.00,2107.00,1438.00,Yes,https://matrixfurnituregroup.ca/uploads/thumbs/1776192961_07d2bd2fb00dda79bead.jpg
Matrix,L2575,Polar Love seat Chocolate,Living Room,Loveseats,1019.00,3210.00,2191.00,Yes,https://matrixfurnituregroup.ca/uploads/thumbs/1776193004_dee428a64ac8958bc9c9.jpg
Matrix,L2575,Polar Love seat Light grey,Living Room,Loveseats,1019.00,3210.00,2191.00,Yes,https://matrixfurnituregroup.ca/uploads/thumbs/1776192858_e585d034f9d5907ae90a.jpg
Matrix,L2575,Polar Sofa Chocolate,Living Room,Sofas,1219.00,3840.00,2621.00,Yes,https://demo-oasis-six.vercel.app/assets/cutouts/e55b4d0f4e103449.webp
Matrix,L2575,Polar Sofa Light grey,Living Room,Sofas,1219.00,3840.00,2621.00,Yes,https://demo-oasis-six.vercel.app/assets/cutouts/cac538c44851c97d.webp
Matrix,2575,Polar — 3-Pc Set,Living Room,Sofas,2899.00,9132.00,6233.00,No,https://demo-oasis-six.vercel.app/assets/cutouts/e55b4d0f4e103449.webp
Matrix,1730,Remi Coffee table Marble Ss,Living Room,Coffee Tables,749.00,2359.00,1610.00,Yes,https://demo-oasis-six.vercel.app/assets/cutouts/22be6b29ea4a554f.webp
Matrix,L3765,Rogue Chair w/power Brown,Living Room,Chairs,529.00,1666.00,1137.00,Yes,https://demo-oasis-six.vercel.app/assets/cutouts/719137d6d4e31173.webp
Matrix,L3765,Rogue Chair w/power Light grey,Living Room,Chairs,529.00,1666.00,1137.00,Yes,https://demo-oasis-six.vercel.app/assets/cutouts/c9ee67fbe21ca15d.webp
Matrix,L3765,"Rogue Love seat w/console,power Brown",Living Room,Loveseats,809.00,2548.00,1739.00,Yes,https://demo-oasis-six.vercel.app/assets/cutouts/a6d31e5fb3a0b15e.webp
Matrix,L3765,"Rogue Love seat w/console,power Light grey",Living Room,Loveseats,809.00,2548.00,1739.00,Yes,https://demo-oasis-six.vercel.app/assets/cutouts/a225c1c7303a5fcf.webp
Matrix,L3765,"Rogue Sofa w/dd tray,power  Brown",Living Room,Sofas,969.00,3052.00,2083.00,Yes,https://demo-oasis-six.vercel.app/assets/cutouts/d18481a5ace0efa0.webp
Matrix,L3765,"Rogue Sofa w/dd tray,power  Light grey",Living Room,Sofas,969.00,3052.00,2083.00,Yes,https://demo-oasis-six.vercel.app/assets/cutouts/c26fa576b62df995.webp
Matrix,3765,Rogue — 3-Pc Set,Living Room,Sofas,2299.00,7242.00,4943.00,No,https://demo-oasis-six.vercel.app/assets/cutouts/d18481a5ace0efa0.webp
Matrix,L1925,Scarlett,Living Room,Living Sets,2699.00,8502.00,5803.00,Yes,https://demo-oasis-six.vercel.app/assets/cutouts/1c1f69aa78351eaa.webp
Matrix,L1925,Scarlett Chair Beige,Living Room,Chairs,619.00,1950.00,1331.00,Yes,https://matrixfurnituregroup.ca/uploads/thumbs/1744323358_b2fe9893d1dd7f0a5eb7.jpg
Matrix,L1925,Scarlett Coffee table Beige,Living Room,Coffee Tables,349.00,1099.00,750.00,Yes,https://demo-oasis-six.vercel.app/assets/cutouts/92bfbb3f26795726.webp
Matrix,L1925,Scarlett End table Beige,Living Room,End Tables,349.00,1099.00,750.00,Yes,https://matrixfurnituregroup.ca/uploads/thumbs/1744323380_a7ab7cfda8d9ef3289ca.jpg
Matrix,L1925,Scarlett Love seat Beige,Living Room,Loveseats,949.00,2989.00,2040.00,Yes,https://matrixfurnituregroup.ca/uploads/thumbs/1744323392_66b1a43b8bcccc8e99b6.jpg
Matrix,L1925,Scarlett Sofa Beige,Living Room,Sofas,1139.00,3588.00,2449.00,Yes,https://matrixfurnituregroup.ca/uploads/thumbs/1744323403_e6181f3e9efec1a1eb2c.jpg
Matrix,L3350,Spruce,Living Room,Living Sets,649.00,2044.00,1395.00,Yes,https://demo-oasis-six.vercel.app/assets/cutouts/c756f5dbd70f2287.webp
Matrix,L3350,Spruce Chair Black,Living Room,Chairs,149.00,469.00,320.00,Yes,https://matrixfurnituregroup.ca/uploads/thumbs/1744223150_4bc05d999557b81c3006.jpg
Matrix,L3350,Spruce Chair Red Black,Living Room,Chairs,149.00,469.00,320.00,Yes,https://matrixfurnituregroup.ca/uploads/thumbs/1744223535_d450835621afd75a9c4b.jpg
Matrix,L3350,Spruce Love seat Black,Living Room,Loveseats,229.00,721.00,492.00,Yes,https://matrixfurnituregroup.ca/uploads/thumbs/1744223258_d0501a47003b23050107.jpg
Matrix,L3350,Spruce Love seat Red Black,Living Room,Loveseats,229.00,721.00,492.00,Yes,https://matrixfurnituregroup.ca/uploads/thumbs/1744223805_4731598b8fdd34acdefd.jpg
Matrix,L3350,Spruce Sofa Black,Living Room,Sofas,269.00,847.00,578.00,Yes,https://matrixfurnituregroup.ca/uploads/thumbs/1744223422_7df206bdab136ee3bea0.jpg
Matrix,L3350,Spruce Sofa Red Black,Living Room,Sofas,269.00,847.00,578.00,Yes,https://matrixfurnituregroup.ca/uploads/thumbs/1744223931_35cf72c8a704d7418dfc.jpg
Matrix,L3965,Supra Chair Brown,Living Room,Chairs,369.00,1162.00,793.00,Yes,https://demo-oasis-six.vercel.app/assets/cutouts/31cc5c113730de1d.webp
Matrix,L3965,Supra Chair Slate grey,Living Room,Chairs,369.00,1162.00,793.00,Yes,https://demo-oasis-six.vercel.app/assets/cutouts/0050815be17c60f1.webp
Matrix,L3965,Supra Loveseat Brown,Living Room,Loveseats,559.00,1761.00,1202.00,Yes,https://demo-oasis-six.vercel.app/assets/cutouts/6167fb6a760b4635.webp
Matrix,L3965,Supra Loveseat Slate grey,Living Room,Loveseats,559.00,1761.00,1202.00,Yes,https://demo-oasis-six.vercel.app/assets/cutouts/babe65e085cf7bcb.webp
Matrix,L3965,Supra Sofa Brown,Living Room,Sofas,679.00,2139.00,1460.00,Yes,https://demo-oasis-six.vercel.app/assets/cutouts/813a151898c7761a.webp
Matrix,L3965,Supra Sofa Slate grey,Living Room,Sofas,679.00,2139.00,1460.00,Yes,https://demo-oasis-six.vercel.app/assets/cutouts/1b40c7ec5b797b3d.webp
Matrix,3965,Supra — 3-Pc Set,Living Room,Sofas,1599.00,5037.00,3438.00,No,https://demo-oasis-six.vercel.app/assets/cutouts/813a151898c7761a.webp
Matrix,L8565,Verona Chair Beige,Living Room,Chairs,619.00,1950.00,1331.00,Yes,https://matrixfurnituregroup.ca/uploads/thumbs/1744318673_c60302323700261030b8.jpg
Matrix,L8565,Verona Chair Black,Living Room,Chairs,619.00,1950.00,1331.00,Yes,https://matrixfurnituregroup.ca/uploads/thumbs/1744318815_2e71ba32d9cd62bc37d3.jpg
Matrix,L8565,Verona Love seat Beige,Living Room,Loveseats,949.00,2989.00,2040.00,Yes,https://matrixfurnituregroup.ca/uploads/thumbs/1744318690_31427346bd7daedf95c5.jpg
Matrix,L8565,Verona Love seat Black,Living Room,Loveseats,949.00,2989.00,2040.00,Yes,https://matrixfurnituregroup.ca/uploads/thumbs/1744318826_397044a96df40a8e7385.jpg
Matrix,L8565,Verona Sofa Beige,Living Room,Sofas,1139.00,3588.00,2449.00,Yes,https://matrixfurnituregroup.ca/uploads/thumbs/1744318700_1b2a72e3dfbd47e01ccf.jpg
Matrix,L8565,Verona Sofa Black,Living Room,Sofas,1139.00,3588.00,2449.00,Yes,https://matrixfurnituregroup.ca/uploads/thumbs/1744318836_d1759cbfe359640f75ef.jpg
Matrix,8565,Verona — 3-Pc Set,Living Room,Sofas,2699.00,8502.00,5803.00,No,https://matrixfurnituregroup.ca/uploads/thumbs/1744318700_1b2a72e3dfbd47e01ccf.jpg
Matrix,L8425,Zoe,Living Room,Living Sets,1399.00,4407.00,3008.00,Yes,https://matrixfurnituregroup.ca/uploads/thumbs/1744745985_c963181133bcf896ecd6.jpg
Matrix,L8425,Zoe Chair Beige,Living Room,Chairs,319.00,1005.00,686.00,Yes,https://matrixfurnituregroup.ca/uploads/thumbs/1744318045_d4a2d17f09a866d6c067.jpg
Matrix,L8425,Zoe Chair Grey,Living Room,Chairs,319.00,1005.00,686.00,Yes,https://matrixfurnituregroup.ca/uploads/thumbs/1744317487_36b33b45663985e5f9fb.jpg
Matrix,L8425,Zoe Love seat Beige,Living Room,Loveseats,489.00,1540.00,1051.00,Yes,https://matrixfurnituregroup.ca/uploads/thumbs/1744318165_bfb351e207c019d00f09.jpg
Matrix,L8425,Zoe Love seat Grey,Living Room,Loveseats,489.00,1540.00,1051.00,Yes,https://matrixfurnituregroup.ca/uploads/thumbs/1744317507_10d7dc30b5bac5cc6252.jpg
Matrix,L8425,Zoe Sofa Beige,Living Room,Sofas,589.00,1855.00,1266.00,Yes,https://matrixfurnituregroup.ca/uploads/thumbs/1744318175_0d80c519bb4e5920a72b.jpg
Matrix,L8425,Zoe Sofa Grey,Living Room,Sofas,589.00,1855.00,1266.00,Yes,https://matrixfurnituregroup.ca/uploads/thumbs/1744317528_bf7129951c2eb1967396.jpg
Mazin/Homelegance,1366TYouth,1366T Youth — Rowan Collection,Bedroom,Youth,112.00,353.00,241.00,Yes,https://demo-oasis-six.vercel.app/assets/cutouts/61904e2cec5480c7.webp
Mazin/Homelegance,1718BRBedroom,1718BR Bedroom — Begonia Collection,Bedroom,Beds,99.95,315.00,215.05,Yes,https://demo-oasis-six.vercel.app/assets/cutouts/24bf606a8cdd4f14.webp
Mazin/Homelegance,1718NCBedroom,1718NC Bedroom — Begonia Collection,Bedroom,Beds,99.95,315.00,215.05,Yes,https://demo-oasis-six.vercel.app/assets/cutouts/f08e0be2e04ed8e1.webp
Mazin/Homelegance,1730NBBedroom,1730NB Bedroom — Cotterill Collection,Bedroom,Beds,73.00,230.00,157.00,Yes,https://demo-oasis-six.vercel.app/assets/cutouts/c74da85bc14ed296.webp
Mazin/Homelegance,2322Bedroom,2322 Bedroom — York Collection,Bedroom,Beds,82.00,258.00,176.00,Yes,https://demo-oasis-six.vercel.app/assets/cutouts/26aa665125b654d6.webp
Mazin/Homelegance,2336Bedroom,2336 Bedroom — Charlotte Collection,Bedroom,Beds,134.95,425.00,290.05,Yes,https://demo-oasis-six.vercel.app/assets/cutouts/f454efa4da409302.webp
Mazin/Homelegance,2384Bedroom,2384 Bedroom — Linea Collection,Bedroom,Beds,92.00,290.00,198.00,Yes,https://demo-oasis-six.vercel.app/assets/cutouts/7490b886578168dd.webp
Mazin/Homelegance,2390Bedroom,2390 Bedroom — Lumin Collection,Bedroom,Beds,154.95,488.00,333.05,Yes,https://demo-oasis-six.vercel.app/assets/cutouts/8d674f884f492311.webp
Mazin/Homelegance,2391Bedroom,2391 Bedroom — Noctis Collection,Bedroom,Beds,171.00,539.00,368.00,Yes,https://demo-oasis-six.vercel.app/assets/cutouts/a6023e9921ce8c63.webp
Mazin/Homelegance,2392Bedroom,2392 Bedroom — Bridgepoint Collection,Bedroom,Beds,93.00,293.00,200.00,Yes,https://demo-oasis-six.vercel.app/assets/cutouts/3d45c59c9e824bff.webp
Mazin/Homelegance,2393Bedroom,2393 Bedroom — Dalston Collection,Bedroom,Beds,84.95,268.00,183.05,Yes,https://demo-oasis-six.vercel.app/assets/cutouts/6810657078d04403.webp
Mazin/Homelegance,2399Bedroom,2399 Bedroom — Emerson Collection,Bedroom,Beds,299.95,945.00,645.05,Yes,https://demo-oasis-six.vercel.app/assets/cutouts/bf0a97d3b486bb3d.webp
Mazin/Homelegance,2411Bedroom,2411 Bedroom — Fitzroy Collection,Bedroom,Beds,625.00,1969.00,1344.00,Yes,https://demo-oasis-six.vercel.app/assets/cutouts/543807f82681d324.webp
Mazin/Homelegance,2418Bedroom,2418 Bedroom — Oakmont Collection,Bedroom,Beds,127.00,400.00,273.00,Yes,https://demo-oasis-six.vercel.app/assets/cutouts/15f4feece1c3d035.webp
Mazin/Homelegance,2424Bedroom,2424 Bedroom — Gilmartin Collection,Bedroom,Beds,327.00,1030.00,703.00,Yes,https://demo-oasis-six.vercel.app/assets/cutouts/099dcd5aea06c760.webp
Mazin/Homelegance,2425Bedroom,2425 Bedroom — Garrison Collection,Bedroom,Beds,107.00,337.00,230.00,Yes,https://demo-oasis-six.vercel.app/assets/cutouts/8884ef1add3cdd7c.webp
Mazin/Homelegance,2434SVBedroom,2434SV Bedroom — Anatole Collection,Bedroom,Beds,197.00,621.00,424.00,Yes,https://demo-oasis-six.vercel.app/assets/cutouts/d5a4c924106da013.webp
Mazin/Homelegance,2447Bedroom,2447 Bedroom — Matisse Collection,Bedroom,Beds,105.00,331.00,226.00,Yes,https://demo-oasis-six.vercel.app/assets/cutouts/8c31b05062dad09e.webp
Mazin/Homelegance,2447PNBedroom,2447PN Bedroom — Matisse Collection,Bedroom,Beds,105.00,331.00,226.00,Yes,https://demo-oasis-six.vercel.app/assets/cutouts/2e2ecaa570a2f36d.webp
Mazin/Homelegance,2451Bedroom,2451 Bedroom — Montrose Collection,Bedroom,Beds,116.00,365.00,249.00,Yes,https://demo-oasis-six.vercel.app/assets/cutouts/07cf58fb9def3aed.webp
Mazin/Homelegance,2455Bedroom,2455 Bedroom — Orlo Collection,Bedroom,Beds,134.95,425.00,290.05,Yes,https://demo-oasis-six.vercel.app/assets/cutouts/43acb621402ef4f4.webp
Mazin/Homelegance,2455NBKBedroom,2455NBK Bedroom — Orlo Collection,Bedroom,Beds,134.95,425.00,290.05,Yes,https://demo-oasis-six.vercel.app/assets/cutouts/32fb5b6153989545.webp
Mazin/Homelegance,2455NWHBedroom,2455NWH  Bedroom — Orlo Collection,Bedroom,Beds,134.95,425.00,290.05,Yes,https://demo-oasis-six.vercel.app/assets/cutouts/5ca847dbe759fded.webp
Mazin/Homelegance,2457Bedroom,2457 Bedroom — Ripple Collection,Bedroom,Beds,159.95,504.00,344.05,Yes,https://demo-oasis-six.vercel.app/assets/cutouts/b9ff313151b1ee03.webp
Mazin/Homelegance,2473Bedroom,2473 Bedroom — Buckingham Collection,Bedroom,Beds,229.00,721.00,492.00,Yes,https://demo-oasis-six.vercel.app/assets/cutouts/3629100118a8d569.webp
Mazin/Homelegance,2496Bedroom,2496 Bedroom — Aeon Collection,Bedroom,Beds,169.95,535.00,365.05,Yes,https://demo-oasis-six.vercel.app/assets/cutouts/59b88cec5fa2e290.webp
Mazin/Homelegance,2496,Aeon — Bed,Bedroom,Beds,660.00,2079.00,1419.00,No,https://demo-oasis-six.vercel.app/assets/cutouts/59b88cec5fa2e290.webp
Mazin/Homelegance,1718,Begonia — King Bed,Bedroom,Beds,850.00,2678.00,1828.00,No,https://demo-oasis-six.vercel.app/assets/cutouts/f08e0be2e04ed8e1.webp
Mazin/Homelegance,1718,Begonia — Queen Bed,Bedroom,Beds,645.00,2032.00,1387.00,No,https://demo-oasis-six.vercel.app/assets/cutouts/f08e0be2e04ed8e1.webp
Mazin/Homelegance,2336,Charlotte — Bed,Bedroom,Beds,885.00,2788.00,1903.00,No,https://demo-oasis-six.vercel.app/assets/cutouts/f454efa4da409302.webp
Mazin/Homelegance,1730,Cotterill — King Bed,Bedroom,Beds,350.00,1102.00,752.00,No,https://demo-oasis-six.vercel.app/assets/cutouts/c74da85bc14ed296.webp
Mazin/Homelegance,1730,Cotterill — Queen Bed,Bedroom,Beds,280.00,882.00,602.00,No,https://demo-oasis-six.vercel.app/assets/cutouts/c74da85bc14ed296.webp
Mazin/Homelegance,2393,Dalston — King Bed,Bedroom,Beds,450.00,1418.00,968.00,No,https://demo-oasis-six.vercel.app/assets/cutouts/6810657078d04403.webp
Mazin/Homelegance,2393,Dalston — Queen Bed,Bedroom,Beds,340.00,1071.00,731.00,No,https://demo-oasis-six.vercel.app/assets/cutouts/6810657078d04403.webp
Mazin/Homelegance,2399,Emerson — Bed,Bedroom,Beds,299.95,945.00,645.05,No,https://demo-oasis-six.vercel.app/assets/cutouts/bf0a97d3b486bb3d.webp
Mazin/Homelegance,2411,Fitzroy — King Bed,Bedroom,Beds,675.00,2126.00,1451.00,No,https://demo-oasis-six.vercel.app/assets/cutouts/543807f82681d324.webp
Mazin/Homelegance,2411,Fitzroy — Queen Bed,Bedroom,Beds,625.00,1969.00,1344.00,No,https://demo-oasis-six.vercel.app/assets/cutouts/543807f82681d324.webp
Mazin/Homelegance,2390,Lumin — King Bed,Bedroom,Beds,425.00,1339.00,914.00,No,https://demo-oasis-six.vercel.app/assets/cutouts/8d674f884f492311.webp
Mazin/Homelegance,2390,Lumin — Queen Bed,Bedroom,Beds,330.00,1040.00,710.00,No,https://demo-oasis-six.vercel.app/assets/cutouts/8d674f884f492311.webp
Mazin/Homelegance,2447,Matisse — King Bed,Bedroom,Beds,730.00,2300.00,1570.00,No,https://demo-oasis-six.vercel.app/assets/cutouts/8c31b05062dad09e.webp
Mazin/Homelegance,2447,Matisse — Queen Bed,Bedroom,Beds,570.00,1796.00,1226.00,No,https://demo-oasis-six.vercel.app/assets/cutouts/8c31b05062dad09e.webp
Mazin/Homelegance,2455,Orlo — King Bed,Bedroom,Beds,520.00,1638.00,1118.00,No,https://demo-oasis-six.vercel.app/assets/cutouts/43acb621402ef4f4.webp
Mazin/Homelegance,2455,Orlo — Queen Bed,Bedroom,Beds,395.00,1244.00,849.00,No,https://demo-oasis-six.vercel.app/assets/cutouts/43acb621402ef4f4.webp
Mazin/Homelegance,9745BESeating,9745BE Seating — Zander Collection,Decor,Decor Objects,280.00,882.00,602.00,Yes,https://demo-oasis-six.vercel.app/assets/cutouts/afde40307e8da544.webp
Mazin/Homelegance,9745DGSeating,9745DG Seating — Zander Collection,Decor,Decor Objects,280.00,882.00,602.00,Yes,https://demo-oasis-six.vercel.app/assets/cutouts/c63321c67289549b.webp
Mazin/Homelegance,9746BESeating,9746BE Seating — Chelsea Collection,Decor,Decor Objects,280.00,882.00,602.00,Yes,https://demo-oasis-six.vercel.app/assets/cutouts/7ec926d0fbb5ca0f.webp
Mazin/Homelegance,9746GYSeating,9746GY Seating — Chelsea Collection,Decor,Decor Objects,280.00,882.00,602.00,Yes,https://demo-oasis-six.vercel.app/assets/cutouts/9ca7803edb6dcead.webp
Mazin/Homelegance,9747BUSeating,9747BU Seating — Sarah Collection,Decor,Decor Objects,280.00,882.00,602.00,Yes,https://demo-oasis-six.vercel.app/assets/cutouts/681f0cf941e008b1.webp
Mazin/Homelegance,2423BRDining,2423BR Dining — Junipero Collection,Dining,Dining Sets,65.00,205.00,140.00,Yes,https://demo-oasis-six.vercel.app/assets/cutouts/f1acbcba138e540b.webp
Mazin/Homelegance,2447-102Dining,2447-102 Dining — Matisse Collection,Dining,Dining Sets,105.00,331.00,226.00,Yes,https://demo-oasis-six.vercel.app/assets/cutouts/c9478e11e02d0832.webp
Mazin/Homelegance,2447-60RDDining,2447-60RD Dining — Matisse Collection,Dining,Dining Sets,105.00,331.00,226.00,Yes,https://demo-oasis-six.vercel.app/assets/cutouts/4ddd4475ea475f57.webp
Mazin/Homelegance,5503BKDining,5503BK Dining — Yannis Collection,Dining,Dining Sets,112.00,353.00,241.00,Yes,https://demo-oasis-six.vercel.app/assets/cutouts/e5d2d0308f891201.webp
Mazin/Homelegance,5599NDining,5599N Dining — Glissand Collection,Dining,Dining Sets,80.00,252.00,172.00,Yes,https://demo-oasis-six.vercel.app/assets/cutouts/c4524b658c807772.webp
Mazin/Homelegance,5709WHDining,5709WH Dining — Blair Farm Collection,Dining,Dining Sets,697.00,2196.00,1499.00,Yes,https://demo-oasis-six.vercel.app/assets/cutouts/d0f0e5b6f174859e.webp
Mazin/Homelegance,5898Dining,5898 Dining — Aiden Collection,Dining,Dining Sets,81.00,255.00,174.00,Yes,https://demo-oasis-six.vercel.app/assets/cutouts/705cc6a93688a5b1.webp
Mazin/Homelegance,5982-36Dining,5982-36 Dining — Savile Collection,Dining,Dining Sets,85.00,268.00,183.00,Yes,https://www.homelegance.com/u/HMLG/20250805/156/5982-36_dining__l.jpg
Mazin/Homelegance,5982-60Dining,5982-60 Dining — Savile Collection,Dining,Dining Sets,85.00,268.00,183.00,Yes,https://www.homelegance.com/u/HMLG/20250805/136/5982-60_dining__l.jpg
Mazin/Homelegance,5985Dining,5985 Dining — Ogden Collection,Dining,Dining Sets,92.00,290.00,198.00,Yes,https://demo-oasis-six.vercel.app/assets/cutouts/562fdc324e67e307.webp
Mazin/Homelegance,5999Dining,5999 Dining — Soma Collection,Dining,Dining Sets,130.00,410.00,280.00,Yes,https://demo-oasis-six.vercel.app/assets/cutouts/27cfff393b229de7.webp
Mazin/Homelegance,6022-36Dining,6022-36 Dining — Tyler Collection,Dining,Dining Sets,83.00,261.00,178.00,Yes,https://demo-oasis-six.vercel.app/assets/cutouts/9a50dc8cb7316005.webp
Mazin/Homelegance,6022-65Dining,6022-65 Dining — Tyler Collection,Dining,Dining Sets,83.00,261.00,178.00,Yes,https://demo-oasis-six.vercel.app/assets/cutouts/1684a1dc7364a104.webp
Mazin/Homelegance,6022WH-36Dining,6022WH-36 Dining — Tyler Collection,Dining,Dining Sets,83.00,261.00,178.00,Yes,https://demo-oasis-six.vercel.app/assets/cutouts/a671fa2953c9eea1.webp
Mazin/Homelegance,6022WH-65Dining,6022WH-65 Dining — Tyler Collection,Dining,Dining Sets,83.00,261.00,178.00,Yes,https://demo-oasis-six.vercel.app/assets/cutouts/ae18558d4d332a61.webp
Mazin/Homelegance,6048-78Dining,6048-78 Dining — Marais Collection,Dining,Dining Sets,588.00,1852.00,1264.00,Yes,https://demo-oasis-six.vercel.app/assets/cutouts/635a5cfdc37ebcb0.webp
Mazin/Homelegance,6048-82Dining,6048-82 Dining — Marais Collection,Dining,Dining Sets,588.00,1852.00,1264.00,Yes,https://demo-oasis-six.vercel.app/assets/cutouts/fe49847bd877bbe1.webp
Mazin/Homelegance,6048NG6054Dining,6048NG + 6054 Dining — Marais Collection,Dining,Dining Sets,588.00,1852.00,1264.00,Yes,https://demo-oasis-six.vercel.app/assets/cutouts/6b120f7edc5b19da.webp
Mazin/Homelegance,6048NG-82Dining,6048NG-82 Dining — Marais Collection,Dining,Dining Sets,588.00,1852.00,1264.00,Yes,https://demo-oasis-six.vercel.app/assets/cutouts/c3bb077612cc27e8.webp
Mazin/Homelegance,6050Dining,6050 Dining — Marais Collection,Dining,Dining Sets,478.00,1506.00,1028.00,Yes,https://demo-oasis-six.vercel.app/assets/cutouts/11422ebf98836533.webp
Mazin/Homelegance,6066-54RDDining,6066-54RD Dining — Clara Collection,Dining,Dining Sets,120.00,378.00,258.00,Yes,https://demo-oasis-six.vercel.app/assets/cutouts/9b8e28cc1ef66838.webp
Mazin/Homelegance,6066-84Dining,6066-84 Dining — Clara Collection,Dining,Dining Sets,120.00,378.00,258.00,Yes,https://demo-oasis-six.vercel.app/assets/cutouts/d54bffa777a2d7f5.webp
Mazin/Homelegance,6066NN-54RDDining,6066NN-54RD Dining — Clara Collection,Dining,Dining Sets,120.00,378.00,258.00,Yes,https://demo-oasis-six.vercel.app/assets/cutouts/d7825cf410ac40be.webp
Mazin/Homelegance,6066NN-84Dining,6066NN-84 Dining — Clara Collection,Dining,Dining Sets,120.00,378.00,258.00,Yes,https://demo-oasis-six.vercel.app/assets/cutouts/3ab65d9f34f90518.webp
Mazin/Homelegance,6099Dining,6099 Dining — Niche Collection,Dining,Dining Sets,550.00,1732.00,1182.00,Yes,https://demo-oasis-six.vercel.app/assets/cutouts/7cfb377708d01e00.webp
Mazin/Homelegance,1104Occasional,1104 Occasional — Lewiston Collection,Living Room,Accent Tables,257.00,810.00,553.00,Yes,https://demo-oasis-six.vercel.app/assets/cutouts/5053a2227e593fc8.webp
Mazin/Homelegance,1138Occasional,1138 Occasional — Damala Collection,Living Room,Accent Tables,199.95,630.00,430.05,Yes,https://demo-oasis-six.vercel.app/assets/cutouts/d37f5a7db0315b1a.webp
Mazin/Homelegance,1526Occasional,1526 Occasional — Bainbridge Collection,Living Room,Accent Tables,72.50,228.00,155.50,Yes,https://demo-oasis-six.vercel.app/assets/cutouts/c7f6a93c71931337.webp
Mazin/Homelegance,15260Media,15260 Media — Bainbridge Collection,Living Room,Tv Media,200.00,630.00,430.00,Yes,https://demo-oasis-six.vercel.app/assets/cutouts/3a1a44093e1205cb.webp
Mazin/Homelegance,3500Occasional,3500 Occasional — Claremore Collection,Living Room,Accent Tables,155.00,488.00,333.00,Yes,https://demo-oasis-six.vercel.app/assets/cutouts/f33c70d0fe6f97d3.webp
Mazin/Homelegance,3503BKOccasional,3503BK Occasional — Muriel Collection,Living Room,Accent Tables,223.00,702.00,479.00,Yes,https://demo-oasis-six.vercel.app/assets/cutouts/c6fcc00fa4040d70.webp
Mazin/Homelegance,3506Occasional,3506 Occasional — Sienna Collection,Living Room,Accent Tables,199.00,627.00,428.00,Yes,https://demo-oasis-six.vercel.app/assets/cutouts/7559e207efc61a2e.webp
Mazin/Homelegance,3537Occasional,3537 Occasional — Anton Collection,Living Room,Accent Tables,180.00,567.00,387.00,Yes,https://demo-oasis-six.vercel.app/assets/cutouts/45721e8a36f8f2bb.webp
Mazin/Homelegance,3550Occasional,3550 Occasional — Duncan Collection,Living Room,Accent Tables,245.00,772.00,527.00,Yes,https://demo-oasis-six.vercel.app/assets/cutouts/adcd8121916778eb.webp
Mazin/Homelegance,3553Occasional,3553 Occasional — Lakeside Collection,Living Room,Accent Tables,200.00,630.00,430.00,Yes,https://demo-oasis-six.vercel.app/assets/cutouts/7e92975b9b9ed01f.webp
Mazin/Homelegance,3554Occasional,3554 Occasional — Rochester Collection,Living Room,Accent Tables,184.00,580.00,396.00,Yes,https://demo-oasis-six.vercel.app/assets/cutouts/23b114ecbd96d4a1.webp
Mazin/Homelegance,3590Occasional,3590 Occasional — Frolic Collection,Living Room,Accent Tables,471.00,1484.00,1013.00,Yes,https://demo-oasis-six.vercel.app/assets/cutouts/d10739e7cc2334fe.webp
Mazin/Homelegance,3620Occasional,3620 Occasional — Whitley Collection,Living Room,Accent Tables,254.00,800.00,546.00,Yes,https://demo-oasis-six.vercel.app/assets/cutouts/4a6b8fca76cebaba.webp
Mazin/Homelegance,3621Occasional,3621 Occasional — Minot Collection,Living Room,Accent Tables,232.00,731.00,499.00,Yes,https://demo-oasis-six.vercel.app/assets/cutouts/66c31c53a6be5285.webp
Mazin/Homelegance,3624Occasional,3624 Occasional — Auburn Collection,Living Room,Accent Tables,344.00,1084.00,740.00,Yes,https://demo-oasis-six.vercel.app/assets/cutouts/f21678ddeca1c114.webp
Mazin/Homelegance,3681Occasional,3681 Occasional — Tobias Collection,Living Room,Accent Tables,277.00,873.00,596.00,Yes,https://demo-oasis-six.vercel.app/assets/cutouts/f86a6e3338c0e66b.webp
Mazin/Homelegance,3681-RDOccasional,3681-RD Occasional — Tobias Collection,Living Room,Accent Tables,277.00,873.00,596.00,Yes,https://demo-oasis-six.vercel.app/assets/cutouts/a74e60d6cfb59cc0.webp
Mazin/Homelegance,3699Occasional,3699 Occasional — Martine Collection,Living Room,Accent Tables,313.00,986.00,673.00,Yes,https://demo-oasis-six.vercel.app/assets/cutouts/a6c3ec33d4d72158.webp
Mazin/Homelegance,3700Occasional,3700 Occasional — Astral Collection,Living Room,Accent Tables,342.00,1077.00,735.00,Yes,https://demo-oasis-six.vercel.app/assets/cutouts/268cf2233da9ea8b.webp
Mazin/Homelegance,3701Occasional,3701 Occasional — Zamir Collection,Living Room,Accent Tables,277.00,873.00,596.00,Yes,https://demo-oasis-six.vercel.app/assets/cutouts/072a65104d05dc19.webp
Mazin/Homelegance,3702Occasional,3702 Occasional — Amara Collection,Living Room,Accent Tables,233.00,734.00,501.00,Yes,https://demo-oasis-six.vercel.app/assets/cutouts/6e2880699888d8dc.webp
Mazin/Homelegance,3705Occasional,3705 Occasional — Melody Collection,Living Room,Accent Tables,324.00,1021.00,697.00,Yes,https://demo-oasis-six.vercel.app/assets/cutouts/9702c018573315a4.webp
Mazin/Homelegance,3706Occasional,3706 Occasional — Laird Collection,Living Room,Accent Tables,193.00,608.00,415.00,Yes,https://demo-oasis-six.vercel.app/assets/cutouts/9813fa1a14149bfb.webp
Mazin/Homelegance,3709Occasional,3709 Occasional — Gaffney Collection,Living Room,Accent Tables,356.00,1121.00,765.00,Yes,https://demo-oasis-six.vercel.app/assets/cutouts/a420389f2b120239.webp
Mazin/Homelegance,3716Occasional,3716 Occasional — Riverton Collection,Living Room,Accent Tables,328.00,1033.00,705.00,Yes,https://demo-oasis-six.vercel.app/assets/cutouts/bc0d3b607d98aef0.webp
Mazin/Homelegance,4998BLKOccasional,4998BLK Occasional — Salina Collection,Living Room,Accent Tables,243.00,765.00,522.00,Yes,https://demo-oasis-six.vercel.app/assets/cutouts/0b94bd65279c2d8d.webp
Mazin/Homelegance,54150RFMedia,54150RF Media — Sedley Collection,Living Room,Tv Media,597.00,1881.00,1284.00,Yes,https://demo-oasis-six.vercel.app/assets/cutouts/17489abd6dba92be.webp
Mazin/Homelegance,5415RFOccasional,5415RF Occasional — Sedley Collection,Living Room,Accent Tables,116.00,365.00,249.00,Yes,https://demo-oasis-six.vercel.app/assets/cutouts/5f1dec206ceb6aa1.webp
Mazin/Homelegance,5438Occasional,5438 Occasional — Toulon Collection,Living Room,Accent Tables,105.00,331.00,226.00,Yes,https://demo-oasis-six.vercel.app/assets/cutouts/ebe6b71b2f33a820.webp
Mazin/Homelegance,5627GYOccasional,5627GY Occasional — Granby Collection,Living Room,Accent Tables,85.00,268.00,183.00,Yes,https://demo-oasis-six.vercel.app/assets/cutouts/8526ad874720b599.webp
Mazin/Homelegance,5627NWOccasional,5627NW Occasional — Granby Collection,Living Room,Accent Tables,85.00,268.00,183.00,Yes,https://demo-oasis-six.vercel.app/assets/cutouts/b85f974d6efffe78.webp
Mazin/Homelegance,5901Occasional,5901 Occasional — Monroe Collection,Living Room,Accent Tables,120.00,378.00,258.00,Yes,https://demo-oasis-six.vercel.app/assets/cutouts/adf46e0052ad34be.webp
Mazin/Homelegance,8570Occasional,8570 Occasional — Balthasar Collection,Living Room,Accent Tables,335.00,1055.00,720.00,Yes,https://demo-oasis-six.vercel.app/assets/cutouts/6e2904240c99b248.webp
Mazin/Homelegance,1386NWOffice,1386NW Office — Cinderella Collection,Office,Desks,137.00,432.00,295.00,Yes,https://www.homelegance.com/u/HMLG/20200121/123/1386NW20Office__l.jpg
Mazin/Homelegance,1450Office,1450 Office — Garretson Collection,Office,Desks,84.95,268.00,183.05,Yes,https://demo-oasis-six.vercel.app/assets/cutouts/be5c2320751e5785.webp
Mazin/Homelegance,1450WHOffice,1450WH Office — Garretson Collection,Office,Desks,84.95,268.00,183.05,Yes,https://demo-oasis-six.vercel.app/assets/cutouts/3d65191b01c2badb.webp
Mazin/Homelegance,1534Office,1534 Office — Corbin Collection,Office,Desks,59.95,189.00,129.05,Yes,https://demo-oasis-six.vercel.app/assets/cutouts/31f28773f1a38773.webp
Mazin/Homelegance,1534GYOffice,1534GY Office — Corbin Collection,Office,Desks,59.95,189.00,129.05,Yes,https://demo-oasis-six.vercel.app/assets/cutouts/7308bf3ab402e0ae.webp
Mazin/Homelegance,1534NAOffice,1534NA Office — Corbin Collection,Office,Desks,59.95,189.00,129.05,Yes,https://demo-oasis-six.vercel.app/assets/cutouts/4994935a71c7ab82.webp
Mazin/Homelegance,1534WHOffice,1534WH Office — Corbin Collection,Office,Desks,59.95,189.00,129.05,Yes,https://demo-oasis-six.vercel.app/assets/cutouts/2c8081152d54ebd3.webp
Mazin/Homelegance,4522Office,4522 Office — Blanche Collection,Office,Desks,147.00,463.00,316.00,Yes,https://demo-oasis-six.vercel.app/assets/cutouts/4cc389065827807c.webp
Mazin/Homelegance,4522WHOffice,4522WH Office — Blanche Collection,Office,Desks,147.00,463.00,316.00,Yes,https://demo-oasis-six.vercel.app/assets/cutouts/61074f96442dc1fa.webp
Mazin/Homelegance,5415RFOffice,5415RF Office — Sedley Collection,Office,Desks,116.00,365.00,249.00,Yes,https://demo-oasis-six.vercel.app/assets/cutouts/1ba714f05945b9ef.webp
Mazin/Homelegance,5438Office,5438 Office — Toulon Collection,Office,Desks,105.00,331.00,226.00,Yes,https://demo-oasis-six.vercel.app/assets/cutouts/794b996ad4c183f7.webp
Mazin/Homelegance,5687BLK-364PDining,5687BLK-364P Dining — Caspian Collection,Office,Desks,70.00,220.00,150.00,Yes,https://demo-oasis-six.vercel.app/assets/cutouts/8ad9bb18905e726b.webp
Mazin/Homelegance,5687BLK-424PDining,5687BLK-424P Dining — Caspian Collection,Office,Desks,70.00,220.00,150.00,Yes,https://demo-oasis-six.vercel.app/assets/cutouts/f50a894d73ce59ce.webp
Mazin/Homelegance,5687BTT-364PDining,5687BTT-364P Dining — Caspian Collection,Office,Desks,70.00,220.00,150.00,Yes,https://demo-oasis-six.vercel.app/assets/cutouts/714b58d65cfd423d.webp
Mazin/Homelegance,5687BTT-424PDining,5687BTT-424P Dining — Caspian Collection,Office,Desks,70.00,220.00,150.00,Yes,https://demo-oasis-six.vercel.app/assets/cutouts/d012563e759284f6.webp
Mazin/Homelegance,5687WTT-364PDining,5687WTT-364P Dining — Caspian Collection,Office,Desks,70.00,220.00,150.00,Yes,https://demo-oasis-six.vercel.app/assets/cutouts/51e2ebb6ba8ad42f.webp
Mazin/Homelegance,5687WTT-424PDining,5687WTT-424P Dining — Caspian Collection,Office,Desks,70.00,220.00,150.00,Yes,https://demo-oasis-six.vercel.app/assets/cutouts/4e94b4afe367bca8.webp
Mazin/Homelegance,5713BKDining,5713BK Dining — Connected Collection,Office,Desks,395.00,1244.00,849.00,Yes,https://demo-oasis-six.vercel.app/assets/cutouts/5a3cec6332040a83.webp
Mazin/Homelegance,5713ESDining,5713ES Dining — Connected Collection,Office,Desks,395.00,1244.00,849.00,Yes,https://demo-oasis-six.vercel.app/assets/cutouts/aff33ad58dfeaa02.webp
Mazin/Homelegance,5713GYDining,5713GY Dining — Connected Collection,Office,Desks,395.00,1244.00,849.00,Yes,https://demo-oasis-six.vercel.app/assets/cutouts/0aa9e7d6c7c3f277.webp
Mazin/Homelegance,5713WTDining,5713WT Dining — Connected Collection,Office,Desks,395.00,1244.00,849.00,Yes,https://demo-oasis-six.vercel.app/assets/cutouts/b8347409774b75d4.webp
Monarch,I 2789,Accent Chest — Dark Walnut With 2 Doors,Bedroom,Chests,100.00,315.00,215.00,Yes,https://www.monarchspec.com/images/lifestyle_WEBQ50/I_2789.jpg
Monarch,I 2729,Accent Chest — Light Walnut / Seagrass-Look / 2 D,Bedroom,Chests,120.00,378.00,258.00,Yes,https://www.monarchspec.com/images/lifestyle_WEBQ50/I_2729.jpg
Monarch,I 5921F,Bed — Beige Linen,Bedroom,Beds,125.00,394.00,269.00,Yes,https://www.monarchspec.com/images/lifestyle_WEBQ50/I_5921F.jpg
Monarch,I 5921Q,Bed — Beige Linen,Bedroom,Beds,135.00,425.00,290.00,Yes,https://www.monarchspec.com/images/lifestyle_WEBQ50/I_5921Q.jpg
Monarch,I 5605Q,Bed — Beige Linen,Bedroom,Beds,190.00,598.00,408.00,Yes,https://www.monarchspec.com/images/lifestyle_WEBQ50/I_5605Q.jpg
Monarch,I 6026Q,Bed — Beige Linen,Bedroom,Beds,210.00,662.00,452.00,Yes,https://www.monarchspec.com/images/lifestyle_WEBQ50/I_6026Q.jpg
Monarch,I 5921T,Bed — Beige Linen,Bedroom,Beds,110.00,346.00,236.00,Yes,https://www.monarchspec.com/images/lifestyle_WEBQ50/I_5921T.jpg
Monarch,I 6004F,Bed — Beige Linen Headboard Only,Bedroom,Beds,75.00,236.00,161.00,Yes,https://www.monarchspec.com/images/lifestyle_WEBQ50/I_6004F.jpg
Monarch,I 6004Q,Bed — Beige Linen Headboard Only,Bedroom,Beds,85.00,268.00,183.00,Yes,https://www.monarchspec.com/images/lifestyle_WEBQ50/I_6004Q.jpg
Monarch,I 6014F,Bed — Beige Linen Headboard Only,Bedroom,Beds,85.00,268.00,183.00,Yes,https://www.monarchspec.com/images/lifestyle_WEBQ50/I_6014F.jpg
Monarch,I 5901F,Bed — Beige Linen Platform Front Storage,Bedroom,Beds,210.00,662.00,452.00,Yes,https://www.monarchspec.com/images/lifestyle_WEBQ50/I_5901F.jpg
Monarch,I 5901Q,Bed — Beige Linen Platform Front Storage,Bedroom,Beds,220.00,693.00,473.00,Yes,https://www.monarchspec.com/images/lifestyle_WEBQ50/I_5901Q.jpg
Monarch,I 5901T,Bed — Beige Linen Platform Front Storage,Bedroom,Beds,190.00,598.00,408.00,Yes,https://www.monarchspec.com/images/lifestyle_WEBQ50/I_5901T.jpg
Monarch,I 6021Q,Bed — Beige Linen With 2 Storage Drawers,Bedroom,Beds,285.00,898.00,613.00,Yes,https://www.monarchspec.com/images/lifestyle_WEBQ50/I_6021Q.jpg
Monarch,I 6036Q,Bed — Beige Linen With Chrome Metal Legs,Bedroom,Beds,190.00,598.00,408.00,Yes,https://www.monarchspec.com/images/lifestyle_WEBQ50/I_6036Q.jpg
Monarch,I 6041Q,Bed — Beige Linen With Chrome Metal Legs,Bedroom,Beds,215.00,677.00,462.00,Yes,https://www.monarchspec.com/images/lifestyle_WEBQ50/I_6041Q.jpg
Monarch,I 5805F,Bed — Black Boucle Fabric,Bedroom,Beds,135.00,425.00,290.00,Yes,https://www.monarchspec.com/images/lifestyle_WEBQ50/I_5805F.jpg
Monarch,I 5805Q,Bed — Black Boucle Fabric,Bedroom,Beds,145.00,457.00,312.00,Yes,https://www.monarchspec.com/images/lifestyle_WEBQ50/I_5805Q.jpg
Monarch,I 5805T,Bed — Black Boucle Fabric,Bedroom,Beds,120.00,378.00,258.00,Yes,https://www.monarchspec.com/images/lifestyle_WEBQ50/I_5805T.jpg
Monarch,I 6060Q,Bed — Black Solid Wood Platform,Bedroom,Beds,195.00,614.00,419.00,Yes,https://www.monarchspec.com/images/lifestyle_WEBQ50/I_6060Q.jpg
Monarch,I 5924T,Bed — Black Velvet,Bedroom,Beds,110.00,346.00,236.00,Yes,https://www.monarchspec.com/images/lifestyle_WEBQ50/I_5924T.jpg
Monarch,I 6000F,Bed — Brown Leather-Look Headboard Only,Bedroom,Beds,75.00,236.00,161.00,Yes,https://www.monarchspec.com/images/lifestyle_WEBQ50/I_6000F.jpg
Monarch,I 6000Q,Bed — Brown Leather-Look Headboard Only,Bedroom,Beds,85.00,268.00,183.00,Yes,https://www.monarchspec.com/images/lifestyle_WEBQ50/I_6000Q.jpg
Monarch,I 5938Q,Bed — Brown Leather-Look With Brass Trim,Bedroom,Beds,160.00,504.00,344.00,Yes,https://www.monarchspec.com/images/lifestyle_WEBQ50/I_5938Q.jpg
Monarch,I 5982Q,Bed — Brown Leather-Look With Wood Legs,Bedroom,Beds,170.00,536.00,366.00,Yes,https://www.monarchspec.com/images/lifestyle_WEBQ50/I_5982Q.jpg
Monarch,I 5982T,Bed — Brown Leather-Look With Wood Legs,Bedroom,Beds,150.00,472.00,322.00,Yes,https://www.monarchspec.com/images/lifestyle_WEBQ50/I_5982T.jpg
Monarch,I 5910F,Bed — Dark Brown Leather-Look,Bedroom,Beds,115.00,362.00,247.00,Yes,https://www.monarchspec.com/images/lifestyle_WEBQ50/I_5910F.jpg
Monarch,I 5910Q,Bed — Dark Brown Leather-Look,Bedroom,Beds,160.00,504.00,344.00,Yes,https://www.monarchspec.com/images/lifestyle_WEBQ50/I_5910Q.jpg
Monarch,I 5922F,Bed — Dark Brown Leather-Look,Bedroom,Beds,125.00,394.00,269.00,Yes,https://www.monarchspec.com/images/lifestyle_WEBQ50/I_5922F.jpg
Monarch,I 5922Q,Bed — Dark Brown Leather-Look,Bedroom,Beds,140.00,441.00,301.00,Yes,https://www.monarchspec.com/images/lifestyle_WEBQ50/I_5922Q.jpg
Monarch,I 5910T,Bed — Dark Brown Leather-Look,Bedroom,Beds,105.00,331.00,226.00,Yes,https://www.monarchspec.com/images/lifestyle_WEBQ50/I_5910T.jpg
Monarch,I 5803F,Bed — Dark Grey Boucle Fabric,Bedroom,Beds,135.00,425.00,290.00,Yes,https://www.monarchspec.com/images/lifestyle_WEBQ50/I_5803F.jpg
Monarch,I 5803Q,Bed — Dark Grey Boucle Fabric,Bedroom,Beds,145.00,457.00,312.00,Yes,https://www.monarchspec.com/images/lifestyle_WEBQ50/I_5803Q.jpg
Monarch,I 5803T,Bed — Dark Grey Boucle Fabric,Bedroom,Beds,120.00,378.00,258.00,Yes,https://www.monarchspec.com/images/lifestyle_WEBQ50/I_5803T.jpg
Monarch,I 5968Q,Bed — Dark Grey Velvet With Chrome Trim,Bedroom,Beds,215.00,677.00,462.00,Yes,https://www.monarchspec.com/images/lifestyle_WEBQ50/I_5968Q.jpg
Monarch,I 5986Q,Bed — Dark Grey Velvet With Chrome Trim,Bedroom,Beds,195.00,614.00,419.00,Yes,https://www.monarchspec.com/images/lifestyle_WEBQ50/I_5986Q.jpg
Monarch,I 6070Q,Bed — Dark Taupe / Black Metal Platform,Bedroom,Beds,149.00,469.00,320.00,Yes,https://www.monarchspec.com/images/lifestyle_WEBQ50/I_6070Q.jpg
Monarch,I 5917T,Bed — Green Velvet,Bedroom,Beds,110.00,346.00,236.00,Yes,https://www.monarchspec.com/images/lifestyle_WEBQ50/I_5917T.jpg
Monarch,I 6071Q,Bed — Grey / Black Metal Platform,Bedroom,Beds,149.00,469.00,320.00,Yes,https://www.monarchspec.com/images/lifestyle_WEBQ50/I_6071Q.jpg
Monarch,I 6075Q,Bed — Grey Fabric / Black Metal Platform,Bedroom,Beds,159.00,501.00,342.00,Yes,https://www.monarchspec.com/images/lifestyle_WEBQ50/I_6075Q.jpg
Monarch,I 5912T,Bed — Grey Leather-Look,Bedroom,Beds,105.00,331.00,226.00,Yes,https://www.monarchspec.com/images/lifestyle_WEBQ50/I_5912T.jpg
Monarch,I 6011Q,Bed — Grey Leather-Look Headboard Only,Bedroom,Beds,95.00,299.00,204.00,Yes,https://www.monarchspec.com/images/lifestyle_WEBQ50/I_6011Q.jpg
Monarch,I 6011F,Bed — Grey Leather-Look Headboard Only,Bedroom,Beds,85.00,268.00,183.00,Yes,https://www.monarchspec.com/images/lifestyle_WEBQ50/I_6011F.jpg
Monarch,I 5920F,Bed — Grey Linen,Bedroom,Beds,125.00,394.00,269.00,Yes,https://www.monarchspec.com/images/lifestyle_WEBQ50/I_5920F.jpg
Monarch,I 5920Q,Bed — Grey Linen,Bedroom,Beds,135.00,425.00,290.00,Yes,https://www.monarchspec.com/images/lifestyle_WEBQ50/I_5920Q.jpg
Monarch,I 6025Q,Bed — Grey Linen,Bedroom,Beds,210.00,662.00,452.00,Yes,https://www.monarchspec.com/images/lifestyle_WEBQ50/I_6025Q.jpg
Monarch,I 5920T,Bed — Grey Linen,Bedroom,Beds,110.00,346.00,236.00,Yes,https://www.monarchspec.com/images/lifestyle_WEBQ50/I_5920T.jpg
Monarch,I 6003F,Bed — Grey Linen Headboard Only,Bedroom,Beds,75.00,236.00,161.00,Yes,https://www.monarchspec.com/images/lifestyle_WEBQ50/I_6003F.jpg
Monarch,I 6003Q,Bed — Grey Linen Headboard Only,Bedroom,Beds,85.00,268.00,183.00,Yes,https://www.monarchspec.com/images/lifestyle_WEBQ50/I_6003Q.jpg
Monarch,I 6013F,Bed — Grey Linen Headboard Only,Bedroom,Beds,85.00,268.00,183.00,Yes,https://www.monarchspec.com/images/lifestyle_WEBQ50/I_6013F.jpg
Monarch,I 5900F,Bed — Grey Linen Platform Front Storage ,Bedroom,Beds,210.00,662.00,452.00,Yes,https://www.monarchspec.com/images/lifestyle_WEBQ50/I_5900F.jpg
Monarch,I 5900Q,Bed — Grey Linen Platform Front Storage ,Bedroom,Beds,220.00,693.00,473.00,Yes,https://www.monarchspec.com/images/lifestyle_WEBQ50/I_5900Q.jpg
Monarch,I 5900T,Bed — Grey Linen Platform Front Storage ,Bedroom,Beds,190.00,598.00,408.00,Yes,https://www.monarchspec.com/images/lifestyle_WEBQ50/I_5900T.jpg
Monarch,I 6020Q,Bed — Grey Linen With 2 Storage Drawers,Bedroom,Beds,285.00,898.00,613.00,Yes,https://www.monarchspec.com/images/lifestyle_WEBQ50/I_6020Q.jpg
Monarch,I 5950Q,Bed — Grey Linen With Chrome Legs,Bedroom,Beds,160.00,504.00,344.00,Yes,https://www.monarchspec.com/images/lifestyle_WEBQ50/I_5950Q.jpg
Monarch,I 6035Q,Bed — Grey Linen With Chrome Metal Legs,Bedroom,Beds,190.00,598.00,408.00,Yes,https://www.monarchspec.com/images/lifestyle_WEBQ50/I_6035Q.jpg
Monarch,I 6040Q,Bed — Grey Linen With Chrome Metal Legs,Bedroom,Beds,220.00,693.00,473.00,Yes,https://www.monarchspec.com/images/lifestyle_WEBQ50/I_6040Q.jpg
Monarch,I 6045Q,Bed — Grey Linen With Chrome Metal Legs,Bedroom,Beds,235.00,740.00,505.00,Yes,https://www.monarchspec.com/images/lifestyle_WEBQ50/I_6045Q.jpg
Monarch,I 5925F,Bed — Grey Linen With Chrome Trim,Bedroom,Beds,130.00,410.00,280.00,Yes,https://www.monarchspec.com/images/lifestyle_WEBQ50/I_5925F.jpg
Monarch,I 5936Q,Bed — Grey Linen With Chrome Trim,Bedroom,Beds,165.00,520.00,355.00,Yes,https://www.monarchspec.com/images/lifestyle_WEBQ50/I_5936Q.jpg
Monarch,I 5966Q,Bed — Grey Linen With Chrome Trim,Bedroom,Beds,215.00,677.00,462.00,Yes,https://www.monarchspec.com/images/lifestyle_WEBQ50/I_5966Q.jpg
Monarch,I 5984Q,Bed — Grey Linen With Chrome Trim,Bedroom,Beds,195.00,614.00,419.00,Yes,https://www.monarchspec.com/images/lifestyle_WEBQ50/I_5984Q.jpg
Monarch,I 5984T,Bed — Grey Linen With Chrome Trim,Bedroom,Beds,165.00,520.00,355.00,Yes,https://www.monarchspec.com/images/lifestyle_WEBQ50/I_5984T.jpg
Monarch,I 6065Q,Bed — Grey Solid Wood Platform,Bedroom,Beds,195.00,614.00,419.00,Yes,https://www.monarchspec.com/images/lifestyle_WEBQ50/I_6065Q.jpg
Monarch,I 5806T,Bed — Light Blue Boucle Fabric,Bedroom,Beds,120.00,378.00,258.00,Yes,https://www.monarchspec.com/images/lifestyle_WEBQ50/I_5806T.jpg
Monarch,I 5801F,Bed — Light Grey Boucle Fabric,Bedroom,Beds,135.00,425.00,290.00,Yes,https://www.monarchspec.com/images/lifestyle_WEBQ50/I_5801F.jpg
Monarch,I 5801Q,Bed — Light Grey Boucle Fabric,Bedroom,Beds,145.00,457.00,312.00,Yes,https://www.monarchspec.com/images/lifestyle_WEBQ50/I_5801Q.jpg
Monarch,I 5801T,Bed — Light Grey Boucle Fabric,Bedroom,Beds,120.00,378.00,258.00,Yes,https://www.monarchspec.com/images/lifestyle_WEBQ50/I_5801T.jpg
Monarch,I 5967Q,Bed — Light Grey Velvet With Chrome Trim,Bedroom,Beds,215.00,677.00,462.00,Yes,https://www.monarchspec.com/images/lifestyle_WEBQ50/I_5967Q.jpg
Monarch,I 5918T,Bed — Navy Blue Velvet,Bedroom,Beds,110.00,346.00,236.00,Yes,https://www.monarchspec.com/images/lifestyle_WEBQ50/I_5918T.jpg
Monarch,I 5916T,Bed — Pink Velvet,Bedroom,Beds,110.00,346.00,236.00,Yes,https://www.monarchspec.com/images/lifestyle_WEBQ50/I_5916T.jpg
Monarch,I 6042Q,Bed — Pink Velvet With Chrome Metal Legs,Bedroom,Beds,215.00,677.00,462.00,Yes,https://www.monarchspec.com/images/lifestyle_WEBQ50/I_6042Q.jpg
Monarch,I 5919T,Bed — Steel Blue Velvet,Bedroom,Beds,110.00,346.00,236.00,Yes,https://www.monarchspec.com/images/lifestyle_WEBQ50/I_5919T.jpg
Monarch,I 6066Q,Bed — Walnut Solid Wood Platform,Bedroom,Beds,195.00,614.00,419.00,Yes,https://www.monarchspec.com/images/lifestyle_WEBQ50/I_6066Q.jpg
Monarch,I 5911Q,Bed — White Leather-Look,Bedroom,Beds,160.00,504.00,344.00,Yes,https://www.monarchspec.com/images/lifestyle_WEBQ50/I_5911Q.jpg
Monarch,I 5911T,Bed — White Leather-Look,Bedroom,Beds,105.00,331.00,226.00,Yes,https://www.monarchspec.com/images/lifestyle_WEBQ50/I_5911T.jpg
Monarch,I 6002T,Bed — White Leather-Look Headboard Only,Bedroom,Beds,70.00,220.00,150.00,Yes,https://www.monarchspec.com/images/lifestyle_WEBQ50/I_6002T.jpg
Monarch,I 6002F,Bed — White Leather-Look Headboard Only,Bedroom,Beds,75.00,236.00,161.00,Yes,https://www.monarchspec.com/images/lifestyle_WEBQ50/I_6002F.jpg
Monarch,I 6002Q,Bed — White Leather-Look Headboard Only,Bedroom,Beds,85.00,268.00,183.00,Yes,https://www.monarchspec.com/images/lifestyle_WEBQ50/I_6002Q.jpg
Monarch,I 6012Q,Bed — White Leather-Look Headboard Only,Bedroom,Beds,95.00,299.00,204.00,Yes,https://www.monarchspec.com/images/lifestyle_WEBQ50/I_6012Q.jpg
Monarch,I 6012F,Bed — White Leather-Look Headboard Only,Bedroom,Beds,85.00,268.00,183.00,Yes,https://www.monarchspec.com/images/lifestyle_WEBQ50/I_6012F.jpg
Monarch,I 5953Q,Bed — White Leather-Look With Chrome Leg,Bedroom,Beds,160.00,504.00,344.00,Yes,https://www.monarchspec.com/images/lifestyle_WEBQ50/I_5953Q.jpg
Monarch,I 6061Q,Bed — White Solid Wood Platform,Bedroom,Beds,195.00,614.00,419.00,Yes,https://www.monarchspec.com/images/lifestyle_WEBQ50/I_6061Q.jpg
Monarch,I 5235Q,Bedroom Set — Beige Fabric Grey Oak Finish,Bedroom,Bedroom Sets,229.00,721.00,492.00,Yes,https://www.monarchspec.com/images/lifestyle_WEBQ50/I_5235Q.jpg
Monarch,I 5212Q,Bedroom Set — Bleached Oak / 2 Lights / Usb,Bedroom,Bedroom Sets,399.00,1257.00,858.00,Yes,https://www.monarchspec.com/images/lifestyle_WEBQ50/I_5212Q.jpg
Monarch,I 5263,Bedroom Set — Bleached Oak / Oak Top,Bedroom,Bedroom Sets,95.00,299.00,204.00,Yes,https://www.monarchspec.com/images/lifestyle_WEBQ50/I_5263.jpg
Monarch,I 5200Q,Bedroom Set — Bleached Oak Finish,Bedroom,Bedroom Sets,139.00,438.00,299.00,Yes,https://www.monarchspec.com/images/lifestyle_WEBQ50/I_5200Q.jpg
Monarch,I 5210Q,Bedroom Set — Bleached Oak Finish,Bedroom,Bedroom Sets,209.00,658.00,449.00,Yes,https://www.monarchspec.com/images/lifestyle_WEBQ50/I_5210Q.jpg
Monarch,I 5201,Bedroom Set — Bleached Oak Finish,Bedroom,Bedroom Sets,315.00,992.00,677.00,Yes,https://www.monarchspec.com/images/lifestyle_WEBQ50/I_5201.jpg
Monarch,I 5202,Bedroom Set — Bleached Oak Finish,Bedroom,Bedroom Sets,65.00,205.00,140.00,Yes,https://www.monarchspec.com/images/lifestyle_WEBQ50/I_5202.jpg
Monarch,I 5203,Bedroom Set — Bleached Oak Finish,Bedroom,Bedroom Sets,105.00,331.00,226.00,Yes,https://www.monarchspec.com/images/lifestyle_WEBQ50/I_5203.jpg
Monarch,I 5204,Bedroom Set — Bleached Oak Finish,Bedroom,Bedroom Sets,230.00,724.00,494.00,Yes,https://www.monarchspec.com/images/lifestyle_WEBQ50/I_5204.jpg
Monarch,I 5220Q,Bedroom Set — Bleached Oak Finish,Bedroom,Bedroom Sets,249.00,784.00,535.00,Yes,https://www.monarchspec.com/images/lifestyle_WEBQ50/I_5220Q.jpg
Monarch,I 5221,Bedroom Set — Bleached Oak Finish,Bedroom,Bedroom Sets,370.00,1166.00,796.00,Yes,https://www.monarchspec.com/images/lifestyle_WEBQ50/I_5221.jpg
Monarch,I 5222,Bedroom Set — Bleached Oak Finish,Bedroom,Bedroom Sets,65.00,205.00,140.00,Yes,https://www.monarchspec.com/images/lifestyle_WEBQ50/I_5222.jpg
Monarch,I 5223,Bedroom Set — Bleached Oak Finish,Bedroom,Bedroom Sets,130.00,410.00,280.00,Yes,https://www.monarchspec.com/images/lifestyle_WEBQ50/I_5223.jpg
Monarch,I 5224,Bedroom Set — Bleached Oak Finish,Bedroom,Bedroom Sets,290.00,914.00,624.00,Yes,https://www.monarchspec.com/images/lifestyle_WEBQ50/I_5224.jpg
Monarch,I 5262,Bedroom Set — Bleached Oak Finish,Bedroom,Bedroom Sets,60.00,189.00,129.00,Yes,https://www.monarchspec.com/images/lifestyle_WEBQ50/I_5262.jpg
Monarch,I 5261,Bedroom Set — Bleached Oak Finish / Oak,Bedroom,Bedroom Sets,280.00,882.00,602.00,Yes,https://www.monarchspec.com/images/lifestyle_WEBQ50/I_5261.jpg
Monarch,I 5260Q,Bedroom Set — Bleached Oak Finish / Oak Top,Bedroom,Bedroom Sets,179.00,564.00,385.00,Yes,https://www.monarchspec.com/images/lifestyle_WEBQ50/I_5260Q.jpg
Monarch,I 5264,Bedroom Set — Bleached Oak Finish / Oak Top,Bedroom,Bedroom Sets,205.00,646.00,441.00,Yes,https://www.monarchspec.com/images/lifestyle_WEBQ50/I_5264.jpg
Monarch,I 5211Q,Bedroom Set — Bleached Oak Finish 2 Drawers,Bedroom,Bedroom Sets,289.00,910.00,621.00,Yes,https://www.monarchspec.com/images/lifestyle_WEBQ50/I_5211Q.jpg
Monarch,I 5208,Bedroom Set — Graphite Grey Wood,Bedroom,Bedroom Sets,105.00,331.00,226.00,Yes,https://www.monarchspec.com/images/lifestyle_WEBQ50/I_5208.jpg
Monarch,I 5216Q,Bedroom Set — Graphite Grey Wood 2 Drawers,Bedroom,Bedroom Sets,289.00,910.00,621.00,Yes,https://www.monarchspec.com/images/lifestyle_WEBQ50/I_5216Q.jpg
Monarch,I 5217Q,Bedroom Set — Graphite Grey Wood 2 Lights,Bedroom,Bedroom Sets,399.00,1257.00,858.00,Yes,https://www.monarchspec.com/images/lifestyle_WEBQ50/I_5217Q.jpg
Monarch,I 5205Q,Bedroom Set — Graphite Grey Wood Finish,Bedroom,Bedroom Sets,139.00,438.00,299.00,Yes,https://www.monarchspec.com/images/lifestyle_WEBQ50/I_5205Q.jpg
Monarch,I 5215Q,Bedroom Set — Graphite Grey Wood Finish,Bedroom,Bedroom Sets,209.00,658.00,449.00,Yes,https://www.monarchspec.com/images/lifestyle_WEBQ50/I_5215Q.jpg
Monarch,I 5206,Bedroom Set — Graphite Grey Wood Finish,Bedroom,Bedroom Sets,315.00,992.00,677.00,Yes,https://www.monarchspec.com/images/lifestyle_WEBQ50/I_5206.jpg
Monarch,I 5207,Bedroom Set — Graphite Grey Wood Finish,Bedroom,Bedroom Sets,65.00,205.00,140.00,Yes,https://www.monarchspec.com/images/lifestyle_WEBQ50/I_5207.jpg
Monarch,I 5209,Bedroom Set — Graphite Grey Wood Finish,Bedroom,Bedroom Sets,230.00,724.00,494.00,Yes,https://www.monarchspec.com/images/lifestyle_WEBQ50/I_5209.jpg
Monarch,I 5230Q,Bedroom Set — Grey Fabric Walnut Finish,Bedroom,Bedroom Sets,229.00,721.00,492.00,Yes,https://www.monarchspec.com/images/lifestyle_WEBQ50/I_5230Q.jpg
Monarch,I 5290Q,Bedroom Set — Grey Fabric White Oak Finish,Bedroom,Bedroom Sets,229.00,721.00,492.00,Yes,https://www.monarchspec.com/images/lifestyle_WEBQ50/I_5290Q.jpg
Monarch,I 5236,Bedroom Set — Grey Oak Finish,Bedroom,Bedroom Sets,355.00,1118.00,763.00,Yes,https://www.monarchspec.com/images/lifestyle_WEBQ50/I_5236.jpg
Monarch,I 5237,Bedroom Set — Grey Oak Finish,Bedroom,Bedroom Sets,75.00,236.00,161.00,Yes,https://www.monarchspec.com/images/lifestyle_WEBQ50/I_5237.jpg
Monarch,I 5238,Bedroom Set — Grey Oak Finish,Bedroom,Bedroom Sets,140.00,441.00,301.00,Yes,https://www.monarchspec.com/images/lifestyle_WEBQ50/I_5238.jpg
Monarch,I 5239,Bedroom Set — Grey Oak Finish,Bedroom,Bedroom Sets,300.00,945.00,645.00,Yes,https://www.monarchspec.com/images/lifestyle_WEBQ50/I_5239.jpg
Monarch,I 5280Q,Bedroom Set — Grey Reclaimed,Bedroom,Bedroom Sets,209.00,658.00,449.00,Yes,https://www.monarchspec.com/images/lifestyle_WEBQ50/I_5280Q.jpg
Monarch,I 5281,Bedroom Set — Grey Reclaimed,Bedroom,Bedroom Sets,335.00,1055.00,720.00,Yes,https://www.monarchspec.com/images/lifestyle_WEBQ50/I_5281.jpg
Monarch,I 5282,Bedroom Set — Grey Reclaimed,Bedroom,Bedroom Sets,65.00,205.00,140.00,Yes,https://www.monarchspec.com/images/lifestyle_WEBQ50/I_5282.jpg
Monarch,I 5283,Bedroom Set — Grey Reclaimed,Bedroom,Bedroom Sets,110.00,346.00,236.00,Yes,https://www.monarchspec.com/images/lifestyle_WEBQ50/I_5283.jpg
Monarch,I 5284,Bedroom Set — Grey Reclaimed,Bedroom,Bedroom Sets,270.00,850.00,580.00,Yes,https://www.monarchspec.com/images/lifestyle_WEBQ50/I_5284.jpg
Monarch,I 5252,Bedroom Set — Grey Reclaimed,Bedroom,Bedroom Sets,60.00,189.00,129.00,Yes,https://www.monarchspec.com/images/lifestyle_WEBQ50/I_5252.jpg
Monarch,I 5250Q,Bedroom Set — Grey Reclaimed / Graphite,Bedroom,Bedroom Sets,179.00,564.00,385.00,Yes,https://www.monarchspec.com/images/lifestyle_WEBQ50/I_5250Q.jpg
Monarch,I 5253,Bedroom Set — Grey Reclaimed / Graphite,Bedroom,Bedroom Sets,85.00,268.00,183.00,Yes,https://www.monarchspec.com/images/lifestyle_WEBQ50/I_5253.jpg
Monarch,I 5251,Bedroom Set — Grey Reclaimed / Graphite,Bedroom,Bedroom Sets,275.00,866.00,591.00,Yes,https://www.monarchspec.com/images/lifestyle_WEBQ50/I_5251.jpg
Monarch,I 5254,Bedroom Set — Grey Reclaimed / Graphite,Bedroom,Bedroom Sets,200.00,630.00,430.00,Yes,https://www.monarchspec.com/images/lifestyle_WEBQ50/I_5254.jpg
Monarch,I 5240Q,Bedroom Set — Led Light Grey Pu / White,Bedroom,Bedroom Sets,219.00,690.00,471.00,Yes,https://www.monarchspec.com/images/lifestyle_WEBQ50/I_5240Q.jpg
Monarch,I 5257,Bedroom Set — Light Oak,Bedroom,Bedroom Sets,60.00,189.00,129.00,Yes,https://www.monarchspec.com/images/lifestyle_WEBQ50/I_5257.jpg
Monarch,I 5255Q,Bedroom Set — Light Oak / Rustic Top,Bedroom,Bedroom Sets,179.00,564.00,385.00,Yes,https://www.monarchspec.com/images/lifestyle_WEBQ50/I_5255Q.jpg
Monarch,I 5256,Bedroom Set — Light Oak / Rustic Top,Bedroom,Bedroom Sets,275.00,866.00,591.00,Yes,https://www.monarchspec.com/images/lifestyle_WEBQ50/I_5256.jpg
Monarch,I 5258,Bedroom Set — Light Oak / Rustic Top,Bedroom,Bedroom Sets,85.00,268.00,183.00,Yes,https://www.monarchspec.com/images/lifestyle_WEBQ50/I_5258.jpg
Monarch,I 5259,Bedroom Set — Light Oak / Rustic Top,Bedroom,Bedroom Sets,200.00,630.00,430.00,Yes,https://www.monarchspec.com/images/lifestyle_WEBQ50/I_5259.jpg
Monarch,I 5276,Bedroom Set — Medium Oak Finish,Bedroom,Bedroom Sets,325.00,1024.00,699.00,Yes,https://www.monarchspec.com/images/lifestyle_WEBQ50/I_5276.jpg
Monarch,I 5277,Bedroom Set — Medium Oak Finish,Bedroom,Bedroom Sets,65.00,205.00,140.00,Yes,https://www.monarchspec.com/images/lifestyle_WEBQ50/I_5277.jpg
Monarch,I 5278,Bedroom Set — Medium Oak Finish,Bedroom,Bedroom Sets,110.00,346.00,236.00,Yes,https://www.monarchspec.com/images/lifestyle_WEBQ50/I_5278.jpg
Monarch,I 5279,Bedroom Set — Medium Oak Finish,Bedroom,Bedroom Sets,245.00,772.00,527.00,Yes,https://www.monarchspec.com/images/lifestyle_WEBQ50/I_5279.jpg
Monarch,I 5265Q,Bedroom Set — Medium Oak Finish,Bedroom,Bedroom Sets,179.00,564.00,385.00,Yes,https://www.monarchspec.com/images/lifestyle_WEBQ50/I_5265Q.jpg
Monarch,I 5266,Bedroom Set — Medium Oak Finish,Bedroom,Bedroom Sets,280.00,882.00,602.00,Yes,https://www.monarchspec.com/images/lifestyle_WEBQ50/I_5266.jpg
Monarch,I 5267,Bedroom Set — Medium Oak Finish,Bedroom,Bedroom Sets,60.00,189.00,129.00,Yes,https://www.monarchspec.com/images/lifestyle_WEBQ50/I_5267.jpg
Monarch,I 5268,Bedroom Set — Medium Oak Finish,Bedroom,Bedroom Sets,95.00,299.00,204.00,Yes,https://www.monarchspec.com/images/lifestyle_WEBQ50/I_5268.jpg
Monarch,I 5269,Bedroom Set — Medium Oak Finish,Bedroom,Bedroom Sets,205.00,646.00,441.00,Yes,https://www.monarchspec.com/images/lifestyle_WEBQ50/I_5269.jpg
Monarch,I 5275Q,Bedroom Set — Medium Oak Wood / 2 Drawers,Bedroom,Bedroom Sets,389.00,1225.00,836.00,Yes,https://www.monarchspec.com/images/lifestyle_WEBQ50/I_5275Q.jpg
Monarch,I 5285Q,Bedroom Set — Natural Finish,Bedroom,Bedroom Sets,209.00,658.00,449.00,Yes,https://www.monarchspec.com/images/lifestyle_WEBQ50/I_5285Q.jpg
Monarch,I 5286,Bedroom Set — Natural Finish,Bedroom,Bedroom Sets,335.00,1055.00,720.00,Yes,https://www.monarchspec.com/images/lifestyle_WEBQ50/I_5286.jpg
Monarch,I 5287,Bedroom Set — Natural Finish,Bedroom,Bedroom Sets,65.00,205.00,140.00,Yes,https://www.monarchspec.com/images/lifestyle_WEBQ50/I_5287.jpg
Monarch,I 5288,Bedroom Set — Natural Finish,Bedroom,Bedroom Sets,110.00,346.00,236.00,Yes,https://www.monarchspec.com/images/lifestyle_WEBQ50/I_5288.jpg
Monarch,I 5289,Bedroom Set — Natural Finish,Bedroom,Bedroom Sets,270.00,850.00,580.00,Yes,https://www.monarchspec.com/images/lifestyle_WEBQ50/I_5289.jpg
Monarch,I 5271,Bedroom Set — Rustic Oak Finish,Bedroom,Bedroom Sets,325.00,1024.00,699.00,Yes,https://www.monarchspec.com/images/lifestyle_WEBQ50/I_5271.jpg
Monarch,I 5272,Bedroom Set — Rustic Oak Finish,Bedroom,Bedroom Sets,65.00,205.00,140.00,Yes,https://www.monarchspec.com/images/lifestyle_WEBQ50/I_5272.jpg
Monarch,I 5273,Bedroom Set — Rustic Oak Finish,Bedroom,Bedroom Sets,110.00,346.00,236.00,Yes,https://www.monarchspec.com/images/lifestyle_WEBQ50/I_5273.jpg
Monarch,I 5274,Bedroom Set — Rustic Oak Finish,Bedroom,Bedroom Sets,245.00,772.00,527.00,Yes,https://www.monarchspec.com/images/lifestyle_WEBQ50/I_5274.jpg
Monarch,I 5270Q,Bedroom Set — Rustic Oak Wood / 2 Drawers,Bedroom,Bedroom Sets,389.00,1225.00,836.00,Yes,https://www.monarchspec.com/images/lifestyle_WEBQ50/I_5270Q.jpg
Monarch,I 5231,Bedroom Set — Walnut Finish,Bedroom,Bedroom Sets,355.00,1118.00,763.00,Yes,https://www.monarchspec.com/images/lifestyle_WEBQ50/I_5231.jpg
Monarch,I 5232,Bedroom Set — Walnut Finish,Bedroom,Bedroom Sets,75.00,236.00,161.00,Yes,https://www.monarchspec.com/images/lifestyle_WEBQ50/I_5232.jpg
Monarch,I 5233,Bedroom Set — Walnut Finish,Bedroom,Bedroom Sets,140.00,441.00,301.00,Yes,https://www.monarchspec.com/images/lifestyle_WEBQ50/I_5233.jpg
Monarch,I 5234,Bedroom Set — Walnut Finish,Bedroom,Bedroom Sets,300.00,945.00,645.00,Yes,https://www.monarchspec.com/images/lifestyle_WEBQ50/I_5234.jpg
Monarch,I 5243,Bedroom Set — White Finish,Bedroom,Bedroom Sets,90.00,284.00,194.00,Yes,https://www.monarchspec.com/images/lifestyle_WEBQ50/I_5243.jpg
Monarch,I 5241,Bedroom Set — White Finish,Bedroom,Bedroom Sets,290.00,914.00,624.00,Yes,https://www.monarchspec.com/images/lifestyle_WEBQ50/I_5241.jpg
Monarch,I 5242,Bedroom Set — White Finish,Bedroom,Bedroom Sets,60.00,189.00,129.00,Yes,https://www.monarchspec.com/images/lifestyle_WEBQ50/I_5242.jpg
Monarch,I 5244,Bedroom Set — White Finish,Bedroom,Bedroom Sets,210.00,662.00,452.00,Yes,https://www.monarchspec.com/images/lifestyle_WEBQ50/I_5244.jpg
Monarch,I 5291,Bedroom Set — White Oak Finish,Bedroom,Bedroom Sets,355.00,1118.00,763.00,Yes,https://www.monarchspec.com/images/lifestyle_WEBQ50/I_5291.jpg
Monarch,I 5292,Bedroom Set — White Oak Finish,Bedroom,Bedroom Sets,75.00,236.00,161.00,Yes,https://www.monarchspec.com/images/lifestyle_WEBQ50/I_5292.jpg
Monarch,I 5293,Bedroom Set — White Oak Finish,Bedroom,Bedroom Sets,140.00,441.00,301.00,Yes,https://www.monarchspec.com/images/lifestyle_WEBQ50/I_5293.jpg
Monarch,I 5294,Bedroom Set — White Oak Finish,Bedroom,Bedroom Sets,300.00,945.00,645.00,Yes,https://www.monarchspec.com/images/lifestyle_WEBQ50/I_5294.jpg
Monarch,I 5225Q,Bedroom Set — White Oak Finish,Bedroom,Bedroom Sets,249.00,784.00,535.00,Yes,https://www.monarchspec.com/images/lifestyle_WEBQ50/I_5225Q.jpg
Monarch,I 5226,Bedroom Set — White Oak Finish,Bedroom,Bedroom Sets,370.00,1166.00,796.00,Yes,https://www.monarchspec.com/images/lifestyle_WEBQ50/I_5226.jpg
Monarch,I 5227,Bedroom Set — White Oak Finish,Bedroom,Bedroom Sets,65.00,205.00,140.00,Yes,https://www.monarchspec.com/images/lifestyle_WEBQ50/I_5227.jpg
Monarch,I 5228,Bedroom Set — White Oak Finish,Bedroom,Bedroom Sets,130.00,410.00,280.00,Yes,https://www.monarchspec.com/images/lifestyle_WEBQ50/I_5228.jpg
Monarch,I 5229,Bedroom Set — White Oak Finish,Bedroom,Bedroom Sets,290.00,914.00,624.00,Yes,https://www.monarchspec.com/images/lifestyle_WEBQ50/I_5229.jpg
Monarch,I 2231S,Bunk Bed — Full Size / Silver Metal,Bedroom,Youth,270.00,850.00,580.00,Yes,https://www.monarchspec.com/images/lifestyle_WEBQ50/I_2231S.jpg
Monarch,I 2230K,Bunk Bed — Twin Size / Black Metal,Bedroom,Youth,235.00,740.00,505.00,Yes,https://www.monarchspec.com/images/lifestyle_WEBQ50/I_2230K.jpg
Monarch,I 2230S,Bunk Bed — Twin Size / Silver Metal,Bedroom,Youth,235.00,740.00,505.00,Yes,https://www.monarchspec.com/images/lifestyle_WEBQ50/I_2230S.jpg
Monarch,I 9101,Clocks — Wall Clock / Multi-Color For Kids,Bedroom,Youth,19.00,60.00,41.00,Yes,https://www.monarchspec.com/images/lifestyle_WEBQ50/I_9101.jpg
Monarch,I 9102,Clocks — Wall Clock / Multi-Color For Kids,Bedroom,Youth,19.00,60.00,41.00,Yes,https://www.monarchspec.com/images/lifestyle_WEBQ50/I_9102.jpg
Monarch,I 9103,Clocks — Wall Clock / Multi-Color For Kids,Bedroom,Youth,19.00,60.00,41.00,Yes,https://www.monarchspec.com/images/lifestyle_WEBQ50/I_9103.jpg
Monarch,I 9104,Clocks — Wall Clock / Multi-Color For Kids,Bedroom,Youth,19.00,60.00,41.00,Yes,https://www.monarchspec.com/images/lifestyle_WEBQ50/I_9104.jpg
Monarch,I 9100,Clocks — Wall Clock / Multi-Color For Kids,Bedroom,Youth,19.00,60.00,41.00,Yes,https://www.monarchspec.com/images/lifestyle_WEBQ50/I_9100.jpg
Monarch,I 5605,Nightstand — Beige Linen,Bedroom,Nightstands,140.00,441.00,301.00,Yes,https://www.monarchspec.com/images/lifestyle_WEBQ50/I_5605.jpg
Monarch,I 5603,Nightstand — Black Leather-Look,Bedroom,Nightstands,140.00,441.00,301.00,Yes,https://www.monarchspec.com/images/lifestyle_WEBQ50/I_5603.jpg
Monarch,I 5607,Nightstand — Dark Grey Velvet,Bedroom,Nightstands,135.00,425.00,290.00,Yes,https://www.monarchspec.com/images/lifestyle_WEBQ50/I_5607.jpg
Monarch,I 5602,Nightstand — Grey Leather-Look,Bedroom,Nightstands,140.00,441.00,301.00,Yes,https://www.monarchspec.com/images/lifestyle_WEBQ50/I_5602.jpg
Monarch,I 5604,Nightstand — Grey Linen,Bedroom,Nightstands,140.00,441.00,301.00,Yes,https://www.monarchspec.com/images/lifestyle_WEBQ50/I_5604.jpg
Monarch,I 5606,Nightstand — Light Grey Velvet,Bedroom,Nightstands,135.00,425.00,290.00,Yes,https://www.monarchspec.com/images/lifestyle_WEBQ50/I_5606.jpg
Monarch,I 9371,"Artificial Plant — 10""H Succulent In 7""X7"" Wood Pot",Decor,Plants,49.00,154.00,105.00,Yes,https://www.monarchspec.com/images/lifestyle_WEBQ50/I_9371.jpg
Monarch,I 9580,"Artificial Plant — 11""H Eucalyptus/ Grass / 5"" Pot",Decor,Plants,17.00,54.00,37.00,Yes,https://www.monarchspec.com/images/lifestyle_WEBQ50/I_9580.jpg
Monarch,I 9360,"Artificial Plant — 12""H Mulberry Grass / 4"" Pot",Decor,Plants,19.00,60.00,41.00,Yes,https://www.monarchspec.com/images/lifestyle_WEBQ50/I_9360.jpg
Monarch,I 9583,"Artificial Plant — 13""H Epipremnum / 4"" Pot",Decor,Plants,20.00,63.00,43.00,Yes,https://www.monarchspec.com/images/lifestyle_WEBQ50/I_9583.jpg
Monarch,I 9560,"Artificial Plant — 13""H Eucalyptus / Grass/ 4"" Pot",Decor,Plants,27.00,85.00,58.00,Yes,https://www.monarchspec.com/images/lifestyle_WEBQ50/I_9560.jpg
Monarch,I 9581,"Artificial Plant — 13""H Eucalyptus/ Grass/ 4"" Pot",Decor,Plants,26.00,82.00,56.00,Yes,https://www.monarchspec.com/images/lifestyle_WEBQ50/I_9581.jpg
Monarch,I 9584,"Artificial Plant — 13""H Monstera/Calathea/ 4"" Pot",Decor,Plants,21.00,66.00,45.00,Yes,https://www.monarchspec.com/images/lifestyle_WEBQ50/I_9584.jpg
Monarch,I 9557,"Artificial Plant — 14""H Ficus Elastica / 4"" Pot",Decor,Plants,24.00,76.00,52.00,Yes,https://www.monarchspec.com/images/lifestyle_WEBQ50/I_9557.jpg
Monarch,I 9558,"Artificial Plant — 14""H Ficus Elastica / 4"" Pot",Decor,Plants,24.00,76.00,52.00,Yes,https://www.monarchspec.com/images/lifestyle_WEBQ50/I_9558.jpg
Monarch,I 9585,"Artificial Plant — 14""H Ficus Elastica In 4"" Pot",Decor,Plants,24.00,76.00,52.00,Yes,https://www.monarchspec.com/images/lifestyle_WEBQ50/I_9585.jpg
Monarch,I 9368,"Artificial Plant — 16""H Eucalyptus / Grass / 6"" Pot",Decor,Plants,29.00,91.00,62.00,Yes,https://www.monarchspec.com/images/lifestyle_WEBQ50/I_9368.jpg
Monarch,I 9552,"Artificial Plant — 5""H Grass In A 3"" Black Pot",Decor,Plants,17.00,54.00,37.00,Yes,https://www.monarchspec.com/images/lifestyle_WEBQ50/I_9552.jpg
Monarch,I 9589,"Artificial Plant — 5""H Grass In A 3"" Grey Pot",Decor,Plants,17.00,54.00,37.00,Yes,https://www.monarchspec.com/images/lifestyle_WEBQ50/I_9589.jpg
Monarch,I 9373,"Artificial Plant — 6""H Succulent Beige Pot/ Wood Tray",Decor,Plants,19.00,60.00,41.00,Yes,https://www.monarchspec.com/images/lifestyle_WEBQ50/I_9373.jpg
Monarch,I 9556,"Artificial Plant — 6""H Succulent In A 3"" Black Pot",Decor,Plants,15.00,47.00,32.00,Yes,https://www.monarchspec.com/images/lifestyle_WEBQ50/I_9556.jpg
Monarch,I 9587,"Artificial Plant — 6""H Succulent In A 3"" Grey Pot",Decor,Plants,15.00,47.00,32.00,Yes,https://www.monarchspec.com/images/lifestyle_WEBQ50/I_9587.jpg
Monarch,I 9555,"Artificial Plant — 6""H Succulent In A 3"" White Pot",Decor,Plants,16.00,50.00,34.00,Yes,https://www.monarchspec.com/images/lifestyle_WEBQ50/I_9555.jpg
Monarch,I 9372,"Artificial Plant — 6""H Succulent Iron Pot/ Metal Tray",Decor,Plants,19.00,60.00,41.00,Yes,https://www.monarchspec.com/images/lifestyle_WEBQ50/I_9372.jpg
Monarch,I 9554,"Artificial Plant — 7""H Succulent In 3"" Black Pot",Decor,Plants,16.00,50.00,34.00,Yes,https://www.monarchspec.com/images/lifestyle_WEBQ50/I_9554.jpg
Monarch,I 9588,"Artificial Plant — 7""H Succulent In 3"" Ceramic Pot",Decor,Plants,16.00,50.00,34.00,Yes,https://www.monarchspec.com/images/lifestyle_WEBQ50/I_9588.jpg
Monarch,I 9550,"Artificial Plant — 7""H Succulent In 3"" Chrome Pot",Decor,Plants,16.00,50.00,34.00,Yes,https://www.monarchspec.com/images/lifestyle_WEBQ50/I_9550.jpg
Monarch,I 9553,"Artificial Plant — 7""H Succulent In 3"" Gold Pot",Decor,Plants,16.00,50.00,34.00,Yes,https://www.monarchspec.com/images/lifestyle_WEBQ50/I_9553.jpg
Monarch,I 9586,"Artificial Plant — 7""H Succulent In 4"" Cement Pot",Decor,Plants,16.00,50.00,34.00,Yes,https://www.monarchspec.com/images/lifestyle_WEBQ50/I_9586.jpg
Monarch,I 9367,"Artificial Plant — 7""H Succulent In 4"" Cement Pot",Decor,Plants,20.00,63.00,43.00,Yes,https://www.monarchspec.com/images/lifestyle_WEBQ50/I_9367.jpg
Monarch,I 9361,"Artificial Plant — 7""H Succulent In 5"" Metal Pot",Decor,Plants,19.00,60.00,41.00,Yes,https://www.monarchspec.com/images/lifestyle_WEBQ50/I_9361.jpg
Monarch,I 9559,"Artificial Plant — 8""H Alocasia / 5"" Black Pot",Decor,Plants,21.00,66.00,45.00,Yes,https://www.monarchspec.com/images/lifestyle_WEBQ50/I_9559.jpg
Monarch,I 9582,"Artificial Plant — 8""H Alocasia / 5"" Cement Pot",Decor,Plants,20.00,63.00,43.00,Yes,https://www.monarchspec.com/images/lifestyle_WEBQ50/I_9582.jpg
Monarch,I 9363,"Artificial Plant — 8""H Succulent In 5"" Cement Pot",Decor,Plants,20.00,63.00,43.00,Yes,https://www.monarchspec.com/images/lifestyle_WEBQ50/I_9363.jpg
Monarch,I 9364,"Artificial Plant — 8""H Succulent In 6"" Cement Pot",Decor,Plants,22.00,69.00,47.00,Yes,https://www.monarchspec.com/images/lifestyle_WEBQ50/I_9364.jpg
Monarch,I 9370,"Artificial Plant — 8""H Succulent In 7""X 7"" Wood Pot",Decor,Plants,39.00,123.00,84.00,Yes,https://www.monarchspec.com/images/lifestyle_WEBQ50/I_9370.jpg
Monarch,I 9362,"Artificial Plant — 9""H Succulent In 5"" Cement Pot",Decor,Plants,19.00,60.00,41.00,Yes,https://www.monarchspec.com/images/lifestyle_WEBQ50/I_9362.jpg
Monarch,I 9365,"Artificial Plant — 9""H Succulent In 5"" Cement Pot",Decor,Plants,22.00,69.00,47.00,Yes,https://www.monarchspec.com/images/lifestyle_WEBQ50/I_9365.jpg
Monarch,I 9366,"Artificial Plant — 9""H Succulent In 5"" Cement Pot",Decor,Plants,27.00,85.00,58.00,Yes,https://www.monarchspec.com/images/lifestyle_WEBQ50/I_9366.jpg
Monarch,I 9369,"Artificial Plant — 9""H Succulent In 6"" Woven Pot",Decor,Plants,30.00,94.00,64.00,Yes,https://www.monarchspec.com/images/lifestyle_WEBQ50/I_9369.jpg
Monarch,I 9520,"Artificial Plant — Indoor Acacia Tree In A 5"" Pot",Decor,Plants,46.00,145.00,99.00,Yes,https://www.monarchspec.com/images/lifestyle_WEBQ50/I_9520.jpg
Monarch,I 9578,"Artificial Plant — Indoor Alocasia In A 5"" Pot",Decor,Plants,22.00,69.00,47.00,Yes,https://www.monarchspec.com/images/lifestyle_WEBQ50/I_9578.jpg
Monarch,I 9538,"Artificial Plant — Indoor Areca Palm Tree / 5"" Pot",Decor,Plants,55.00,173.00,118.00,Yes,https://www.monarchspec.com/images/lifestyle_WEBQ50/I_9538.jpg
Monarch,I 9502,"Artificial Plant — Indoor Aureum In A 5"" Pot",Decor,Plants,13.00,41.00,28.00,Yes,https://www.monarchspec.com/images/lifestyle_WEBQ50/I_9502.jpg
Monarch,I 9509,"Artificial Plant — Indoor Aureum In A 6"" Pot",Decor,Plants,31.00,98.00,67.00,Yes,https://www.monarchspec.com/images/lifestyle_WEBQ50/I_9509.jpg
Monarch,I 9563,"Artificial Plant — Indoor Bamboo Tree In A 5"" Pot",Decor,Plants,46.00,145.00,99.00,Yes,https://www.monarchspec.com/images/lifestyle_WEBQ50/I_9563.jpg
Monarch,I 9592,"Artificial Plant — Indoor Bamboo Tree In A 8"" Pot",Decor,Plants,140.00,441.00,301.00,Yes,https://www.monarchspec.com/images/lifestyle_WEBQ50/I_9592.jpg
Monarch,I 9567,"Artificial Plant — Indoor Banana Tree In A 5"" Pot",Decor,Plants,43.00,135.00,92.00,Yes,https://www.monarchspec.com/images/lifestyle_WEBQ50/I_9567.jpg
Monarch,I 9568,"Artificial Plant — Indoor Banana Tree In A 6"" Pot",Decor,Plants,66.00,208.00,142.00,Yes,https://www.monarchspec.com/images/lifestyle_WEBQ50/I_9568.jpg
Monarch,I 9593,"Artificial Plant — Indoor Banana Tree In A 8"" Pot",Decor,Plants,125.00,394.00,269.00,Yes,https://www.monarchspec.com/images/lifestyle_WEBQ50/I_9593.jpg
Monarch,I 9569,"Artificial Plant — Indoor Bird Of Paradise 5"" Pot",Decor,Plants,42.00,132.00,90.00,Yes,https://www.monarchspec.com/images/lifestyle_WEBQ50/I_9569.jpg
Monarch,I 9570,"Artificial Plant — Indoor Bird Of Paradise 5"" Pot",Decor,Plants,63.00,198.00,135.00,Yes,https://www.monarchspec.com/images/lifestyle_WEBQ50/I_9570.jpg
Monarch,I 9591,"Artificial Plant — Indoor Bird Of Paradise In 8"" Pot",Decor,Plants,105.00,331.00,226.00,Yes,https://www.monarchspec.com/images/lifestyle_WEBQ50/I_9591.jpg
Monarch,I 9577,"Artificial Plant — Indoor Calathea In A 5"" Pot",Decor,Plants,20.00,63.00,43.00,Yes,https://www.monarchspec.com/images/lifestyle_WEBQ50/I_9577.jpg
Monarch,I 9519,"Artificial Plant — Indoor Dieffenbachia / 6"" Pot",Decor,Plants,44.00,139.00,95.00,Yes,https://www.monarchspec.com/images/lifestyle_WEBQ50/I_9519.jpg
Monarch,I 9573,"Artificial Plant — Indoor Dracaena In A 4"" Pot",Decor,Plants,19.00,60.00,41.00,Yes,https://www.monarchspec.com/images/lifestyle_WEBQ50/I_9573.jpg
Monarch,I 9542,"Artificial Plant — Indoor Dracaena In A 5"" Pot",Decor,Plants,46.00,145.00,99.00,Yes,https://www.monarchspec.com/images/lifestyle_WEBQ50/I_9542.jpg
Monarch,I 9543,"Artificial Plant — Indoor Dracaena In A 5"" Pot",Decor,Plants,46.00,145.00,99.00,Yes,https://www.monarchspec.com/images/lifestyle_WEBQ50/I_9543.jpg
Monarch,I 9595,"Artificial Plant — Indoor Dracaena In A 8"" Pot",Decor,Plants,110.00,346.00,236.00,Yes,https://www.monarchspec.com/images/lifestyle_WEBQ50/I_9595.jpg
Monarch,I 9562,"Artificial Plant — Indoor Eucalyptus In A 5"" Pot",Decor,Plants,30.00,94.00,64.00,Yes,https://www.monarchspec.com/images/lifestyle_WEBQ50/I_9562.jpg
Monarch,I 9561,"Artificial Plant — Indoor Eucalyptus In A 5"" Pot",Decor,Plants,45.00,142.00,97.00,Yes,https://www.monarchspec.com/images/lifestyle_WEBQ50/I_9561.jpg
Monarch,I 9518,"Artificial Plant — Indoor Eucalyptus Tree / 5"" Pot",Decor,Plants,49.00,154.00,105.00,Yes,https://www.monarchspec.com/images/lifestyle_WEBQ50/I_9518.jpg
Monarch,I 9512,"Artificial Plant — Indoor Evergreen In A 5"" Pot",Decor,Plants,35.00,110.00,75.00,Yes,https://www.monarchspec.com/images/lifestyle_WEBQ50/I_9512.jpg
Monarch,I 9535,"Artificial Plant — Indoor Evergreen In A 5"" Pot",Decor,Plants,45.00,142.00,97.00,Yes,https://www.monarchspec.com/images/lifestyle_WEBQ50/I_9535.jpg
Monarch,I 9564,"Artificial Plant — Indoor Ficus Tree In A 6"" Pot",Decor,Plants,65.00,205.00,140.00,Yes,https://www.monarchspec.com/images/lifestyle_WEBQ50/I_9564.jpg
Monarch,I 9549,"Artificial Plant — Indoor Ficus Tree In A 8"" Pot",Decor,Plants,140.00,441.00,301.00,Yes,https://www.monarchspec.com/images/lifestyle_WEBQ50/I_9549.jpg
Monarch,I 9505,"Artificial Plant — Indoor Fiddle / 8"" Woven Basket",Decor,Plants,27.00,85.00,58.00,Yes,https://www.monarchspec.com/images/lifestyle_WEBQ50/I_9505.jpg
Monarch,I 9511,"Artificial Plant — Indoor Fiddle In A 6"" Pot",Decor,Plants,36.00,113.00,77.00,Yes,https://www.monarchspec.com/images/lifestyle_WEBQ50/I_9511.jpg
Monarch,I 9540,"Artificial Plant — Indoor Fiddle Tree In A 5"" Pot",Decor,Plants,41.00,129.00,88.00,Yes,https://www.monarchspec.com/images/lifestyle_WEBQ50/I_9540.jpg
Monarch,I 9515,"Artificial Plant — Indoor Fiddle Tree In A 5"" Pot",Decor,Plants,46.00,145.00,99.00,Yes,https://www.monarchspec.com/images/lifestyle_WEBQ50/I_9515.jpg
Monarch,I 9541,"Artificial Plant — Indoor Fiddle Tree In A 5"" Pot",Decor,Plants,52.00,164.00,112.00,Yes,https://www.monarchspec.com/images/lifestyle_WEBQ50/I_9541.jpg
Monarch,I 9517,"Artificial Plant — Indoor Fiddle Tree In A 5"" Pot",Decor,Plants,50.00,158.00,108.00,Yes,https://www.monarchspec.com/images/lifestyle_WEBQ50/I_9517.jpg
Monarch,I 9507,"Artificial Plant — Indoor Garcinia In A 7"" Pot",Decor,Plants,37.00,117.00,80.00,Yes,https://www.monarchspec.com/images/lifestyle_WEBQ50/I_9507.jpg
Monarch,I 9575,"Artificial Plant — Indoor Grass In A 4"" Black Pot",Decor,Plants,16.00,50.00,34.00,Yes,https://www.monarchspec.com/images/lifestyle_WEBQ50/I_9575.jpg
Monarch,I 9565,"Artificial Plant — Indoor Grass In A 5"" Pot",Decor,Plants,30.00,94.00,64.00,Yes,https://www.monarchspec.com/images/lifestyle_WEBQ50/I_9565.jpg
Monarch,I 9374,Artificial Plant — Indoor Grass In A Wood Pot,Decor,Plants,49.00,154.00,105.00,Yes,https://www.monarchspec.com/images/lifestyle_WEBQ50/I_9374.jpg
Monarch,I 9576,"Artificial Plant — Indoor Monstera / 5"" Black Pot",Decor,Plants,24.00,76.00,52.00,Yes,https://www.monarchspec.com/images/lifestyle_WEBQ50/I_9576.jpg
Monarch,I 9551,"Artificial Plant — Indoor Monstera / 5"" White Pot",Decor,Plants,25.00,79.00,54.00,Yes,https://www.monarchspec.com/images/lifestyle_WEBQ50/I_9551.jpg
Monarch,I 9510,"Artificial Plant — Indoor Monstera In A 6"" Pot",Decor,Plants,46.00,145.00,99.00,Yes,https://www.monarchspec.com/images/lifestyle_WEBQ50/I_9510.jpg
Monarch,I 9548,"Artificial Plant — Indoor Monstera In A 6"" Pot",Decor,Plants,57.00,180.00,123.00,Yes,https://www.monarchspec.com/images/lifestyle_WEBQ50/I_9548.jpg
Monarch,I 9522,"Artificial Plant — Indoor Monstera Tree / 7"" Pot",Decor,Plants,87.00,274.00,187.00,Yes,https://www.monarchspec.com/images/lifestyle_WEBQ50/I_9522.jpg
Monarch,I 9521,"Artificial Plant — Indoor Monstera Tree / 8"" Pot",Decor,Plants,142.00,447.00,305.00,Yes,https://www.monarchspec.com/images/lifestyle_WEBQ50/I_9521.jpg
Monarch,I 9544,"Artificial Plant — Indoor Oak Tree In A 5"" Pot",Decor,Plants,58.00,183.00,125.00,Yes,https://www.monarchspec.com/images/lifestyle_WEBQ50/I_9544.jpg
Monarch,I 9523,"Artificial Plant — Indoor Olive Tree In A 6"" Pot",Decor,Plants,50.00,158.00,108.00,Yes,https://www.monarchspec.com/images/lifestyle_WEBQ50/I_9523.jpg
Monarch,I 9503,"Artificial Plant — Indoor Palm / 8"" Woven Basket",Decor,Plants,29.00,91.00,62.00,Yes,https://www.monarchspec.com/images/lifestyle_WEBQ50/I_9503.jpg
Monarch,I 9501,"Artificial Plant — Indoor Palm In A 5"" Pot",Decor,Plants,18.00,57.00,39.00,Yes,https://www.monarchspec.com/images/lifestyle_WEBQ50/I_9501.jpg
Monarch,I 9508,"Artificial Plant — Indoor Palm In A 6"" Pot",Decor,Plants,29.00,91.00,62.00,Yes,https://www.monarchspec.com/images/lifestyle_WEBQ50/I_9508.jpg
Monarch,I 9537,"Artificial Plant — Indoor Palm Tree In A 5"" Pot",Decor,Plants,44.00,139.00,95.00,Yes,https://www.monarchspec.com/images/lifestyle_WEBQ50/I_9537.jpg
Monarch,I 9536,"Artificial Plant — Indoor Palm Tree In A 5"" Pot",Decor,Plants,59.00,186.00,127.00,Yes,https://www.monarchspec.com/images/lifestyle_WEBQ50/I_9536.jpg
Monarch,I 9539,"Artificial Plant — Indoor Palm Tree In A 5"" Pot",Decor,Plants,39.00,123.00,84.00,Yes,https://www.monarchspec.com/images/lifestyle_WEBQ50/I_9539.jpg
Monarch,I 9590,"Artificial Plant — Indoor Palm Tree In A 8"" Pot",Decor,Plants,105.00,331.00,226.00,Yes,https://www.monarchspec.com/images/lifestyle_WEBQ50/I_9590.jpg
Monarch,I 9572,"Artificial Plant — Indoor Rubber In A 5"" Pot",Decor,Plants,24.00,76.00,52.00,Yes,https://www.monarchspec.com/images/lifestyle_WEBQ50/I_9572.jpg
Monarch,I 9514,"Artificial Plant — Indoor Rubber Tree In A 5"" Pot",Decor,Plants,50.00,158.00,108.00,Yes,https://www.monarchspec.com/images/lifestyle_WEBQ50/I_9514.jpg
Monarch,I 9513,"Artificial Plant — Indoor Rubber Tree In A 5"" Pot",Decor,Plants,50.00,158.00,108.00,Yes,https://www.monarchspec.com/images/lifestyle_WEBQ50/I_9513.jpg
Monarch,I 9545,"Artificial Plant — Indoor Strelitzia In A 5"" Pot",Decor,Plants,54.00,170.00,116.00,Yes,https://www.monarchspec.com/images/lifestyle_WEBQ50/I_9545.jpg
Monarch,I 9500,"Artificial Plant — Indoor Zz In A 5"" Cement Pot",Decor,Plants,19.00,60.00,41.00,Yes,https://www.monarchspec.com/images/lifestyle_WEBQ50/I_9500.jpg
Monarch,I 9506,"Artificial Plant — Indoor Zz In A 6"" Pot",Decor,Plants,33.00,104.00,71.00,Yes,https://www.monarchspec.com/images/lifestyle_WEBQ50/I_9506.jpg
Monarch,I 4833,"Barstool — 29""H / Dark Oak Solid Wood",Decor,Decor Objects,80.00,252.00,172.00,Yes,https://www.monarchspec.com/images/lifestyle_WEBQ50/I_4833.jpg
Monarch,I 1262,"Barstool — 29""H / Grey Leather-Look / White",Decor,Decor Objects,100.00,315.00,215.00,Yes,https://www.monarchspec.com/images/lifestyle_WEBQ50/I_1262.jpg
Monarch,I 1248,"Barstool — 36""H / Black Pu / Metal Counter He",Decor,Decor Objects,200.00,630.00,430.00,Yes,https://www.monarchspec.com/images/lifestyle_WEBQ50/I_1248.jpg
Monarch,I 1250,"Barstool — 36""H / Brown Fabric / Metal Counte",Decor,Decor Objects,200.00,630.00,430.00,Yes,https://www.monarchspec.com/images/lifestyle_WEBQ50/I_1250.jpg
Monarch,I 1249,"Barstool — 36""H / Grey Fabric / Metal Counter",Decor,Decor Objects,200.00,630.00,430.00,Yes,https://www.monarchspec.com/images/lifestyle_WEBQ50/I_1249.jpg
Monarch,I 2398,"Barstool — 36""H / Swivel / Black Metal",Decor,Decor Objects,70.00,220.00,150.00,Yes,https://www.monarchspec.com/images/lifestyle_WEBQ50/I_2398.jpg
Monarch,I 2399,"Barstool — 36""H / Swivel / Silver Metal",Decor,Decor Objects,65.00,205.00,140.00,Yes,https://www.monarchspec.com/images/lifestyle_WEBQ50/I_2399.jpg
Monarch,I 2397,"Barstool — 36""H / Swivel / White Metal",Decor,Decor Objects,65.00,205.00,140.00,Yes,https://www.monarchspec.com/images/lifestyle_WEBQ50/I_2397.jpg
Monarch,I 2245,"Barstool — 37""H / Black / Black Metal Counter",Decor,Decor Objects,85.00,268.00,183.00,Yes,https://www.monarchspec.com/images/lifestyle_WEBQ50/I_2245.jpg
Monarch,I 2246,"Barstool — 37""H / Grey / Black Metal Counter ",Decor,Decor Objects,85.00,268.00,183.00,Yes,https://www.monarchspec.com/images/lifestyle_WEBQ50/I_2246.jpg
Monarch,I 2247,"Barstool — 37""H / Grey / White Metal Counter ",Decor,Decor Objects,85.00,268.00,183.00,Yes,https://www.monarchspec.com/images/lifestyle_WEBQ50/I_2247.jpg
Monarch,I 2304,"Barstool — 39""H / Beige Fabric / Swivel Bar H",Decor,Decor Objects,130.00,410.00,280.00,Yes,https://www.monarchspec.com/images/lifestyle_WEBQ50/I_2304.jpg
Monarch,I 2302,"Barstool — 39""H / Black Fabric / Swivel Bar H",Decor,Decor Objects,130.00,410.00,280.00,Yes,https://www.monarchspec.com/images/lifestyle_WEBQ50/I_2302.jpg
Monarch,I 1258,"Barstool — 39""H / Black Pu / Swivel Counter H",Decor,Decor Objects,195.00,614.00,419.00,Yes,https://www.monarchspec.com/images/lifestyle_WEBQ50/I_1258.jpg
Monarch,I 1254,"Barstool — 39""H / Brown Fabric/ Swivel Counte",Decor,Decor Objects,195.00,614.00,419.00,Yes,https://www.monarchspec.com/images/lifestyle_WEBQ50/I_1254.jpg
Monarch,I 2303,"Barstool — 39""H / Grey Fabric / Swivel Bar He",Decor,Decor Objects,130.00,410.00,280.00,Yes,https://www.monarchspec.com/images/lifestyle_WEBQ50/I_2303.jpg
Monarch,I 1253,"Barstool — 39""H / Grey Fabric / Swivel Counte",Decor,Decor Objects,195.00,614.00,419.00,Yes,https://www.monarchspec.com/images/lifestyle_WEBQ50/I_1253.jpg
Monarch,I 1233,"Barstool — 39""H / White / Swivel Counter Heig",Decor,Decor Objects,180.00,567.00,387.00,Yes,https://www.monarchspec.com/images/lifestyle_WEBQ50/I_1233.jpg
Monarch,I 2340,"Barstool — 40""H / Black Fabric / Swivel Bar H",Decor,Decor Objects,125.00,394.00,269.00,Yes,https://www.monarchspec.com/images/lifestyle_WEBQ50/I_2340.jpg
Monarch,I 2311,"Barstool — 40""H / Black Pu / Swivel Bar Heigh",Decor,Decor Objects,125.00,394.00,269.00,Yes,https://www.monarchspec.com/images/lifestyle_WEBQ50/I_2311.jpg
Monarch,I 2341,"Barstool — 40""H / Grey Fabric / Swivel Bar He",Decor,Decor Objects,125.00,394.00,269.00,Yes,https://www.monarchspec.com/images/lifestyle_WEBQ50/I_2341.jpg
Monarch,I 2312,"Barstool — 40""H / Grey Pu / Swivel Bar Height",Decor,Decor Objects,125.00,394.00,269.00,Yes,https://www.monarchspec.com/images/lifestyle_WEBQ50/I_2312.jpg
Monarch,I 2393,"Barstool — 43""H / Swivel / Dark Coffee Metal",Decor,Decor Objects,90.00,284.00,194.00,Yes,https://www.monarchspec.com/images/lifestyle_WEBQ50/I_2393.jpg
Monarch,I 1243,"Barstool — 46""H / Grey Leather-Look / Swivel",Decor,Decor Objects,240.00,756.00,516.00,Yes,https://www.monarchspec.com/images/lifestyle_WEBQ50/I_1243.jpg
Monarch,I 2334,Barstool — Black Fabric / Black Metal Adj. He,Decor,Decor Objects,155.00,488.00,333.00,Yes,https://www.monarchspec.com/images/lifestyle_WEBQ50/I_2334.jpg
Monarch,I 7754,Barstool — Black Leather-Look / Black Metal,Decor,Decor Objects,95.00,299.00,204.00,Yes,https://www.monarchspec.com/images/lifestyle_WEBQ50/I_7754.jpg
Monarch,I 2381,Barstool — Black Metal Hydraulic Lift,Decor,Decor Objects,90.00,284.00,194.00,Yes,https://www.monarchspec.com/images/lifestyle_WEBQ50/I_2381.jpg
Monarch,I 2328,Barstool — Black Pu / Black Metal Adjustable ,Decor,Decor Objects,155.00,488.00,333.00,Yes,https://www.monarchspec.com/images/lifestyle_WEBQ50/I_2328.jpg
Monarch,I 2384,Barstool — Black Pu / Black Metal Counter Hei,Decor,Decor Objects,39.00,123.00,84.00,Yes,https://www.monarchspec.com/images/lifestyle_WEBQ50/I_2384.jpg
Monarch,I 2225,Barstool — Black Pu / Black Metal Counter Hei,Decor,Decor Objects,48.00,151.00,103.00,Yes,https://www.monarchspec.com/images/lifestyle_WEBQ50/I_2225.jpg
Monarch,I 7753,Barstool — Brown Leather-Look / Black Metal,Decor,Decor Objects,95.00,299.00,204.00,Yes,https://www.monarchspec.com/images/lifestyle_WEBQ50/I_7753.jpg
Monarch,I 2329,Barstool — Brown Pu / Black Metal Adjustable ,Decor,Decor Objects,155.00,488.00,333.00,Yes,https://www.monarchspec.com/images/lifestyle_WEBQ50/I_2329.jpg
Monarch,I 2363,Barstool — Chrome Metal Hydraulic Lift,Decor,Decor Objects,95.00,299.00,204.00,Yes,https://www.monarchspec.com/images/lifestyle_WEBQ50/I_2363.jpg
Monarch,I 2358,Barstool — Chrome Metal Hydraulic Lift,Decor,Decor Objects,95.00,299.00,204.00,Yes,https://www.monarchspec.com/images/lifestyle_WEBQ50/I_2358.jpg
Monarch,I 2357,Barstool — Chrome Metal Hydraulic Lift,Decor,Decor Objects,95.00,299.00,204.00,Yes,https://www.monarchspec.com/images/lifestyle_WEBQ50/I_2357.jpg
Monarch,I 2333,Barstool — Grey Fabric / Black Metal Adj. Hei,Decor,Decor Objects,155.00,488.00,333.00,Yes,https://www.monarchspec.com/images/lifestyle_WEBQ50/I_2333.jpg
Monarch,I 2385,Barstool — Grey Fabric / Black Metal Counter ,Decor,Decor Objects,39.00,123.00,84.00,Yes,https://www.monarchspec.com/images/lifestyle_WEBQ50/I_2385.jpg
Monarch,I 2226,Barstool — Grey Fabric / Black Metal Counter ,Decor,Decor Objects,48.00,151.00,103.00,Yes,https://www.monarchspec.com/images/lifestyle_WEBQ50/I_2226.jpg
Monarch,I 2298,Barstool — Grey Fabric / Chrome / Counter Hei,Decor,Decor Objects,125.00,394.00,269.00,Yes,https://www.monarchspec.com/images/lifestyle_WEBQ50/I_2298.jpg
Monarch,I 2299,Barstool — Grey Fabric / Chrome Base / Bar He,Decor,Decor Objects,150.00,472.00,322.00,Yes,https://www.monarchspec.com/images/lifestyle_WEBQ50/I_2299.jpg
Monarch,I 2387,Barstool — Grey Fabric / White Metal Counter ,Decor,Decor Objects,39.00,123.00,84.00,Yes,https://www.monarchspec.com/images/lifestyle_WEBQ50/I_2387.jpg
Monarch,I 2227,Barstool — Grey Fabric / White Metal Counter ,Decor,Decor Objects,48.00,151.00,103.00,Yes,https://www.monarchspec.com/images/lifestyle_WEBQ50/I_2227.jpg
Monarch,I 7752,Barstool — Grey Leather-Look / Black Metal,Decor,Decor Objects,95.00,299.00,204.00,Yes,https://www.monarchspec.com/images/lifestyle_WEBQ50/I_7752.jpg
Monarch,I 2330,Barstool — Grey Pu / Black Metal Adjustable H,Decor,Decor Objects,155.00,488.00,333.00,Yes,https://www.monarchspec.com/images/lifestyle_WEBQ50/I_2330.jpg
Monarch,I 2375,Barstool — Swivel / Black /Black Leather-Look,Decor,Decor Objects,65.00,205.00,140.00,Yes,https://www.monarchspec.com/images/lifestyle_WEBQ50/I_2375.jpg
Monarch,I 2377,Barstool — Swivel / White / Grey Fabric Seat,Decor,Decor Objects,65.00,205.00,140.00,Yes,https://www.monarchspec.com/images/lifestyle_WEBQ50/I_2377.jpg
Monarch,I 2331,Barstool — Taupe Fabric / Black Metal Adj. He,Decor,Decor Objects,155.00,488.00,333.00,Yes,https://www.monarchspec.com/images/lifestyle_WEBQ50/I_2331.jpg
Monarch,I 7751,Barstool — Taupe Leather-Look / Black Metal,Decor,Decor Objects,95.00,299.00,204.00,Yes,https://www.monarchspec.com/images/lifestyle_WEBQ50/I_7751.jpg
Monarch,I 2296,Barstool — White / Chrome Base / Counter Heig,Decor,Decor Objects,125.00,394.00,269.00,Yes,https://www.monarchspec.com/images/lifestyle_WEBQ50/I_2296.jpg
Monarch,I 7750,Barstool — White Leather-Look / White Metal,Decor,Decor Objects,95.00,299.00,204.00,Yes,https://www.monarchspec.com/images/lifestyle_WEBQ50/I_7750.jpg
Monarch,I 2382,Barstool — White Metal Hydraulic Lift,Decor,Decor Objects,90.00,284.00,194.00,Yes,https://www.monarchspec.com/images/lifestyle_WEBQ50/I_2382.jpg
Monarch,I 9015,Clocks — Black,Decor,Decor Objects,26.00,82.00,56.00,Yes,https://www.monarchspec.com/images/lifestyle_WEBQ50/I_9015.jpg
Monarch,I 9014,Clocks — Dark Brown,Decor,Decor Objects,26.00,82.00,56.00,Yes,https://www.monarchspec.com/images/lifestyle_WEBQ50/I_9014.jpg
Monarch,I 9032,Clocks — Gear Mechanism Wall Clock / Black,Decor,Wall Decor,60.00,189.00,129.00,Yes,https://www.monarchspec.com/images/lifestyle_WEBQ50/I_9032.jpg
Monarch,I 9029,Clocks — Gear Mechanism Wall Clock / Black,Decor,Wall Decor,75.00,236.00,161.00,Yes,https://www.monarchspec.com/images/lifestyle_WEBQ50/I_9029.jpg
Monarch,I 9072,Clocks — Gear Mechanism Wall Clock / Black,Decor,Wall Decor,45.00,142.00,97.00,Yes,https://www.monarchspec.com/images/lifestyle_WEBQ50/I_9072.jpg
Monarch,I 9064,Clocks — Gear Mechanism Wall Clock / Black,Decor,Wall Decor,40.00,126.00,86.00,Yes,https://www.monarchspec.com/images/lifestyle_WEBQ50/I_9064.jpg
Monarch,I 9023,Clocks — Gear Mechanism Wall Clock / Brown,Decor,Wall Decor,75.00,236.00,161.00,Yes,https://www.monarchspec.com/images/lifestyle_WEBQ50/I_9023.jpg
Monarch,I 9034,Clocks — Gear Mechanism Wall Clock / Brown,Decor,Wall Decor,75.00,236.00,161.00,Yes,https://www.monarchspec.com/images/lifestyle_WEBQ50/I_9034.jpg
Monarch,I 9031,Clocks — Gear Mechanism Wall Clock / Brown,Decor,Wall Decor,60.00,189.00,129.00,Yes,https://www.monarchspec.com/images/lifestyle_WEBQ50/I_9031.jpg
Monarch,I 9030,Clocks — Gear Mechanism Wall Clock / Brown,Decor,Wall Decor,65.00,205.00,140.00,Yes,https://www.monarchspec.com/images/lifestyle_WEBQ50/I_9030.jpg
Monarch,I 9073,Clocks — Gear Mechanism Wall Clock / Brown,Decor,Wall Decor,50.00,158.00,108.00,Yes,https://www.monarchspec.com/images/lifestyle_WEBQ50/I_9073.jpg
Monarch,I 9074,Clocks — Gear Mechanism Wall Clock / Brown,Decor,Wall Decor,50.00,158.00,108.00,Yes,https://www.monarchspec.com/images/lifestyle_WEBQ50/I_9074.jpg
Monarch,I 9070,Clocks — Gear Mechanism Wall Clock / Brown,Decor,Wall Decor,45.00,142.00,97.00,Yes,https://www.monarchspec.com/images/lifestyle_WEBQ50/I_9070.jpg
Monarch,I 9071,Clocks — Gear Mechanism Wall Clock / Brown,Decor,Wall Decor,45.00,142.00,97.00,Yes,https://www.monarchspec.com/images/lifestyle_WEBQ50/I_9071.jpg
Monarch,I 9061,Clocks — Gear Mechanism Wall Clock / Brown,Decor,Wall Decor,40.00,126.00,86.00,Yes,https://www.monarchspec.com/images/lifestyle_WEBQ50/I_9061.jpg
Monarch,I 9062,Clocks — Gear Mechanism Wall Clock / Brown,Decor,Wall Decor,40.00,126.00,86.00,Yes,https://www.monarchspec.com/images/lifestyle_WEBQ50/I_9062.jpg
Monarch,I 9063,Clocks — Gear Mechanism Wall Clock / Brown,Decor,Wall Decor,40.00,126.00,86.00,Yes,https://www.monarchspec.com/images/lifestyle_WEBQ50/I_9063.jpg
Monarch,I 9075,Clocks — Gear Mechanism Wall Clock / Grey,Decor,Wall Decor,50.00,158.00,108.00,Yes,https://www.monarchspec.com/images/lifestyle_WEBQ50/I_9075.jpg
Monarch,I 9033,Clocks — Gear Mechanism Wall Clock / White,Decor,Wall Decor,65.00,205.00,140.00,Yes,https://www.monarchspec.com/images/lifestyle_WEBQ50/I_9033.jpg
Monarch,I 9093,Clocks — Wall Clock / Antique Black,Decor,Wall Decor,18.00,57.00,39.00,Yes,https://www.monarchspec.com/images/lifestyle_WEBQ50/I_9093.jpg
Monarch,I 9028,Clocks — Wall Clock / Antique Blue,Decor,Wall Decor,45.00,142.00,97.00,Yes,https://www.monarchspec.com/images/lifestyle_WEBQ50/I_9028.jpg
Monarch,I 9045,Clocks — Wall Clock / Antique Brown,Decor,Wall Decor,22.00,69.00,47.00,Yes,https://www.monarchspec.com/images/lifestyle_WEBQ50/I_9045.jpg
Monarch,I 9046,Clocks — Wall Clock / Antique Brown,Decor,Wall Decor,22.00,69.00,47.00,Yes,https://www.monarchspec.com/images/lifestyle_WEBQ50/I_9046.jpg
Monarch,I 9049,Clocks — Wall Clock / Antique Brown,Decor,Wall Decor,23.00,72.00,49.00,Yes,https://www.monarchspec.com/images/lifestyle_WEBQ50/I_9049.jpg
Monarch,I 9047,Clocks — Wall Clock / Antique Brown,Decor,Wall Decor,23.00,72.00,49.00,Yes,https://www.monarchspec.com/images/lifestyle_WEBQ50/I_9047.jpg
Monarch,I 9048,Clocks — Wall Clock / Antique Brown,Decor,Wall Decor,23.00,72.00,49.00,Yes,https://www.monarchspec.com/images/lifestyle_WEBQ50/I_9048.jpg
Monarch,I 9053,Clocks — Wall Clock / Antique Brown,Decor,Wall Decor,23.00,72.00,49.00,Yes,https://www.monarchspec.com/images/lifestyle_WEBQ50/I_9053.jpg
Monarch,I 9054,Clocks — Wall Clock / Antique Brown,Decor,Wall Decor,23.00,72.00,49.00,Yes,https://www.monarchspec.com/images/lifestyle_WEBQ50/I_9054.jpg
Monarch,I 9055,Clocks — Wall Clock / Antique Brown,Decor,Wall Decor,23.00,72.00,49.00,Yes,https://www.monarchspec.com/images/lifestyle_WEBQ50/I_9055.jpg
Monarch,I 9057,Clocks — Wall Clock / Antique Brown,Decor,Wall Decor,23.00,72.00,49.00,Yes,https://www.monarchspec.com/images/lifestyle_WEBQ50/I_9057.jpg
Monarch,I 9090,Clocks — Wall Clock / Antique Brown,Decor,Wall Decor,23.00,72.00,49.00,Yes,https://www.monarchspec.com/images/lifestyle_WEBQ50/I_9090.jpg
Monarch,I 9092,Clocks — Wall Clock / Antique Brown,Decor,Wall Decor,23.00,72.00,49.00,Yes,https://www.monarchspec.com/images/lifestyle_WEBQ50/I_9092.jpg
Monarch,I 9080,Clocks — Wall Clock / Antique Brown,Decor,Wall Decor,18.00,57.00,39.00,Yes,https://www.monarchspec.com/images/lifestyle_WEBQ50/I_9080.jpg
Monarch,I 9082,Clocks — Wall Clock / Antique Brown,Decor,Wall Decor,16.00,50.00,34.00,Yes,https://www.monarchspec.com/images/lifestyle_WEBQ50/I_9082.jpg
Monarch,I 9083,Clocks — Wall Clock / Antique Brown,Decor,Wall Decor,16.00,50.00,34.00,Yes,https://www.monarchspec.com/images/lifestyle_WEBQ50/I_9083.jpg
Monarch,I 9084,Clocks — Wall Clock / Antique Brown,Decor,Wall Decor,15.00,47.00,32.00,Yes,https://www.monarchspec.com/images/lifestyle_WEBQ50/I_9084.jpg
Monarch,I 9085,Clocks — Wall Clock / Antique Brown,Decor,Wall Decor,15.00,47.00,32.00,Yes,https://www.monarchspec.com/images/lifestyle_WEBQ50/I_9085.jpg
Monarch,I 9081,Clocks — Wall Clock / Antique Brown,Decor,Wall Decor,14.00,44.00,30.00,Yes,https://www.monarchspec.com/images/lifestyle_WEBQ50/I_9081.jpg
Monarch,I 9088,Clocks — Wall Clock / Antique Gold,Decor,Wall Decor,17.00,54.00,37.00,Yes,https://www.monarchspec.com/images/lifestyle_WEBQ50/I_9088.jpg
Monarch,I 9059,Clocks — Wall Clock / Antique White,Decor,Wall Decor,40.00,126.00,86.00,Yes,https://www.monarchspec.com/images/lifestyle_WEBQ50/I_9059.jpg
Monarch,I 9035,Clocks — Wall Clock / Black,Decor,Wall Decor,50.00,158.00,108.00,Yes,https://www.monarchspec.com/images/lifestyle_WEBQ50/I_9035.jpg
Monarch,I 9050,Clocks — Wall Clock / Black,Decor,Wall Decor,24.00,76.00,52.00,Yes,https://www.monarchspec.com/images/lifestyle_WEBQ50/I_9050.jpg
Monarch,I 9056,Clocks — Wall Clock / Black / Silver,Decor,Wall Decor,22.00,69.00,47.00,Yes,https://www.monarchspec.com/images/lifestyle_WEBQ50/I_9056.jpg
Monarch,I 9058,Clocks — Wall Clock / Black / Silver,Decor,Wall Decor,40.00,126.00,86.00,Yes,https://www.monarchspec.com/images/lifestyle_WEBQ50/I_9058.jpg
Monarch,I 9086,Clocks — Wall Clock / Black / Silver,Decor,Wall Decor,15.00,47.00,32.00,Yes,https://www.monarchspec.com/images/lifestyle_WEBQ50/I_9086.jpg
Monarch,I 9113,Clocks — Wall Clock / Black Finish,Decor,Wall Decor,10.00,32.00,22.00,Yes,https://www.monarchspec.com/images/lifestyle_WEBQ50/I_9113.jpg
Monarch,I 9109,Clocks — Wall Clock / Blue Finish,Decor,Wall Decor,10.00,32.00,22.00,Yes,https://www.monarchspec.com/images/lifestyle_WEBQ50/I_9109.jpg
Monarch,I 9116,Clocks — Wall Clock / Blue Finish,Decor,Wall Decor,10.00,32.00,22.00,Yes,https://www.monarchspec.com/images/lifestyle_WEBQ50/I_9116.jpg
Monarch,I 9119,Clocks — Wall Clock / Blue Finish,Decor,Wall Decor,10.00,32.00,22.00,Yes,https://www.monarchspec.com/images/lifestyle_WEBQ50/I_9119.jpg
Monarch,I 9022,Clocks — Wall Clock / Brown,Decor,Wall Decor,50.00,158.00,108.00,Yes,https://www.monarchspec.com/images/lifestyle_WEBQ50/I_9022.jpg
Monarch,I 9024,Clocks — Wall Clock / Brown,Decor,Wall Decor,50.00,158.00,108.00,Yes,https://www.monarchspec.com/images/lifestyle_WEBQ50/I_9024.jpg
Monarch,I 9025,Clocks — Wall Clock / Brown,Decor,Wall Decor,65.00,205.00,140.00,Yes,https://www.monarchspec.com/images/lifestyle_WEBQ50/I_9025.jpg
Monarch,I 9026,Clocks — Wall Clock / Brown,Decor,Wall Decor,50.00,158.00,108.00,Yes,https://www.monarchspec.com/images/lifestyle_WEBQ50/I_9026.jpg
Monarch,I 9027,Clocks — Wall Clock / Brown,Decor,Wall Decor,45.00,142.00,97.00,Yes,https://www.monarchspec.com/images/lifestyle_WEBQ50/I_9027.jpg
Monarch,I 9040,Clocks — Wall Clock / Brown,Decor,Wall Decor,23.00,72.00,49.00,Yes,https://www.monarchspec.com/images/lifestyle_WEBQ50/I_9040.jpg
Monarch,I 9051,Clocks — Wall Clock / Brown,Decor,Wall Decor,24.00,76.00,52.00,Yes,https://www.monarchspec.com/images/lifestyle_WEBQ50/I_9051.jpg
Monarch,I 9041,Clocks — Wall Clock / Brown,Decor,Wall Decor,23.00,72.00,49.00,Yes,https://www.monarchspec.com/images/lifestyle_WEBQ50/I_9041.jpg
Monarch,I 9042,Clocks — Wall Clock / Brown,Decor,Wall Decor,23.00,72.00,49.00,Yes,https://www.monarchspec.com/images/lifestyle_WEBQ50/I_9042.jpg
Monarch,I 9037,Clocks — Wall Clock / Brown With Led Light,Decor,Lighting,65.00,205.00,140.00,Yes,https://www.monarchspec.com/images/lifestyle_WEBQ50/I_9037.jpg
Monarch,I 9044,Clocks — Wall Clock / Charcoal Grey,Decor,Wall Decor,22.00,69.00,47.00,Yes,https://www.monarchspec.com/images/lifestyle_WEBQ50/I_9044.jpg
Monarch,I 9110,Clocks — Wall Clock / Dark Bronze Finish,Decor,Wall Decor,10.00,32.00,22.00,Yes,https://www.monarchspec.com/images/lifestyle_WEBQ50/I_9110.jpg
Monarch,I 9115,Clocks — Wall Clock / Dark Bronze Finish,Decor,Wall Decor,10.00,32.00,22.00,Yes,https://www.monarchspec.com/images/lifestyle_WEBQ50/I_9115.jpg
Monarch,I 9087,Clocks — Wall Clock / Dark Brown,Decor,Wall Decor,14.00,44.00,30.00,Yes,https://www.monarchspec.com/images/lifestyle_WEBQ50/I_9087.jpg
Monarch,I 9112,Clocks — Wall Clock / Gold Finish,Decor,Wall Decor,11.00,35.00,24.00,Yes,https://www.monarchspec.com/images/lifestyle_WEBQ50/I_9112.jpg
Monarch,I 9117,Clocks — Wall Clock / Green Finish,Decor,Wall Decor,10.00,32.00,22.00,Yes,https://www.monarchspec.com/images/lifestyle_WEBQ50/I_9117.jpg
Monarch,I 9043,Clocks — Wall Clock / Grey,Decor,Wall Decor,23.00,72.00,49.00,Yes,https://www.monarchspec.com/images/lifestyle_WEBQ50/I_9043.jpg
Monarch,I 9107,Clocks — Wall Clock / Grey Finish,Decor,Wall Decor,10.00,32.00,22.00,Yes,https://www.monarchspec.com/images/lifestyle_WEBQ50/I_9107.jpg
Monarch,I 9038,Clocks — Wall Clock / Grey With Led Light,Decor,Lighting,65.00,205.00,140.00,Yes,https://www.monarchspec.com/images/lifestyle_WEBQ50/I_9038.jpg
Monarch,I 9091,Clocks — Wall Clock / Mirror / Brown,Decor,Mirrors,23.00,72.00,49.00,Yes,https://www.monarchspec.com/images/lifestyle_WEBQ50/I_9091.jpg
Monarch,I 9036,Clocks — Wall Clock / Natural,Decor,Wall Decor,55.00,173.00,118.00,Yes,https://www.monarchspec.com/images/lifestyle_WEBQ50/I_9036.jpg
Monarch,I 9120,Clocks — Wall Clock / Natural Finish,Decor,Wall Decor,11.00,35.00,24.00,Yes,https://www.monarchspec.com/images/lifestyle_WEBQ50/I_9120.jpg
Monarch,I 9108,Clocks — Wall Clock / Pink Finish,Decor,Wall Decor,10.00,32.00,22.00,Yes,https://www.monarchspec.com/images/lifestyle_WEBQ50/I_9108.jpg
Monarch,I 9111,Clocks — Wall Clock / Silver Finish,Decor,Wall Decor,11.00,35.00,24.00,Yes,https://www.monarchspec.com/images/lifestyle_WEBQ50/I_9111.jpg
Monarch,I 9060,Clocks — Wall Clock / White,Decor,Wall Decor,25.00,79.00,54.00,Yes,https://www.monarchspec.com/images/lifestyle_WEBQ50/I_9060.jpg
Monarch,I 9114,Clocks — Wall Clock / White Finish,Decor,Wall Decor,10.00,32.00,22.00,Yes,https://www.monarchspec.com/images/lifestyle_WEBQ50/I_9114.jpg
Monarch,I 9118,Clocks — Wall Clock / White Finish,Decor,Wall Decor,10.00,32.00,22.00,Yes,https://www.monarchspec.com/images/lifestyle_WEBQ50/I_9118.jpg
Monarch,I 9094,Clocks — Wall Clock / White With Gold Frame,Decor,Wall Decor,13.00,41.00,28.00,Yes,https://www.monarchspec.com/images/lifestyle_WEBQ50/I_9094.jpg
Monarch,I 2019,Coat Rack — Black Metal,Decor,Decor Objects,22.00,69.00,47.00,Yes,https://www.monarchspec.com/images/lifestyle_WEBQ50/I_2019.jpg
Monarch,I 2057,Coat Rack — Black Metal,Decor,Decor Objects,20.00,63.00,43.00,Yes,https://www.monarchspec.com/images/lifestyle_WEBQ50/I_2057.jpg
Monarch,I 2010,Coat Rack — Black Metal Contemporary Style,Decor,Decor Objects,23.00,72.00,49.00,Yes,https://www.monarchspec.com/images/lifestyle_WEBQ50/I_2010.jpg
Monarch,I 2051,Coat Rack — Black Metal Contemporary Style,Decor,Decor Objects,30.00,94.00,64.00,Yes,https://www.monarchspec.com/images/lifestyle_WEBQ50/I_2051.jpg
Monarch,I 2031,Coat Rack — Black Metal With An Umbrella Holde,Decor,Decor Objects,25.00,79.00,54.00,Yes,https://www.monarchspec.com/images/lifestyle_WEBQ50/I_2031.jpg
Monarch,I 2060,Coat Rack — Black Metal With An Umbrella Holde,Decor,Decor Objects,55.00,173.00,118.00,Yes,https://www.monarchspec.com/images/lifestyle_WEBQ50/I_2060.jpg
Monarch,I 2005,Coat Rack — Dark Cherry With An Umbrella Holde,Decor,Decor Objects,46.00,145.00,99.00,Yes,https://www.monarchspec.com/images/lifestyle_WEBQ50/I_2005.jpg
Monarch,I 2016,Coat Rack — Espresso Metal Contemporary Style,Decor,Decor Objects,28.00,88.00,60.00,Yes,https://www.monarchspec.com/images/lifestyle_WEBQ50/I_2016.jpg
Monarch,I 2062,Coat Rack — Hammered Black Metal,Decor,Decor Objects,22.00,69.00,47.00,Yes,https://www.monarchspec.com/images/lifestyle_WEBQ50/I_2062.jpg
Monarch,I 2061,Coat Rack — Hammered Silver Metal,Decor,Decor Objects,22.00,69.00,47.00,Yes,https://www.monarchspec.com/images/lifestyle_WEBQ50/I_2061.jpg
Monarch,I 2008,Coat Rack — Red Metal,Decor,Decor Objects,22.00,69.00,47.00,Yes,https://www.monarchspec.com/images/lifestyle_WEBQ50/I_2008.jpg
Monarch,I 2017,Coat Rack — Satin Black Metal Contemporary Sty,Decor,Decor Objects,49.00,154.00,105.00,Yes,https://www.monarchspec.com/images/lifestyle_WEBQ50/I_2017.jpg
Monarch,I 2021,Coat Rack — Satin Black Metal Contemporary Sty,Decor,Decor Objects,35.00,110.00,75.00,Yes,https://www.monarchspec.com/images/lifestyle_WEBQ50/I_2021.jpg
Monarch,I 2020,Coat Rack — Satin Black Metal Contemporary Sty,Decor,Decor Objects,35.00,110.00,75.00,Yes,https://www.monarchspec.com/images/lifestyle_WEBQ50/I_2020.jpg
Monarch,I 2007,Coat Rack — Silver Metal,Decor,Decor Objects,22.00,69.00,47.00,Yes,https://www.monarchspec.com/images/lifestyle_WEBQ50/I_2007.jpg
Monarch,I 2058,Coat Rack — Silver Metal,Decor,Decor Objects,20.00,63.00,43.00,Yes,https://www.monarchspec.com/images/lifestyle_WEBQ50/I_2058.jpg
Monarch,I 2163,Coat Rack — Silver Metal,Decor,Decor Objects,21.00,66.00,45.00,Yes,https://www.monarchspec.com/images/lifestyle_WEBQ50/I_2163.jpg
Monarch,I 2015,Coat Rack — Silver Metal Contemporary Style,Decor,Decor Objects,28.00,88.00,60.00,Yes,https://www.monarchspec.com/images/lifestyle_WEBQ50/I_2015.jpg
Monarch,I 2032,Coat Rack — Silver Metal With An Umbrella Hold,Decor,Decor Objects,25.00,79.00,54.00,Yes,https://www.monarchspec.com/images/lifestyle_WEBQ50/I_2032.jpg
Monarch,I 2065,Coat Rack — Traditional Hammered Black Metal,Decor,Decor Objects,28.00,88.00,60.00,Yes,https://www.monarchspec.com/images/lifestyle_WEBQ50/I_2065.jpg
Monarch,I 2006,Coat Rack — White Metal,Decor,Decor Objects,22.00,69.00,47.00,Yes,https://www.monarchspec.com/images/lifestyle_WEBQ50/I_2006.jpg
Monarch,I 2059,Coat Rack — White Metal,Decor,Decor Objects,20.00,63.00,43.00,Yes,https://www.monarchspec.com/images/lifestyle_WEBQ50/I_2059.jpg
Monarch,I 2164,Coat Rack — White Metal,Decor,Decor Objects,21.00,66.00,45.00,Yes,https://www.monarchspec.com/images/lifestyle_WEBQ50/I_2164.jpg
Monarch,I 2063,Coat Rack — White Metal,Decor,Decor Objects,22.00,69.00,47.00,Yes,https://www.monarchspec.com/images/lifestyle_WEBQ50/I_2063.jpg
Monarch,I 2151,Coat Rack — White Metal,Decor,Decor Objects,30.00,94.00,64.00,Yes,https://www.monarchspec.com/images/lifestyle_WEBQ50/I_2151.jpg
Monarch,I 2009,Coat Rack — White Metal Contemporary Style,Decor,Decor Objects,23.00,72.00,49.00,Yes,https://www.monarchspec.com/images/lifestyle_WEBQ50/I_2009.jpg
Monarch,I 2030,Coat Rack — White Metal With An Umbrella Holde,Decor,Decor Objects,25.00,79.00,54.00,Yes,https://www.monarchspec.com/images/lifestyle_WEBQ50/I_2030.jpg
Monarch,I 9820,"Curtain Panel — 52""W X 84""H Beige Room Darkening",Decor,Decor Objects,22.00,69.00,47.00,Yes,https://www.monarchspec.com/images/lifestyle_WEBQ50/I_9820.jpg
Monarch,I 9838,"Curtain Panel — 52""W X 84""H Brown Solid Blackout",Decor,Decor Objects,22.00,69.00,47.00,Yes,https://www.monarchspec.com/images/lifestyle_WEBQ50/I_9838.jpg
Monarch,I 9823,"Curtain Panel — 52""W X 84""H Grey Room Darkening",Decor,Decor Objects,22.00,69.00,47.00,Yes,https://www.monarchspec.com/images/lifestyle_WEBQ50/I_9823.jpg
Monarch,I 9817,"Curtain Panel — 52""W X 84""H Ivory Room Darkening",Decor,Decor Objects,20.00,63.00,43.00,Yes,https://www.monarchspec.com/images/lifestyle_WEBQ50/I_9817.jpg
Monarch,I 9835,"Curtain Panel — 52""W X 84""H Silver Solid Blackout",Decor,Decor Objects,22.00,69.00,47.00,Yes,https://www.monarchspec.com/images/lifestyle_WEBQ50/I_9835.jpg
Monarch,I 9826,"Curtain Panel — 52""W X 84""H Taupe Room Darkening",Decor,Decor Objects,22.00,69.00,47.00,Yes,https://www.monarchspec.com/images/lifestyle_WEBQ50/I_9826.jpg
Monarch,I 9821,"Curtain Panel — 52""W X 95""H Beige Room Darkening",Decor,Decor Objects,24.00,76.00,52.00,Yes,https://www.monarchspec.com/images/lifestyle_WEBQ50/I_9821.jpg
Monarch,I 9839,"Curtain Panel — 52""W X 95""H Brown Solid Blackout",Decor,Decor Objects,24.00,76.00,52.00,Yes,https://www.monarchspec.com/images/lifestyle_WEBQ50/I_9839.jpg
Monarch,I 9824,"Curtain Panel — 52""W X 95""H Grey Room Darkening",Decor,Decor Objects,24.00,76.00,52.00,Yes,https://www.monarchspec.com/images/lifestyle_WEBQ50/I_9824.jpg
Monarch,I 9842,"Curtain Panel — 52""W X 95""H Grey Solid Blackout",Decor,Decor Objects,24.00,76.00,52.00,Yes,https://www.monarchspec.com/images/lifestyle_WEBQ50/I_9842.jpg
Monarch,I 9818,"Curtain Panel — 52""W X 95""H Ivory Room Darkening",Decor,Decor Objects,22.00,69.00,47.00,Yes,https://www.monarchspec.com/images/lifestyle_WEBQ50/I_9818.jpg
Monarch,I 9845,"Curtain Panel — 52""W X 95""H Silver Room Darkening",Decor,Decor Objects,22.00,69.00,47.00,Yes,https://www.monarchspec.com/images/lifestyle_WEBQ50/I_9845.jpg
Monarch,I 9836,"Curtain Panel — 52""W X 95""H Silver Solid Blackout",Decor,Decor Objects,24.00,76.00,52.00,Yes,https://www.monarchspec.com/images/lifestyle_WEBQ50/I_9836.jpg
Monarch,I 9827,"Curtain Panel — 52""W X 95""H Taupe Room Darkening",Decor,Decor Objects,24.00,76.00,52.00,Yes,https://www.monarchspec.com/images/lifestyle_WEBQ50/I_9827.jpg
Monarch,I 9800,"Curtain Panel — 54""W X 84""H Beige Room Darkening",Decor,Decor Objects,17.00,54.00,37.00,Yes,https://www.monarchspec.com/images/lifestyle_WEBQ50/I_9800.jpg
Monarch,I 9801,"Curtain Panel — 54""W X 95""H Beige Room Darkening",Decor,Decor Objects,18.00,57.00,39.00,Yes,https://www.monarchspec.com/images/lifestyle_WEBQ50/I_9801.jpg
Monarch,I 9804,"Curtain Panel — 54""W X 95""H Grey Room Darkening",Decor,Decor Objects,18.00,57.00,39.00,Yes,https://www.monarchspec.com/images/lifestyle_WEBQ50/I_9804.jpg
Monarch,I 9901,Display Rack — Silver / Wall Decor,Decor,Wall Decor,190.00,598.00,408.00,Yes,https://www.monarchspec.com/images/lifestyle_WEBQ50/I_9901.jpg
Monarch,I 9900,Display Rack — Silver Metal / 4 Adjustable Shelve,Decor,Decor Objects,275.00,866.00,591.00,Yes,https://www.monarchspec.com/images/lifestyle_WEBQ50/I_9900.jpg
Monarch,I 9902,Display Rack — Support Legs Only / Wall Decor Pan,Decor,Wall Decor,35.00,110.00,75.00,Yes,https://www.monarchspec.com/images/lifestyle_WEBQ50/I_9902.jpg
Monarch,I 7781,Filing Cabinet — Black On Castors,Decor,Accent Furniture,80.00,252.00,172.00,Yes,https://www.monarchspec.com/images/lifestyle_WEBQ50/I_7781.jpg
Monarch,I 7400,Filing Cabinet — Brown Reclaimed Wood / Castors,Decor,Accent Furniture,100.00,315.00,215.00,Yes,https://www.monarchspec.com/images/lifestyle_WEBQ50/I_7400.jpg
Monarch,I 7049,Filing Cabinet — Dark Taupe On Castors,Decor,Accent Furniture,100.00,315.00,215.00,Yes,https://www.monarchspec.com/images/lifestyle_WEBQ50/I_7049.jpg
Monarch,I 7401,Filing Cabinet — Grey Reclaimed Wood / Castors,Decor,Accent Furniture,100.00,315.00,215.00,Yes,https://www.monarchspec.com/images/lifestyle_WEBQ50/I_7401.jpg
Monarch,I 7583,Filing Cabinet — High Glossy White / Castors,Decor,Accent Furniture,175.00,551.00,376.00,Yes,https://www.monarchspec.com/images/lifestyle_WEBQ50/I_7583.jpg
Monarch,I 7051,Filing Cabinet — White / Cement-Look On Castor,Decor,Accent Furniture,100.00,315.00,215.00,Yes,https://www.monarchspec.com/images/lifestyle_WEBQ50/I_7051.jpg
Monarch,I 7780,Filing Cabinet — White On Castors,Decor,Accent Furniture,80.00,252.00,172.00,Yes,https://www.monarchspec.com/images/lifestyle_WEBQ50/I_7780.jpg
Monarch,I 7048,Filing Cabinet — White On Castors,Decor,Accent Furniture,100.00,315.00,215.00,Yes,https://www.monarchspec.com/images/lifestyle_WEBQ50/I_7048.jpg
Monarch,I 2335,Home Bar — Black / Silver Metal Spacesaver,Decor,Decor Objects,50.00,158.00,108.00,Yes,https://www.monarchspec.com/images/lifestyle_WEBQ50/I_2335.jpg
Monarch,I 2345,Home Bar — Espresso / Black Metal Spacesaver,Decor,Decor Objects,50.00,158.00,108.00,Yes,https://www.monarchspec.com/images/lifestyle_WEBQ50/I_2345.jpg
Monarch,I 2543,Home Bar — Espresso Ladder Style,Decor,Decor Objects,225.00,709.00,484.00,Yes,https://www.monarchspec.com/images/lifestyle_WEBQ50/I_2543.jpg
Monarch,I 2310,Home Bar — Espresso Marble / Coffee Metal,Decor,Decor Objects,75.00,236.00,161.00,Yes,https://www.monarchspec.com/images/lifestyle_WEBQ50/I_2310.jpg
Monarch,I 2315,Home Bar — Espresso Marble / Metal,Decor,Decor Objects,65.00,205.00,140.00,Yes,https://www.monarchspec.com/images/lifestyle_WEBQ50/I_2315.jpg
Monarch,I 2325,Home Bar — Grey Marble / Charcoal Metal,Decor,Decor Objects,60.00,189.00,129.00,Yes,https://www.monarchspec.com/images/lifestyle_WEBQ50/I_2325.jpg
Monarch,I 2376,Home Bar — White Top And Metal Spacesaver,Decor,Decor Objects,65.00,205.00,140.00,Yes,https://www.monarchspec.com/images/lifestyle_WEBQ50/I_2376.jpg
Monarch,I 4000,Ladder — Dark Taupe / Black Metal,Decor,Decor Objects,35.00,110.00,75.00,Yes,https://www.monarchspec.com/images/lifestyle_WEBQ50/I_4000.jpg
Monarch,I 9407,"Lighting — 15""H Table Lamp Clear Glass",Decor,Lighting,38.00,120.00,82.00,Yes,https://www.monarchspec.com/images/lifestyle_WEBQ50/I_9407.jpg
Monarch,I 9406,"Lighting — 15""H Table Lamp Gold Glass",Decor,Lighting,38.00,120.00,82.00,Yes,https://www.monarchspec.com/images/lifestyle_WEBQ50/I_9406.jpg
Monarch,I 9650,"Lighting — 17""H Table Lamp Black Metal / Beig",Decor,Lighting,47.00,148.00,101.00,Yes,https://www.monarchspec.com/images/lifestyle_WEBQ50/I_9650.jpg
Monarch,I 9960,"Lighting — 17""H Table Lamp Black Metal / Grey",Decor,Lighting,47.00,148.00,101.00,Yes,https://www.monarchspec.com/images/lifestyle_WEBQ50/I_9960.jpg
Monarch,I 9961,"Lighting — 17""H Table Lamp Cream Metal / Beig",Decor,Lighting,47.00,148.00,101.00,Yes,https://www.monarchspec.com/images/lifestyle_WEBQ50/I_9961.jpg
Monarch,I 9649,"Lighting — 17""H Table Lamp Nickel Metal / Ivo",Decor,Lighting,47.00,148.00,101.00,Yes,https://www.monarchspec.com/images/lifestyle_WEBQ50/I_9649.jpg
Monarch,I 9639,"Lighting — 18""H Table Lamp Black / Ivory Shad",Decor,Lighting,56.00,176.00,120.00,Yes,https://www.monarchspec.com/images/lifestyle_WEBQ50/I_9639.jpg
Monarch,I 9643,"Lighting — 24""H Table Lamp Black / Ivory / Us",Decor,Lighting,77.00,243.00,166.00,Yes,https://www.monarchspec.com/images/lifestyle_WEBQ50/I_9643.jpg
Monarch,I 9642,"Lighting — 24""H Table Lamp Nickel / Grey / Us",Decor,Lighting,77.00,243.00,166.00,Yes,https://www.monarchspec.com/images/lifestyle_WEBQ50/I_9642.jpg
Monarch,I 9682,"Lighting — 71""H Floor Lamp Antique Brass Meta",Decor,Lighting,75.00,236.00,161.00,Yes,https://www.monarchspec.com/images/lifestyle_WEBQ50/I_9682.jpg
Monarch,I 9648,"Lighting — 71""H Floor Lamp Black Metal",Decor,Lighting,120.00,378.00,258.00,Yes,https://www.monarchspec.com/images/lifestyle_WEBQ50/I_9648.jpg
Monarch,I 9634,"Lighting — 74""H Arc Floor Lamp Black Metal",Decor,Lighting,90.00,284.00,194.00,Yes,https://www.monarchspec.com/images/lifestyle_WEBQ50/I_9634.jpg
Monarch,I 9753,Lighting — Beige / Usb,Decor,Lighting,115.00,362.00,247.00,Yes,https://www.monarchspec.com/images/lifestyle_WEBQ50/I_9753.jpg
Monarch,I 9754,Lighting — Beige / Usb,Decor,Lighting,115.00,362.00,247.00,Yes,https://www.monarchspec.com/images/lifestyle_WEBQ50/I_9754.jpg
Monarch,I 9917,Lighting — Beige Shade,Decor,Lighting,89.00,280.00,191.00,Yes,https://www.monarchspec.com/images/lifestyle_WEBQ50/I_9917.jpg
Monarch,I 9918,Lighting — Beige Shade,Decor,Lighting,89.00,280.00,191.00,Yes,https://www.monarchspec.com/images/lifestyle_WEBQ50/I_9918.jpg
Monarch,I 9920,Lighting — Beige Shade,Decor,Lighting,86.00,271.00,185.00,Yes,https://www.monarchspec.com/images/lifestyle_WEBQ50/I_9920.jpg
Monarch,I 9921,Lighting — Beige Shade,Decor,Lighting,86.00,271.00,185.00,Yes,https://www.monarchspec.com/images/lifestyle_WEBQ50/I_9921.jpg
Monarch,I 9938,Lighting — Beige Shade,Decor,Lighting,105.00,331.00,226.00,Yes,https://www.monarchspec.com/images/lifestyle_WEBQ50/I_9938.jpg
Monarch,I 9940,Lighting — Beige Shade,Decor,Lighting,105.00,331.00,226.00,Yes,https://www.monarchspec.com/images/lifestyle_WEBQ50/I_9940.jpg
Monarch,I 9915,Lighting — Beige Shade,Decor,Lighting,89.00,280.00,191.00,Yes,https://www.monarchspec.com/images/lifestyle_WEBQ50/I_9915.jpg
Monarch,I 9905,Lighting — Beige Shade,Decor,Lighting,79.00,249.00,170.00,Yes,https://www.monarchspec.com/images/lifestyle_WEBQ50/I_9905.jpg
Monarch,I 9906,Lighting — Beige Shade,Decor,Lighting,79.00,249.00,170.00,Yes,https://www.monarchspec.com/images/lifestyle_WEBQ50/I_9906.jpg
Monarch,I 9886,Lighting — Beige Shade,Decor,Lighting,70.00,220.00,150.00,Yes,https://www.monarchspec.com/images/lifestyle_WEBQ50/I_9886.jpg
Monarch,I 9883,Lighting — Beige Shade,Decor,Lighting,65.00,205.00,140.00,Yes,https://www.monarchspec.com/images/lifestyle_WEBQ50/I_9883.jpg
Monarch,I 9884,Lighting — Beige Shade,Decor,Lighting,65.00,205.00,140.00,Yes,https://www.monarchspec.com/images/lifestyle_WEBQ50/I_9884.jpg
Monarch,I 9616,Lighting — Beige Shade,Decor,Lighting,55.00,173.00,118.00,Yes,https://www.monarchspec.com/images/lifestyle_WEBQ50/I_9616.jpg
Monarch,I 9859,Lighting — Beige Shade,Decor,Lighting,29.00,91.00,62.00,Yes,https://www.monarchspec.com/images/lifestyle_WEBQ50/I_9859.jpg
Monarch,I 9867,Lighting — Beige Shade,Decor,Lighting,35.00,110.00,75.00,Yes,https://www.monarchspec.com/images/lifestyle_WEBQ50/I_9867.jpg
Monarch,I 9411,Lighting — Beige Shade,Decor,Lighting,45.00,142.00,97.00,Yes,https://www.monarchspec.com/images/lifestyle_WEBQ50/I_9411.jpg
Monarch,I 9412,Lighting — Beige Shade,Decor,Lighting,45.00,142.00,97.00,Yes,https://www.monarchspec.com/images/lifestyle_WEBQ50/I_9412.jpg
Monarch,I 9419,Lighting — Beige Shade,Decor,Lighting,42.00,132.00,90.00,Yes,https://www.monarchspec.com/images/lifestyle_WEBQ50/I_9419.jpg
Monarch,I 9783,Lighting — Beige Shade,Decor,Lighting,29.00,91.00,62.00,Yes,https://www.monarchspec.com/images/lifestyle_WEBQ50/I_9783.jpg
Monarch,I 9784,Lighting — Beige Shade,Decor,Lighting,29.00,91.00,62.00,Yes,https://www.monarchspec.com/images/lifestyle_WEBQ50/I_9784.jpg
Monarch,I 9854,Lighting — Beige Shade,Decor,Lighting,29.00,91.00,62.00,Yes,https://www.monarchspec.com/images/lifestyle_WEBQ50/I_9854.jpg
Monarch,I 9853,Lighting — Beige Shade,Decor,Lighting,29.00,91.00,62.00,Yes,https://www.monarchspec.com/images/lifestyle_WEBQ50/I_9853.jpg
Monarch,I 9855,Lighting — Beige Shade,Decor,Lighting,29.00,91.00,62.00,Yes,https://www.monarchspec.com/images/lifestyle_WEBQ50/I_9855.jpg
Monarch,I 9789,Lighting — Beige Shade,Decor,Lighting,29.00,91.00,62.00,Yes,https://www.monarchspec.com/images/lifestyle_WEBQ50/I_9789.jpg
Monarch,I 9790,Lighting — Beige Shade,Decor,Lighting,29.00,91.00,62.00,Yes,https://www.monarchspec.com/images/lifestyle_WEBQ50/I_9790.jpg
Monarch,I 9770,Lighting — Beige Shade,Decor,Lighting,29.00,91.00,62.00,Yes,https://www.monarchspec.com/images/lifestyle_WEBQ50/I_9770.jpg
Monarch,I 9772,Lighting — Beige Shade,Decor,Lighting,29.00,91.00,62.00,Yes,https://www.monarchspec.com/images/lifestyle_WEBQ50/I_9772.jpg
Monarch,I 9792,Lighting — Beige Shade,Decor,Lighting,29.00,91.00,62.00,Yes,https://www.monarchspec.com/images/lifestyle_WEBQ50/I_9792.jpg
Monarch,I 9793,Lighting — Beige Shade,Decor,Lighting,29.00,91.00,62.00,Yes,https://www.monarchspec.com/images/lifestyle_WEBQ50/I_9793.jpg
Monarch,I 9791,Lighting — Beige Shade,Decor,Lighting,29.00,91.00,62.00,Yes,https://www.monarchspec.com/images/lifestyle_WEBQ50/I_9791.jpg
Monarch,I 9690,Lighting — Beige Shade,Decor,Lighting,65.00,205.00,140.00,Yes,https://www.monarchspec.com/images/lifestyle_WEBQ50/I_9690.jpg
Monarch,I 9640,Lighting — Beige Shade,Decor,Lighting,90.00,284.00,194.00,Yes,https://www.monarchspec.com/images/lifestyle_WEBQ50/I_9640.jpg
Monarch,I 9683,Lighting — Beige Shade,Decor,Lighting,160.00,504.00,344.00,Yes,https://www.monarchspec.com/images/lifestyle_WEBQ50/I_9683.jpg
Monarch,I 9605,Lighting — Beige Shade,Decor,Lighting,82.00,258.00,176.00,Yes,https://www.monarchspec.com/images/lifestyle_WEBQ50/I_9605.jpg
Monarch,I 9623,Lighting — Beige Shade,Decor,Lighting,64.00,202.00,138.00,Yes,https://www.monarchspec.com/images/lifestyle_WEBQ50/I_9623.jpg
Monarch,I 9726,Lighting — Beige Shade,Decor,Lighting,59.00,186.00,127.00,Yes,https://www.monarchspec.com/images/lifestyle_WEBQ50/I_9726.jpg
Monarch,I 9724,Lighting — Beige Shade,Decor,Lighting,75.00,236.00,161.00,Yes,https://www.monarchspec.com/images/lifestyle_WEBQ50/I_9724.jpg
Monarch,I 9709,Lighting — Beige Shade,Decor,Lighting,70.00,220.00,150.00,Yes,https://www.monarchspec.com/images/lifestyle_WEBQ50/I_9709.jpg
Monarch,I 9728,Lighting — Beige Shade,Decor,Lighting,59.00,186.00,127.00,Yes,https://www.monarchspec.com/images/lifestyle_WEBQ50/I_9728.jpg
Monarch,I 9713,Lighting — Beige Shade,Decor,Lighting,90.00,284.00,194.00,Yes,https://www.monarchspec.com/images/lifestyle_WEBQ50/I_9713.jpg
Monarch,I 9714,Lighting — Beige Shade,Decor,Lighting,89.00,280.00,191.00,Yes,https://www.monarchspec.com/images/lifestyle_WEBQ50/I_9714.jpg
Monarch,I 9703,Lighting — Beige Shade,Decor,Lighting,55.00,173.00,118.00,Yes,https://www.monarchspec.com/images/lifestyle_WEBQ50/I_9703.jpg
Monarch,I 9635,Lighting — Beige Shade,Decor,Lighting,62.00,195.00,133.00,Yes,https://www.monarchspec.com/images/lifestyle_WEBQ50/I_9635.jpg
Monarch,I 9769,Lighting — Beige Shade,Decor,Lighting,59.00,186.00,127.00,Yes,https://www.monarchspec.com/images/lifestyle_WEBQ50/I_9769.jpg
Monarch,I 9628,Lighting — Beige Shade,Decor,Lighting,46.00,145.00,99.00,Yes,https://www.monarchspec.com/images/lifestyle_WEBQ50/I_9628.jpg
Monarch,I 9718,Lighting — Beige Shade,Decor,Lighting,55.00,173.00,118.00,Yes,https://www.monarchspec.com/images/lifestyle_WEBQ50/I_9718.jpg
Monarch,I 9632,Lighting — Beige Shade,Decor,Lighting,33.00,104.00,71.00,Yes,https://www.monarchspec.com/images/lifestyle_WEBQ50/I_9632.jpg
Monarch,I 9631,Lighting — Beige Shade,Decor,Lighting,47.00,148.00,101.00,Yes,https://www.monarchspec.com/images/lifestyle_WEBQ50/I_9631.jpg
Monarch,I 9765,Lighting — Beige Shade,Decor,Lighting,26.00,82.00,56.00,Yes,https://www.monarchspec.com/images/lifestyle_WEBQ50/I_9765.jpg
Monarch,I 9638,Lighting — Beige Shade / Usb,Decor,Lighting,40.00,126.00,86.00,Yes,https://www.monarchspec.com/images/lifestyle_WEBQ50/I_9638.jpg
Monarch,I 9914,Lighting — Black Shade,Decor,Lighting,89.00,280.00,191.00,Yes,https://www.monarchspec.com/images/lifestyle_WEBQ50/I_9914.jpg
Monarch,I 9887,Lighting — Black Shade,Decor,Lighting,70.00,220.00,150.00,Yes,https://www.monarchspec.com/images/lifestyle_WEBQ50/I_9887.jpg
Monarch,I 9424,Lighting — Black Shade,Decor,Lighting,48.00,151.00,103.00,Yes,https://www.monarchspec.com/images/lifestyle_WEBQ50/I_9424.jpg
Monarch,I 9415,Lighting — Black Shade,Decor,Lighting,55.00,173.00,118.00,Yes,https://www.monarchspec.com/images/lifestyle_WEBQ50/I_9415.jpg
Monarch,I 9685,Lighting — Black Shade,Decor,Lighting,40.00,126.00,86.00,Yes,https://www.monarchspec.com/images/lifestyle_WEBQ50/I_9685.jpg
Monarch,I 9641,Lighting — Black Shade,Decor,Lighting,95.00,299.00,204.00,Yes,https://www.monarchspec.com/images/lifestyle_WEBQ50/I_9641.jpg
Monarch,I 9658,Lighting — Black Shade,Decor,Lighting,55.00,173.00,118.00,Yes,https://www.monarchspec.com/images/lifestyle_WEBQ50/I_9658.jpg
Monarch,I 9606,Lighting — Black Shade,Decor,Lighting,59.00,186.00,127.00,Yes,https://www.monarchspec.com/images/lifestyle_WEBQ50/I_9606.jpg
Monarch,I 9629,Lighting — Black Shade,Decor,Lighting,60.00,189.00,129.00,Yes,https://www.monarchspec.com/images/lifestyle_WEBQ50/I_9629.jpg
Monarch,I 9621,Lighting — Black Shade,Decor,Lighting,55.00,173.00,118.00,Yes,https://www.monarchspec.com/images/lifestyle_WEBQ50/I_9621.jpg
Monarch,I 9618,Lighting — Black Shade,Decor,Lighting,68.00,214.00,146.00,Yes,https://www.monarchspec.com/images/lifestyle_WEBQ50/I_9618.jpg
Monarch,I 9766,Lighting — Black Shade,Decor,Lighting,42.00,132.00,90.00,Yes,https://www.monarchspec.com/images/lifestyle_WEBQ50/I_9766.jpg
Monarch,I 9400,Lighting — Black Shade / Led,Decor,Lighting,49.00,154.00,105.00,Yes,https://www.monarchspec.com/images/lifestyle_WEBQ50/I_9400.jpg
Monarch,I 9691,Lighting — Black Shade / Usb,Decor,Lighting,65.00,205.00,140.00,Yes,https://www.monarchspec.com/images/lifestyle_WEBQ50/I_9691.jpg
Monarch,I 9645,Lighting — Black Shade / Usb,Decor,Lighting,32.00,101.00,69.00,Yes,https://www.monarchspec.com/images/lifestyle_WEBQ50/I_9645.jpg
Monarch,I 9647,Lighting — Black Shade / Usb,Decor,Lighting,39.00,123.00,84.00,Yes,https://www.monarchspec.com/images/lifestyle_WEBQ50/I_9647.jpg
Monarch,I 9422,Lighting — Brown Shade,Decor,Lighting,38.00,120.00,82.00,Yes,https://www.monarchspec.com/images/lifestyle_WEBQ50/I_9422.jpg
Monarch,I 9656,Lighting — Glass Shade,Decor,Lighting,82.00,258.00,176.00,Yes,https://www.monarchspec.com/images/lifestyle_WEBQ50/I_9656.jpg
Monarch,I 9637,Lighting — Glass Shade / Usb,Decor,Lighting,35.00,110.00,75.00,Yes,https://www.monarchspec.com/images/lifestyle_WEBQ50/I_9637.jpg
Monarch,I 9925,Lighting — Gold Resin / Beige,Decor,Lighting,95.00,299.00,204.00,Yes,https://www.monarchspec.com/images/lifestyle_WEBQ50/I_9925.jpg
Monarch,I 9926,Lighting — Gold Resin / Beige,Decor,Lighting,95.00,299.00,204.00,Yes,https://www.monarchspec.com/images/lifestyle_WEBQ50/I_9926.jpg
Monarch,I 9644,Lighting — Gold Shade,Decor,Lighting,31.00,98.00,67.00,Yes,https://www.monarchspec.com/images/lifestyle_WEBQ50/I_9644.jpg
Monarch,I 9401,Lighting — Gold Shade / Led,Decor,Lighting,49.00,154.00,105.00,Yes,https://www.monarchspec.com/images/lifestyle_WEBQ50/I_9401.jpg
Monarch,I 9757,Lighting — Grey,Decor,Lighting,92.00,290.00,198.00,Yes,https://www.monarchspec.com/images/lifestyle_WEBQ50/I_9757.jpg
Monarch,I 9748,Lighting — Grey,Decor,Lighting,73.00,230.00,157.00,Yes,https://www.monarchspec.com/images/lifestyle_WEBQ50/I_9748.jpg
Monarch,I 9611,Lighting — Grey Shade,Decor,Lighting,60.00,189.00,129.00,Yes,https://www.monarchspec.com/images/lifestyle_WEBQ50/I_9611.jpg
Monarch,I 9922,Lighting — Grey Shade,Decor,Lighting,86.00,271.00,185.00,Yes,https://www.monarchspec.com/images/lifestyle_WEBQ50/I_9922.jpg
Monarch,I 9910,Lighting — Grey Shade,Decor,Lighting,85.00,268.00,183.00,Yes,https://www.monarchspec.com/images/lifestyle_WEBQ50/I_9910.jpg
Monarch,I 9909,Lighting — Grey Shade,Decor,Lighting,85.00,268.00,183.00,Yes,https://www.monarchspec.com/images/lifestyle_WEBQ50/I_9909.jpg
Monarch,I 9908,Lighting — Grey Shade,Decor,Lighting,85.00,268.00,183.00,Yes,https://www.monarchspec.com/images/lifestyle_WEBQ50/I_9908.jpg
Monarch,I 9881,Lighting — Grey Shade,Decor,Lighting,59.00,186.00,127.00,Yes,https://www.monarchspec.com/images/lifestyle_WEBQ50/I_9881.jpg
Monarch,I 9868,Lighting — Grey Shade,Decor,Lighting,35.00,110.00,75.00,Yes,https://www.monarchspec.com/images/lifestyle_WEBQ50/I_9868.jpg
Monarch,I 9781,Lighting — Grey Shade,Decor,Lighting,29.00,91.00,62.00,Yes,https://www.monarchspec.com/images/lifestyle_WEBQ50/I_9781.jpg
Monarch,I 9627,Lighting — Grey Shade,Decor,Lighting,105.00,331.00,226.00,Yes,https://www.monarchspec.com/images/lifestyle_WEBQ50/I_9627.jpg
Monarch,I 9684,Lighting — Grey Shade,Decor,Lighting,150.00,472.00,322.00,Yes,https://www.monarchspec.com/images/lifestyle_WEBQ50/I_9684.jpg
Monarch,I 9725,Lighting — Grey Shade,Decor,Lighting,71.00,224.00,153.00,Yes,https://www.monarchspec.com/images/lifestyle_WEBQ50/I_9725.jpg
Monarch,I 9711,Lighting — Grey Shade,Decor,Lighting,60.00,189.00,129.00,Yes,https://www.monarchspec.com/images/lifestyle_WEBQ50/I_9711.jpg
Monarch,I 9701,Lighting — Grey Shade,Decor,Lighting,57.00,180.00,123.00,Yes,https://www.monarchspec.com/images/lifestyle_WEBQ50/I_9701.jpg
Monarch,I 9692,Lighting — Grey Shade / Usb,Decor,Lighting,65.00,205.00,140.00,Yes,https://www.monarchspec.com/images/lifestyle_WEBQ50/I_9692.jpg
Monarch,I 9749,Lighting — Ivory,Decor,Lighting,92.00,290.00,198.00,Yes,https://www.monarchspec.com/images/lifestyle_WEBQ50/I_9749.jpg
Monarch,I 9750,Lighting — Ivory,Decor,Lighting,93.00,293.00,200.00,Yes,https://www.monarchspec.com/images/lifestyle_WEBQ50/I_9750.jpg
Monarch,I 9755,Lighting — Ivory,Decor,Lighting,95.00,299.00,204.00,Yes,https://www.monarchspec.com/images/lifestyle_WEBQ50/I_9755.jpg
Monarch,I 9756,Lighting — Ivory,Decor,Lighting,100.00,315.00,215.00,Yes,https://www.monarchspec.com/images/lifestyle_WEBQ50/I_9756.jpg
Monarch,I 9735,Lighting — Ivory,Decor,Lighting,81.00,255.00,174.00,Yes,https://www.monarchspec.com/images/lifestyle_WEBQ50/I_9735.jpg
Monarch,I 9736,Lighting — Ivory,Decor,Lighting,81.00,255.00,174.00,Yes,https://www.monarchspec.com/images/lifestyle_WEBQ50/I_9736.jpg
Monarch,I 9752,Lighting — Ivory,Decor,Lighting,92.00,290.00,198.00,Yes,https://www.monarchspec.com/images/lifestyle_WEBQ50/I_9752.jpg
Monarch,I 9944,Lighting — Ivory Shade,Decor,Lighting,110.00,346.00,236.00,Yes,https://www.monarchspec.com/images/lifestyle_WEBQ50/I_9944.jpg
Monarch,I 9943,Lighting — Ivory Shade,Decor,Lighting,110.00,346.00,236.00,Yes,https://www.monarchspec.com/images/lifestyle_WEBQ50/I_9943.jpg
Monarch,I 9928,Lighting — Ivory Shade,Decor,Lighting,95.00,299.00,204.00,Yes,https://www.monarchspec.com/images/lifestyle_WEBQ50/I_9928.jpg
Monarch,I 9947,Lighting — Ivory Shade,Decor,Lighting,110.00,346.00,236.00,Yes,https://www.monarchspec.com/images/lifestyle_WEBQ50/I_9947.jpg
Monarch,I 9946,Lighting — Ivory Shade,Decor,Lighting,110.00,346.00,236.00,Yes,https://www.monarchspec.com/images/lifestyle_WEBQ50/I_9946.jpg
Monarch,I 9939,Lighting — Ivory Shade,Decor,Lighting,105.00,331.00,226.00,Yes,https://www.monarchspec.com/images/lifestyle_WEBQ50/I_9939.jpg
Monarch,I 9936,Lighting — Ivory Shade,Decor,Lighting,105.00,331.00,226.00,Yes,https://www.monarchspec.com/images/lifestyle_WEBQ50/I_9936.jpg
Monarch,I 9934,Lighting — Ivory Shade,Decor,Lighting,105.00,331.00,226.00,Yes,https://www.monarchspec.com/images/lifestyle_WEBQ50/I_9934.jpg
Monarch,I 9935,Lighting — Ivory Shade,Decor,Lighting,105.00,331.00,226.00,Yes,https://www.monarchspec.com/images/lifestyle_WEBQ50/I_9935.jpg
Monarch,I 9930,Lighting — Ivory Shade,Decor,Lighting,85.00,268.00,183.00,Yes,https://www.monarchspec.com/images/lifestyle_WEBQ50/I_9930.jpg
Monarch,I 9932,Lighting — Ivory Shade,Decor,Lighting,100.00,315.00,215.00,Yes,https://www.monarchspec.com/images/lifestyle_WEBQ50/I_9932.jpg
Monarch,I 9929,Lighting — Ivory Shade,Decor,Lighting,90.00,284.00,194.00,Yes,https://www.monarchspec.com/images/lifestyle_WEBQ50/I_9929.jpg
Monarch,I 9899,Lighting — Ivory Shade,Decor,Lighting,79.00,249.00,170.00,Yes,https://www.monarchspec.com/images/lifestyle_WEBQ50/I_9899.jpg
Monarch,I 9898,Lighting — Ivory Shade,Decor,Lighting,79.00,249.00,170.00,Yes,https://www.monarchspec.com/images/lifestyle_WEBQ50/I_9898.jpg
Monarch,I 9897,Lighting — Ivory Shade,Decor,Lighting,79.00,249.00,170.00,Yes,https://www.monarchspec.com/images/lifestyle_WEBQ50/I_9897.jpg
Monarch,I 9889,Lighting — Ivory Shade,Decor,Lighting,70.00,220.00,150.00,Yes,https://www.monarchspec.com/images/lifestyle_WEBQ50/I_9889.jpg
Monarch,I 9890,Lighting — Ivory Shade,Decor,Lighting,70.00,220.00,150.00,Yes,https://www.monarchspec.com/images/lifestyle_WEBQ50/I_9890.jpg
Monarch,I 9891,Lighting — Ivory Shade,Decor,Lighting,70.00,220.00,150.00,Yes,https://www.monarchspec.com/images/lifestyle_WEBQ50/I_9891.jpg
Monarch,I 9892,Lighting — Ivory Shade,Decor,Lighting,70.00,220.00,150.00,Yes,https://www.monarchspec.com/images/lifestyle_WEBQ50/I_9892.jpg
Monarch,I 9893,Lighting — Ivory Shade,Decor,Lighting,70.00,220.00,150.00,Yes,https://www.monarchspec.com/images/lifestyle_WEBQ50/I_9893.jpg
Monarch,I 9430,Lighting — Ivory Shade,Decor,Lighting,50.00,158.00,108.00,Yes,https://www.monarchspec.com/images/lifestyle_WEBQ50/I_9430.jpg
Monarch,I 9880,Lighting — Ivory Shade,Decor,Lighting,59.00,186.00,127.00,Yes,https://www.monarchspec.com/images/lifestyle_WEBQ50/I_9880.jpg
Monarch,I 9871,Lighting — Ivory Shade,Decor,Lighting,45.00,142.00,97.00,Yes,https://www.monarchspec.com/images/lifestyle_WEBQ50/I_9871.jpg
Monarch,I 9873,Lighting — Ivory Shade,Decor,Lighting,45.00,142.00,97.00,Yes,https://www.monarchspec.com/images/lifestyle_WEBQ50/I_9873.jpg
Monarch,I 9870,Lighting — Ivory Shade,Decor,Lighting,45.00,142.00,97.00,Yes,https://www.monarchspec.com/images/lifestyle_WEBQ50/I_9870.jpg
Monarch,I 9872,Lighting — Ivory Shade,Decor,Lighting,45.00,142.00,97.00,Yes,https://www.monarchspec.com/images/lifestyle_WEBQ50/I_9872.jpg
Monarch,I 9876,Lighting — Ivory Shade,Decor,Lighting,55.00,173.00,118.00,Yes,https://www.monarchspec.com/images/lifestyle_WEBQ50/I_9876.jpg
Monarch,I 9878,Lighting — Ivory Shade,Decor,Lighting,55.00,173.00,118.00,Yes,https://www.monarchspec.com/images/lifestyle_WEBQ50/I_9878.jpg
Monarch,I 9877,Lighting — Ivory Shade,Decor,Lighting,55.00,173.00,118.00,Yes,https://www.monarchspec.com/images/lifestyle_WEBQ50/I_9877.jpg
Monarch,I 9869,Lighting — Ivory Shade,Decor,Lighting,35.00,110.00,75.00,Yes,https://www.monarchspec.com/images/lifestyle_WEBQ50/I_9869.jpg
Monarch,I 9785,Lighting — Ivory Shade,Decor,Lighting,29.00,91.00,62.00,Yes,https://www.monarchspec.com/images/lifestyle_WEBQ50/I_9785.jpg
Monarch,I 9788,Lighting — Ivory Shade,Decor,Lighting,29.00,91.00,62.00,Yes,https://www.monarchspec.com/images/lifestyle_WEBQ50/I_9788.jpg
Monarch,I 9787,Lighting — Ivory Shade,Decor,Lighting,29.00,91.00,62.00,Yes,https://www.monarchspec.com/images/lifestyle_WEBQ50/I_9787.jpg
Monarch,I 9846,Lighting — Ivory Shade,Decor,Lighting,29.00,91.00,62.00,Yes,https://www.monarchspec.com/images/lifestyle_WEBQ50/I_9846.jpg
Monarch,I 9848,Lighting — Ivory Shade,Decor,Lighting,29.00,91.00,62.00,Yes,https://www.monarchspec.com/images/lifestyle_WEBQ50/I_9848.jpg
Monarch,I 9847,Lighting — Ivory Shade,Decor,Lighting,29.00,91.00,62.00,Yes,https://www.monarchspec.com/images/lifestyle_WEBQ50/I_9847.jpg
Monarch,I 9776,Lighting — Ivory Shade,Decor,Lighting,29.00,91.00,62.00,Yes,https://www.monarchspec.com/images/lifestyle_WEBQ50/I_9776.jpg
Monarch,I 9774,Lighting — Ivory Shade,Decor,Lighting,29.00,91.00,62.00,Yes,https://www.monarchspec.com/images/lifestyle_WEBQ50/I_9774.jpg
Monarch,I 9775,Lighting — Ivory Shade,Decor,Lighting,29.00,91.00,62.00,Yes,https://www.monarchspec.com/images/lifestyle_WEBQ50/I_9775.jpg
Monarch,I 9780,Lighting — Ivory Shade,Decor,Lighting,29.00,91.00,62.00,Yes,https://www.monarchspec.com/images/lifestyle_WEBQ50/I_9780.jpg
Monarch,I 9779,Lighting — Ivory Shade,Decor,Lighting,29.00,91.00,62.00,Yes,https://www.monarchspec.com/images/lifestyle_WEBQ50/I_9779.jpg
Monarch,I 9795,Lighting — Ivory Shade,Decor,Lighting,29.00,91.00,62.00,Yes,https://www.monarchspec.com/images/lifestyle_WEBQ50/I_9795.jpg
Monarch,I 9796,Lighting — Ivory Shade,Decor,Lighting,29.00,91.00,62.00,Yes,https://www.monarchspec.com/images/lifestyle_WEBQ50/I_9796.jpg
Monarch,I 9865,Lighting — Ivory Shade,Decor,Lighting,29.00,91.00,62.00,Yes,https://www.monarchspec.com/images/lifestyle_WEBQ50/I_9865.jpg
Monarch,I 9864,Lighting — Ivory Shade,Decor,Lighting,29.00,91.00,62.00,Yes,https://www.monarchspec.com/images/lifestyle_WEBQ50/I_9864.jpg
Monarch,I 9863,Lighting — Ivory Shade,Decor,Lighting,29.00,91.00,62.00,Yes,https://www.monarchspec.com/images/lifestyle_WEBQ50/I_9863.jpg
Monarch,I 9777,Lighting — Ivory Shade,Decor,Lighting,29.00,91.00,62.00,Yes,https://www.monarchspec.com/images/lifestyle_WEBQ50/I_9777.jpg
Monarch,I 9778,Lighting — Ivory Shade,Decor,Lighting,29.00,91.00,62.00,Yes,https://www.monarchspec.com/images/lifestyle_WEBQ50/I_9778.jpg
Monarch,I 9851,Lighting — Ivory Shade,Decor,Lighting,29.00,91.00,62.00,Yes,https://www.monarchspec.com/images/lifestyle_WEBQ50/I_9851.jpg
Monarch,I 9850,Lighting — Ivory Shade,Decor,Lighting,29.00,91.00,62.00,Yes,https://www.monarchspec.com/images/lifestyle_WEBQ50/I_9850.jpg
Monarch,I 9686,Lighting — Ivory Shade,Decor,Lighting,70.00,220.00,150.00,Yes,https://www.monarchspec.com/images/lifestyle_WEBQ50/I_9686.jpg
Monarch,I 9758,Lighting — Ivory Shade,Decor,Lighting,56.00,176.00,120.00,Yes,https://www.monarchspec.com/images/lifestyle_WEBQ50/I_9758.jpg
Monarch,I 9759,Lighting — Ivory Shade,Decor,Lighting,56.00,176.00,120.00,Yes,https://www.monarchspec.com/images/lifestyle_WEBQ50/I_9759.jpg
Monarch,I 9760,Lighting — Ivory Shade,Decor,Lighting,87.00,274.00,187.00,Yes,https://www.monarchspec.com/images/lifestyle_WEBQ50/I_9760.jpg
Monarch,I 9761,Lighting — Ivory Shade,Decor,Lighting,87.00,274.00,187.00,Yes,https://www.monarchspec.com/images/lifestyle_WEBQ50/I_9761.jpg
Monarch,I 9613,Lighting — Ivory Shade,Decor,Lighting,81.00,255.00,174.00,Yes,https://www.monarchspec.com/images/lifestyle_WEBQ50/I_9613.jpg
Monarch,I 9614,Lighting — Ivory Shade,Decor,Lighting,65.00,205.00,140.00,Yes,https://www.monarchspec.com/images/lifestyle_WEBQ50/I_9614.jpg
Monarch,I 9712,Lighting — Ivory Shade,Decor,Lighting,75.00,236.00,161.00,Yes,https://www.monarchspec.com/images/lifestyle_WEBQ50/I_9712.jpg
Monarch,I 9742,Lighting — Ivory Shade,Decor,Lighting,76.00,239.00,163.00,Yes,https://www.monarchspec.com/images/lifestyle_WEBQ50/I_9742.jpg
Monarch,I 9706,Lighting — Ivory Shade,Decor,Lighting,65.00,205.00,140.00,Yes,https://www.monarchspec.com/images/lifestyle_WEBQ50/I_9706.jpg
Monarch,I 9607,Lighting — Ivory Shade,Decor,Lighting,75.00,236.00,161.00,Yes,https://www.monarchspec.com/images/lifestyle_WEBQ50/I_9607.jpg
Monarch,I 9657,Lighting — Ivory Shade,Decor,Lighting,57.00,180.00,123.00,Yes,https://www.monarchspec.com/images/lifestyle_WEBQ50/I_9657.jpg
Monarch,I 9723,Lighting — Ivory Shade,Decor,Lighting,64.00,202.00,138.00,Yes,https://www.monarchspec.com/images/lifestyle_WEBQ50/I_9723.jpg
Monarch,I 9731,Lighting — Ivory Shade,Decor,Lighting,87.00,274.00,187.00,Yes,https://www.monarchspec.com/images/lifestyle_WEBQ50/I_9731.jpg
Monarch,I 9719,Lighting — Ivory Shade,Decor,Lighting,88.00,277.00,189.00,Yes,https://www.monarchspec.com/images/lifestyle_WEBQ50/I_9719.jpg
Monarch,I 9704,Lighting — Ivory Shade,Decor,Lighting,79.00,249.00,170.00,Yes,https://www.monarchspec.com/images/lifestyle_WEBQ50/I_9704.jpg
Monarch,I 9705,Lighting — Ivory Shade,Decor,Lighting,79.00,249.00,170.00,Yes,https://www.monarchspec.com/images/lifestyle_WEBQ50/I_9705.jpg
Monarch,I 9609,Lighting — Ivory Shade,Decor,Lighting,65.00,205.00,140.00,Yes,https://www.monarchspec.com/images/lifestyle_WEBQ50/I_9609.jpg
Monarch,I 9615,Lighting — Ivory Shade,Decor,Lighting,68.00,214.00,146.00,Yes,https://www.monarchspec.com/images/lifestyle_WEBQ50/I_9615.jpg
Monarch,I 9610,Lighting — Ivory Shade,Decor,Lighting,60.00,189.00,129.00,Yes,https://www.monarchspec.com/images/lifestyle_WEBQ50/I_9610.jpg
Monarch,I 9625,Lighting — Ivory Shade,Decor,Lighting,68.00,214.00,146.00,Yes,https://www.monarchspec.com/images/lifestyle_WEBQ50/I_9625.jpg
Monarch,I 9624,Lighting — Ivory Shade,Decor,Lighting,60.00,189.00,129.00,Yes,https://www.monarchspec.com/images/lifestyle_WEBQ50/I_9624.jpg
Monarch,I 9716,Lighting — Ivory Shade,Decor,Lighting,64.00,202.00,138.00,Yes,https://www.monarchspec.com/images/lifestyle_WEBQ50/I_9716.jpg
Monarch,I 9763,Lighting — Ivory Shade,Decor,Lighting,59.00,186.00,127.00,Yes,https://www.monarchspec.com/images/lifestyle_WEBQ50/I_9763.jpg
Monarch,I 9762,Lighting — Ivory Shade,Decor,Lighting,59.00,186.00,127.00,Yes,https://www.monarchspec.com/images/lifestyle_WEBQ50/I_9762.jpg
Monarch,I 9677,Lighting — Ivory Shade,Decor,Lighting,55.00,173.00,118.00,Yes,https://www.monarchspec.com/images/lifestyle_WEBQ50/I_9677.jpg
Monarch,I 9674,Lighting — Ivory Shade,Decor,Lighting,55.00,173.00,118.00,Yes,https://www.monarchspec.com/images/lifestyle_WEBQ50/I_9674.jpg
Monarch,I 9675,Lighting — Ivory Shade,Decor,Lighting,55.00,173.00,118.00,Yes,https://www.monarchspec.com/images/lifestyle_WEBQ50/I_9675.jpg
Monarch,I 9678,Lighting — Ivory Shade,Decor,Lighting,55.00,173.00,118.00,Yes,https://www.monarchspec.com/images/lifestyle_WEBQ50/I_9678.jpg
Monarch,I 9676,Lighting — Ivory Shade,Decor,Lighting,55.00,173.00,118.00,Yes,https://www.monarchspec.com/images/lifestyle_WEBQ50/I_9676.jpg
Monarch,I 9680,Lighting — Ivory Shade,Decor,Lighting,55.00,173.00,118.00,Yes,https://www.monarchspec.com/images/lifestyle_WEBQ50/I_9680.jpg
Monarch,I 9679,Lighting — Ivory Shade,Decor,Lighting,55.00,173.00,118.00,Yes,https://www.monarchspec.com/images/lifestyle_WEBQ50/I_9679.jpg
Monarch,I 9663,Lighting — Ivory Shade,Decor,Lighting,55.00,173.00,118.00,Yes,https://www.monarchspec.com/images/lifestyle_WEBQ50/I_9663.jpg
Monarch,I 9661,Lighting — Ivory Shade,Decor,Lighting,55.00,173.00,118.00,Yes,https://www.monarchspec.com/images/lifestyle_WEBQ50/I_9661.jpg
Monarch,I 9660,Lighting — Ivory Shade,Decor,Lighting,55.00,173.00,118.00,Yes,https://www.monarchspec.com/images/lifestyle_WEBQ50/I_9660.jpg
Monarch,I 9662,Lighting — Ivory Shade,Decor,Lighting,55.00,173.00,118.00,Yes,https://www.monarchspec.com/images/lifestyle_WEBQ50/I_9662.jpg
Monarch,I 9664,Lighting — Ivory Shade,Decor,Lighting,55.00,173.00,118.00,Yes,https://www.monarchspec.com/images/lifestyle_WEBQ50/I_9664.jpg
Monarch,I 9666,Lighting — Ivory Shade,Decor,Lighting,55.00,173.00,118.00,Yes,https://www.monarchspec.com/images/lifestyle_WEBQ50/I_9666.jpg
Monarch,I 9665,Lighting — Ivory Shade,Decor,Lighting,55.00,173.00,118.00,Yes,https://www.monarchspec.com/images/lifestyle_WEBQ50/I_9665.jpg
Monarch,I 9727,Lighting — Ivory Shade,Decor,Lighting,59.00,186.00,127.00,Yes,https://www.monarchspec.com/images/lifestyle_WEBQ50/I_9727.jpg
Monarch,I 9715,Lighting — Ivory Shade,Decor,Lighting,89.00,280.00,191.00,Yes,https://www.monarchspec.com/images/lifestyle_WEBQ50/I_9715.jpg
Monarch,I 9743,Lighting — Ivory Shade,Decor,Lighting,58.00,183.00,125.00,Yes,https://www.monarchspec.com/images/lifestyle_WEBQ50/I_9743.jpg
Monarch,I 9744,Lighting — Ivory Shade,Decor,Lighting,58.00,183.00,125.00,Yes,https://www.monarchspec.com/images/lifestyle_WEBQ50/I_9744.jpg
Monarch,I 9608,Lighting — Ivory Shade,Decor,Lighting,65.00,205.00,140.00,Yes,https://www.monarchspec.com/images/lifestyle_WEBQ50/I_9608.jpg
Monarch,I 9707,Lighting — Ivory Shade,Decor,Lighting,70.00,220.00,150.00,Yes,https://www.monarchspec.com/images/lifestyle_WEBQ50/I_9707.jpg
Monarch,I 9702,Lighting — Ivory Shade,Decor,Lighting,55.00,173.00,118.00,Yes,https://www.monarchspec.com/images/lifestyle_WEBQ50/I_9702.jpg
Monarch,I 9721,Lighting — Ivory Shade,Decor,Lighting,74.00,233.00,159.00,Yes,https://www.monarchspec.com/images/lifestyle_WEBQ50/I_9721.jpg
Monarch,I 9612,Lighting — Ivory Shade,Decor,Lighting,62.00,195.00,133.00,Yes,https://www.monarchspec.com/images/lifestyle_WEBQ50/I_9612.jpg
Monarch,I 9720,Lighting — Ivory Shade,Decor,Lighting,60.00,189.00,129.00,Yes,https://www.monarchspec.com/images/lifestyle_WEBQ50/I_9720.jpg
Monarch,I 9655,Lighting — Ivory Shade,Decor,Lighting,45.00,142.00,97.00,Yes,https://www.monarchspec.com/images/lifestyle_WEBQ50/I_9655.jpg
Monarch,I 9654,Lighting — Ivory Shade,Decor,Lighting,45.00,142.00,97.00,Yes,https://www.monarchspec.com/images/lifestyle_WEBQ50/I_9654.jpg
Monarch,I 9622,Lighting — Ivory Shade,Decor,Lighting,57.00,180.00,123.00,Yes,https://www.monarchspec.com/images/lifestyle_WEBQ50/I_9622.jpg
Monarch,I 9768,Lighting — Ivory Shade,Decor,Lighting,49.00,154.00,105.00,Yes,https://www.monarchspec.com/images/lifestyle_WEBQ50/I_9768.jpg
Monarch,I 9767,Lighting — Ivory Shade,Decor,Lighting,49.00,154.00,105.00,Yes,https://www.monarchspec.com/images/lifestyle_WEBQ50/I_9767.jpg
Monarch,I 9619,Lighting — Ivory Shade,Decor,Lighting,55.00,173.00,118.00,Yes,https://www.monarchspec.com/images/lifestyle_WEBQ50/I_9619.jpg
Monarch,I 9710,Lighting — Ivory Shade,Decor,Lighting,59.00,186.00,127.00,Yes,https://www.monarchspec.com/images/lifestyle_WEBQ50/I_9710.jpg
Monarch,I 9673,Lighting — Ivory Shade,Decor,Lighting,55.00,173.00,118.00,Yes,https://www.monarchspec.com/images/lifestyle_WEBQ50/I_9673.jpg
Monarch,I 9672,Lighting — Ivory Shade,Decor,Lighting,55.00,173.00,118.00,Yes,https://www.monarchspec.com/images/lifestyle_WEBQ50/I_9672.jpg
Monarch,I 9670,Lighting — Ivory Shade,Decor,Lighting,55.00,173.00,118.00,Yes,https://www.monarchspec.com/images/lifestyle_WEBQ50/I_9670.jpg
Monarch,I 9667,Lighting — Ivory Shade,Decor,Lighting,55.00,173.00,118.00,Yes,https://www.monarchspec.com/images/lifestyle_WEBQ50/I_9667.jpg
Monarch,I 9668,Lighting — Ivory Shade,Decor,Lighting,55.00,173.00,118.00,Yes,https://www.monarchspec.com/images/lifestyle_WEBQ50/I_9668.jpg
Monarch,I 9671,Lighting — Ivory Shade,Decor,Lighting,55.00,173.00,118.00,Yes,https://www.monarchspec.com/images/lifestyle_WEBQ50/I_9671.jpg
Monarch,I 9669,Lighting — Ivory Shade,Decor,Lighting,55.00,173.00,118.00,Yes,https://www.monarchspec.com/images/lifestyle_WEBQ50/I_9669.jpg
Monarch,I 9734,Lighting — Ivory Shade,Decor,Lighting,59.00,186.00,127.00,Yes,https://www.monarchspec.com/images/lifestyle_WEBQ50/I_9734.jpg
Monarch,I 9732,Lighting — Ivory Shade,Decor,Lighting,64.00,202.00,138.00,Yes,https://www.monarchspec.com/images/lifestyle_WEBQ50/I_9732.jpg
Monarch,I 9708,Lighting — Ivory Shade,Decor,Lighting,52.00,164.00,112.00,Yes,https://www.monarchspec.com/images/lifestyle_WEBQ50/I_9708.jpg
Monarch,I 9722,Lighting — Ivory Shade,Decor,Lighting,66.00,208.00,142.00,Yes,https://www.monarchspec.com/images/lifestyle_WEBQ50/I_9722.jpg
Monarch,I 9617,Lighting — Ivory Shade,Decor,Lighting,45.00,142.00,97.00,Yes,https://www.monarchspec.com/images/lifestyle_WEBQ50/I_9617.jpg
Monarch,I 9733,Lighting — Ivory Shade,Decor,Lighting,62.00,195.00,133.00,Yes,https://www.monarchspec.com/images/lifestyle_WEBQ50/I_9733.jpg
Monarch,I 9730,Lighting — Ivory Shade,Decor,Lighting,55.00,173.00,118.00,Yes,https://www.monarchspec.com/images/lifestyle_WEBQ50/I_9730.jpg
Monarch,I 9729,Lighting — Ivory Shade,Decor,Lighting,57.00,180.00,123.00,Yes,https://www.monarchspec.com/images/lifestyle_WEBQ50/I_9729.jpg
Monarch,I 9626,Lighting — Ivory Shade,Decor,Lighting,46.00,145.00,99.00,Yes,https://www.monarchspec.com/images/lifestyle_WEBQ50/I_9626.jpg
Monarch,I 9717,Lighting — Ivory Shade,Decor,Lighting,50.00,158.00,108.00,Yes,https://www.monarchspec.com/images/lifestyle_WEBQ50/I_9717.jpg
Monarch,I 9653,Lighting — Ivory Shade,Decor,Lighting,44.00,139.00,95.00,Yes,https://www.monarchspec.com/images/lifestyle_WEBQ50/I_9653.jpg
Monarch,I 9633,Lighting — Ivory Shade,Decor,Lighting,32.00,101.00,69.00,Yes,https://www.monarchspec.com/images/lifestyle_WEBQ50/I_9633.jpg
Monarch,I 9630,Lighting — Ivory Shade,Decor,Lighting,48.00,151.00,103.00,Yes,https://www.monarchspec.com/images/lifestyle_WEBQ50/I_9630.jpg
Monarch,I 9738,Lighting — Ivory Shade,Decor,Lighting,26.00,82.00,56.00,Yes,https://www.monarchspec.com/images/lifestyle_WEBQ50/I_9738.jpg
Monarch,I 9739,Lighting — Ivory Shade,Decor,Lighting,26.00,82.00,56.00,Yes,https://www.monarchspec.com/images/lifestyle_WEBQ50/I_9739.jpg
Monarch,I 9740,Lighting — Ivory Shade,Decor,Lighting,26.00,82.00,56.00,Yes,https://www.monarchspec.com/images/lifestyle_WEBQ50/I_9740.jpg
Monarch,I 9741,Lighting — Ivory Shade,Decor,Lighting,26.00,82.00,56.00,Yes,https://www.monarchspec.com/images/lifestyle_WEBQ50/I_9741.jpg
Monarch,I 9764,Lighting — Ivory Shade,Decor,Lighting,26.00,82.00,56.00,Yes,https://www.monarchspec.com/images/lifestyle_WEBQ50/I_9764.jpg
Monarch,I 9636,Lighting — Ivory Shade,Decor,Lighting,42.00,132.00,90.00,Yes,https://www.monarchspec.com/images/lifestyle_WEBQ50/I_9636.jpg
Monarch,I 9950,Lighting — Ivory Shade / Usb,Decor,Lighting,62.00,195.00,133.00,Yes,https://www.monarchspec.com/images/lifestyle_WEBQ50/I_9950.jpg
Monarch,I 9951,Lighting — Ivory Shade / Usb,Decor,Lighting,65.00,205.00,140.00,Yes,https://www.monarchspec.com/images/lifestyle_WEBQ50/I_9951.jpg
Monarch,I 9646,Lighting — Ivory Shade /Usb,Decor,Lighting,32.00,101.00,69.00,Yes,https://www.monarchspec.com/images/lifestyle_WEBQ50/I_9646.jpg
Monarch,I 9402,Lighting — Led,Decor,Lighting,49.00,154.00,105.00,Yes,https://www.monarchspec.com/images/lifestyle_WEBQ50/I_9402.jpg
Monarch,I 9403,Lighting — Led,Decor,Lighting,45.00,142.00,97.00,Yes,https://www.monarchspec.com/images/lifestyle_WEBQ50/I_9403.jpg
Monarch,I 9952,Lighting — Metal Shade,Decor,Lighting,75.00,236.00,161.00,Yes,https://www.monarchspec.com/images/lifestyle_WEBQ50/I_9952.jpg
Monarch,I 9954,Lighting — Metal Shade,Decor,Lighting,50.00,158.00,108.00,Yes,https://www.monarchspec.com/images/lifestyle_WEBQ50/I_9954.jpg
Monarch,I 9953,Lighting — Metal Shade,Decor,Lighting,50.00,158.00,108.00,Yes,https://www.monarchspec.com/images/lifestyle_WEBQ50/I_9953.jpg
Monarch,I 9423,Lighting — Natural Shade,Decor,Lighting,48.00,151.00,103.00,Yes,https://www.monarchspec.com/images/lifestyle_WEBQ50/I_9423.jpg
Monarch,I 9421,Lighting — Natural Shade,Decor,Lighting,38.00,120.00,82.00,Yes,https://www.monarchspec.com/images/lifestyle_WEBQ50/I_9421.jpg
Monarch,I 9416,Lighting — Natural Shade,Decor,Lighting,55.00,173.00,118.00,Yes,https://www.monarchspec.com/images/lifestyle_WEBQ50/I_9416.jpg
Monarch,I 9693,Lighting — Nickel Shade,Decor,Lighting,70.00,220.00,150.00,Yes,https://www.monarchspec.com/images/lifestyle_WEBQ50/I_9693.jpg
Monarch,I 9659,Lighting — Nickel Shade / Usb,Decor,Lighting,31.00,98.00,67.00,Yes,https://www.monarchspec.com/images/lifestyle_WEBQ50/I_9659.jpg
Monarch,I 9651,Lighting — Rope Shade,Decor,Lighting,88.00,277.00,189.00,Yes,https://www.monarchspec.com/images/lifestyle_WEBQ50/I_9651.jpg
Monarch,I 9955,Lighting — Silver Metal,Decor,Lighting,40.00,126.00,86.00,Yes,https://www.monarchspec.com/images/lifestyle_WEBQ50/I_9955.jpg
Monarch,I 9956,Lighting — Silver Metal,Decor,Lighting,29.00,91.00,62.00,Yes,https://www.monarchspec.com/images/lifestyle_WEBQ50/I_9956.jpg
Monarch,I 9745,Lighting — Usb,Decor,Lighting,105.00,331.00,226.00,Yes,https://www.monarchspec.com/images/lifestyle_WEBQ50/I_9745.jpg
Monarch,I 9746,Lighting — Usb,Decor,Lighting,105.00,331.00,226.00,Yes,https://www.monarchspec.com/images/lifestyle_WEBQ50/I_9746.jpg
Monarch,I 9414,Lighting — White Shade,Decor,Lighting,62.00,195.00,133.00,Yes,https://www.monarchspec.com/images/lifestyle_WEBQ50/I_9414.jpg
Monarch,I 9413,Lighting — White Shade,Decor,Lighting,23.00,72.00,49.00,Yes,https://www.monarchspec.com/images/lifestyle_WEBQ50/I_9413.jpg
Monarch,I 9681,Lighting — White Shade,Decor,Lighting,75.00,236.00,161.00,Yes,https://www.monarchspec.com/images/lifestyle_WEBQ50/I_9681.jpg
Monarch,I 9652,Lighting — Wood Shade,Decor,Lighting,72.00,227.00,155.00,Yes,https://www.monarchspec.com/images/lifestyle_WEBQ50/I_9652.jpg
Monarch,8K12C04,Love Seat — Beige Fabric #Coach-4,Decor,Decor Objects,235.00,740.00,505.00,Yes,https://www.monarchspec.com/images/lifestyle_WEBQ50/8K12C04.jpg
Monarch,8J32L19,Love Seat — Black Fabric #Lumos-19,Decor,Decor Objects,275.00,866.00,591.00,Yes,https://www.monarchspec.com/images/lifestyle_WEBQ50/8J32L19.jpg
Monarch,8J12A95,Love Seat — Black Pu #Ck5A95,Decor,Decor Objects,265.00,835.00,570.00,Yes,https://www.monarchspec.com/images/lifestyle_WEBQ50/8J12A95.jpg
Monarch,8J22A08,Love Seat — Brown Pu #Ra-08,Decor,Decor Objects,270.00,850.00,580.00,Yes,https://www.monarchspec.com/images/lifestyle_WEBQ50/8J22A08.jpg
Monarch,8J22710,Love Seat — Cognac Pu #3007-10,Decor,Decor Objects,270.00,850.00,580.00,Yes,https://www.monarchspec.com/images/lifestyle_WEBQ50/8J22710.jpg
Monarch,8J12L17,Love Seat — Dark Grey Fabric #Lumos-17,Decor,Decor Objects,265.00,835.00,570.00,Yes,https://www.monarchspec.com/images/lifestyle_WEBQ50/8J12L17.jpg
Monarch,8K12C18,Love Seat — Grey Fabric #Coach-18,Decor,Decor Objects,235.00,740.00,505.00,Yes,https://www.monarchspec.com/images/lifestyle_WEBQ50/8K12C18.jpg
Monarch,8J32A02,Love Seat — Grey Pu #Ra-02,Decor,Decor Objects,275.00,866.00,591.00,Yes,https://www.monarchspec.com/images/lifestyle_WEBQ50/8J32A02.jpg
Monarch,8J22L31,Love Seat — Light Brown Fabric #Lumos-31,Decor,Lighting,270.00,850.00,580.00,Yes,https://www.monarchspec.com/images/lifestyle_WEBQ50/8J22L31.jpg
Monarch,8J12L68,Love Seat — Orange Fabric #Lumos-68,Decor,Decor Objects,265.00,835.00,570.00,Yes,https://www.monarchspec.com/images/lifestyle_WEBQ50/8J12L68.jpg
Monarch,8J12L44,Love Seat — Rust Fabric #Lumos-44,Decor,Decor Objects,265.00,835.00,570.00,Yes,https://www.monarchspec.com/images/lifestyle_WEBQ50/8J12L44.jpg
Monarch,I 2036,Magazine Rack — Chrome Metal,Decor,Decor Objects,22.00,69.00,47.00,Yes,https://www.monarchspec.com/images/lifestyle_WEBQ50/I_2036.jpg
Monarch,I 3102,Mirror — Antique White Oval Wood Frame,Decor,Mirrors,54.00,170.00,116.00,Yes,https://www.monarchspec.com/images/lifestyle_WEBQ50/I_3102.jpg
Monarch,I 7056,Office Cabinet — Dark Taupe With 2 Drawers On Casto,Decor,Accent Furniture,95.00,299.00,204.00,Yes,https://www.monarchspec.com/images/lifestyle_WEBQ50/I_7056.jpg
Monarch,I 7055,Office Cabinet — White With 2 Drawers On Castors,Decor,Accent Furniture,95.00,299.00,204.00,Yes,https://www.monarchspec.com/images/lifestyle_WEBQ50/I_7055.jpg
Monarch,I 7732,Office Credenza — Black Commercial Grade,Decor,Decor Objects,260.00,819.00,559.00,Yes,https://www.monarchspec.com/images/lifestyle_WEBQ50/I_7732.jpg
Monarch,I 7727,Office Credenza — Silver Commercial Grade,Decor,Decor Objects,260.00,819.00,559.00,Yes,https://www.monarchspec.com/images/lifestyle_WEBQ50/I_7727.jpg
Monarch,I 7733,Office Hutch — Black Commercial Grade,Decor,Decor Objects,220.00,693.00,473.00,Yes,https://www.monarchspec.com/images/lifestyle_WEBQ50/I_7733.jpg
Monarch,I 7728,Office Hutch — Silver Commercial Grade,Decor,Decor Objects,220.00,693.00,473.00,Yes,https://www.monarchspec.com/images/lifestyle_WEBQ50/I_7728.jpg
Monarch,I 9310,Pillow — Beige Diamond Velvet / 1Pc,Decor,Decor Objects,7.00,22.00,15.00,Yes,https://www.monarchspec.com/images/lifestyle_WEBQ50/I_9310.jpg
Monarch,I 9262,Pillow — Dark Green Floral Velvet / 1Pc,Decor,Plants,7.00,22.00,15.00,Yes,https://www.monarchspec.com/images/lifestyle_WEBQ50/I_9262.jpg
Monarch,I 9263,Pillow — Dark Green Floral Velvet / 2Pcs,Decor,Plants,14.00,44.00,30.00,Yes,https://www.monarchspec.com/images/lifestyle_WEBQ50/I_9263.jpg
Monarch,I 9234,Pillow — Gold / Grey Abstract Dot / 1Pc,Decor,Decor Objects,7.00,22.00,15.00,Yes,https://www.monarchspec.com/images/lifestyle_WEBQ50/I_9234.jpg
Monarch,I 9235,Pillow — Gold / Grey Abstract Dot / 2Pcs,Decor,Decor Objects,14.00,44.00,30.00,Yes,https://www.monarchspec.com/images/lifestyle_WEBQ50/I_9235.jpg
Monarch,I 9334,Pillow — Gold Satin / 1Pc,Decor,Decor Objects,6.00,19.00,13.00,Yes,https://www.monarchspec.com/images/lifestyle_WEBQ50/I_9334.jpg
Monarch,I 9335,Pillow — Gold Satin / 2Pcs,Decor,Decor Objects,12.00,38.00,26.00,Yes,https://www.monarchspec.com/images/lifestyle_WEBQ50/I_9335.jpg
Monarch,I 9272,Pillow — Grey Mosaic Velvet / 1Pc,Decor,Decor Objects,7.00,22.00,15.00,Yes,https://www.monarchspec.com/images/lifestyle_WEBQ50/I_9272.jpg
Monarch,I 9273,Pillow — Grey Mosaic Velvet / 2Pcs,Decor,Decor Objects,14.00,44.00,30.00,Yes,https://www.monarchspec.com/images/lifestyle_WEBQ50/I_9273.jpg
Monarch,I 9241,Pillow — Light / Dark Blue Abstract Dot / 2,Decor,Lighting,14.00,44.00,30.00,Yes,https://www.monarchspec.com/images/lifestyle_WEBQ50/I_9241.jpg
Monarch,I 9232,Pillow — Light / Dark Green Abstract Dot / ,Decor,Lighting,7.00,22.00,15.00,Yes,https://www.monarchspec.com/images/lifestyle_WEBQ50/I_9232.jpg
Monarch,I 9233,Pillow — Light / Dark Green Abstract Dot/ 2,Decor,Lighting,14.00,44.00,30.00,Yes,https://www.monarchspec.com/images/lifestyle_WEBQ50/I_9233.jpg
Monarch,I 9228,Pillow — Light / Dark Taupe Abstract Dot / ,Decor,Lighting,7.00,22.00,15.00,Yes,https://www.monarchspec.com/images/lifestyle_WEBQ50/I_9228.jpg
Monarch,I 9229,Pillow — Light / Dark Taupe Abstract Dot/ 2,Decor,Lighting,14.00,44.00,30.00,Yes,https://www.monarchspec.com/images/lifestyle_WEBQ50/I_9229.jpg
Monarch,I 9230,Pillow — Light Blue / Grey Abstract Dot / 1,Decor,Lighting,7.00,22.00,15.00,Yes,https://www.monarchspec.com/images/lifestyle_WEBQ50/I_9230.jpg
Monarch,I 9231,Pillow — Light Blue / Grey Abstract Dot / 2,Decor,Lighting,14.00,44.00,30.00,Yes,https://www.monarchspec.com/images/lifestyle_WEBQ50/I_9231.jpg
Monarch,I 9236,Pillow — Light Grey / Black Abstract Dot / ,Decor,Lighting,7.00,22.00,15.00,Yes,https://www.monarchspec.com/images/lifestyle_WEBQ50/I_9236.jpg
Monarch,I 9237,Pillow — Light Grey / Black Abstract Dot/ 2,Decor,Lighting,14.00,44.00,30.00,Yes,https://www.monarchspec.com/images/lifestyle_WEBQ50/I_9237.jpg
Monarch,I 9256,Pillow — Light Grey Floral Velvet / 1Pc,Decor,Lighting,7.00,22.00,15.00,Yes,https://www.monarchspec.com/images/lifestyle_WEBQ50/I_9256.jpg
Monarch,I 9324,Pillow — Light Purple Feathered Velvet / 1P,Decor,Lighting,7.00,22.00,15.00,Yes,https://www.monarchspec.com/images/lifestyle_WEBQ50/I_9324.jpg
Monarch,I 9325,Pillow — Light Purple Feathered Velvet / 2P,Decor,Lighting,14.00,44.00,30.00,Yes,https://www.monarchspec.com/images/lifestyle_WEBQ50/I_9325.jpg
Monarch,I 9318,Pillow — Light Taupe Feathered Velvet / 1Pc,Decor,Lighting,7.00,22.00,15.00,Yes,https://www.monarchspec.com/images/lifestyle_WEBQ50/I_9318.jpg
Monarch,I 9340,Pillow — Mint Satin / 1Pc,Decor,Decor Objects,6.00,19.00,13.00,Yes,https://www.monarchspec.com/images/lifestyle_WEBQ50/I_9340.jpg
Monarch,I 9341,Pillow — Mint Satin / 2Pcs,Decor,Decor Objects,12.00,38.00,26.00,Yes,https://www.monarchspec.com/images/lifestyle_WEBQ50/I_9341.jpg
Monarch,I 9342,Pillow — Pale Blue Satin / 1Pc,Decor,Decor Objects,6.00,19.00,13.00,Yes,https://www.monarchspec.com/images/lifestyle_WEBQ50/I_9342.jpg
Monarch,I 9343,Pillow — Pale Blue Satin / 2Pcs,Decor,Decor Objects,12.00,38.00,26.00,Yes,https://www.monarchspec.com/images/lifestyle_WEBQ50/I_9343.jpg
Monarch,I 9288,Pillow — Patterned Light Green / 1Pc,Decor,Lighting,7.00,22.00,15.00,Yes,https://www.monarchspec.com/images/lifestyle_WEBQ50/I_9288.jpg
Monarch,I 9338,Pillow — Pink Satin / 1Pc,Decor,Decor Objects,6.00,19.00,13.00,Yes,https://www.monarchspec.com/images/lifestyle_WEBQ50/I_9338.jpg
Monarch,I 9339,Pillow — Pink Satin / 2Pcs,Decor,Decor Objects,12.00,38.00,26.00,Yes,https://www.monarchspec.com/images/lifestyle_WEBQ50/I_9339.jpg
Monarch,I 9306,Pillow — Silver Diamond Velvet / 1Pc,Decor,Decor Objects,7.00,22.00,15.00,Yes,https://www.monarchspec.com/images/lifestyle_WEBQ50/I_9306.jpg
Monarch,I 9336,Pillow — Silver Satin / 1Pc,Decor,Decor Objects,6.00,19.00,13.00,Yes,https://www.monarchspec.com/images/lifestyle_WEBQ50/I_9336.jpg
Monarch,I 9337,Pillow — Silver Satin / 2Pcs,Decor,Decor Objects,12.00,38.00,26.00,Yes,https://www.monarchspec.com/images/lifestyle_WEBQ50/I_9337.jpg
Monarch,I 9254,Pillow — Taupe Floral Velvet / 1Pc,Decor,Plants,7.00,22.00,15.00,Yes,https://www.monarchspec.com/images/lifestyle_WEBQ50/I_9254.jpg
Monarch,8M12031,Reclining Love Seat — Grey Aotansi # Cb0031,Decor,Decor Objects,475.00,1496.00,1021.00,Yes,https://www.monarchspec.com/images/lifestyle_WEBQ50/8M12031.jpg
Monarch,8M12019,Reclining Love Seat — Grey Jialian # Cb0019,Decor,Decor Objects,475.00,1496.00,1021.00,Yes,https://www.monarchspec.com/images/lifestyle_WEBQ50/8M12019.jpg
Monarch,8M12070,Reclining Love Seat — Grey Pu Yanqing #Jra-070,Decor,Decor Objects,475.00,1496.00,1021.00,Yes,https://www.monarchspec.com/images/lifestyle_WEBQ50/8M12070.jpg
Monarch,8P12106,Reclining Love Seat — Usb Beige Fabric Breeze # 106,Decor,Decor Objects,660.00,2079.00,1419.00,Yes,https://www.monarchspec.com/images/lifestyle_WEBQ50/8P12106.jpg
Monarch,8P22406,Reclining Love Seat — Usb Beige Fabric Sky # 2514-06,Decor,Decor Objects,695.00,2189.00,1494.00,Yes,https://www.monarchspec.com/images/lifestyle_WEBQ50/8P22406.jpg
Monarch,8P22418,Reclining Love Seat — Usb Blue Fabric Sky # 2514-18,Decor,Decor Objects,695.00,2189.00,1494.00,Yes,https://www.monarchspec.com/images/lifestyle_WEBQ50/8P22418.jpg
Monarch,8P32061,Reclining Love Seat — Usb Brown Pu # Tjb-061,Decor,Decor Objects,725.00,2284.00,1559.00,Yes,https://www.monarchspec.com/images/lifestyle_WEBQ50/8P32061.jpg
Monarch,8P22408,Reclining Love Seat — Usb Gold Fabric Sky # 2514-08,Decor,Decor Objects,695.00,2189.00,1494.00,Yes,https://www.monarchspec.com/images/lifestyle_WEBQ50/8P22408.jpg
Monarch,8P12451,Reclining Love Seat — Usb Grey Fabric Breeze # 451,Decor,Decor Objects,660.00,2079.00,1419.00,Yes,https://www.monarchspec.com/images/lifestyle_WEBQ50/8P12451.jpg
Monarch,I 7852P,Table Set — Light Brown,Decor,Lighting,110.00,346.00,236.00,Yes,https://www.monarchspec.com/images/lifestyle_WEBQ50/I_7852P.jpg
Monarch,I 7898P,Table Set — Light Walnut,Decor,Lighting,110.00,346.00,236.00,Yes,https://www.monarchspec.com/images/lifestyle_WEBQ50/I_7898P.jpg
Monarch,I 7855P,Table Set — Light Walnut,Decor,Lighting,110.00,346.00,236.00,Yes,https://www.monarchspec.com/images/lifestyle_WEBQ50/I_7855P.jpg
Monarch,HT 852,Wall Unit — Ht 852 / Ht 853 / Champagne / Gold,Decor,Wall Decor,50.00,158.00,108.00,Yes,https://www.monarchspec.com/images/lifestyle_WEBQ50/HT_852.jpg
Monarch,I 1225,Dining Buffet — White Faux Marble Top / Black Base,Dining,Buffets,560.00,1764.00,1204.00,Yes,https://www.monarchspec.com/images/lifestyle_WEBQ50/I_1225.jpg
Monarch,I 1320,"Dining Chair — 2Pcs 36""H White",Dining,Dining Chairs,115.00,362.00,247.00,Yes,https://www.monarchspec.com/images/lifestyle_WEBQ50/I_1320.jpg
Monarch,I 1365,"Dining Chair — 30""H Brown Walnut / Beige Fabric",Dining,Dining Chairs,130.00,410.00,280.00,Yes,https://www.monarchspec.com/images/lifestyle_WEBQ50/I_1365.jpg
Monarch,I 1368,"Dining Chair — 30""H Brown Walnut / Brown Fabric",Dining,Dining Chairs,130.00,410.00,280.00,Yes,https://www.monarchspec.com/images/lifestyle_WEBQ50/I_1368.jpg
Monarch,I 1369,"Dining Chair — 30""H Brown Walnut / Sand Fabric",Dining,Dining Chairs,130.00,410.00,280.00,Yes,https://www.monarchspec.com/images/lifestyle_WEBQ50/I_1369.jpg
Monarch,I 1385,"Dining Chair — 30""H Light Walnut / Brown Fabric",Dining,Dining Chairs,130.00,410.00,280.00,Yes,https://www.monarchspec.com/images/lifestyle_WEBQ50/I_1385.jpg
Monarch,I 1228,"Dining Chair — 32""H / Grey Fabric / Black Metal",Dining,Dining Chairs,190.00,598.00,408.00,Yes,https://www.monarchspec.com/images/lifestyle_WEBQ50/I_1228.jpg
Monarch,I 1072,"Dining Chair — 32""H / Grey Leather-Look / Chrome",Dining,Dining Chairs,125.00,394.00,269.00,Yes,https://www.monarchspec.com/images/lifestyle_WEBQ50/I_1072.jpg
Monarch,I 1071,"Dining Chair — 32""H / White Leather-Look / Chrome",Dining,Dining Chairs,125.00,394.00,269.00,Yes,https://www.monarchspec.com/images/lifestyle_WEBQ50/I_1071.jpg
Monarch,I 1366,"Dining Chair — 32""H Brown Walnut / Brown Fabric",Dining,Dining Chairs,200.00,630.00,430.00,Yes,https://www.monarchspec.com/images/lifestyle_WEBQ50/I_1366.jpg
Monarch,I 1367,"Dining Chair — 32""H Brown Walnut / Sand Fabric",Dining,Dining Chairs,195.00,614.00,419.00,Yes,https://www.monarchspec.com/images/lifestyle_WEBQ50/I_1367.jpg
Monarch,I 1193,"Dining Chair — 33""H / Black Leather-Look / Black",Dining,Dining Chairs,190.00,598.00,408.00,Yes,https://www.monarchspec.com/images/lifestyle_WEBQ50/I_1193.jpg
Monarch,I 1187,"Dining Chair — 33""H / Black Leather-Look / Black",Dining,Dining Chairs,190.00,598.00,408.00,Yes,https://www.monarchspec.com/images/lifestyle_WEBQ50/I_1187.jpg
Monarch,I 1130,"Dining Chair — 33""H / Black Leather-Look / Black",Dining,Dining Chairs,125.00,394.00,269.00,Yes,https://www.monarchspec.com/images/lifestyle_WEBQ50/I_1130.jpg
Monarch,I 1157,"Dining Chair — 33""H / Black Leather-Look / Black ",Dining,Dining Chairs,150.00,472.00,322.00,Yes,https://www.monarchspec.com/images/lifestyle_WEBQ50/I_1157.jpg
Monarch,I 1160,"Dining Chair — 33""H / Black Suede / Black Metal",Dining,Dining Chairs,150.00,472.00,322.00,Yes,https://www.monarchspec.com/images/lifestyle_WEBQ50/I_1160.jpg
Monarch,I 1158,"Dining Chair — 33""H / Grey Leather-Look / Black M",Dining,Dining Chairs,150.00,472.00,322.00,Yes,https://www.monarchspec.com/images/lifestyle_WEBQ50/I_1158.jpg
Monarch,I 1131,"Dining Chair — 33""H / Grey Leather-Look / Black M",Dining,Dining Chairs,125.00,394.00,269.00,Yes,https://www.monarchspec.com/images/lifestyle_WEBQ50/I_1131.jpg
Monarch,I 1159,"Dining Chair — 33""H / Grey Suede / Black Metal",Dining,Dining Chairs,150.00,472.00,322.00,Yes,https://www.monarchspec.com/images/lifestyle_WEBQ50/I_1159.jpg
Monarch,I 1188,"Dining Chair — 33""H / Taupe Fabric / Black Metal",Dining,Dining Chairs,190.00,598.00,408.00,Yes,https://www.monarchspec.com/images/lifestyle_WEBQ50/I_1188.jpg
Monarch,I 1190,"Dining Chair — 33""H / White Leather-Look / Chrome",Dining,Dining Chairs,190.00,598.00,408.00,Yes,https://www.monarchspec.com/images/lifestyle_WEBQ50/I_1190.jpg
Monarch,I 1115,"Dining Chair — 34""H / Black Leather-Look / Black",Dining,Dining Chairs,175.00,551.00,376.00,Yes,https://www.monarchspec.com/images/lifestyle_WEBQ50/I_1115.jpg
Monarch,I 1167,"Dining Chair — 34""H / Black Leather-Look / Dark G",Dining,Dining Chairs,170.00,536.00,366.00,Yes,https://www.monarchspec.com/images/lifestyle_WEBQ50/I_1167.jpg
Monarch,I 1116,"Dining Chair — 34""H / Grey Leather-Look / Black M",Dining,Dining Chairs,175.00,551.00,376.00,Yes,https://www.monarchspec.com/images/lifestyle_WEBQ50/I_1116.jpg
Monarch,I 1168,"Dining Chair — 34""H / Grey Leather-Look / Light G",Dining,Dining Chairs,170.00,536.00,366.00,Yes,https://www.monarchspec.com/images/lifestyle_WEBQ50/I_1168.jpg
Monarch,I 1125,"Dining Chair — 35""H / Black Leather-Look / Metal",Dining,Dining Chairs,165.00,520.00,355.00,Yes,https://www.monarchspec.com/images/lifestyle_WEBQ50/I_1125.jpg
Monarch,I 1126,"Dining Chair — 35""H / Grey Leather-Look / Black M",Dining,Dining Chairs,165.00,520.00,355.00,Yes,https://www.monarchspec.com/images/lifestyle_WEBQ50/I_1126.jpg
Monarch,I 1215,"Dining Chair — 36""H / Black Leather-Look / Black",Dining,Dining Chairs,160.00,504.00,344.00,Yes,https://www.monarchspec.com/images/lifestyle_WEBQ50/I_1215.jpg
Monarch,I 1146,"Dining Chair — 36""H / Black Leather-Look / Black ",Dining,Dining Chairs,210.00,662.00,452.00,Yes,https://www.monarchspec.com/images/lifestyle_WEBQ50/I_1146.jpg
Monarch,I 1213,"Dining Chair — 36""H / Black Leather-Look / Chrome",Dining,Dining Chairs,165.00,520.00,355.00,Yes,https://www.monarchspec.com/images/lifestyle_WEBQ50/I_1213.jpg
Monarch,I 1148,"Dining Chair — 36""H / Blue Leather-Look / Black M",Dining,Dining Chairs,210.00,662.00,452.00,Yes,https://www.monarchspec.com/images/lifestyle_WEBQ50/I_1148.jpg
Monarch,I 1145,"Dining Chair — 36""H / Grey Leather-Look / Black M",Dining,Dining Chairs,210.00,662.00,452.00,Yes,https://www.monarchspec.com/images/lifestyle_WEBQ50/I_1145.jpg
Monarch,I 1149,"Dining Chair — 36""H / Light Brown Leather-Look",Dining,Dining Chairs,210.00,662.00,452.00,Yes,https://www.monarchspec.com/images/lifestyle_WEBQ50/I_1149.jpg
Monarch,I 1216,"Dining Chair — 36""H / Taupe Fabric / Black Metal",Dining,Dining Chairs,160.00,504.00,344.00,Yes,https://www.monarchspec.com/images/lifestyle_WEBQ50/I_1216.jpg
Monarch,I 1182,"Dining Chair — 36""H / Taupe Leather-Look / Brown",Dining,Dining Chairs,190.00,598.00,408.00,Yes,https://www.monarchspec.com/images/lifestyle_WEBQ50/I_1182.jpg
Monarch,I 1325,"Dining Chair — 36""H Cream / Oak",Dining,Dining Chairs,115.00,362.00,247.00,Yes,https://www.monarchspec.com/images/lifestyle_WEBQ50/I_1325.jpg
Monarch,I 1304,"Dining Chair — 36""H Espresso / Dark Brown Pu Seat",Dining,Dining Chairs,110.00,346.00,236.00,Yes,https://www.monarchspec.com/images/lifestyle_WEBQ50/I_1304.jpg
Monarch,I 1034,"Dining Chair — 37""H / Black Leather-Look / Chrome",Dining,Dining Chairs,115.00,362.00,247.00,Yes,https://www.monarchspec.com/images/lifestyle_WEBQ50/I_1034.jpg
Monarch,I 1033,"Dining Chair — 37""H / White Leather-Look / Chrome",Dining,Dining Chairs,115.00,362.00,247.00,Yes,https://www.monarchspec.com/images/lifestyle_WEBQ50/I_1033.jpg
Monarch,I 1372,"Dining Chair — 37""H Brown / Dark Brown Pu Seat",Dining,Dining Chairs,125.00,394.00,269.00,Yes,https://www.monarchspec.com/images/lifestyle_WEBQ50/I_1372.jpg
Monarch,I 1396,"Dining Chair — 37""H Brown Walnut / Brown Fabric",Dining,Dining Chairs,125.00,394.00,269.00,Yes,https://www.monarchspec.com/images/lifestyle_WEBQ50/I_1396.jpg
Monarch,I 1332,"Dining Chair — 37""H Espresso / Black Pu Seat",Dining,Dining Chairs,125.00,394.00,269.00,Yes,https://www.monarchspec.com/images/lifestyle_WEBQ50/I_1332.jpg
Monarch,I 1333,"Dining Chair — 37""H Espresso / Black Pu Seat",Dining,Dining Chairs,130.00,410.00,280.00,Yes,https://www.monarchspec.com/images/lifestyle_WEBQ50/I_1333.jpg
Monarch,I 1378,"Dining Chair — 37""H Grey / Brown Fabric Seat",Dining,Dining Chairs,150.00,472.00,322.00,Yes,https://www.monarchspec.com/images/lifestyle_WEBQ50/I_1378.jpg
Monarch,I 1376,"Dining Chair — 37""H Grey / Cream Fabric Seat",Dining,Dining Chairs,150.00,472.00,322.00,Yes,https://www.monarchspec.com/images/lifestyle_WEBQ50/I_1376.jpg
Monarch,I 1106,"Dining Chair — 38""H / Black Leather-Look / Black",Dining,Dining Chairs,100.00,315.00,215.00,Yes,https://www.monarchspec.com/images/lifestyle_WEBQ50/I_1106.jpg
Monarch,I 1092,"Dining Chair — 38""H / Black Leather-Look / Chrome",Dining,Dining Chairs,105.00,331.00,226.00,Yes,https://www.monarchspec.com/images/lifestyle_WEBQ50/I_1092.jpg
Monarch,I 1094,"Dining Chair — 38""H / Grey Leather-Look / Chrome",Dining,Dining Chairs,105.00,331.00,226.00,Yes,https://www.monarchspec.com/images/lifestyle_WEBQ50/I_1094.jpg
Monarch,I 1093,"Dining Chair — 38""H / White Leather-Look / Chrome",Dining,Dining Chairs,105.00,331.00,226.00,Yes,https://www.monarchspec.com/images/lifestyle_WEBQ50/I_1093.jpg
Monarch,I 1336,"Dining Chair — 38""H Upholstered Beige Fabric",Dining,Dining Chairs,140.00,441.00,301.00,Yes,https://www.monarchspec.com/images/lifestyle_WEBQ50/I_1336.jpg
Monarch,I 1265,"Dining Chair — 38""H Upholstered Beige Fabric",Dining,Dining Chairs,150.00,472.00,322.00,Yes,https://www.monarchspec.com/images/lifestyle_WEBQ50/I_1265.jpg
Monarch,I 1220,"Dining Chair — 38""H Upholstered Blue Fabric",Dining,Dining Chairs,160.00,504.00,344.00,Yes,https://www.monarchspec.com/images/lifestyle_WEBQ50/I_1220.jpg
Monarch,I 1355,"Dining Chair — 38""H Upholstered Brown Fabric",Dining,Dining Chairs,140.00,441.00,301.00,Yes,https://www.monarchspec.com/images/lifestyle_WEBQ50/I_1355.jpg
Monarch,I 1342,"Dining Chair — 38""H Upholstered Brown Fabric",Dining,Dining Chairs,140.00,441.00,301.00,Yes,https://www.monarchspec.com/images/lifestyle_WEBQ50/I_1342.jpg
Monarch,I 1347,"Dining Chair — 38""H Upholstered Dark Grey Fabric",Dining,Dining Chairs,140.00,441.00,301.00,Yes,https://www.monarchspec.com/images/lifestyle_WEBQ50/I_1347.jpg
Monarch,I 1219,"Dining Chair — 38""H Upholstered Green Fabric",Dining,Dining Chairs,160.00,504.00,344.00,Yes,https://www.monarchspec.com/images/lifestyle_WEBQ50/I_1219.jpg
Monarch,I 1256,"Dining Chair — 38""H Upholstered Grey Fabric",Dining,Dining Chairs,150.00,472.00,322.00,Yes,https://www.monarchspec.com/images/lifestyle_WEBQ50/I_1256.jpg
Monarch,I 1218,"Dining Chair — 38""H Upholstered Grey Fabric",Dining,Dining Chairs,160.00,504.00,344.00,Yes,https://www.monarchspec.com/images/lifestyle_WEBQ50/I_1218.jpg
Monarch,I 1221,"Dining Chair — 38""H Upholstered Orange Fabric",Dining,Dining Chairs,160.00,504.00,344.00,Yes,https://www.monarchspec.com/images/lifestyle_WEBQ50/I_1221.jpg
Monarch,I 1076,"Dining Chair — 39""H / Black Leather-Look / Chrome",Dining,Dining Chairs,125.00,394.00,269.00,Yes,https://www.monarchspec.com/images/lifestyle_WEBQ50/I_1076.jpg
Monarch,I 1123,"Dining Chair — 39""H / Black Leather-Look / Metal",Dining,Dining Chairs,120.00,378.00,258.00,Yes,https://www.monarchspec.com/images/lifestyle_WEBQ50/I_1123.jpg
Monarch,I 1270,"Dining Chair — 39""H / Black Leather-Look / Metal",Dining,Dining Chairs,60.00,189.00,129.00,Yes,https://www.monarchspec.com/images/lifestyle_WEBQ50/I_1270.jpg
Monarch,I 1067,"Dining Chair — 39""H / Black Velvet / Chrome",Dining,Dining Chairs,125.00,394.00,269.00,Yes,https://www.monarchspec.com/images/lifestyle_WEBQ50/I_1067.jpg
Monarch,I 1275,"Dining Chair — 39""H / Cognac Leather-Look / Metal",Dining,Dining Chairs,60.00,189.00,129.00,Yes,https://www.monarchspec.com/images/lifestyle_WEBQ50/I_1275.jpg
Monarch,I 1272,"Dining Chair — 39""H / Dark Grey Leather-Look / Me",Dining,Dining Chairs,60.00,189.00,129.00,Yes,https://www.monarchspec.com/images/lifestyle_WEBQ50/I_1272.jpg
Monarch,I 1273,"Dining Chair — 39""H / Dark Taupe Leather-Look / M",Dining,Dining Chairs,60.00,189.00,129.00,Yes,https://www.monarchspec.com/images/lifestyle_WEBQ50/I_1273.jpg
Monarch,I 1113,"Dining Chair — 39""H / Grey Fabric / Black Metal",Dining,Dining Chairs,125.00,394.00,269.00,Yes,https://www.monarchspec.com/images/lifestyle_WEBQ50/I_1113.jpg
Monarch,I 1061,"Dining Chair — 39""H / Grey Fabric / Chrome",Dining,Dining Chairs,125.00,394.00,269.00,Yes,https://www.monarchspec.com/images/lifestyle_WEBQ50/I_1061.jpg
Monarch,I 1077,"Dining Chair — 39""H / Grey Leather-Look / Chrome",Dining,Dining Chairs,125.00,394.00,269.00,Yes,https://www.monarchspec.com/images/lifestyle_WEBQ50/I_1077.jpg
Monarch,I 1124,"Dining Chair — 39""H / Grey Leather-Look / Metal",Dining,Dining Chairs,120.00,378.00,258.00,Yes,https://www.monarchspec.com/images/lifestyle_WEBQ50/I_1124.jpg
Monarch,I 1274,"Dining Chair — 39""H / Red Leather-Look / Metal",Dining,Dining Chairs,60.00,189.00,129.00,Yes,https://www.monarchspec.com/images/lifestyle_WEBQ50/I_1274.jpg
Monarch,I 1114,"Dining Chair — 39""H / Taupe Fabric / Black Metal",Dining,Dining Chairs,120.00,378.00,258.00,Yes,https://www.monarchspec.com/images/lifestyle_WEBQ50/I_1114.jpg
Monarch,I 1075,"Dining Chair — 39""H / White Leather-Look / Chrome",Dining,Dining Chairs,125.00,394.00,269.00,Yes,https://www.monarchspec.com/images/lifestyle_WEBQ50/I_1075.jpg
Monarch,I 1271,"Dining Chair — 39""H / White Leather-Look / Metal",Dining,Dining Chairs,60.00,189.00,129.00,Yes,https://www.monarchspec.com/images/lifestyle_WEBQ50/I_1271.jpg
Monarch,I 1392,"Dining Chair — 39""H Antique Grey / Grey Fabric",Dining,Dining Chairs,150.00,472.00,322.00,Yes,https://www.monarchspec.com/images/lifestyle_WEBQ50/I_1392.jpg
Monarch,I 1313,"Dining Chair — 40""H Brown Walnut / Beige Fabric",Dining,Dining Chairs,150.00,472.00,322.00,Yes,https://www.monarchspec.com/images/lifestyle_WEBQ50/I_1313.jpg
Monarch,I 1311,"Dining Chair — 40""H Brown Walnut / Beige Fabric",Dining,Dining Chairs,150.00,472.00,322.00,Yes,https://www.monarchspec.com/images/lifestyle_WEBQ50/I_1311.jpg
Monarch,I 1382,"Dining Chair — 42""H Antique Grey Counter Height",Dining,Dining Chairs,160.00,504.00,344.00,Yes,https://www.monarchspec.com/images/lifestyle_WEBQ50/I_1382.jpg
Monarch,I 1388,"Dining Chair — 42""H Dark Walnut Counter Height",Dining,Dining Chairs,155.00,488.00,333.00,Yes,https://www.monarchspec.com/images/lifestyle_WEBQ50/I_1388.jpg
Monarch,I 1902,Dining Chair — Grey Leather-Look Counter Height,Dining,Dining Chairs,140.00,441.00,301.00,Yes,https://www.monarchspec.com/images/lifestyle_WEBQ50/I_1902.jpg
Monarch,I 1143,Dining Set — Black,Dining,Dining Sets,110.00,346.00,236.00,Yes,https://www.monarchspec.com/images/lifestyle_WEBQ50/I_1143.jpg
Monarch,I 3095,Dining Set — Black / Silver Metal,Dining,Dining Sets,130.00,410.00,280.00,Yes,https://www.monarchspec.com/images/lifestyle_WEBQ50/I_3095.jpg
Monarch,I 1018,Dining Set — Black Metal And Top,Dining,Dining Sets,150.00,472.00,322.00,Yes,https://www.monarchspec.com/images/lifestyle_WEBQ50/I_1018.jpg
Monarch,I 1013,Dining Set — Black Metal And Top,Dining,Dining Sets,130.00,410.00,280.00,Yes,https://www.monarchspec.com/images/lifestyle_WEBQ50/I_1013.jpg
Monarch,I 1003,Dining Set — Dark Taupe Top / Black Metal,Dining,Dining Sets,139.00,438.00,299.00,Yes,https://www.monarchspec.com/images/lifestyle_WEBQ50/I_1003.jpg
Monarch,I 3075,Dining Set — Espresso / Silver Metal,Dining,Dining Sets,115.00,362.00,247.00,Yes,https://www.monarchspec.com/images/lifestyle_WEBQ50/I_3075.jpg
Monarch,I 1029,Dining Set — Espresso Marble / Bronze Metal,Dining,Dining Sets,190.00,598.00,408.00,Yes,https://www.monarchspec.com/images/lifestyle_WEBQ50/I_1029.jpg
Monarch,I 3045,Dining Set — Espresso Marble / Bronze Metal,Dining,Dining Sets,125.00,394.00,269.00,Yes,https://www.monarchspec.com/images/lifestyle_WEBQ50/I_3045.jpg
Monarch,I 3065,Dining Set — Grey Marble / Charcoal Metal,Dining,Dining Sets,135.00,425.00,290.00,Yes,https://www.monarchspec.com/images/lifestyle_WEBQ50/I_3065.jpg
Monarch,I 1144,Dining Set — Grey Top / Black,Dining,Dining Sets,110.00,346.00,236.00,Yes,https://www.monarchspec.com/images/lifestyle_WEBQ50/I_1144.jpg
Monarch,I 1037,Dining Set — Grey Top / Black Metal,Dining,Dining Sets,175.00,551.00,376.00,Yes,https://www.monarchspec.com/images/lifestyle_WEBQ50/I_1037.jpg
Monarch,I 1007,Dining Set — Grey Top / Black Metal,Dining,Dining Sets,139.00,438.00,299.00,Yes,https://www.monarchspec.com/images/lifestyle_WEBQ50/I_1007.jpg
Monarch,I 1027,Dining Set — Rustic Oak / Black Metal,Dining,Dining Sets,155.00,488.00,333.00,Yes,https://www.monarchspec.com/images/lifestyle_WEBQ50/I_1027.jpg
Monarch,I 1147,Dining Set — White,Dining,Dining Sets,110.00,346.00,236.00,Yes,https://www.monarchspec.com/images/lifestyle_WEBQ50/I_1147.jpg
Monarch,I 1014,Dining Set — White Marble Top / Black Metal,Dining,Dining Sets,160.00,504.00,344.00,Yes,https://www.monarchspec.com/images/lifestyle_WEBQ50/I_1014.jpg
Monarch,I 1031,Dining Set — White Top / White Metal,Dining,Dining Sets,175.00,551.00,376.00,Yes,https://www.monarchspec.com/images/lifestyle_WEBQ50/I_1031.jpg
Monarch,I 1011,Dining Set — White Top / White Metal,Dining,Dining Sets,139.00,438.00,299.00,Yes,https://www.monarchspec.com/images/lifestyle_WEBQ50/I_1011.jpg
Monarch,I 1395,"Dining Table — 18"" Extension Panel",Dining,Dining Tables,225.00,709.00,484.00,Yes,https://www.monarchspec.com/images/lifestyle_WEBQ50/I_1395.jpg
Monarch,I 1240,"Dining Table — 24""X 32"" Black-Black Metal Counter Hei",Dining,Dining Tables,49.00,154.00,105.00,Yes,https://www.monarchspec.com/images/lifestyle_WEBQ50/I_1240.jpg
Monarch,I 1241,"Dining Table — 24""X 32"" Grey-White Metal Counter Heig",Dining,Dining Tables,49.00,154.00,105.00,Yes,https://www.monarchspec.com/images/lifestyle_WEBQ50/I_1241.jpg
Monarch,I 1203,"Dining Table — 24""X 48"" Dark Taupe Counter Height",Dining,Dining Tables,85.00,268.00,183.00,Yes,https://www.monarchspec.com/images/lifestyle_WEBQ50/I_1203.jpg
Monarch,I 1204,"Dining Table — 24""X 48"" Grey Counter Height",Dining,Dining Tables,85.00,268.00,183.00,Yes,https://www.monarchspec.com/images/lifestyle_WEBQ50/I_1204.jpg
Monarch,I 1202,"Dining Table — 24""X 48"" White Counter Height",Dining,Dining Tables,85.00,268.00,183.00,Yes,https://www.monarchspec.com/images/lifestyle_WEBQ50/I_1202.jpg
Monarch,I 1327,"Dining Table — 30""X 48"" Cream Oak Top 9"" Drop Leaf",Dining,Dining Tables,150.00,472.00,322.00,Yes,https://www.monarchspec.com/images/lifestyle_WEBQ50/I_1327.jpg
Monarch,I 1141,"Dining Table — 30""X 48"" Dark Taupe Black Metal",Dining,Dining Tables,75.00,236.00,161.00,Yes,https://www.monarchspec.com/images/lifestyle_WEBQ50/I_1141.jpg
Monarch,I 1140,"Dining Table — 30""X 48"" Grey Black Metal",Dining,Dining Tables,75.00,236.00,161.00,Yes,https://www.monarchspec.com/images/lifestyle_WEBQ50/I_1140.jpg
Monarch,I 1166,"Dining Table — 32""X 48"" Black Reclaimed Wood-Look",Dining,Dining Tables,125.00,394.00,269.00,Yes,https://www.monarchspec.com/images/lifestyle_WEBQ50/I_1166.jpg
Monarch,I 1164,"Dining Table — 32""X 48"" Grey Reclaimed Wood-Look",Dining,Dining Tables,125.00,394.00,269.00,Yes,https://www.monarchspec.com/images/lifestyle_WEBQ50/I_1164.jpg
Monarch,I 1133,"Dining Table — 32""X 48""X 63"" 15"" Butterfly Grey Stone",Dining,Dining Tables,295.00,929.00,634.00,Yes,https://www.monarchspec.com/images/lifestyle_WEBQ50/I_1133.jpg
Monarch,I 1132,"Dining Table — 32""X 48""X 63"" 15"" Butterfly White Ston",Dining,Dining Tables,295.00,929.00,634.00,Yes,https://www.monarchspec.com/images/lifestyle_WEBQ50/I_1132.jpg
Monarch,I 1090,"Dining Table — 35""X 60"" High Glossy White",Dining,Dining Tables,265.00,835.00,570.00,Yes,https://www.monarchspec.com/images/lifestyle_WEBQ50/I_1090.jpg
Monarch,I 1059,"Dining Table — 36""X 48"" Grey Chrome Metal",Dining,Dining Tables,170.00,536.00,366.00,Yes,https://www.monarchspec.com/images/lifestyle_WEBQ50/I_1059.jpg
Monarch,I 1323,"Dining Table — 36""X 48"" White Veneer Top",Dining,Dining Tables,165.00,520.00,355.00,Yes,https://www.monarchspec.com/images/lifestyle_WEBQ50/I_1323.jpg
Monarch,I 1089,"Dining Table — 36""X 60"" Black Reclaimed Wood-Look",Dining,Dining Tables,175.00,551.00,376.00,Yes,https://www.monarchspec.com/images/lifestyle_WEBQ50/I_1089.jpg
Monarch,I 1129,"Dining Table — 36""X 60"" Dark Grey Stone Top Black Bas",Dining,Dining Tables,260.00,819.00,559.00,Yes,https://www.monarchspec.com/images/lifestyle_WEBQ50/I_1129.jpg
Monarch,I 1137,"Dining Table — 36""X 60"" Dark Taupe Black Metal",Dining,Dining Tables,140.00,441.00,301.00,Yes,https://www.monarchspec.com/images/lifestyle_WEBQ50/I_1137.jpg
Monarch,I 1136,"Dining Table — 36""X 60"" Grey Black Metal",Dining,Dining Tables,140.00,441.00,301.00,Yes,https://www.monarchspec.com/images/lifestyle_WEBQ50/I_1136.jpg
Monarch,I 1119,"Dining Table — 36""X 60"" Grey Cement Chrome Metal",Dining,Dining Tables,165.00,520.00,355.00,Yes,https://www.monarchspec.com/images/lifestyle_WEBQ50/I_1119.jpg
Monarch,I 1120,"Dining Table — 36""X 60"" Grey Chrome Metal",Dining,Dining Tables,165.00,520.00,355.00,Yes,https://www.monarchspec.com/images/lifestyle_WEBQ50/I_1120.jpg
Monarch,I 1088,"Dining Table — 36""X 60"" Taupe Reclaimed Wood-Look",Dining,Dining Tables,175.00,551.00,376.00,Yes,https://www.monarchspec.com/images/lifestyle_WEBQ50/I_1088.jpg
Monarch,I 1128,"Dining Table — 36""X 60"" White Stone Top Black Base",Dining,Dining Tables,260.00,819.00,559.00,Yes,https://www.monarchspec.com/images/lifestyle_WEBQ50/I_1128.jpg
Monarch,I 1226,"Dining Table — 38""X 70"" White Faux Marble Top Black B",Dining,Dining Tables,395.00,1244.00,849.00,Yes,https://www.monarchspec.com/images/lifestyle_WEBQ50/I_1226.jpg
Monarch,I 1227,"Dining Table — 48""Dia White Faux Marble Top Black Bas",Dining,Dining Tables,320.00,1008.00,688.00,Yes,https://www.monarchspec.com/images/lifestyle_WEBQ50/I_1227.jpg
Monarch,I 1341,"Dining Table — Antique Brown Veneer 36""X 60""",Dining,Dining Tables,199.00,627.00,428.00,Yes,https://www.monarchspec.com/images/lifestyle_WEBQ50/I_1341.jpg
Monarch,I 1354,"Dining Table — Antique Cherry Veneer 36""X 60""",Dining,Dining Tables,199.00,627.00,428.00,Yes,https://www.monarchspec.com/images/lifestyle_WEBQ50/I_1354.jpg
Monarch,I 1255,"Dining Table — Antique Grey Veneer 36""X 60""",Dining,Dining Tables,219.00,690.00,471.00,Yes,https://www.monarchspec.com/images/lifestyle_WEBQ50/I_1255.jpg
Monarch,I 1346,"Dining Table — Antique Grey Veneer 36""X 60""",Dining,Dining Tables,199.00,627.00,428.00,Yes,https://www.monarchspec.com/images/lifestyle_WEBQ50/I_1346.jpg
Monarch,I 1390,"Dining Table — Antique Grey Veneer 36""X 60""",Dining,Dining Tables,225.00,709.00,484.00,Yes,https://www.monarchspec.com/images/lifestyle_WEBQ50/I_1390.jpg
Monarch,I 1381,"Dining Table — Antique Grey Veneer 36""X 72""Counter He",Dining,Dining Tables,239.00,753.00,514.00,Yes,https://www.monarchspec.com/images/lifestyle_WEBQ50/I_1381.jpg
Monarch,I 1391,"Dining Table — Antique Grey Veneer 42""X 78"" 18"" Exten",Dining,Dining Tables,295.00,929.00,634.00,Yes,https://www.monarchspec.com/images/lifestyle_WEBQ50/I_1391.jpg
Monarch,I 1348,"Dining Table — Antique Grey Veneer 48""X 48""",Dining,Dining Tables,189.00,595.00,406.00,Yes,https://www.monarchspec.com/images/lifestyle_WEBQ50/I_1348.jpg
Monarch,I 1335,"Dining Table — Antique White Light Brown Veneer 36""X ",Dining,Dining Tables,199.00,627.00,428.00,Yes,https://www.monarchspec.com/images/lifestyle_WEBQ50/I_1335.jpg
Monarch,I 1264,"Dining Table — Antique White Veneer 36""X 60""",Dining,Dining Tables,219.00,690.00,471.00,Yes,https://www.monarchspec.com/images/lifestyle_WEBQ50/I_1264.jpg
Monarch,I 1370,"Dining Table — Brown Veneer 36""X 60""",Dining,Dining Tables,170.00,536.00,366.00,Yes,https://www.monarchspec.com/images/lifestyle_WEBQ50/I_1370.jpg
Monarch,I 1371,"Dining Table — Brown Veneer 42""X 78"" 18"" Extension Pa",Dining,Dining Tables,250.00,788.00,538.00,Yes,https://www.monarchspec.com/images/lifestyle_WEBQ50/I_1371.jpg
Monarch,I 1364,"Dining Table — Brown Walnut Veneer 36""X 72""",Dining,Dining Tables,225.00,709.00,484.00,Yes,https://www.monarchspec.com/images/lifestyle_WEBQ50/I_1364.jpg
Monarch,I 1363,"Dining Table — Brown Walnut Veneer 48"" Dia.",Dining,Dining Tables,199.00,627.00,428.00,Yes,https://www.monarchspec.com/images/lifestyle_WEBQ50/I_1363.jpg
Monarch,I 1121,Dining Table — Dark Taupe / Chrome Metal,Dining,Dining Tables,160.00,504.00,344.00,Yes,https://www.monarchspec.com/images/lifestyle_WEBQ50/I_1121.jpg
Monarch,I 1387,"Dining Table — Dark Walnut Veneer 36""X 72""Counter Hei",Dining,Dining Tables,289.00,910.00,621.00,Yes,https://www.monarchspec.com/images/lifestyle_WEBQ50/I_1387.jpg
Monarch,I 1039,Dining Table — Espresso / Chrome Metal,Dining,Dining Tables,95.00,299.00,204.00,Yes,https://www.monarchspec.com/images/lifestyle_WEBQ50/I_1039.jpg
Monarch,I 1064,Dining Table — Espresso / Chrome Metal,Dining,Dining Tables,145.00,457.00,312.00,Yes,https://www.monarchspec.com/images/lifestyle_WEBQ50/I_1064.jpg
Monarch,I 1122,Dining Table — Espresso / Chrome Metal,Dining,Dining Tables,160.00,504.00,344.00,Yes,https://www.monarchspec.com/images/lifestyle_WEBQ50/I_1122.jpg
Monarch,I 1330,"Dining Table — Espresso Veneer 36""X 60""",Dining,Dining Tables,170.00,536.00,366.00,Yes,https://www.monarchspec.com/images/lifestyle_WEBQ50/I_1330.jpg
Monarch,I 1331,"Dining Table — Espresso Veneer 42""X 78"" 18"" Extension",Dining,Dining Tables,250.00,788.00,538.00,Yes,https://www.monarchspec.com/images/lifestyle_WEBQ50/I_1331.jpg
Monarch,I 1375,"Dining Table — Grey Veneer 36""X 72"" 18"" Extension Pan",Dining,Dining Tables,225.00,709.00,484.00,Yes,https://www.monarchspec.com/images/lifestyle_WEBQ50/I_1375.jpg
Monarch,I 1384,"Dining Table — Light Walnut Veneer 36""X 72""",Dining,Dining Tables,225.00,709.00,484.00,Yes,https://www.monarchspec.com/images/lifestyle_WEBQ50/I_1384.jpg
Monarch,I 1217,"Dining Table — Walnut Veneer 36""X 60""",Dining,Dining Tables,179.00,564.00,385.00,Yes,https://www.monarchspec.com/images/lifestyle_WEBQ50/I_1217.jpg
Monarch,I 3347,Home Bar — Black Metal Wine Bottle And Glass ,Dining,Buffets,59.00,186.00,127.00,Yes,https://www.monarchspec.com/images/lifestyle_WEBQ50/I_3347.jpg
Monarch,I 8081,Accent Chair — Beige Fabric,Living Room,Chairs,260.00,819.00,559.00,Yes,https://www.monarchspec.com/images/lifestyle_WEBQ50/I_8081.jpg
Monarch,I 8310,Accent Chair — Beige Fabric / Walnut Wood,Living Room,Chairs,160.00,504.00,344.00,Yes,https://www.monarchspec.com/images/lifestyle_WEBQ50/I_8310.jpg
Monarch,I 8041,Accent Chair — Black Fabric,Living Room,Chairs,255.00,803.00,548.00,Yes,https://www.monarchspec.com/images/lifestyle_WEBQ50/I_8041.jpg
Monarch,I 8096,Accent Chair — Black Fabric,Living Room,Chairs,225.00,709.00,484.00,Yes,https://www.monarchspec.com/images/lifestyle_WEBQ50/I_8096.jpg
Monarch,I 8028,Accent Chair — Black Fabric,Living Room,Chairs,190.00,598.00,408.00,Yes,https://www.monarchspec.com/images/lifestyle_WEBQ50/I_8028.jpg
Monarch,I 8040,Accent Chair — Blue Fabric,Living Room,Chairs,255.00,803.00,548.00,Yes,https://www.monarchspec.com/images/lifestyle_WEBQ50/I_8040.jpg
Monarch,I 8030,Accent Chair — Blue Fabric,Living Room,Chairs,190.00,598.00,408.00,Yes,https://www.monarchspec.com/images/lifestyle_WEBQ50/I_8030.jpg
Monarch,I 8082,Accent Chair — Blue Fabric,Living Room,Chairs,260.00,819.00,559.00,Yes,https://www.monarchspec.com/images/lifestyle_WEBQ50/I_8082.jpg
Monarch,I 8339,Accent Chair — Blue Fabric / Walnut Wood,Living Room,Chairs,150.00,472.00,322.00,Yes,https://www.monarchspec.com/images/lifestyle_WEBQ50/I_8339.jpg
Monarch,I 8313,Accent Chair — Blue Fabric / Walnut Wood,Living Room,Chairs,160.00,504.00,344.00,Yes,https://www.monarchspec.com/images/lifestyle_WEBQ50/I_8313.jpg
Monarch,I 8337,Accent Chair — Brown Fabric / Walnut Wood,Living Room,Chairs,150.00,472.00,322.00,Yes,https://www.monarchspec.com/images/lifestyle_WEBQ50/I_8337.jpg
Monarch,I 8136,Accent Chair — Chrome Metal,Living Room,Chairs,99.00,312.00,213.00,Yes,https://www.monarchspec.com/images/lifestyle_WEBQ50/I_8136.jpg
Monarch,I 8091,Accent Chair — Cream Fabric,Living Room,Chairs,250.00,788.00,538.00,Yes,https://www.monarchspec.com/images/lifestyle_WEBQ50/I_8091.jpg
Monarch,I 8301,Accent Chair — Cream Fabric / Walnut Wood,Living Room,Chairs,135.00,425.00,290.00,Yes,https://www.monarchspec.com/images/lifestyle_WEBQ50/I_8301.jpg
Monarch,I 8001,Accent Chair — Dark Green Fabric,Living Room,Chairs,119.00,375.00,256.00,Yes,https://www.monarchspec.com/images/lifestyle_WEBQ50/I_8001.jpg
Monarch,I 8063,Accent Chair — Dark Grey Fabric,Living Room,Chairs,210.00,662.00,452.00,Yes,https://www.monarchspec.com/images/lifestyle_WEBQ50/I_8063.jpg
Monarch,I 8095,Accent Chair — Dark Grey Fabric,Living Room,Chairs,225.00,709.00,484.00,Yes,https://www.monarchspec.com/images/lifestyle_WEBQ50/I_8095.jpg
Monarch,I 8100,Accent Chair — Dark Grey Fabric / Black Metal,Living Room,Chairs,150.00,472.00,322.00,Yes,https://www.monarchspec.com/images/lifestyle_WEBQ50/I_8100.jpg
Monarch,I 8137,"Accent Chair — Dark Taupe "" Chevron "" With Chrome",Living Room,Chairs,99.00,312.00,213.00,Yes,https://www.monarchspec.com/images/lifestyle_WEBQ50/I_8137.jpg
Monarch,I 8015,Accent Chair — Gold Fabric,Living Room,Chairs,220.00,693.00,473.00,Yes,https://www.monarchspec.com/images/lifestyle_WEBQ50/I_8015.jpg
Monarch,I 8022,Accent Chair — Gold Fabric,Living Room,Chairs,245.00,772.00,527.00,Yes,https://www.monarchspec.com/images/lifestyle_WEBQ50/I_8022.jpg
Monarch,I 8338,Accent Chair — Gold Fabric / Walnut Wood,Living Room,Chairs,150.00,472.00,322.00,Yes,https://www.monarchspec.com/images/lifestyle_WEBQ50/I_8338.jpg
Monarch,I 8062,Accent Chair — Green Fabric,Living Room,Chairs,210.00,662.00,452.00,Yes,https://www.monarchspec.com/images/lifestyle_WEBQ50/I_8062.jpg
Monarch,I 8087,Accent Chair — Green Fabric,Living Room,Chairs,135.00,425.00,290.00,Yes,https://www.monarchspec.com/images/lifestyle_WEBQ50/I_8087.jpg
Monarch,I 8336,Accent Chair — Green Fabric / Walnut Wood,Living Room,Chairs,150.00,472.00,322.00,Yes,https://www.monarchspec.com/images/lifestyle_WEBQ50/I_8336.jpg
Monarch,I 8332,Accent Chair — Green Fabric / Walnut Wood,Living Room,Chairs,165.00,520.00,355.00,Yes,https://www.monarchspec.com/images/lifestyle_WEBQ50/I_8332.jpg
Monarch,I 8311,Accent Chair — Green Fabric / Walnut Wood,Living Room,Chairs,160.00,504.00,344.00,Yes,https://www.monarchspec.com/images/lifestyle_WEBQ50/I_8311.jpg
Monarch,I 8304,Accent Chair — Green Fabric / Walnut Wood,Living Room,Chairs,135.00,425.00,290.00,Yes,https://www.monarchspec.com/images/lifestyle_WEBQ50/I_8304.jpg
Monarch,I 8092,Accent Chair — Grey Fabric,Living Room,Chairs,250.00,788.00,538.00,Yes,https://www.monarchspec.com/images/lifestyle_WEBQ50/I_8092.jpg
Monarch,I 8042,Accent Chair — Grey Fabric,Living Room,Chairs,255.00,803.00,548.00,Yes,https://www.monarchspec.com/images/lifestyle_WEBQ50/I_8042.jpg
Monarch,I 8027,Accent Chair — Grey Fabric,Living Room,Chairs,190.00,598.00,408.00,Yes,https://www.monarchspec.com/images/lifestyle_WEBQ50/I_8027.jpg
Monarch,I 8014,Accent Chair — Grey Fabric,Living Room,Chairs,220.00,693.00,473.00,Yes,https://www.monarchspec.com/images/lifestyle_WEBQ50/I_8014.jpg
Monarch,I 8330,Accent Chair — Grey Fabric / Walnut Wood,Living Room,Chairs,165.00,520.00,355.00,Yes,https://www.monarchspec.com/images/lifestyle_WEBQ50/I_8330.jpg
Monarch,I 8312,Accent Chair — Grey Fabric / Walnut Wood,Living Room,Chairs,160.00,504.00,344.00,Yes,https://www.monarchspec.com/images/lifestyle_WEBQ50/I_8312.jpg
Monarch,I 8017,Accent Chair — Light Blue Fabric,Living Room,Chairs,220.00,693.00,473.00,Yes,https://www.monarchspec.com/images/lifestyle_WEBQ50/I_8017.jpg
Monarch,I 8341,Accent Chair — Light Blue Fabric / Walnut Wood,Living Room,Chairs,135.00,425.00,290.00,Yes,https://www.monarchspec.com/images/lifestyle_WEBQ50/I_8341.jpg
Monarch,I 8064,Accent Chair — Light Brown Fabric,Living Room,Chairs,210.00,662.00,452.00,Yes,https://www.monarchspec.com/images/lifestyle_WEBQ50/I_8064.jpg
Monarch,I 8026,Accent Chair — Light Brown Fabric,Living Room,Chairs,190.00,598.00,408.00,Yes,https://www.monarchspec.com/images/lifestyle_WEBQ50/I_8026.jpg
Monarch,I 8086,Accent Chair — Light Brown Fabric,Living Room,Chairs,135.00,425.00,290.00,Yes,https://www.monarchspec.com/images/lifestyle_WEBQ50/I_8086.jpg
Monarch,I 8000,Accent Chair — Light Brown Fabric,Living Room,Chairs,119.00,375.00,256.00,Yes,https://www.monarchspec.com/images/lifestyle_WEBQ50/I_8000.jpg
Monarch,I 8331,Accent Chair — Light Brown Fabric / Walnut Wood,Living Room,Chairs,165.00,520.00,355.00,Yes,https://www.monarchspec.com/images/lifestyle_WEBQ50/I_8331.jpg
Monarch,I 8340,Accent Chair — Light Brown Fabric / Walnut Wood,Living Room,Chairs,135.00,425.00,290.00,Yes,https://www.monarchspec.com/images/lifestyle_WEBQ50/I_8340.jpg
Monarch,I 8343,Accent Chair — Light Brown Faux Fur / Walnut Wood,Living Room,Chairs,145.00,457.00,312.00,Yes,https://www.monarchspec.com/images/lifestyle_WEBQ50/I_8343.jpg
Monarch,I 8342,Accent Chair — Light Gold Fabric / Walnut Wood,Living Room,Chairs,135.00,425.00,290.00,Yes,https://www.monarchspec.com/images/lifestyle_WEBQ50/I_8342.jpg
Monarch,I 8016,Accent Chair — Light Green Fabric,Living Room,Chairs,220.00,693.00,473.00,Yes,https://www.monarchspec.com/images/lifestyle_WEBQ50/I_8016.jpg
Monarch,I 8083,Accent Chair — Light Grey Fabric,Living Room,Chairs,260.00,819.00,559.00,Yes,https://www.monarchspec.com/images/lifestyle_WEBQ50/I_8083.jpg
Monarch,I 8085,Accent Chair — Light Grey Fabric,Living Room,Chairs,135.00,425.00,290.00,Yes,https://www.monarchspec.com/images/lifestyle_WEBQ50/I_8085.jpg
Monarch,I 8005,Accent Chair — Light Grey Fabric,Living Room,Chairs,119.00,375.00,256.00,Yes,https://www.monarchspec.com/images/lifestyle_WEBQ50/I_8005.jpg
Monarch,I 8024,Accent Chair — Light Grey Fabric,Living Room,Chairs,245.00,772.00,527.00,Yes,https://www.monarchspec.com/images/lifestyle_WEBQ50/I_8024.jpg
Monarch,I 8300,Accent Chair — Light Grey Fabric / Walnut Wood,Living Room,Chairs,135.00,425.00,290.00,Yes,https://www.monarchspec.com/images/lifestyle_WEBQ50/I_8300.jpg
Monarch,I 8344,Accent Chair — Light Grey Faux Fur / Walnut Wood,Living Room,Chairs,145.00,457.00,312.00,Yes,https://www.monarchspec.com/images/lifestyle_WEBQ50/I_8344.jpg
Monarch,I 8303,Accent Chair — Red Fabric / Walnut Wood,Living Room,Chairs,135.00,425.00,290.00,Yes,https://www.monarchspec.com/images/lifestyle_WEBQ50/I_8303.jpg
Monarch,I 8002,Accent Chair — Rust Fabric,Living Room,Chairs,119.00,375.00,256.00,Yes,https://www.monarchspec.com/images/lifestyle_WEBQ50/I_8002.jpg
Monarch,I 8090,Accent Chair — Silver Fabric,Living Room,Chairs,250.00,788.00,538.00,Yes,https://www.monarchspec.com/images/lifestyle_WEBQ50/I_8090.jpg
Monarch,I 8023,Accent Chair — Teal Fabric,Living Room,Chairs,245.00,772.00,527.00,Yes,https://www.monarchspec.com/images/lifestyle_WEBQ50/I_8023.jpg
Monarch,I 8097,Accent Chair — Terracotta Fabric,Living Room,Chairs,225.00,709.00,484.00,Yes,https://www.monarchspec.com/images/lifestyle_WEBQ50/I_8097.jpg
Monarch,I 8006,Accent Chair — Turquoise Fabric,Living Room,Chairs,119.00,375.00,256.00,Yes,https://www.monarchspec.com/images/lifestyle_WEBQ50/I_8006.jpg
Monarch,I 8302,Accent Chair — Yellow Fabric / Walnut Wood,Living Room,Chairs,135.00,425.00,290.00,Yes,https://www.monarchspec.com/images/lifestyle_WEBQ50/I_8302.jpg
Monarch,I 3949,Accent Table — Antique Blue Veneer End Table,Living Room,Accent Tables,110.00,346.00,236.00,Yes,https://www.monarchspec.com/images/lifestyle_WEBQ50/I_3949.jpg
Monarch,I 3992,Accent Table — Antique Blue Veneer End Table,Living Room,Accent Tables,100.00,315.00,215.00,Yes,https://www.monarchspec.com/images/lifestyle_WEBQ50/I_3992.jpg
Monarch,I 3901,Accent Table — Antique Copper Iron Metal End Tabl,Living Room,Accent Tables,170.00,536.00,366.00,Yes,https://www.monarchspec.com/images/lifestyle_WEBQ50/I_3901.jpg
Monarch,I 3902,Accent Table — Antique Gold Iron Metal End Table,Living Room,Accent Tables,170.00,536.00,366.00,Yes,https://www.monarchspec.com/images/lifestyle_WEBQ50/I_3902.jpg
Monarch,I 3948,Accent Table — Antique Green Veneer End Table,Living Room,Accent Tables,110.00,346.00,236.00,Yes,https://www.monarchspec.com/images/lifestyle_WEBQ50/I_3948.jpg
Monarch,I 3985,Accent Table — Antique Grey Veneer End Table,Living Room,Accent Tables,95.00,299.00,204.00,Yes,https://www.monarchspec.com/images/lifestyle_WEBQ50/I_3985.jpg
Monarch,I 3966,Accent Table — Antique White / Espresso Veneer,Living Room,Accent Tables,80.00,252.00,172.00,Yes,https://www.monarchspec.com/images/lifestyle_WEBQ50/I_3966.jpg
Monarch,I 3965,Accent Table — Antique White / Espresso Veneer,Living Room,Accent Tables,105.00,331.00,226.00,Yes,https://www.monarchspec.com/images/lifestyle_WEBQ50/I_3965.jpg
Monarch,I 3958,Accent Table — Antique White / Espresso Veneer,Living Room,Accent Tables,85.00,268.00,183.00,Yes,https://www.monarchspec.com/images/lifestyle_WEBQ50/I_3958.jpg
Monarch,I 3984,Accent Table — Antique White Veneer End Table,Living Room,Accent Tables,95.00,299.00,204.00,Yes,https://www.monarchspec.com/images/lifestyle_WEBQ50/I_3984.jpg
Monarch,I 3989,Accent Table — Antique White Veneer End Table,Living Room,Accent Tables,90.00,284.00,194.00,Yes,https://www.monarchspec.com/images/lifestyle_WEBQ50/I_3989.jpg
Monarch,I 3473,Accent Table — Beige Marble / Gold Metal,Living Room,Accent Tables,65.00,205.00,140.00,Yes,https://www.monarchspec.com/images/lifestyle_WEBQ50/I_3473.jpg
Monarch,I 3463,Accent Table — Beige Marble / Gold Metal,Living Room,Accent Tables,65.00,205.00,140.00,Yes,https://www.monarchspec.com/images/lifestyle_WEBQ50/I_3463.jpg
Monarch,I 3483,Accent Table — Beige Marble / Gold Metal,Living Room,Accent Tables,75.00,236.00,161.00,Yes,https://www.monarchspec.com/images/lifestyle_WEBQ50/I_3483.jpg
Monarch,I 3493,Accent Table — Beige Marble / Gold Metal,Living Room,Accent Tables,100.00,315.00,215.00,Yes,https://www.monarchspec.com/images/lifestyle_WEBQ50/I_3493.jpg
Monarch,I 2157,Accent Table — Black / Black Corner Console,Living Room,Accent Tables,75.00,236.00,161.00,Yes,https://www.monarchspec.com/images/lifestyle_WEBQ50/I_2157.jpg
Monarch,I 3827,Accent Table — Black / Black Metal,Living Room,Accent Tables,22.00,69.00,47.00,Yes,https://www.monarchspec.com/images/lifestyle_WEBQ50/I_3827.jpg
Monarch,I 2175,Accent Table — Black / Black Metal,Living Room,Accent Tables,34.00,107.00,73.00,Yes,https://www.monarchspec.com/images/lifestyle_WEBQ50/I_2175.jpg
Monarch,I 2170,Accent Table — Black / Black Metal,Living Room,Accent Tables,33.00,104.00,71.00,Yes,https://www.monarchspec.com/images/lifestyle_WEBQ50/I_2170.jpg
Monarch,I 3247,Accent Table — Black / Black Metal,Living Room,Accent Tables,28.00,88.00,60.00,Yes,https://www.monarchspec.com/images/lifestyle_WEBQ50/I_3247.jpg
Monarch,I 3761,Accent Table — Black / Black Metal,Living Room,Accent Tables,22.00,69.00,47.00,Yes,https://www.monarchspec.com/images/lifestyle_WEBQ50/I_3761.jpg
Monarch,I 3467,Accent Table — Black / Black Metal,Living Room,Accent Tables,30.00,94.00,64.00,Yes,https://www.monarchspec.com/images/lifestyle_WEBQ50/I_3467.jpg
Monarch,I 2081,Accent Table — Black / Black Metal,Living Room,Accent Tables,40.00,126.00,86.00,Yes,https://www.monarchspec.com/images/lifestyle_WEBQ50/I_2081.jpg
Monarch,I 3278,Accent Table — Black / Black Metal,Living Room,Accent Tables,32.00,101.00,69.00,Yes,https://www.monarchspec.com/images/lifestyle_WEBQ50/I_3278.jpg
Monarch,I 3512,Accent Table — Black / Black Metal Hall Console,Living Room,Accent Tables,95.00,299.00,204.00,Yes,https://www.monarchspec.com/images/lifestyle_WEBQ50/I_3512.jpg
Monarch,I 2219,Accent Table — Black / Black Metal Hall Console,Living Room,Accent Tables,100.00,315.00,215.00,Yes,https://www.monarchspec.com/images/lifestyle_WEBQ50/I_2219.jpg
Monarch,I 2250,Accent Table — Black / Black Metal Hall Console,Living Room,Accent Tables,35.00,110.00,75.00,Yes,https://www.monarchspec.com/images/lifestyle_WEBQ50/I_2250.jpg
Monarch,I 2406,Accent Table — Black / Cement-Look Hall Console,Living Room,Accent Tables,90.00,284.00,194.00,Yes,https://www.monarchspec.com/images/lifestyle_WEBQ50/I_2406.jpg
Monarch,I 3640,Accent Table — Black / Chrome Metal,Living Room,Accent Tables,40.00,126.00,86.00,Yes,https://www.monarchspec.com/images/lifestyle_WEBQ50/I_3640.jpg
Monarch,I 3406,Accent Table — Black / Drawer,Living Room,Accent Tables,60.00,189.00,129.00,Yes,https://www.monarchspec.com/images/lifestyle_WEBQ50/I_3406.jpg
Monarch,I 3407,Accent Table — Black / Drawer,Living Room,Accent Tables,60.00,189.00,129.00,Yes,https://www.monarchspec.com/images/lifestyle_WEBQ50/I_3407.jpg
Monarch,I 2477,Accent Table — Black / Grey Top,Living Room,Accent Tables,45.00,142.00,97.00,Yes,https://www.monarchspec.com/images/lifestyle_WEBQ50/I_2477.jpg
Monarch,I 3773,Accent Table — Black / Silver Metal,Living Room,Accent Tables,38.00,120.00,82.00,Yes,https://www.monarchspec.com/images/lifestyle_WEBQ50/I_3773.jpg
Monarch,I 3667,Accent Table — Black End Table With 1 Drawer,Living Room,Accent Tables,55.00,173.00,118.00,Yes,https://www.monarchspec.com/images/lifestyle_WEBQ50/I_3667.jpg
Monarch,I 3628,Accent Table — Black End Table With 2 Drawers,Living Room,Accent Tables,55.00,173.00,118.00,Yes,https://www.monarchspec.com/images/lifestyle_WEBQ50/I_3628.jpg
Monarch,I 3689,Accent Table — Black End Table With 2 Drawers,Living Room,Accent Tables,55.00,173.00,118.00,Yes,https://www.monarchspec.com/images/lifestyle_WEBQ50/I_3689.jpg
Monarch,I 2439,Accent Table — Black Hall Console,Living Room,Accent Tables,100.00,315.00,215.00,Yes,https://www.monarchspec.com/images/lifestyle_WEBQ50/I_2439.jpg
Monarch,I 4112,Accent Table — Black Indoor Or Outdoor,Living Room,Accent Tables,150.00,472.00,322.00,Yes,https://www.monarchspec.com/images/lifestyle_WEBQ50/I_4112.jpg
Monarch,I 4117,Accent Table — Black Indoor Or Outdoor,Living Room,Accent Tables,150.00,472.00,322.00,Yes,https://www.monarchspec.com/images/lifestyle_WEBQ50/I_4117.jpg
Monarch,I 4132,Accent Table — Black Indoor Or Outdoor,Living Room,Accent Tables,150.00,472.00,322.00,Yes,https://www.monarchspec.com/images/lifestyle_WEBQ50/I_4132.jpg
Monarch,I 4127,Accent Table — Black Indoor Or Outdoor,Living Room,Accent Tables,150.00,472.00,322.00,Yes,https://www.monarchspec.com/images/lifestyle_WEBQ50/I_4127.jpg
Monarch,I 4122,Accent Table — Black Indoor Or Outdoor,Living Room,Accent Tables,150.00,472.00,322.00,Yes,https://www.monarchspec.com/images/lifestyle_WEBQ50/I_4122.jpg
Monarch,I 4154,Accent Table — Black Indoor Or Outdoor,Living Room,Accent Tables,150.00,472.00,322.00,Yes,https://www.monarchspec.com/images/lifestyle_WEBQ50/I_4154.jpg
Monarch,I 4146,Accent Table — Black Indoor Or Outdoor,Living Room,Accent Tables,150.00,472.00,322.00,Yes,https://www.monarchspec.com/images/lifestyle_WEBQ50/I_4146.jpg
Monarch,I 4162,Accent Table — Black Indoor Or Outdoor,Living Room,Accent Tables,150.00,472.00,322.00,Yes,https://www.monarchspec.com/images/lifestyle_WEBQ50/I_4162.jpg
Monarch,I 2158,Accent Table — Black Marble / Black Corner Consol,Living Room,Accent Tables,75.00,236.00,161.00,Yes,https://www.monarchspec.com/images/lifestyle_WEBQ50/I_2158.jpg
Monarch,I 2126,Accent Table — Black Marble / Black Hall Console,Living Room,Accent Tables,75.00,236.00,161.00,Yes,https://www.monarchspec.com/images/lifestyle_WEBQ50/I_2126.jpg
Monarch,I 2179,Accent Table — Black Marble / Black Metal,Living Room,Accent Tables,34.00,107.00,73.00,Yes,https://www.monarchspec.com/images/lifestyle_WEBQ50/I_2179.jpg
Monarch,I 3590,Accent Table — Black Marble / Black Metal,Living Room,Accent Tables,40.00,126.00,86.00,Yes,https://www.monarchspec.com/images/lifestyle_WEBQ50/I_3590.jpg
Monarch,I 3595,Accent Table — Black Marble / Black Metal,Living Room,Accent Tables,60.00,189.00,129.00,Yes,https://www.monarchspec.com/images/lifestyle_WEBQ50/I_3595.jpg
Monarch,I 3674,Accent Table — Black Marble / Black Metal,Living Room,Accent Tables,35.00,110.00,75.00,Yes,https://www.monarchspec.com/images/lifestyle_WEBQ50/I_3674.jpg
Monarch,I 2174,Accent Table — Black Marble / Black Metal,Living Room,Accent Tables,33.00,104.00,71.00,Yes,https://www.monarchspec.com/images/lifestyle_WEBQ50/I_2174.jpg
Monarch,I 3763,Accent Table — Black Marble / Black Metal,Living Room,Accent Tables,22.00,69.00,47.00,Yes,https://www.monarchspec.com/images/lifestyle_WEBQ50/I_3763.jpg
Monarch,I 2220,Accent Table — Black Marble / Black Metal Console,Living Room,Accent Tables,100.00,315.00,215.00,Yes,https://www.monarchspec.com/images/lifestyle_WEBQ50/I_2220.jpg
Monarch,I 2852,Accent Table — Black Metal,Living Room,Accent Tables,60.00,189.00,129.00,Yes,https://www.monarchspec.com/images/lifestyle_WEBQ50/I_2852.jpg
Monarch,I 2882,Accent Table — Black Metal,Living Room,Accent Tables,65.00,205.00,140.00,Yes,https://www.monarchspec.com/images/lifestyle_WEBQ50/I_2882.jpg
Monarch,I 2862,Accent Table — Black Metal,Living Room,Accent Tables,60.00,189.00,129.00,Yes,https://www.monarchspec.com/images/lifestyle_WEBQ50/I_2862.jpg
Monarch,I 2857,Accent Table — Black Metal,Living Room,Accent Tables,60.00,189.00,129.00,Yes,https://www.monarchspec.com/images/lifestyle_WEBQ50/I_2857.jpg
Monarch,I 2863,Accent Table — Black Metal,Living Room,Accent Tables,55.00,173.00,118.00,Yes,https://www.monarchspec.com/images/lifestyle_WEBQ50/I_2863.jpg
Monarch,I 2858,Accent Table — Black Metal,Living Room,Accent Tables,55.00,173.00,118.00,Yes,https://www.monarchspec.com/images/lifestyle_WEBQ50/I_2858.jpg
Monarch,I 2853,Accent Table — Black Metal,Living Room,Accent Tables,55.00,173.00,118.00,Yes,https://www.monarchspec.com/images/lifestyle_WEBQ50/I_2853.jpg
Monarch,I 2883,Accent Table — Black Metal,Living Room,Accent Tables,55.00,173.00,118.00,Yes,https://www.monarchspec.com/images/lifestyle_WEBQ50/I_2883.jpg
Monarch,I 3602,Accent Table — Black Metal,Living Room,Accent Tables,40.00,126.00,86.00,Yes,https://www.monarchspec.com/images/lifestyle_WEBQ50/I_3602.jpg
Monarch,I 3604,Accent Table — Black Metal With A Drawer,Living Room,Accent Tables,40.00,126.00,86.00,Yes,https://www.monarchspec.com/images/lifestyle_WEBQ50/I_3604.jpg
Monarch,I 3600,Accent Table — Black Metal With A Drawer,Living Room,Accent Tables,40.00,126.00,86.00,Yes,https://www.monarchspec.com/images/lifestyle_WEBQ50/I_3600.jpg
Monarch,I 3089,Accent Table — Black Metal With Tempered Glass,Living Room,Accent Tables,26.00,82.00,56.00,Yes,https://www.monarchspec.com/images/lifestyle_WEBQ50/I_3089.jpg
Monarch,I 3078,Accent Table — Black Metal With Tempered Glass,Living Room,Accent Tables,47.00,148.00,101.00,Yes,https://www.monarchspec.com/images/lifestyle_WEBQ50/I_3078.jpg
Monarch,I 3308,Accent Table — Black Metal With Tempered Glass,Living Room,Accent Tables,38.00,120.00,82.00,Yes,https://www.monarchspec.com/images/lifestyle_WEBQ50/I_3308.jpg
Monarch,I 3202,Accent Table — Black Oak / Black Metal Usb / Plug,Living Room,Accent Tables,62.00,195.00,133.00,Yes,https://www.monarchspec.com/images/lifestyle_WEBQ50/I_3202.jpg
Monarch,I 2861,Accent Table — Black Reclaimed Wood-Look / Black,Living Room,Accent Tables,100.00,315.00,215.00,Yes,https://www.monarchspec.com/images/lifestyle_WEBQ50/I_2861.jpg
Monarch,I 3087,Accent Table — Black Tempered Glass,Living Room,Accent Tables,42.00,132.00,90.00,Yes,https://www.monarchspec.com/images/lifestyle_WEBQ50/I_3087.jpg
Monarch,I 3951,Accent Table — Black Veneer End Table,Living Room,Accent Tables,110.00,346.00,236.00,Yes,https://www.monarchspec.com/images/lifestyle_WEBQ50/I_3951.jpg
Monarch,I 3986,Accent Table — Black Veneer End Table,Living Room,Accent Tables,95.00,299.00,204.00,Yes,https://www.monarchspec.com/images/lifestyle_WEBQ50/I_3986.jpg
Monarch,I 3987,Accent Table — Black Veneer End Table,Living Room,Accent Tables,90.00,284.00,194.00,Yes,https://www.monarchspec.com/images/lifestyle_WEBQ50/I_3987.jpg
Monarch,I 3995,Accent Table — Black Veneer End Table,Living Room,Accent Tables,80.00,252.00,172.00,Yes,https://www.monarchspec.com/images/lifestyle_WEBQ50/I_3995.jpg
Monarch,I 2140,Accent Table — Black With Tempered Glass,Living Room,Accent Tables,88.00,277.00,189.00,Yes,https://www.monarchspec.com/images/lifestyle_WEBQ50/I_2140.jpg
Monarch,I 3143,Accent Table — Blue Tile Top / Hammered Silver,Living Room,Accent Tables,29.00,91.00,62.00,Yes,https://www.monarchspec.com/images/lifestyle_WEBQ50/I_3143.jpg
Monarch,I 3088,Accent Table — Bronze Metal,Living Room,Accent Tables,40.00,126.00,86.00,Yes,https://www.monarchspec.com/images/lifestyle_WEBQ50/I_3088.jpg
Monarch,I 3043,Accent Table — Bronze Metal,Living Room,Accent Tables,33.00,104.00,71.00,Yes,https://www.monarchspec.com/images/lifestyle_WEBQ50/I_3043.jpg
Monarch,I 3044,Accent Table — Bronze Metal,Living Room,Accent Tables,35.00,110.00,75.00,Yes,https://www.monarchspec.com/images/lifestyle_WEBQ50/I_3044.jpg
Monarch,I 2145,Accent Table — Brown Oak Night Stand With Storage,Living Room,Accent Tables,35.00,110.00,75.00,Yes,https://www.monarchspec.com/images/lifestyle_WEBQ50/I_2145.jpg
Monarch,I 3764,Accent Table — Brown Reclaimed / Black Metal,Living Room,Accent Tables,22.00,69.00,47.00,Yes,https://www.monarchspec.com/images/lifestyle_WEBQ50/I_3764.jpg
Monarch,I 3450,Accent Table — Brown Reclaimed Wood / Black Metal,Living Room,Accent Tables,65.00,205.00,140.00,Yes,https://www.monarchspec.com/images/lifestyle_WEBQ50/I_3450.jpg
Monarch,I 2851,Accent Table — Brown Reclaimed Wood-Look / Black,Living Room,Accent Tables,100.00,315.00,215.00,Yes,https://www.monarchspec.com/images/lifestyle_WEBQ50/I_2851.jpg
Monarch,I 3453,Accent Table — Brown Reclaimed Wood/ Black Consol,Living Room,Accent Tables,150.00,472.00,322.00,Yes,https://www.monarchspec.com/images/lifestyle_WEBQ50/I_3453.jpg
Monarch,I 3583,Accent Table — Brown Reclaimed-Look / Black Metal,Living Room,Accent Tables,40.00,126.00,86.00,Yes,https://www.monarchspec.com/images/lifestyle_WEBQ50/I_3583.jpg
Monarch,I 3673,Accent Table — Brown Reclaimed-Look / Black Metal,Living Room,Accent Tables,35.00,110.00,75.00,Yes,https://www.monarchspec.com/images/lifestyle_WEBQ50/I_3673.jpg
Monarch,I 3955,Accent Table — Brown Walnut Veneer End Table,Living Room,Accent Tables,90.00,284.00,194.00,Yes,https://www.monarchspec.com/images/lifestyle_WEBQ50/I_3955.jpg
Monarch,I 3726,Accent Table — Brushed Silver / Mirror,Living Room,Accent Tables,130.00,410.00,280.00,Yes,https://www.monarchspec.com/images/lifestyle_WEBQ50/I_3726.jpg
Monarch,I 2436,Accent Table — Cement-Look Hall Console,Living Room,Accent Tables,185.00,583.00,398.00,Yes,https://www.monarchspec.com/images/lifestyle_WEBQ50/I_2436.jpg
Monarch,I 3661,Accent Table — Cherry Corner Console,Living Room,Accent Tables,75.00,236.00,161.00,Yes,https://www.monarchspec.com/images/lifestyle_WEBQ50/I_3661.jpg
Monarch,I 3969,Accent Table — Cherry Veneer End Table,Living Room,Accent Tables,85.00,268.00,183.00,Yes,https://www.monarchspec.com/images/lifestyle_WEBQ50/I_3969.jpg
Monarch,I 3920,Accent Table — Chrome Iron Metal Drum End,Living Room,Accent Tables,170.00,536.00,366.00,Yes,https://www.monarchspec.com/images/lifestyle_WEBQ50/I_3920.jpg
Monarch,I 3916,Accent Table — Chrome Iron Metal Drum End,Living Room,Accent Tables,150.00,472.00,322.00,Yes,https://www.monarchspec.com/images/lifestyle_WEBQ50/I_3916.jpg
Monarch,I 3925,Accent Table — Chrome Iron Metal Drum End Table,Living Room,Accent Tables,160.00,504.00,344.00,Yes,https://www.monarchspec.com/images/lifestyle_WEBQ50/I_3925.jpg
Monarch,I 3034,Accent Table — Chrome Metal With A Magazine Rack,Living Room,Accent Tables,49.00,154.00,105.00,Yes,https://www.monarchspec.com/images/lifestyle_WEBQ50/I_3034.jpg
Monarch,I 3000,Accent Table — Chrome Metal With Frosted Tempered,Living Room,Accent Tables,44.00,139.00,95.00,Yes,https://www.monarchspec.com/images/lifestyle_WEBQ50/I_3000.jpg
Monarch,I 3915,Accent Table — Copper Iron Metal Drum End,Living Room,Accent Tables,150.00,472.00,322.00,Yes,https://www.monarchspec.com/images/lifestyle_WEBQ50/I_3915.jpg
Monarch,I 3758,Accent Table — Cream Stone / Black Metal,Living Room,Accent Tables,16.00,50.00,34.00,Yes,https://www.monarchspec.com/images/lifestyle_WEBQ50/I_3758.jpg
Monarch,I 3818,Accent Table — Cream Stone / Black Metal,Living Room,Accent Tables,30.00,94.00,64.00,Yes,https://www.monarchspec.com/images/lifestyle_WEBQ50/I_3818.jpg
Monarch,I 3813,Accent Table — Cream Stone / Black Metal,Living Room,Accent Tables,39.00,123.00,84.00,Yes,https://www.monarchspec.com/images/lifestyle_WEBQ50/I_3813.jpg
Monarch,I 3755,Accent Table — Dark Bronze / Black Metal,Living Room,Accent Tables,16.00,50.00,34.00,Yes,https://www.monarchspec.com/images/lifestyle_WEBQ50/I_3755.jpg
Monarch,I 3815,Accent Table — Dark Bronze / Black Metal,Living Room,Accent Tables,30.00,94.00,64.00,Yes,https://www.monarchspec.com/images/lifestyle_WEBQ50/I_3815.jpg
Monarch,I 3810,Accent Table — Dark Bronze / Black Metal,Living Room,Accent Tables,39.00,123.00,84.00,Yes,https://www.monarchspec.com/images/lifestyle_WEBQ50/I_3810.jpg
Monarch,I 3691,Accent Table — Dark Brown End Table - 2 Drawers,Living Room,Accent Tables,55.00,173.00,118.00,Yes,https://www.monarchspec.com/images/lifestyle_WEBQ50/I_3691.jpg
Monarch,I 2526,Accent Table — Dark Brown Knotty Oak / 1 Drawer,Living Room,Accent Tables,55.00,173.00,118.00,Yes,https://www.monarchspec.com/images/lifestyle_WEBQ50/I_2526.jpg
Monarch,I 3982,Accent Table — Dark Green Veneer End Table,Living Room,Accent Tables,75.00,236.00,161.00,Yes,https://www.monarchspec.com/images/lifestyle_WEBQ50/I_3982.jpg
Monarch,I 3968,Accent Table — Dark Green Veneer End Table,Living Room,Accent Tables,85.00,268.00,183.00,Yes,https://www.monarchspec.com/images/lifestyle_WEBQ50/I_3968.jpg
Monarch,I 3756,Accent Table — Dark Oak / Black Metal,Living Room,Accent Tables,16.00,50.00,34.00,Yes,https://www.monarchspec.com/images/lifestyle_WEBQ50/I_3756.jpg
Monarch,I 3816,Accent Table — Dark Oak / Black Metal,Living Room,Accent Tables,30.00,94.00,64.00,Yes,https://www.monarchspec.com/images/lifestyle_WEBQ50/I_3816.jpg
Monarch,I 3811,Accent Table — Dark Oak / Black Metal,Living Room,Accent Tables,39.00,123.00,84.00,Yes,https://www.monarchspec.com/images/lifestyle_WEBQ50/I_3811.jpg
Monarch,I 3115,Accent Table — Dark Taupe,Living Room,Accent Tables,35.00,110.00,75.00,Yes,https://www.monarchspec.com/images/lifestyle_WEBQ50/I_3115.jpg
Monarch,I 2476,Accent Table — Dark Taupe,Living Room,Accent Tables,45.00,142.00,97.00,Yes,https://www.monarchspec.com/images/lifestyle_WEBQ50/I_2476.jpg
Monarch,I 2480,Accent Table — Dark Taupe,Living Room,Accent Tables,65.00,205.00,140.00,Yes,https://www.monarchspec.com/images/lifestyle_WEBQ50/I_2480.jpg
Monarch,I 2155,Accent Table — Dark Taupe / Black Corner Console,Living Room,Accent Tables,75.00,236.00,161.00,Yes,https://www.monarchspec.com/images/lifestyle_WEBQ50/I_2155.jpg
Monarch,I 3511,Accent Table — Dark Taupe / Black Hall Console,Living Room,Accent Tables,95.00,299.00,204.00,Yes,https://www.monarchspec.com/images/lifestyle_WEBQ50/I_3511.jpg
Monarch,I 2177,Accent Table — Dark Taupe / Black Metal,Living Room,Accent Tables,34.00,107.00,73.00,Yes,https://www.monarchspec.com/images/lifestyle_WEBQ50/I_2177.jpg
Monarch,I 3597,Accent Table — Dark Taupe / Black Metal,Living Room,Accent Tables,60.00,189.00,129.00,Yes,https://www.monarchspec.com/images/lifestyle_WEBQ50/I_3597.jpg
Monarch,I 3771,Accent Table — Dark Taupe / Black Metal,Living Room,Accent Tables,38.00,120.00,82.00,Yes,https://www.monarchspec.com/images/lifestyle_WEBQ50/I_3771.jpg
Monarch,I 3672,Accent Table — Dark Taupe / Black Metal,Living Room,Accent Tables,35.00,110.00,75.00,Yes,https://www.monarchspec.com/images/lifestyle_WEBQ50/I_3672.jpg
Monarch,I 2172,Accent Table — Dark Taupe / Black Metal,Living Room,Accent Tables,33.00,104.00,71.00,Yes,https://www.monarchspec.com/images/lifestyle_WEBQ50/I_2172.jpg
Monarch,I 3249,Accent Table — Dark Taupe / Black Metal,Living Room,Accent Tables,28.00,88.00,60.00,Yes,https://www.monarchspec.com/images/lifestyle_WEBQ50/I_3249.jpg
Monarch,I 3766,Accent Table — Dark Taupe / Black Metal,Living Room,Accent Tables,22.00,69.00,47.00,Yes,https://www.monarchspec.com/images/lifestyle_WEBQ50/I_3766.jpg
Monarch,I 2075,Accent Table — Dark Taupe / Black Metal,Living Room,Accent Tables,29.00,91.00,62.00,Yes,https://www.monarchspec.com/images/lifestyle_WEBQ50/I_2075.jpg
Monarch,I 2083,Accent Table — Dark Taupe / Black Metal,Living Room,Accent Tables,40.00,126.00,86.00,Yes,https://www.monarchspec.com/images/lifestyle_WEBQ50/I_2083.jpg
Monarch,I 2218,Accent Table — Dark Taupe / Black Metal Console,Living Room,Accent Tables,100.00,315.00,215.00,Yes,https://www.monarchspec.com/images/lifestyle_WEBQ50/I_2218.jpg
Monarch,I 2253,Accent Table — Dark Taupe / Black Metal Console,Living Room,Accent Tables,35.00,110.00,75.00,Yes,https://www.monarchspec.com/images/lifestyle_WEBQ50/I_2253.jpg
Monarch,I 3200,Accent Table — Dark Taupe / Black Metal Usb / Plu,Living Room,Accent Tables,62.00,195.00,133.00,Yes,https://www.monarchspec.com/images/lifestyle_WEBQ50/I_3200.jpg
Monarch,I 3299,Accent Table — Dark Taupe / Chrome Metal,Living Room,Accent Tables,155.00,488.00,333.00,Yes,https://www.monarchspec.com/images/lifestyle_WEBQ50/I_3299.jpg
Monarch,I 3263,Accent Table — Dark Taupe / Chrome Metal,Living Room,Accent Tables,70.00,220.00,150.00,Yes,https://www.monarchspec.com/images/lifestyle_WEBQ50/I_3263.jpg
Monarch,I 3475,Accent Table — Dark Taupe / Chrome Metal,Living Room,Accent Tables,65.00,205.00,140.00,Yes,https://www.monarchspec.com/images/lifestyle_WEBQ50/I_3475.jpg
Monarch,I 3555,Accent Table — Dark Taupe / Chrome Metal,Living Room,Accent Tables,75.00,236.00,161.00,Yes,https://www.monarchspec.com/images/lifestyle_WEBQ50/I_3555.jpg
Monarch,I 3638,Accent Table — Dark Taupe / Chrome Metal,Living Room,Accent Tables,40.00,126.00,86.00,Yes,https://www.monarchspec.com/images/lifestyle_WEBQ50/I_3638.jpg
Monarch,I 3169,Accent Table — Dark Taupe / Chrome Metal,Living Room,Accent Tables,85.00,268.00,183.00,Yes,https://www.monarchspec.com/images/lifestyle_WEBQ50/I_3169.jpg
Monarch,I 3055,Accent Table — Dark Taupe / Tempered Glass,Living Room,Accent Tables,95.00,299.00,204.00,Yes,https://www.monarchspec.com/images/lifestyle_WEBQ50/I_3055.jpg
Monarch,I 3659,Accent Table — Dark Taupe Corner Console,Living Room,Accent Tables,75.00,236.00,161.00,Yes,https://www.monarchspec.com/images/lifestyle_WEBQ50/I_3659.jpg
Monarch,I 2435,Accent Table — Dark Taupe Hall Console,Living Room,Accent Tables,185.00,583.00,398.00,Yes,https://www.monarchspec.com/images/lifestyle_WEBQ50/I_2435.jpg
Monarch,I 2472,Accent Table — Dark Taupe Hall Console,Living Room,Accent Tables,100.00,315.00,215.00,Yes,https://www.monarchspec.com/images/lifestyle_WEBQ50/I_2472.jpg
Monarch,I 2452,Accent Table — Dark Taupe Hall Console,Living Room,Accent Tables,100.00,315.00,215.00,Yes,https://www.monarchspec.com/images/lifestyle_WEBQ50/I_2452.jpg
Monarch,I 2416,Accent Table — Dark Taupe Hall Console,Living Room,Accent Tables,85.00,268.00,183.00,Yes,https://www.monarchspec.com/images/lifestyle_WEBQ50/I_2416.jpg
Monarch,I 2446,Accent Table — Dark Taupe Hall Console,Living Room,Accent Tables,100.00,315.00,215.00,Yes,https://www.monarchspec.com/images/lifestyle_WEBQ50/I_2446.jpg
Monarch,I 2136,Accent Table — Dark Taupe Night Stand With Storag,Living Room,Accent Tables,33.00,104.00,71.00,Yes,https://www.monarchspec.com/images/lifestyle_WEBQ50/I_2136.jpg
Monarch,I 3981,Accent Table — Dark Taupe Veneer End Table,Living Room,Accent Tables,75.00,236.00,161.00,Yes,https://www.monarchspec.com/images/lifestyle_WEBQ50/I_3981.jpg
Monarch,I 3972,Accent Table — Dark Taupe Veneer End Table,Living Room,Accent Tables,110.00,346.00,236.00,Yes,https://www.monarchspec.com/images/lifestyle_WEBQ50/I_3972.jpg
Monarch,I 3191,Accent Table — Dark Taupe With A Drawer,Living Room,Accent Tables,72.00,227.00,155.00,Yes,https://www.monarchspec.com/images/lifestyle_WEBQ50/I_3191.jpg
Monarch,I 3254,Accent Table — Dark Taupe With A Drawer,Living Room,Accent Tables,60.00,189.00,129.00,Yes,https://www.monarchspec.com/images/lifestyle_WEBQ50/I_3254.jpg
Monarch,I 3198,Accent Table — Dark Taupe With A Glass Holder,Living Room,Accent Tables,55.00,173.00,118.00,Yes,https://www.monarchspec.com/images/lifestyle_WEBQ50/I_3198.jpg
Monarch,I 3253,Accent Table — Dark Taupe With Chrome Metal,Living Room,Accent Tables,45.00,142.00,97.00,Yes,https://www.monarchspec.com/images/lifestyle_WEBQ50/I_3253.jpg
Monarch,I 2788,Accent Table — Dark Walnut End Table,Living Room,Accent Tables,60.00,189.00,129.00,Yes,https://www.monarchspec.com/images/lifestyle_WEBQ50/I_2788.jpg
Monarch,I 3988,Accent Table — Dark Walnut Veneer End Table,Living Room,Accent Tables,90.00,284.00,194.00,Yes,https://www.monarchspec.com/images/lifestyle_WEBQ50/I_3988.jpg
Monarch,I 3990,Accent Table — Dark Walnut Veneer End Table,Living Room,Accent Tables,85.00,268.00,183.00,Yes,https://www.monarchspec.com/images/lifestyle_WEBQ50/I_3990.jpg
Monarch,I 3974,Accent Table — Dark Walnut Veneer End Table,Living Room,Accent Tables,88.00,277.00,189.00,Yes,https://www.monarchspec.com/images/lifestyle_WEBQ50/I_3974.jpg
Monarch,I 3976,Accent Table — Dark Walnut Veneer End Table,Living Room,Accent Tables,110.00,346.00,236.00,Yes,https://www.monarchspec.com/images/lifestyle_WEBQ50/I_3976.jpg
Monarch,I 3119,Accent Table — Espresso,Living Room,Accent Tables,35.00,110.00,75.00,Yes,https://www.monarchspec.com/images/lifestyle_WEBQ50/I_3119.jpg
Monarch,I 2474,Accent Table — Espresso,Living Room,Accent Tables,45.00,142.00,97.00,Yes,https://www.monarchspec.com/images/lifestyle_WEBQ50/I_2474.jpg
Monarch,I 2478,Accent Table — Espresso,Living Room,Accent Tables,65.00,205.00,140.00,Yes,https://www.monarchspec.com/images/lifestyle_WEBQ50/I_2478.jpg
Monarch,I 2089,Accent Table — Espresso,Living Room,Accent Tables,50.00,158.00,108.00,Yes,https://www.monarchspec.com/images/lifestyle_WEBQ50/I_2089.jpg
Monarch,I 3593,Accent Table — Espresso / Black Metal,Living Room,Accent Tables,40.00,126.00,86.00,Yes,https://www.monarchspec.com/images/lifestyle_WEBQ50/I_3593.jpg
Monarch,I 3635,Accent Table — Espresso / Black Metal,Living Room,Accent Tables,40.00,126.00,86.00,Yes,https://www.monarchspec.com/images/lifestyle_WEBQ50/I_3635.jpg
Monarch,I 3534,Accent Table — Espresso / Black Metal Hall Consol,Living Room,Accent Tables,70.00,220.00,150.00,Yes,https://www.monarchspec.com/images/lifestyle_WEBQ50/I_3534.jpg
Monarch,I 3582,Accent Table — Espresso / Black Metal Hall Consol,Living Room,Accent Tables,79.00,249.00,170.00,Yes,https://www.monarchspec.com/images/lifestyle_WEBQ50/I_3582.jpg
Monarch,I 2215,Accent Table — Espresso / Black Metal Hall Consol,Living Room,Accent Tables,100.00,315.00,215.00,Yes,https://www.monarchspec.com/images/lifestyle_WEBQ50/I_2215.jpg
Monarch,I 3574,Accent Table — Espresso / Black Metal Hall Consol,Living Room,Accent Tables,75.00,236.00,161.00,Yes,https://www.monarchspec.com/images/lifestyle_WEBQ50/I_3574.jpg
Monarch,I 3476,Accent Table — Espresso / Gold Metal,Living Room,Accent Tables,65.00,205.00,140.00,Yes,https://www.monarchspec.com/images/lifestyle_WEBQ50/I_3476.jpg
Monarch,I 3556,Accent Table — Espresso / Gold Metal,Living Room,Accent Tables,75.00,236.00,161.00,Yes,https://www.monarchspec.com/images/lifestyle_WEBQ50/I_3556.jpg
Monarch,I 3486,Accent Table — Espresso / Gold Metal,Living Room,Accent Tables,75.00,236.00,161.00,Yes,https://www.monarchspec.com/images/lifestyle_WEBQ50/I_3486.jpg
Monarch,I 3660,Accent Table — Espresso Corner Console,Living Room,Accent Tables,75.00,236.00,161.00,Yes,https://www.monarchspec.com/images/lifestyle_WEBQ50/I_3660.jpg
Monarch,I 2445,Accent Table — Espresso Hall Console,Living Room,Accent Tables,100.00,315.00,215.00,Yes,https://www.monarchspec.com/images/lifestyle_WEBQ50/I_2445.jpg
Monarch,I 7983S,Accent Table — Espresso Marble Top,Living Room,Accent Tables,100.00,315.00,215.00,Yes,https://www.monarchspec.com/images/lifestyle_WEBQ50/I_7983S.jpg
Monarch,I 2135,Accent Table — Espresso Night Stand With Storage,Living Room,Accent Tables,33.00,104.00,71.00,Yes,https://www.monarchspec.com/images/lifestyle_WEBQ50/I_2135.jpg
Monarch,I 7801E,Accent Table — Espresso Veneer,Living Room,Accent Tables,50.00,158.00,108.00,Yes,https://www.monarchspec.com/images/lifestyle_WEBQ50/I_7801E.jpg
Monarch,I 3953,Accent Table — Espresso Veneer End Table,Living Room,Accent Tables,100.00,315.00,215.00,Yes,https://www.monarchspec.com/images/lifestyle_WEBQ50/I_3953.jpg
Monarch,I 3964,Accent Table — Espresso Veneer End Table,Living Room,Accent Tables,100.00,315.00,215.00,Yes,https://www.monarchspec.com/images/lifestyle_WEBQ50/I_3964.jpg
Monarch,I 3967,Accent Table — Espresso Veneer End Table,Living Room,Accent Tables,105.00,331.00,226.00,Yes,https://www.monarchspec.com/images/lifestyle_WEBQ50/I_3967.jpg
Monarch,I 3957,Accent Table — Espresso Veneer End Table,Living Room,Accent Tables,85.00,268.00,183.00,Yes,https://www.monarchspec.com/images/lifestyle_WEBQ50/I_3957.jpg
Monarch,I 3975,Accent Table — Espresso Veneer End Table,Living Room,Accent Tables,90.00,284.00,194.00,Yes,https://www.monarchspec.com/images/lifestyle_WEBQ50/I_3975.jpg
Monarch,I 3970,Accent Table — Espresso Veneer End Table,Living Room,Accent Tables,145.00,457.00,312.00,Yes,https://www.monarchspec.com/images/lifestyle_WEBQ50/I_3970.jpg
Monarch,I 7811E,Accent Table — Espresso Veneer With Glass Insert,Living Room,Accent Tables,75.00,236.00,161.00,Yes,https://www.monarchspec.com/images/lifestyle_WEBQ50/I_7811E.jpg
Monarch,I 3197,Accent Table — Espresso With A Glass Holder,Living Room,Accent Tables,55.00,173.00,118.00,Yes,https://www.monarchspec.com/images/lifestyle_WEBQ50/I_3197.jpg
Monarch,I 3007,Accent Table — Espresso With Chrome Metal,Living Room,Accent Tables,45.00,142.00,97.00,Yes,https://www.monarchspec.com/images/lifestyle_WEBQ50/I_3007.jpg
Monarch,I 3297,Accent Table — Glossy White / Chrome Metal,Living Room,Accent Tables,215.00,677.00,462.00,Yes,https://www.monarchspec.com/images/lifestyle_WEBQ50/I_3297.jpg
Monarch,I 3262,Accent Table — Glossy White / Chrome Metal,Living Room,Accent Tables,70.00,220.00,150.00,Yes,https://www.monarchspec.com/images/lifestyle_WEBQ50/I_3262.jpg
Monarch,I 3470,Accent Table — Glossy White / Chrome Metal,Living Room,Accent Tables,65.00,205.00,140.00,Yes,https://www.monarchspec.com/images/lifestyle_WEBQ50/I_3470.jpg
Monarch,I 3480,Accent Table — Glossy White / Chrome Metal,Living Room,Accent Tables,75.00,236.00,161.00,Yes,https://www.monarchspec.com/images/lifestyle_WEBQ50/I_3480.jpg
Monarch,I 3490,Accent Table — Glossy White / Chrome Metal,Living Room,Accent Tables,100.00,315.00,215.00,Yes,https://www.monarchspec.com/images/lifestyle_WEBQ50/I_3490.jpg
Monarch,I 3636,Accent Table — Glossy White / Chrome Metal,Living Room,Accent Tables,40.00,126.00,86.00,Yes,https://www.monarchspec.com/images/lifestyle_WEBQ50/I_3636.jpg
Monarch,I 3288,Accent Table — Glossy White / Tempered Glass,Living Room,Accent Tables,95.00,299.00,204.00,Yes,https://www.monarchspec.com/images/lifestyle_WEBQ50/I_3288.jpg
Monarch,I 3170,Accent Table — Glossy White With A Drawer,Living Room,Accent Tables,75.00,236.00,161.00,Yes,https://www.monarchspec.com/images/lifestyle_WEBQ50/I_3170.jpg
Monarch,I 3184,Accent Table — Glossy White With Chrome Metal,Living Room,Accent Tables,59.00,186.00,127.00,Yes,https://www.monarchspec.com/images/lifestyle_WEBQ50/I_3184.jpg
Monarch,I 3008,Accent Table — Glossy White With Chrome Metal,Living Room,Accent Tables,50.00,158.00,108.00,Yes,https://www.monarchspec.com/images/lifestyle_WEBQ50/I_3008.jpg
Monarch,I 3927,Accent Table — Gold Iron Metal Drum End Table,Living Room,Accent Tables,170.00,536.00,366.00,Yes,https://www.monarchspec.com/images/lifestyle_WEBQ50/I_3927.jpg
Monarch,I 3900,Accent Table — Gold Iron Metal End Table,Living Room,Accent Tables,170.00,536.00,366.00,Yes,https://www.monarchspec.com/images/lifestyle_WEBQ50/I_3900.jpg
Monarch,I 3236,Accent Table — Gold Metal With A Drawer,Living Room,Accent Tables,55.00,173.00,118.00,Yes,https://www.monarchspec.com/images/lifestyle_WEBQ50/I_3236.jpg
Monarch,I 3446,Accent Table — Gold Metal With Tempered Glass,Living Room,Accent Tables,99.00,312.00,213.00,Yes,https://www.monarchspec.com/images/lifestyle_WEBQ50/I_3446.jpg
Monarch,I 3118,Accent Table — Grey,Living Room,Accent Tables,35.00,110.00,75.00,Yes,https://www.monarchspec.com/images/lifestyle_WEBQ50/I_3118.jpg
Monarch,I 2481,Accent Table — Grey,Living Room,Accent Tables,55.00,173.00,118.00,Yes,https://www.monarchspec.com/images/lifestyle_WEBQ50/I_2481.jpg
Monarch,I 2156,Accent Table — Grey / Black Corner Console,Living Room,Accent Tables,75.00,236.00,161.00,Yes,https://www.monarchspec.com/images/lifestyle_WEBQ50/I_2156.jpg
Monarch,I 3828,Accent Table — Grey / Black Metal,Living Room,Accent Tables,22.00,69.00,47.00,Yes,https://www.monarchspec.com/images/lifestyle_WEBQ50/I_3828.jpg
Monarch,I 2176,Accent Table — Grey / Black Metal,Living Room,Accent Tables,34.00,107.00,73.00,Yes,https://www.monarchspec.com/images/lifestyle_WEBQ50/I_2176.jpg
Monarch,I 3591,Accent Table — Grey / Black Metal,Living Room,Accent Tables,40.00,126.00,86.00,Yes,https://www.monarchspec.com/images/lifestyle_WEBQ50/I_3591.jpg
Monarch,I 3596,Accent Table — Grey / Black Metal,Living Room,Accent Tables,60.00,189.00,129.00,Yes,https://www.monarchspec.com/images/lifestyle_WEBQ50/I_3596.jpg
Monarch,I 3634,Accent Table — Grey / Black Metal,Living Room,Accent Tables,40.00,126.00,86.00,Yes,https://www.monarchspec.com/images/lifestyle_WEBQ50/I_3634.jpg
Monarch,I 3671,Accent Table — Grey / Black Metal,Living Room,Accent Tables,35.00,110.00,75.00,Yes,https://www.monarchspec.com/images/lifestyle_WEBQ50/I_3671.jpg
Monarch,I 2171,Accent Table — Grey / Black Metal,Living Room,Accent Tables,33.00,104.00,71.00,Yes,https://www.monarchspec.com/images/lifestyle_WEBQ50/I_2171.jpg
Monarch,I 3248,Accent Table — Grey / Black Metal,Living Room,Accent Tables,28.00,88.00,60.00,Yes,https://www.monarchspec.com/images/lifestyle_WEBQ50/I_3248.jpg
Monarch,I 3762,Accent Table — Grey / Black Metal,Living Room,Accent Tables,22.00,69.00,47.00,Yes,https://www.monarchspec.com/images/lifestyle_WEBQ50/I_3762.jpg
Monarch,I 2082,Accent Table — Grey / Black Metal,Living Room,Accent Tables,40.00,126.00,86.00,Yes,https://www.monarchspec.com/images/lifestyle_WEBQ50/I_2082.jpg
Monarch,I 3532,Accent Table — Grey / Black Metal Hall Console,Living Room,Accent Tables,70.00,220.00,150.00,Yes,https://www.monarchspec.com/images/lifestyle_WEBQ50/I_3532.jpg
Monarch,I 3576,Accent Table — Grey / Black Metal Hall Console,Living Room,Accent Tables,60.00,189.00,129.00,Yes,https://www.monarchspec.com/images/lifestyle_WEBQ50/I_3576.jpg
Monarch,I 3572,Accent Table — Grey / Black Metal Hall Console,Living Room,Accent Tables,75.00,236.00,161.00,Yes,https://www.monarchspec.com/images/lifestyle_WEBQ50/I_3572.jpg
Monarch,I 3514,Accent Table — Grey / Black Metal Hall Console,Living Room,Accent Tables,75.00,236.00,161.00,Yes,https://www.monarchspec.com/images/lifestyle_WEBQ50/I_3514.jpg
Monarch,I 3201,Accent Table — Grey / Black Metal Usb / Plug,Living Room,Accent Tables,62.00,195.00,133.00,Yes,https://www.monarchspec.com/images/lifestyle_WEBQ50/I_3201.jpg
Monarch,I 3474,Accent Table — Grey / Chrome Metal,Living Room,Accent Tables,65.00,205.00,140.00,Yes,https://www.monarchspec.com/images/lifestyle_WEBQ50/I_3474.jpg
Monarch,I 3637,Accent Table — Grey / Chrome Metal,Living Room,Accent Tables,40.00,126.00,86.00,Yes,https://www.monarchspec.com/images/lifestyle_WEBQ50/I_3637.jpg
Monarch,I 3552,Accent Table — Grey Cement / Black Nickel Metal,Living Room,Accent Tables,75.00,236.00,161.00,Yes,https://www.monarchspec.com/images/lifestyle_WEBQ50/I_3552.jpg
Monarch,I 3264,Accent Table — Grey Cement / Chrome Metal,Living Room,Accent Tables,70.00,220.00,150.00,Yes,https://www.monarchspec.com/images/lifestyle_WEBQ50/I_3264.jpg
Monarch,I 3471,Accent Table — Grey Cement / Chrome Metal,Living Room,Accent Tables,65.00,205.00,140.00,Yes,https://www.monarchspec.com/images/lifestyle_WEBQ50/I_3471.jpg
Monarch,I 3481,Accent Table — Grey Cement / Chrome Metal,Living Room,Accent Tables,75.00,236.00,161.00,Yes,https://www.monarchspec.com/images/lifestyle_WEBQ50/I_3481.jpg
Monarch,I 3639,Accent Table — Grey Cement / Chrome Metal,Living Room,Accent Tables,40.00,126.00,86.00,Yes,https://www.monarchspec.com/images/lifestyle_WEBQ50/I_3639.jpg
Monarch,I 3232,Accent Table — Grey Cement / Tempered Glass,Living Room,Accent Tables,95.00,299.00,204.00,Yes,https://www.monarchspec.com/images/lifestyle_WEBQ50/I_3232.jpg
Monarch,I 3373,Accent Table — Grey Cement With A Drawer,Living Room,Accent Tables,65.00,205.00,140.00,Yes,https://www.monarchspec.com/images/lifestyle_WEBQ50/I_3373.jpg
Monarch,I 3185,Accent Table — Grey Cement With Chrome Metal,Living Room,Accent Tables,54.00,170.00,116.00,Yes,https://www.monarchspec.com/images/lifestyle_WEBQ50/I_3185.jpg
Monarch,I 3372,Accent Table — Grey Cement With Chrome Metal,Living Room,Accent Tables,45.00,142.00,97.00,Yes,https://www.monarchspec.com/images/lifestyle_WEBQ50/I_3372.jpg
Monarch,I 3658,Accent Table — Grey Corner Console,Living Room,Accent Tables,75.00,236.00,161.00,Yes,https://www.monarchspec.com/images/lifestyle_WEBQ50/I_3658.jpg
Monarch,I 3668,Accent Table — Grey End Table With 1 Drawer,Living Room,Accent Tables,55.00,173.00,118.00,Yes,https://www.monarchspec.com/images/lifestyle_WEBQ50/I_3668.jpg
Monarch,I 3629,Accent Table — Grey End Table With 2 Drawers,Living Room,Accent Tables,55.00,173.00,118.00,Yes,https://www.monarchspec.com/images/lifestyle_WEBQ50/I_3629.jpg
Monarch,I 3608,Accent Table — Grey End Table With 2 Drawers,Living Room,Accent Tables,55.00,173.00,118.00,Yes,https://www.monarchspec.com/images/lifestyle_WEBQ50/I_3608.jpg
Monarch,I 3690,Accent Table — Grey End Table With 2 Drawers,Living Room,Accent Tables,55.00,173.00,118.00,Yes,https://www.monarchspec.com/images/lifestyle_WEBQ50/I_3690.jpg
Monarch,I 4110,Accent Table — Grey Indoor Or Outdoor,Living Room,Accent Tables,150.00,472.00,322.00,Yes,https://www.monarchspec.com/images/lifestyle_WEBQ50/I_4110.jpg
Monarch,I 4115,Accent Table — Grey Indoor Or Outdoor,Living Room,Accent Tables,150.00,472.00,322.00,Yes,https://www.monarchspec.com/images/lifestyle_WEBQ50/I_4115.jpg
Monarch,I 4130,Accent Table — Grey Indoor Or Outdoor,Living Room,Accent Tables,150.00,472.00,322.00,Yes,https://www.monarchspec.com/images/lifestyle_WEBQ50/I_4130.jpg
Monarch,I 4125,Accent Table — Grey Indoor Or Outdoor,Living Room,Accent Tables,150.00,472.00,322.00,Yes,https://www.monarchspec.com/images/lifestyle_WEBQ50/I_4125.jpg
Monarch,I 4120,Accent Table — Grey Indoor Or Outdoor,Living Room,Accent Tables,150.00,472.00,322.00,Yes,https://www.monarchspec.com/images/lifestyle_WEBQ50/I_4120.jpg
Monarch,I 4152,Accent Table — Grey Indoor Or Outdoor,Living Room,Accent Tables,150.00,472.00,322.00,Yes,https://www.monarchspec.com/images/lifestyle_WEBQ50/I_4152.jpg
Monarch,I 4148,Accent Table — Grey Indoor Or Outdoor,Living Room,Accent Tables,150.00,472.00,322.00,Yes,https://www.monarchspec.com/images/lifestyle_WEBQ50/I_4148.jpg
Monarch,I 4144,Accent Table — Grey Indoor Or Outdoor,Living Room,Accent Tables,150.00,472.00,322.00,Yes,https://www.monarchspec.com/images/lifestyle_WEBQ50/I_4144.jpg
Monarch,I 4160,Accent Table — Grey Indoor Or Outdoor,Living Room,Accent Tables,150.00,472.00,322.00,Yes,https://www.monarchspec.com/images/lifestyle_WEBQ50/I_4160.jpg
Monarch,I 2138,Accent Table — Grey Night Stand With Storage,Living Room,Accent Tables,33.00,104.00,71.00,Yes,https://www.monarchspec.com/images/lifestyle_WEBQ50/I_2138.jpg
Monarch,I 3454,Accent Table — Grey Reclaimed Wood / Black Consol,Living Room,Accent Tables,150.00,472.00,322.00,Yes,https://www.monarchspec.com/images/lifestyle_WEBQ50/I_3454.jpg
Monarch,I 3631,Accent Table — Grey Reclaimed Wood / Black Metal,Living Room,Accent Tables,40.00,126.00,86.00,Yes,https://www.monarchspec.com/images/lifestyle_WEBQ50/I_3631.jpg
Monarch,I 3584,Accent Table — Grey Stone-Look / Black Metal,Living Room,Accent Tables,40.00,126.00,86.00,Yes,https://www.monarchspec.com/images/lifestyle_WEBQ50/I_3584.jpg
Monarch,I 3305,Accent Table — Grey Stone-Look / Black Metal,Living Room,Accent Tables,27.00,85.00,58.00,Yes,https://www.monarchspec.com/images/lifestyle_WEBQ50/I_3305.jpg
Monarch,I 3765,Accent Table — Grey Stone-Look / Black Metal,Living Room,Accent Tables,22.00,69.00,47.00,Yes,https://www.monarchspec.com/images/lifestyle_WEBQ50/I_3765.jpg
Monarch,I 2206,Accent Table — Grey Stone-Look / Black Metal,Living Room,Accent Tables,34.00,107.00,73.00,Yes,https://www.monarchspec.com/images/lifestyle_WEBQ50/I_2206.jpg
Monarch,I 3134,Accent Table — Grey Top,Living Room,Accent Tables,35.00,110.00,75.00,Yes,https://www.monarchspec.com/images/lifestyle_WEBQ50/I_3134.jpg
Monarch,I 2134,Accent Table — Grey Top Night Stand With Storage,Living Room,Accent Tables,33.00,104.00,71.00,Yes,https://www.monarchspec.com/images/lifestyle_WEBQ50/I_2134.jpg
Monarch,I 3228,Accent Table — Grey With Chrome Metal,Living Room,Accent Tables,45.00,142.00,97.00,Yes,https://www.monarchspec.com/images/lifestyle_WEBQ50/I_3228.jpg
Monarch,I 3332,Accent Table — Hammered Black Metal With Tempered,Living Room,Accent Tables,34.00,107.00,73.00,Yes,https://www.monarchspec.com/images/lifestyle_WEBQ50/I_3332.jpg
Monarch,I 3163,Accent Table — Hammered Brown,Living Room,Accent Tables,29.00,91.00,62.00,Yes,https://www.monarchspec.com/images/lifestyle_WEBQ50/I_3163.jpg
Monarch,I 3380,Accent Table — Industrial Grey,Living Room,Accent Tables,35.00,110.00,75.00,Yes,https://www.monarchspec.com/images/lifestyle_WEBQ50/I_3380.jpg
Monarch,I 2509,Accent Table — Light Beige / Dark Oak / 1 Door,Living Room,Accent Tables,49.00,154.00,105.00,Yes,https://www.monarchspec.com/images/lifestyle_WEBQ50/I_2509.jpg
Monarch,I 3609,Accent Table — Light Brown End Table - 2 Drawers,Living Room,Accent Tables,55.00,173.00,118.00,Yes,https://www.monarchspec.com/images/lifestyle_WEBQ50/I_3609.jpg
Monarch,I 2794,Accent Table — Light Walnut / Seagrass-Look End T,Living Room,Accent Tables,72.00,227.00,155.00,Yes,https://www.monarchspec.com/images/lifestyle_WEBQ50/I_2794.jpg
Monarch,I 2881,Accent Table — Mango Wood-Look / Black Metal,Living Room,Accent Tables,100.00,315.00,215.00,Yes,https://www.monarchspec.com/images/lifestyle_WEBQ50/I_2881.jpg
Monarch,I 3842,Accent Table — Natural / Natural Drawer,Living Room,Accent Tables,35.00,110.00,75.00,Yes,https://www.monarchspec.com/images/lifestyle_WEBQ50/I_3842.jpg
Monarch,I 3775,Accent Table — Natural / White Metal,Living Room,Accent Tables,38.00,120.00,82.00,Yes,https://www.monarchspec.com/images/lifestyle_WEBQ50/I_3775.jpg
Monarch,I 3677,Accent Table — Natural / White Metal,Living Room,Accent Tables,35.00,110.00,75.00,Yes,https://www.monarchspec.com/images/lifestyle_WEBQ50/I_3677.jpg
Monarch,I 2222,Accent Table — Natural / White Metal Hall Console,Living Room,Accent Tables,100.00,315.00,215.00,Yes,https://www.monarchspec.com/images/lifestyle_WEBQ50/I_2222.jpg
Monarch,I 3692,Accent Table — Natural End Table - 2 Drawers,Living Room,Accent Tables,55.00,173.00,118.00,Yes,https://www.monarchspec.com/images/lifestyle_WEBQ50/I_3692.jpg
Monarch,I 2513,Accent Table — Rustic Grey / 1 Door,Living Room,Accent Tables,49.00,154.00,105.00,Yes,https://www.monarchspec.com/images/lifestyle_WEBQ50/I_2513.jpg
Monarch,I 3314,Accent Table — Satin Black Metal With Tempered Gl,Living Room,Accent Tables,50.00,158.00,108.00,Yes,https://www.monarchspec.com/images/lifestyle_WEBQ50/I_3314.jpg
Monarch,I 2128,Accent Table — Silver / Tempered Glass Hall Conso,Living Room,Accent Tables,59.00,186.00,127.00,Yes,https://www.monarchspec.com/images/lifestyle_WEBQ50/I_2128.jpg
Monarch,I 3924,Accent Table — Silver Grey Iron Metal Drum End,Living Room,Accent Tables,160.00,504.00,344.00,Yes,https://www.monarchspec.com/images/lifestyle_WEBQ50/I_3924.jpg
Monarch,I 3929,Accent Table — Silver Grey Iron Metal Drum End,Living Room,Accent Tables,170.00,536.00,366.00,Yes,https://www.monarchspec.com/images/lifestyle_WEBQ50/I_3929.jpg
Monarch,I 3137,Accent Table — Silver Metal,Living Room,Accent Tables,28.00,88.00,60.00,Yes,https://www.monarchspec.com/images/lifestyle_WEBQ50/I_3137.jpg
Monarch,I 3090,Accent Table — Silver Metal With Tempered Glass,Living Room,Accent Tables,26.00,82.00,56.00,Yes,https://www.monarchspec.com/images/lifestyle_WEBQ50/I_3090.jpg
Monarch,I 3158,Accent Table — Silver Metal With Tempered Glass,Living Room,Accent Tables,45.00,142.00,97.00,Yes,https://www.monarchspec.com/images/lifestyle_WEBQ50/I_3158.jpg
Monarch,I 3106,Accent Table — Silver Metal With Tempered Glass,Living Room,Accent Tables,25.00,79.00,54.00,Yes,https://www.monarchspec.com/images/lifestyle_WEBQ50/I_3106.jpg
Monarch,I 3533,Accent Table — Taupe / Black Metal Hall Console,Living Room,Accent Tables,70.00,220.00,150.00,Yes,https://www.monarchspec.com/images/lifestyle_WEBQ50/I_3533.jpg
Monarch,I 3573,Accent Table — Taupe / Black Metal Hall Console,Living Room,Accent Tables,75.00,236.00,161.00,Yes,https://www.monarchspec.com/images/lifestyle_WEBQ50/I_3573.jpg
Monarch,I 3693,Accent Table — Taupe End Table - 2 Drawers,Living Room,Accent Tables,55.00,173.00,118.00,Yes,https://www.monarchspec.com/images/lifestyle_WEBQ50/I_3693.jpg
Monarch,I 3455,Accent Table — Taupe Reclaimed Wood / Black Conso,Living Room,Accent Tables,135.00,425.00,290.00,Yes,https://www.monarchspec.com/images/lifestyle_WEBQ50/I_3455.jpg
Monarch,I 2892,Accent Table — Travertine Stone End Table,Living Room,Accent Tables,49.00,154.00,105.00,Yes,https://www.monarchspec.com/images/lifestyle_WEBQ50/I_2892.jpg
Monarch,I 3607,Accent Table — Walnut End Table With 2 Drawers,Living Room,Accent Tables,55.00,173.00,118.00,Yes,https://www.monarchspec.com/images/lifestyle_WEBQ50/I_3607.jpg
Monarch,I 3614,Accent Table — Walnut End Table With 2 Drawers,Living Room,Accent Tables,60.00,189.00,129.00,Yes,https://www.monarchspec.com/images/lifestyle_WEBQ50/I_3614.jpg
Monarch,I 4113,Accent Table — Walnut Indoor Or Outdoor,Living Room,Accent Tables,150.00,472.00,322.00,Yes,https://www.monarchspec.com/images/lifestyle_WEBQ50/I_4113.jpg
Monarch,I 4133,Accent Table — Walnut Indoor Or Outdoor,Living Room,Accent Tables,150.00,472.00,322.00,Yes,https://www.monarchspec.com/images/lifestyle_WEBQ50/I_4133.jpg
Monarch,I 4128,Accent Table — Walnut Indoor Or Outdoor,Living Room,Accent Tables,150.00,472.00,322.00,Yes,https://www.monarchspec.com/images/lifestyle_WEBQ50/I_4128.jpg
Monarch,I 4123,Accent Table — Walnut Indoor Or Outdoor,Living Room,Accent Tables,150.00,472.00,322.00,Yes,https://www.monarchspec.com/images/lifestyle_WEBQ50/I_4123.jpg
Monarch,I 4155,Accent Table — Walnut Indoor Or Outdoor,Living Room,Accent Tables,150.00,472.00,322.00,Yes,https://www.monarchspec.com/images/lifestyle_WEBQ50/I_4155.jpg
Monarch,I 3950,Accent Table — Washed Grey Veneer End Table,Living Room,Accent Tables,110.00,346.00,236.00,Yes,https://www.monarchspec.com/images/lifestyle_WEBQ50/I_3950.jpg
Monarch,I 3980,Accent Table — Washed Grey Veneer End Table,Living Room,Accent Tables,75.00,236.00,161.00,Yes,https://www.monarchspec.com/images/lifestyle_WEBQ50/I_3980.jpg
Monarch,I 3963,Accent Table — Washed Grey Veneer End Table,Living Room,Accent Tables,85.00,268.00,183.00,Yes,https://www.monarchspec.com/images/lifestyle_WEBQ50/I_3963.jpg
Monarch,I 3826,Accent Table — Washed Oak / Black Metal,Living Room,Accent Tables,22.00,69.00,47.00,Yes,https://www.monarchspec.com/images/lifestyle_WEBQ50/I_3826.jpg
Monarch,I 3757,Accent Table — Washed Oak / Black Metal,Living Room,Accent Tables,16.00,50.00,34.00,Yes,https://www.monarchspec.com/images/lifestyle_WEBQ50/I_3757.jpg
Monarch,I 3817,Accent Table — Washed Oak / Black Metal,Living Room,Accent Tables,30.00,94.00,64.00,Yes,https://www.monarchspec.com/images/lifestyle_WEBQ50/I_3817.jpg
Monarch,I 3812,Accent Table — Washed Oak / Black Metal,Living Room,Accent Tables,39.00,123.00,84.00,Yes,https://www.monarchspec.com/images/lifestyle_WEBQ50/I_3812.jpg
Monarch,I 3117,Accent Table — White,Living Room,Accent Tables,35.00,110.00,75.00,Yes,https://www.monarchspec.com/images/lifestyle_WEBQ50/I_3117.jpg
Monarch,I 2475,Accent Table — White,Living Room,Accent Tables,45.00,142.00,97.00,Yes,https://www.monarchspec.com/images/lifestyle_WEBQ50/I_2475.jpg
Monarch,I 2479,Accent Table — White,Living Room,Accent Tables,65.00,205.00,140.00,Yes,https://www.monarchspec.com/images/lifestyle_WEBQ50/I_2479.jpg
Monarch,I 3770,Accent Table — White / Black Metal,Living Room,Accent Tables,38.00,120.00,82.00,Yes,https://www.monarchspec.com/images/lifestyle_WEBQ50/I_3770.jpg
Monarch,I 3760,Accent Table — White / Black Metal,Living Room,Accent Tables,22.00,69.00,47.00,Yes,https://www.monarchspec.com/images/lifestyle_WEBQ50/I_3760.jpg
Monarch,I 2252,Accent Table — White / Black Metal Console,Living Room,Accent Tables,35.00,110.00,75.00,Yes,https://www.monarchspec.com/images/lifestyle_WEBQ50/I_2252.jpg
Monarch,I 2405,Accent Table — White / Cement-Look Hall Console,Living Room,Accent Tables,90.00,284.00,194.00,Yes,https://www.monarchspec.com/images/lifestyle_WEBQ50/I_2405.jpg
Monarch,I 3843,Accent Table — White / Natural Drawer,Living Room,Accent Tables,35.00,110.00,75.00,Yes,https://www.monarchspec.com/images/lifestyle_WEBQ50/I_3843.jpg
Monarch,I 2068,Accent Table — White / Silver / Tempered Glass,Living Room,Accent Tables,37.00,117.00,80.00,Yes,https://www.monarchspec.com/images/lifestyle_WEBQ50/I_2068.jpg
Monarch,I 3774,Accent Table — White / Silver Metal,Living Room,Accent Tables,38.00,120.00,82.00,Yes,https://www.monarchspec.com/images/lifestyle_WEBQ50/I_3774.jpg
Monarch,I 3503,Accent Table — White / Silver Metal / Tempered Gl,Living Room,Accent Tables,55.00,173.00,118.00,Yes,https://www.monarchspec.com/images/lifestyle_WEBQ50/I_3503.jpg
Monarch,I 2160,Accent Table — White / White Corner Console,Living Room,Accent Tables,75.00,236.00,161.00,Yes,https://www.monarchspec.com/images/lifestyle_WEBQ50/I_2160.jpg
Monarch,I 3594,Accent Table — White / White Metal,Living Room,Accent Tables,40.00,126.00,86.00,Yes,https://www.monarchspec.com/images/lifestyle_WEBQ50/I_3594.jpg
Monarch,I 3676,Accent Table — White / White Metal,Living Room,Accent Tables,35.00,110.00,75.00,Yes,https://www.monarchspec.com/images/lifestyle_WEBQ50/I_3676.jpg
Monarch,I 3478,Accent Table — White / White Metal,Living Room,Accent Tables,25.00,79.00,54.00,Yes,https://www.monarchspec.com/images/lifestyle_WEBQ50/I_3478.jpg
Monarch,I 2079,Accent Table — White / White Metal,Living Room,Accent Tables,25.00,79.00,54.00,Yes,https://www.monarchspec.com/images/lifestyle_WEBQ50/I_2079.jpg
Monarch,I 3279,Accent Table — White / White Metal,Living Room,Accent Tables,32.00,101.00,69.00,Yes,https://www.monarchspec.com/images/lifestyle_WEBQ50/I_3279.jpg
Monarch,I 3017,Accent Table — White Bentwood With Tempered Glass,Living Room,Accent Tables,55.00,173.00,118.00,Yes,https://www.monarchspec.com/images/lifestyle_WEBQ50/I_3017.jpg
Monarch,I 3656,Accent Table — White Corner Console,Living Room,Accent Tables,75.00,236.00,161.00,Yes,https://www.monarchspec.com/images/lifestyle_WEBQ50/I_3656.jpg
Monarch,I 3619,Accent Table — White End Table - 2 Walnut Drawers,Living Room,Accent Tables,60.00,189.00,129.00,Yes,https://www.monarchspec.com/images/lifestyle_WEBQ50/I_3619.jpg
Monarch,I 3666,Accent Table — White End Table With 1 Drawer,Living Room,Accent Tables,55.00,173.00,118.00,Yes,https://www.monarchspec.com/images/lifestyle_WEBQ50/I_3666.jpg
Monarch,I 3627,Accent Table — White End Table With 2 Drawers,Living Room,Accent Tables,55.00,173.00,118.00,Yes,https://www.monarchspec.com/images/lifestyle_WEBQ50/I_3627.jpg
Monarch,I 3688,Accent Table — White End Table With 2 Drawers,Living Room,Accent Tables,55.00,173.00,118.00,Yes,https://www.monarchspec.com/images/lifestyle_WEBQ50/I_3688.jpg
Monarch,I 2429,Accent Table — White Hall Console,Living Room,Accent Tables,185.00,583.00,398.00,Yes,https://www.monarchspec.com/images/lifestyle_WEBQ50/I_2429.jpg
Monarch,I 2560,Accent Table — White Hall Console,Living Room,Accent Tables,90.00,284.00,194.00,Yes,https://www.monarchspec.com/images/lifestyle_WEBQ50/I_2560.jpg
Monarch,I 2438,Accent Table — White Hall Console,Living Room,Accent Tables,100.00,315.00,215.00,Yes,https://www.monarchspec.com/images/lifestyle_WEBQ50/I_2438.jpg
Monarch,I 4111,Accent Table — White Indoor Or Outdoor,Living Room,Accent Tables,150.00,472.00,322.00,Yes,https://www.monarchspec.com/images/lifestyle_WEBQ50/I_4111.jpg
Monarch,I 4116,Accent Table — White Indoor Or Outdoor,Living Room,Accent Tables,150.00,472.00,322.00,Yes,https://www.monarchspec.com/images/lifestyle_WEBQ50/I_4116.jpg
Monarch,I 4131,Accent Table — White Indoor Or Outdoor,Living Room,Accent Tables,150.00,472.00,322.00,Yes,https://www.monarchspec.com/images/lifestyle_WEBQ50/I_4131.jpg
Monarch,I 4126,Accent Table — White Indoor Or Outdoor,Living Room,Accent Tables,150.00,472.00,322.00,Yes,https://www.monarchspec.com/images/lifestyle_WEBQ50/I_4126.jpg
Monarch,I 4121,Accent Table — White Indoor Or Outdoor,Living Room,Accent Tables,150.00,472.00,322.00,Yes,https://www.monarchspec.com/images/lifestyle_WEBQ50/I_4121.jpg
Monarch,I 4153,Accent Table — White Indoor Or Outdoor,Living Room,Accent Tables,150.00,472.00,322.00,Yes,https://www.monarchspec.com/images/lifestyle_WEBQ50/I_4153.jpg
Monarch,I 4149,Accent Table — White Indoor Or Outdoor,Living Room,Accent Tables,150.00,472.00,322.00,Yes,https://www.monarchspec.com/images/lifestyle_WEBQ50/I_4149.jpg
Monarch,I 4145,Accent Table — White Indoor Or Outdoor,Living Room,Accent Tables,150.00,472.00,322.00,Yes,https://www.monarchspec.com/images/lifestyle_WEBQ50/I_4145.jpg
Monarch,I 4161,Accent Table — White Indoor Or Outdoor,Living Room,Accent Tables,150.00,472.00,322.00,Yes,https://www.monarchspec.com/images/lifestyle_WEBQ50/I_4161.jpg
Monarch,I 2159,Accent Table — White Marble / Black Corner Consol,Living Room,Accent Tables,75.00,236.00,161.00,Yes,https://www.monarchspec.com/images/lifestyle_WEBQ50/I_2159.jpg
Monarch,I 3675,Accent Table — White Marble / Black Metal,Living Room,Accent Tables,35.00,110.00,75.00,Yes,https://www.monarchspec.com/images/lifestyle_WEBQ50/I_3675.jpg
Monarch,I 2221,Accent Table — White Marble / Black Metal Console,Living Room,Accent Tables,100.00,315.00,215.00,Yes,https://www.monarchspec.com/images/lifestyle_WEBQ50/I_2221.jpg
Monarch,I 2255,Accent Table — White Marble / Black Metal Console,Living Room,Accent Tables,35.00,110.00,75.00,Yes,https://www.monarchspec.com/images/lifestyle_WEBQ50/I_2255.jpg
Monarch,I 3772,Accent Table — White Marble / Silver Metal,Living Room,Accent Tables,38.00,120.00,82.00,Yes,https://www.monarchspec.com/images/lifestyle_WEBQ50/I_3772.jpg
Monarch,I 3300,Accent Table — White Marble-Look / Black Metal,Living Room,Accent Tables,29.00,91.00,62.00,Yes,https://www.monarchspec.com/images/lifestyle_WEBQ50/I_3300.jpg
Monarch,I 2205,Accent Table — White Marble-Look / Silver Metal,Living Room,Accent Tables,34.00,107.00,73.00,Yes,https://www.monarchspec.com/images/lifestyle_WEBQ50/I_2205.jpg
Monarch,I 2112,Accent Table — White Metal Hall Console,Living Room,Accent Tables,49.00,154.00,105.00,Yes,https://www.monarchspec.com/images/lifestyle_WEBQ50/I_2112.jpg
Monarch,I 3601,Accent Table — White Metal With A Drawer,Living Room,Accent Tables,40.00,126.00,86.00,Yes,https://www.monarchspec.com/images/lifestyle_WEBQ50/I_3601.jpg
Monarch,I 3067,Accent Table — White Metal With A Magazine Rack,Living Room,Accent Tables,40.00,126.00,86.00,Yes,https://www.monarchspec.com/images/lifestyle_WEBQ50/I_3067.jpg
Monarch,I 3037,Accent Table — White Metal With Frosted Tempered ,Living Room,Accent Tables,42.00,132.00,90.00,Yes,https://www.monarchspec.com/images/lifestyle_WEBQ50/I_3037.jpg
Monarch,I 3105,Accent Table — White Metal With Tempered Glass,Living Room,Accent Tables,25.00,79.00,54.00,Yes,https://www.monarchspec.com/images/lifestyle_WEBQ50/I_3105.jpg
Monarch,I 2137,Accent Table — White Night Stand With Storage,Living Room,Accent Tables,33.00,104.00,71.00,Yes,https://www.monarchspec.com/images/lifestyle_WEBQ50/I_2137.jpg
Monarch,I 3921,Accent Table — White Textured Iron Metal Drum End,Living Room,Accent Tables,170.00,536.00,366.00,Yes,https://www.monarchspec.com/images/lifestyle_WEBQ50/I_3921.jpg
Monarch,I 3917,Accent Table — White Textured Iron Metal Drum End,Living Room,Accent Tables,150.00,472.00,322.00,Yes,https://www.monarchspec.com/images/lifestyle_WEBQ50/I_3917.jpg
Monarch,I 3599,Accent Table — White/ White Metal,Living Room,Accent Tables,60.00,189.00,129.00,Yes,https://www.monarchspec.com/images/lifestyle_WEBQ50/I_3599.jpg
Monarch,I 1383,Bench — Antique Grey / Black Fabric Seat,Living Room,Ottomans,85.00,268.00,183.00,Yes,https://www.monarchspec.com/images/lifestyle_WEBQ50/I_1383.jpg
Monarch,I 1373,Bench — Brown / Dark Brown Pu Seat,Living Room,Ottomans,80.00,252.00,172.00,Yes,https://www.monarchspec.com/images/lifestyle_WEBQ50/I_1373.jpg
Monarch,I 4501,Bench — Dark Taupe Storage / Black Metal,Living Room,Ottomans,95.00,299.00,204.00,Yes,https://www.monarchspec.com/images/lifestyle_WEBQ50/I_4501.jpg
Monarch,I 1334,Bench — Espresso / Black Pu Seat,Living Room,Ottomans,80.00,252.00,172.00,Yes,https://www.monarchspec.com/images/lifestyle_WEBQ50/I_1334.jpg
Monarch,I 1379,Bench — Grey / Brown Fabric Seat,Living Room,Ottomans,85.00,268.00,183.00,Yes,https://www.monarchspec.com/images/lifestyle_WEBQ50/I_1379.jpg
Monarch,I 1377,Bench — Grey / Cream Fabric Seat,Living Room,Ottomans,85.00,268.00,183.00,Yes,https://www.monarchspec.com/images/lifestyle_WEBQ50/I_1377.jpg
Monarch,I 4500,Bench — Grey Storage / Black Metal,Living Room,Ottomans,95.00,299.00,204.00,Yes,https://www.monarchspec.com/images/lifestyle_WEBQ50/I_4500.jpg
Monarch,I 1266,Bench — Upholstered Beige Fabric,Living Room,Ottomans,70.00,220.00,150.00,Yes,https://www.monarchspec.com/images/lifestyle_WEBQ50/I_1266.jpg
Monarch,I 1257,Bench — Upholstered Grey Fabric,Living Room,Ottomans,70.00,220.00,150.00,Yes,https://www.monarchspec.com/images/lifestyle_WEBQ50/I_1257.jpg
Monarch,I 1433,Bench — Washed Grey / Dark Grey Fabric,Living Room,Ottomans,75.00,236.00,161.00,Yes,https://www.monarchspec.com/images/lifestyle_WEBQ50/I_1433.jpg
Monarch,8K11C04,Chair — Beige Fabric #Coach-4,Living Room,Chairs,190.00,598.00,408.00,Yes,https://www.monarchspec.com/images/lifestyle_WEBQ50/8K11C04.jpg
Monarch,8J31L19,Chair — Black Fabric #Lumos-19,Living Room,Chairs,190.00,598.00,408.00,Yes,https://www.monarchspec.com/images/lifestyle_WEBQ50/8J31L19.jpg
Monarch,8J11A95,Chair — Black Pu #Ck5A95,Living Room,Chairs,200.00,630.00,430.00,Yes,https://www.monarchspec.com/images/lifestyle_WEBQ50/8J11A95.jpg
Monarch,8J21A08,Chair — Brown Pu #Ra-08,Living Room,Chairs,190.00,598.00,408.00,Yes,https://www.monarchspec.com/images/lifestyle_WEBQ50/8J21A08.jpg
Monarch,8J21710,Chair — Cognac Pu #3007-10,Living Room,Chairs,190.00,598.00,408.00,Yes,https://www.monarchspec.com/images/lifestyle_WEBQ50/8J21710.jpg
Monarch,8J11L17,Chair — Dark Grey Fabric #Lumos-17,Living Room,Chairs,200.00,630.00,430.00,Yes,https://www.monarchspec.com/images/lifestyle_WEBQ50/8J11L17.jpg
Monarch,8K11C18,Chair — Grey Fabric #Coach-18,Living Room,Chairs,190.00,598.00,408.00,Yes,https://www.monarchspec.com/images/lifestyle_WEBQ50/8K11C18.jpg
Monarch,8J31A02,Chair — Grey Pu #Ra-02,Living Room,Chairs,190.00,598.00,408.00,Yes,https://www.monarchspec.com/images/lifestyle_WEBQ50/8J31A02.jpg
Monarch,8J21L31,Chair — Light Brown Fabric #Lumos-31,Living Room,Chairs,190.00,598.00,408.00,Yes,https://www.monarchspec.com/images/lifestyle_WEBQ50/8J21L31.jpg
Monarch,8J11L68,Chair — Orange Fabric #Lumos-68,Living Room,Chairs,200.00,630.00,430.00,Yes,https://www.monarchspec.com/images/lifestyle_WEBQ50/8J11L68.jpg
Monarch,8J11L44,Chair — Rust Fabric #Lumos-44,Living Room,Chairs,200.00,630.00,430.00,Yes,https://www.monarchspec.com/images/lifestyle_WEBQ50/8J11L44.jpg
Monarch,I 3783,Coffee Table — Black Marble / Black Metal,Living Room,Coffee Tables,65.00,205.00,140.00,Yes,https://www.monarchspec.com/images/lifestyle_WEBQ50/I_3783.jpg
Monarch,I 2850,Coffee Table — Black Metal,Living Room,Coffee Tables,150.00,472.00,322.00,Yes,https://www.monarchspec.com/images/lifestyle_WEBQ50/I_2850.jpg
Monarch,I 2860,Coffee Table — Black Metal,Living Room,Coffee Tables,150.00,472.00,322.00,Yes,https://www.monarchspec.com/images/lifestyle_WEBQ50/I_2860.jpg
Monarch,I 2884,Coffee Table — Black Metal,Living Room,Coffee Tables,150.00,472.00,322.00,Yes,https://www.monarchspec.com/images/lifestyle_WEBQ50/I_2884.jpg
Monarch,I 3140,Coffee Table — Blue Tile Top / Hammered Silver,Living Room,Coffee Tables,59.00,186.00,127.00,Yes,https://www.monarchspec.com/images/lifestyle_WEBQ50/I_3140.jpg
Monarch,I 3440,Coffee Table — Chrome Metal With Tempered Glass,Living Room,Coffee Tables,110.00,346.00,236.00,Yes,https://www.monarchspec.com/images/lifestyle_WEBQ50/I_3440.jpg
Monarch,I 2525,Coffee Table — Dark Brown Knotty Oak / 2 Drawers,Living Room,Coffee Tables,110.00,346.00,236.00,Yes,https://www.monarchspec.com/images/lifestyle_WEBQ50/I_2525.jpg
Monarch,I 3792,Coffee Table — Dark Taupe / Black Metal,Living Room,Coffee Tables,55.00,173.00,118.00,Yes,https://www.monarchspec.com/images/lifestyle_WEBQ50/I_3792.jpg
Monarch,I 3797,Coffee Table — Dark Taupe / Black Metal,Living Room,Coffee Tables,55.00,173.00,118.00,Yes,https://www.monarchspec.com/images/lifestyle_WEBQ50/I_3797.jpg
Monarch,I 3786,Coffee Table — Dark Taupe / Black Metal,Living Room,Coffee Tables,65.00,205.00,140.00,Yes,https://www.monarchspec.com/images/lifestyle_WEBQ50/I_3786.jpg
Monarch,I 3054,Coffee Table — Dark Taupe With Tempered Glass,Living Room,Coffee Tables,100.00,315.00,215.00,Yes,https://www.monarchspec.com/images/lifestyle_WEBQ50/I_3054.jpg
Monarch,I 3028,Coffee Table — Glossy White With Chrome Metal,Living Room,Coffee Tables,95.00,299.00,204.00,Yes,https://www.monarchspec.com/images/lifestyle_WEBQ50/I_3028.jpg
Monarch,I 3400,Coffee Table — Glossy White With Chrome Metal,Living Room,Coffee Tables,115.00,362.00,247.00,Yes,https://www.monarchspec.com/images/lifestyle_WEBQ50/I_3400.jpg
Monarch,I 3286,Coffee Table — Glossy White With Tempered Glass,Living Room,Coffee Tables,110.00,346.00,236.00,Yes,https://www.monarchspec.com/images/lifestyle_WEBQ50/I_3286.jpg
Monarch,I 3791,Coffee Table — Grey / Black Metal,Living Room,Coffee Tables,55.00,173.00,118.00,Yes,https://www.monarchspec.com/images/lifestyle_WEBQ50/I_3791.jpg
Monarch,I 3230,Coffee Table — Grey Cement With Tempered Glass,Living Room,Coffee Tables,100.00,315.00,215.00,Yes,https://www.monarchspec.com/images/lifestyle_WEBQ50/I_3230.jpg
Monarch,I 3785,Coffee Table — Grey Stone-Look / Black Metal,Living Room,Coffee Tables,65.00,205.00,140.00,Yes,https://www.monarchspec.com/images/lifestyle_WEBQ50/I_3785.jpg
Monarch,I 3160,Coffee Table — Hammered Brown,Living Room,Coffee Tables,59.00,186.00,127.00,Yes,https://www.monarchspec.com/images/lifestyle_WEBQ50/I_3160.jpg
Monarch,I 2826,Coffee Table — Lift-Top Black / Black Metal,Living Room,Coffee Tables,95.00,299.00,204.00,Yes,https://www.monarchspec.com/images/lifestyle_WEBQ50/I_2826.jpg
Monarch,I 3820,Coffee Table — Lift-Top Black / Black Metal,Living Room,Coffee Tables,95.00,299.00,204.00,Yes,https://www.monarchspec.com/images/lifestyle_WEBQ50/I_3820.jpg
Monarch,I 3808,Coffee Table — Lift-Top Black / Black Metal,Living Room,Coffee Tables,79.00,249.00,170.00,Yes,https://www.monarchspec.com/images/lifestyle_WEBQ50/I_3808.jpg
Monarch,I 3821,Coffee Table — Lift-Top Dark Bronze / Black Metal,Living Room,Coffee Tables,95.00,299.00,204.00,Yes,https://www.monarchspec.com/images/lifestyle_WEBQ50/I_3821.jpg
Monarch,I 3806,Coffee Table — Lift-Top Dark Taupe / Black Metal,Living Room,Coffee Tables,79.00,249.00,170.00,Yes,https://www.monarchspec.com/images/lifestyle_WEBQ50/I_3806.jpg
Monarch,I 3805,Coffee Table — Lift-Top Grey / Black Metal,Living Room,Coffee Tables,79.00,249.00,170.00,Yes,https://www.monarchspec.com/images/lifestyle_WEBQ50/I_3805.jpg
Monarch,I 3807,Coffee Table — Lift-Top Washed Oak / Black Metal,Living Room,Coffee Tables,79.00,249.00,170.00,Yes,https://www.monarchspec.com/images/lifestyle_WEBQ50/I_3807.jpg
Monarch,I 2508,Coffee Table — Light Beige / Dark Oak,Living Room,Coffee Tables,85.00,268.00,183.00,Yes,https://www.monarchspec.com/images/lifestyle_WEBQ50/I_2508.jpg
Monarch,I 2512,Coffee Table — Rustic Grey,Living Room,Coffee Tables,85.00,268.00,183.00,Yes,https://www.monarchspec.com/images/lifestyle_WEBQ50/I_2512.jpg
Monarch,I 2891,Coffee Table — Travertine Stone / Two Tier,Living Room,Coffee Tables,89.00,280.00,191.00,Yes,https://www.monarchspec.com/images/lifestyle_WEBQ50/I_2891.jpg
Monarch,I 2836,Coffee Table — Walnut Mid-Century With A Drawer,Living Room,Coffee Tables,90.00,284.00,194.00,Yes,https://www.monarchspec.com/images/lifestyle_WEBQ50/I_2836.jpg
Monarch,I 3790,Coffee Table — White / Silver Metal,Living Room,Coffee Tables,55.00,173.00,118.00,Yes,https://www.monarchspec.com/images/lifestyle_WEBQ50/I_3790.jpg
Monarch,I 3795,Coffee Table — White / Silver Metal,Living Room,Coffee Tables,55.00,173.00,118.00,Yes,https://www.monarchspec.com/images/lifestyle_WEBQ50/I_3795.jpg
Monarch,I 3800,Coffee Table — White / Silver Metal,Living Room,Coffee Tables,75.00,236.00,161.00,Yes,https://www.monarchspec.com/images/lifestyle_WEBQ50/I_3800.jpg
Monarch,I 3053,Nesting Table — Dark Taupe / Tempered Glass,Living Room,Accent Tables,110.00,346.00,236.00,Yes,https://www.monarchspec.com/images/lifestyle_WEBQ50/I_3053.jpg
Monarch,I 3237,Nesting Table — Espresso / Gold Metal,Living Room,Accent Tables,90.00,284.00,194.00,Yes,https://www.monarchspec.com/images/lifestyle_WEBQ50/I_3237.jpg
Monarch,I 3025,Nesting Table — Glossy White / Chrome Metal,Living Room,Accent Tables,115.00,362.00,247.00,Yes,https://www.monarchspec.com/images/lifestyle_WEBQ50/I_3025.jpg
Monarch,I 3287,Nesting Table — Glossy White / Tempered Glass,Living Room,Accent Tables,110.00,346.00,236.00,Yes,https://www.monarchspec.com/images/lifestyle_WEBQ50/I_3287.jpg
Monarch,I 3161,Nesting Table — Terracotta Tile Top / Brown,Living Room,Accent Tables,49.00,154.00,105.00,Yes,https://www.monarchspec.com/images/lifestyle_WEBQ50/I_3161.jpg
Monarch,I 9013,Ottoman — Natural Wood Legs,Living Room,Ottomans,25.00,79.00,54.00,Yes,https://www.monarchspec.com/images/lifestyle_WEBQ50/I_9013.jpg
Monarch,I 4015,Outdoor Chair — Set Of 4,Living Room,Chairs,210.00,662.00,452.00,Yes,https://www.monarchspec.com/images/lifestyle_WEBQ50/I_4015.jpg
Monarch,I 4016,Outdoor Chair — Set Of 4,Living Room,Chairs,210.00,662.00,452.00,Yes,https://www.monarchspec.com/images/lifestyle_WEBQ50/I_4016.jpg
Monarch,I 4019,Outdoor Chair — Set Of 4,Living Room,Chairs,210.00,662.00,452.00,Yes,https://www.monarchspec.com/images/lifestyle_WEBQ50/I_4019.jpg
Monarch,I 4017,Outdoor Chair — Set Of 4,Living Room,Chairs,210.00,662.00,452.00,Yes,https://www.monarchspec.com/images/lifestyle_WEBQ50/I_4017.jpg
Monarch,I 4018,Outdoor Chair — Set Of 4,Living Room,Chairs,210.00,662.00,452.00,Yes,https://www.monarchspec.com/images/lifestyle_WEBQ50/I_4018.jpg
Monarch,I 4020,Outdoor Chair — Set Of 4,Living Room,Chairs,240.00,756.00,516.00,Yes,https://www.monarchspec.com/images/lifestyle_WEBQ50/I_4020.jpg
Monarch,I 4021,Outdoor Chair — Set Of 4,Living Room,Chairs,240.00,756.00,516.00,Yes,https://www.monarchspec.com/images/lifestyle_WEBQ50/I_4021.jpg
Monarch,I 4024,Outdoor Chair — Set Of 4,Living Room,Chairs,240.00,756.00,516.00,Yes,https://www.monarchspec.com/images/lifestyle_WEBQ50/I_4024.jpg
Monarch,I 4022,Outdoor Chair — Set Of 4,Living Room,Chairs,240.00,756.00,516.00,Yes,https://www.monarchspec.com/images/lifestyle_WEBQ50/I_4022.jpg
Monarch,I 4023,Outdoor Chair — Set Of 4,Living Room,Chairs,240.00,756.00,516.00,Yes,https://www.monarchspec.com/images/lifestyle_WEBQ50/I_4023.jpg
Monarch,I 4005,Outdoor Chair — Set Of 4,Living Room,Chairs,200.00,630.00,430.00,Yes,https://www.monarchspec.com/images/lifestyle_WEBQ50/I_4005.jpg
Monarch,I 4006,Outdoor Chair — Set Of 4,Living Room,Chairs,200.00,630.00,430.00,Yes,https://www.monarchspec.com/images/lifestyle_WEBQ50/I_4006.jpg
Monarch,I 4007,Outdoor Chair — Set Of 4,Living Room,Chairs,200.00,630.00,430.00,Yes,https://www.monarchspec.com/images/lifestyle_WEBQ50/I_4007.jpg
Monarch,I 4008,Outdoor Chair — Set Of 4,Living Room,Chairs,200.00,630.00,430.00,Yes,https://www.monarchspec.com/images/lifestyle_WEBQ50/I_4008.jpg
Monarch,I 4009,Outdoor Chair — Set Of 4,Living Room,Chairs,185.00,583.00,398.00,Yes,https://www.monarchspec.com/images/lifestyle_WEBQ50/I_4009.jpg
Monarch,I 4010,Outdoor Chair — Set Of 4,Living Room,Chairs,185.00,583.00,398.00,Yes,https://www.monarchspec.com/images/lifestyle_WEBQ50/I_4010.jpg
Monarch,I 4011,Outdoor Chair — Set Of 4,Living Room,Chairs,185.00,583.00,398.00,Yes,https://www.monarchspec.com/images/lifestyle_WEBQ50/I_4011.jpg
Monarch,I 4012,Outdoor Chair — Set Of 4,Living Room,Chairs,185.00,583.00,398.00,Yes,https://www.monarchspec.com/images/lifestyle_WEBQ50/I_4012.jpg
Monarch,I 4013,Outdoor Chair — Set Of 4,Living Room,Chairs,185.00,583.00,398.00,Yes,https://www.monarchspec.com/images/lifestyle_WEBQ50/I_4013.jpg
Monarch,I 4025,Outdoor Chair — Set Of 4,Living Room,Chairs,210.00,662.00,452.00,Yes,https://www.monarchspec.com/images/lifestyle_WEBQ50/I_4025.jpg
Monarch,I 4026,Outdoor Chair — Set Of 4,Living Room,Chairs,210.00,662.00,452.00,Yes,https://www.monarchspec.com/images/lifestyle_WEBQ50/I_4026.jpg
Monarch,I 4029,Outdoor Chair — Set Of 4,Living Room,Chairs,210.00,662.00,452.00,Yes,https://www.monarchspec.com/images/lifestyle_WEBQ50/I_4029.jpg
Monarch,I 4027,Outdoor Chair — Set Of 4,Living Room,Chairs,210.00,662.00,452.00,Yes,https://www.monarchspec.com/images/lifestyle_WEBQ50/I_4027.jpg
Monarch,I 4028,Outdoor Chair — Set Of 4,Living Room,Chairs,210.00,662.00,452.00,Yes,https://www.monarchspec.com/images/lifestyle_WEBQ50/I_4028.jpg
Monarch,8M11031,Reclining Chair — Cupholders Grey Aotansi # Cb0031,Living Room,Chairs,319.00,1005.00,686.00,Yes,https://www.monarchspec.com/images/lifestyle_WEBQ50/8M11031.jpg
Monarch,8M11019,Reclining Chair — Cupholders Grey Jialian # Cb0019,Living Room,Chairs,319.00,1005.00,686.00,Yes,https://www.monarchspec.com/images/lifestyle_WEBQ50/8M11019.jpg
Monarch,8M11070,Reclining Chair — Cupholders Grey Yanqing # Jra-070,Living Room,Chairs,319.00,1005.00,686.00,Yes,https://www.monarchspec.com/images/lifestyle_WEBQ50/8M11070.jpg
Monarch,I 8187,Reclining Chair — Swivel Glider / Cream,Living Room,Recliners,625.00,1969.00,1344.00,Yes,https://www.monarchspec.com/images/lifestyle_WEBQ50/I_8187.jpg
Monarch,I 8185,Reclining Chair — Swivel Glider / Dark Grey,Living Room,Recliners,625.00,1969.00,1344.00,Yes,https://www.monarchspec.com/images/lifestyle_WEBQ50/I_8185.jpg
Monarch,I 8186,Reclining Chair — Swivel Glider / Light Grey,Living Room,Recliners,625.00,1969.00,1344.00,Yes,https://www.monarchspec.com/images/lifestyle_WEBQ50/I_8186.jpg
Monarch,I 8188,Reclining Chair — Swivel Glider/ Light Brown,Living Room,Recliners,625.00,1969.00,1344.00,Yes,https://www.monarchspec.com/images/lifestyle_WEBQ50/I_8188.jpg
Monarch,8P21406,Reclining Chair — Usb Beige # 2514-06,Living Room,Chairs,419.00,1320.00,901.00,Yes,https://www.monarchspec.com/images/lifestyle_WEBQ50/8P21406.jpg
Monarch,8P11106,Reclining Chair — Usb Beige Breeze #106,Living Room,Chairs,419.00,1320.00,901.00,Yes,https://www.monarchspec.com/images/lifestyle_WEBQ50/8P11106.jpg
Monarch,8P41102,Reclining Chair — Usb Beige City # 102,Living Room,Chairs,499.00,1572.00,1073.00,Yes,https://www.monarchspec.com/images/lifestyle_WEBQ50/8P41102.jpg
Monarch,8P21418,Reclining Chair — Usb Blue # 2514-18,Living Room,Chairs,419.00,1320.00,901.00,Yes,https://www.monarchspec.com/images/lifestyle_WEBQ50/8P21418.jpg
Monarch,8P31061,Reclining Chair — Usb Brown Pu Tjb-061,Living Room,Chairs,489.00,1540.00,1051.00,Yes,https://www.monarchspec.com/images/lifestyle_WEBQ50/8P31061.jpg
Monarch,8P21408,Reclining Chair — Usb Gold # 2514-08,Living Room,Chairs,419.00,1320.00,901.00,Yes,https://www.monarchspec.com/images/lifestyle_WEBQ50/8P21408.jpg
Monarch,8P11451,Reclining Chair — Usb Grey Breeze #451,Living Room,Chairs,419.00,1320.00,901.00,Yes,https://www.monarchspec.com/images/lifestyle_WEBQ50/8P11451.jpg
Monarch,8P41453,Reclining Chair — Usb Grey City # 453,Living Room,Chairs,499.00,1572.00,1073.00,Yes,https://www.monarchspec.com/images/lifestyle_WEBQ50/8P41453.jpg
Monarch,8P42102,Reclining Love Seat — Console / Usb Beige City # 102,Living Room,Console Tables,895.00,2819.00,1924.00,Yes,https://www.monarchspec.com/images/lifestyle_WEBQ50/8P42102.jpg
Monarch,8P42453,Reclining Love Seat — Console / Usb Grey City # 453,Living Room,Console Tables,895.00,2819.00,1924.00,Yes,https://www.monarchspec.com/images/lifestyle_WEBQ50/8P42453.jpg
Monarch,8M13031,Reclining Sofa — Grey Fabric Aotansi # Cb0031,Living Room,Sofas,550.00,1732.00,1182.00,Yes,https://www.monarchspec.com/images/lifestyle_WEBQ50/8M13031.jpg
Monarch,8M13019,Reclining Sofa — Grey Fabric Jialian # Cb0019,Living Room,Sofas,550.00,1732.00,1182.00,Yes,https://www.monarchspec.com/images/lifestyle_WEBQ50/8M13019.jpg
Monarch,8M13070,Reclining Sofa — Grey Pu Yanqing # Jra-070,Living Room,Sofas,550.00,1732.00,1182.00,Yes,https://www.monarchspec.com/images/lifestyle_WEBQ50/8M13070.jpg
Monarch,8P13106,Reclining Sofa — Usb - Beige Fabric Breeze #106,Living Room,Sofas,750.00,2362.00,1612.00,Yes,https://www.monarchspec.com/images/lifestyle_WEBQ50/8P13106.jpg
Monarch,8P43102,Reclining Sofa — Usb - Beige Fabric City # 102,Living Room,Sofas,925.00,2914.00,1989.00,Yes,https://www.monarchspec.com/images/lifestyle_WEBQ50/8P43102.jpg
Monarch,8P23406,Reclining Sofa — Usb - Beige Fabric Sky #2514-06,Living Room,Sofas,865.00,2725.00,1860.00,Yes,https://www.monarchspec.com/images/lifestyle_WEBQ50/8P23406.jpg
Monarch,8P23418,Reclining Sofa — Usb - Blue Fabric Sky #2514-18,Living Room,Sofas,865.00,2725.00,1860.00,Yes,https://www.monarchspec.com/images/lifestyle_WEBQ50/8P23418.jpg
Monarch,8P23408,Reclining Sofa — Usb - Gold Fabric Sky #2514-08,Living Room,Sofas,865.00,2725.00,1860.00,Yes,https://www.monarchspec.com/images/lifestyle_WEBQ50/8P23408.jpg
Monarch,8P13451,Reclining Sofa — Usb - Grey Fabric Breeze #451,Living Room,Sofas,750.00,2362.00,1612.00,Yes,https://www.monarchspec.com/images/lifestyle_WEBQ50/8P13451.jpg
Monarch,8P43453,Reclining Sofa — Usb - Grey Fabric City # 453,Living Room,Sofas,925.00,2914.00,1989.00,Yes,https://www.monarchspec.com/images/lifestyle_WEBQ50/8P43453.jpg
Monarch,8P33061,Reclining Sofa — Usb Brown Pu #Tjb-061,Living Room,Sofas,875.00,2756.00,1881.00,Yes,https://www.monarchspec.com/images/lifestyle_WEBQ50/8P33061.jpg
Monarch,8224G18,Sleeper Sofa — Charcoal Grey Fabric #Brego-18,Living Room,Sofa Beds,550.00,1732.00,1182.00,Yes,https://www.monarchspec.com/images/lifestyle_WEBQ50/8224G18.jpg
Monarch,8224C16,Sleeper Sofa — Convertible Bed Brown Fabric #Cent,Living Room,Sofa Beds,550.00,1732.00,1182.00,Yes,https://www.monarchspec.com/images/lifestyle_WEBQ50/8224C16.jpg
Monarch,8224C13,Sleeper Sofa — Convertible Bed Grey Fabric #Centa,Living Room,Sofa Beds,550.00,1732.00,1182.00,Yes,https://www.monarchspec.com/images/lifestyle_WEBQ50/8224C13.jpg
Monarch,8224G31,Sleeper Sofa — Light Beige Fabric #Brego-31,Living Room,Sofa Beds,550.00,1732.00,1182.00,Yes,https://www.monarchspec.com/images/lifestyle_WEBQ50/8224G31.jpg
Monarch,8A14L83,Sleeper Sofa — R Storage Lounger Blue Fabric # Lu,Living Room,Sofa Beds,575.00,1811.00,1236.00,Yes,https://www.monarchspec.com/images/lifestyle_WEBQ50/8A14L83.jpg
Monarch,8A14L31,Sleeper Sofa — R Storage Lounger Brown Fabric # L,Living Room,Sofa Beds,575.00,1811.00,1236.00,Yes,https://www.monarchspec.com/images/lifestyle_WEBQ50/8A14L31.jpg
Monarch,8A14L08,Sleeper Sofa — R Storage Lounger Grey Fabric # Lu,Living Room,Sofa Beds,575.00,1811.00,1236.00,Yes,https://www.monarchspec.com/images/lifestyle_WEBQ50/8A14L08.jpg
Monarch,8A14L13,Sleeper Sofa — R Storage Lounger Grey Fabric # Lu,Living Room,Sofa Beds,575.00,1811.00,1236.00,Yes,https://www.monarchspec.com/images/lifestyle_WEBQ50/8A14L13.jpg
Monarch,8A14L68,Sleeper Sofa — R Storage Lounger Orange Fabric # ,Living Room,Sofa Beds,575.00,1811.00,1236.00,Yes,https://www.monarchspec.com/images/lifestyle_WEBQ50/8A14L68.jpg
Monarch,8A14L44,Sleeper Sofa — R Storage Lounger Rust Fabric # Lu,Living Room,Sofa Beds,575.00,1811.00,1236.00,Yes,https://www.monarchspec.com/images/lifestyle_WEBQ50/8A14L44.jpg
Monarch,8K14C04,Sofa Lounger — R Facing / Beige Fabric #Coach-4,Living Room,Sofas,395.00,1244.00,849.00,Yes,https://www.monarchspec.com/images/lifestyle_WEBQ50/8K14C04.jpg
Monarch,8K14C20,Sofa Lounger — R Facing / Black Fabric #Coach-20,Living Room,Sofas,395.00,1244.00,849.00,Yes,https://www.monarchspec.com/images/lifestyle_WEBQ50/8K14C20.jpg
Monarch,8J34L19,Sofa Lounger — R Facing / Black Fabric #Lumos-19,Living Room,Sofas,450.00,1418.00,968.00,Yes,https://www.monarchspec.com/images/lifestyle_WEBQ50/8J34L19.jpg
Monarch,8J24A08,Sofa Lounger — R Facing / Brown Pu #Ra-08,Living Room,Sofas,425.00,1339.00,914.00,Yes,https://www.monarchspec.com/images/lifestyle_WEBQ50/8J24A08.jpg
Monarch,8J24710,Sofa Lounger — R Facing / Cognac Pu #3007-10,Living Room,Sofas,425.00,1339.00,914.00,Yes,https://www.monarchspec.com/images/lifestyle_WEBQ50/8J24710.jpg
Monarch,8K14C18,Sofa Lounger — R Facing / Grey Fabric #Coach-18,Living Room,Sofas,395.00,1244.00,849.00,Yes,https://www.monarchspec.com/images/lifestyle_WEBQ50/8K14C18.jpg
Monarch,8714D15,Sofa Lounger — R Facing / Grey Fabric #Fjord-15,Living Room,Sofas,475.00,1496.00,1021.00,Yes,https://www.monarchspec.com/images/lifestyle_WEBQ50/8714D15.jpg
Monarch,8J34A02,Sofa Lounger — R Facing / Grey Pu #Ra-02,Living Room,Sofas,450.00,1418.00,968.00,Yes,https://www.monarchspec.com/images/lifestyle_WEBQ50/8J34A02.jpg
Monarch,8714D41,Sofa Lounger — R Facing / Light Brown Fabric #Fjo,Living Room,Sofas,475.00,1496.00,1021.00,Yes,https://www.monarchspec.com/images/lifestyle_WEBQ50/8714D41.jpg
Monarch,8J24L31,Sofa Lounger — R Facing / Light Brown Fabric #Lum,Living Room,Sofas,425.00,1339.00,914.00,Yes,https://www.monarchspec.com/images/lifestyle_WEBQ50/8J24L31.jpg
Monarch,8714D77,Sofa Lounger — R Facing / Olive Green Fabric #Fjo,Living Room,Sofas,475.00,1496.00,1021.00,Yes,https://www.monarchspec.com/images/lifestyle_WEBQ50/8714D77.jpg
Monarch,8714D44,Sofa Lounger — R Facing / Rust Fabric #Fjord-44,Living Room,Sofas,475.00,1496.00,1021.00,Yes,https://www.monarchspec.com/images/lifestyle_WEBQ50/8714D44.jpg
Monarch,8J14A95,Sofa Lounger — R Facing With 2 Pillows / Black Pu,Living Room,Sofas,450.00,1418.00,968.00,Yes,https://www.monarchspec.com/images/lifestyle_WEBQ50/8J14A95.jpg
Monarch,8J14L17,Sofa Lounger — R Facing With 2 Pillows / Grey #Lu,Living Room,Sofas,450.00,1418.00,968.00,Yes,https://www.monarchspec.com/images/lifestyle_WEBQ50/8J14L17.jpg
Monarch,8J14L68,Sofa Lounger — R Facing With 2 Pillows / Orange #,Living Room,Sofas,450.00,1418.00,968.00,Yes,https://www.monarchspec.com/images/lifestyle_WEBQ50/8J14L68.jpg
Monarch,8J14L44,Sofa Lounger — R Facing With 2 Pillows / Rust #Lu,Living Room,Sofas,450.00,1418.00,968.00,Yes,https://www.monarchspec.com/images/lifestyle_WEBQ50/8J14L44.jpg
Monarch,8K15C04,Sofa Sectional — Arm Facing - Beige Fabric #Coach-4,Living Room,Sectionals,575.00,1811.00,1236.00,Yes,https://www.monarchspec.com/images/lifestyle_WEBQ50/8K15C04.jpg
Monarch,8K15C20,Sofa Sectional — Arm Facing - Black Fabric #Coach-2,Living Room,Sectionals,575.00,1811.00,1236.00,Yes,https://www.monarchspec.com/images/lifestyle_WEBQ50/8K15C20.jpg
Monarch,8K15C18,Sofa Sectional — Arm Facing - Grey Fabric #Coach-18,Living Room,Sectionals,575.00,1811.00,1236.00,Yes,https://www.monarchspec.com/images/lifestyle_WEBQ50/8K15C18.jpg
Monarch,8K13C04,Sofa — Beige Fabric #Coach-4,Living Room,Sofas,300.00,945.00,645.00,Yes,https://www.monarchspec.com/images/lifestyle_WEBQ50/8K13C04.jpg
Monarch,8J33L19,Sofa — Black Fabric #Lumos-19,Living Room,Sofas,325.00,1024.00,699.00,Yes,https://www.monarchspec.com/images/lifestyle_WEBQ50/8J33L19.jpg
Monarch,8J13A95,Sofa — Black Pu #Ck5A95,Living Room,Sofas,325.00,1024.00,699.00,Yes,https://www.monarchspec.com/images/lifestyle_WEBQ50/8J13A95.jpg
Monarch,8J23A08,Sofa — Brown Pu #Ra-08,Living Room,Sofas,325.00,1024.00,699.00,Yes,https://www.monarchspec.com/images/lifestyle_WEBQ50/8J23A08.jpg
Monarch,8J23710,Sofa — Cognac Pu #3007-10,Living Room,Sofas,325.00,1024.00,699.00,Yes,https://www.monarchspec.com/images/lifestyle_WEBQ50/8J23710.jpg
Monarch,8J13L17,Sofa — Dark Grey Fabric #Lumos-17,Living Room,Sofas,325.00,1024.00,699.00,Yes,https://www.monarchspec.com/images/lifestyle_WEBQ50/8J13L17.jpg
Monarch,8K13C18,Sofa — Grey Fabric #Coach-18,Living Room,Sofas,300.00,945.00,645.00,Yes,https://www.monarchspec.com/images/lifestyle_WEBQ50/8K13C18.jpg
Monarch,8J33A02,Sofa — Grey Pu #Ra-02,Living Room,Sofas,325.00,1024.00,699.00,Yes,https://www.monarchspec.com/images/lifestyle_WEBQ50/8J33A02.jpg
Monarch,8J23L31,Sofa — Light Brown Fabric #Lumos-31,Living Room,Sofas,325.00,1024.00,699.00,Yes,https://www.monarchspec.com/images/lifestyle_WEBQ50/8J23L31.jpg
Monarch,8J13L68,Sofa — Orange Fabric #Lumos-68,Living Room,Sofas,325.00,1024.00,699.00,Yes,https://www.monarchspec.com/images/lifestyle_WEBQ50/8J13L68.jpg
Monarch,8J13L44,Sofa — Rust Fabric #Lumos-44,Living Room,Sofas,325.00,1024.00,699.00,Yes,https://www.monarchspec.com/images/lifestyle_WEBQ50/8J13L44.jpg
Monarch,I 7854P,Table Set — Black,Living Room,Accent Tables,110.00,346.00,236.00,Yes,https://www.monarchspec.com/images/lifestyle_WEBQ50/I_7854P.jpg
Monarch,I 7840P,Table Set — Black,Living Room,Accent Tables,115.00,362.00,247.00,Yes,https://www.monarchspec.com/images/lifestyle_WEBQ50/I_7840P.jpg
Monarch,I 7894P,Table Set — Black / Black Metal,Living Room,Accent Tables,85.00,268.00,183.00,Yes,https://www.monarchspec.com/images/lifestyle_WEBQ50/I_7894P.jpg
Monarch,I 7992P,Table Set — Black / Grey Top,Living Room,Accent Tables,110.00,346.00,236.00,Yes,https://www.monarchspec.com/images/lifestyle_WEBQ50/I_7992P.jpg
Monarch,I 7928P,Table Set — Black / Grey Top,Living Room,Accent Tables,75.00,236.00,161.00,Yes,https://www.monarchspec.com/images/lifestyle_WEBQ50/I_7928P.jpg
Monarch,I 7954P,Table Set — Black Marble / Black Metal,Living Room,Accent Tables,110.00,346.00,236.00,Yes,https://www.monarchspec.com/images/lifestyle_WEBQ50/I_7954P.jpg
Monarch,I 7807P,Table Set — Black Oak / Black Metal,Living Room,Accent Tables,75.00,236.00,161.00,Yes,https://www.monarchspec.com/images/lifestyle_WEBQ50/I_7807P.jpg
Monarch,I 7863P,Table Set — Brown Oak,Living Room,Accent Tables,110.00,346.00,236.00,Yes,https://www.monarchspec.com/images/lifestyle_WEBQ50/I_7863P.jpg
Monarch,I 7873P,Table Set — Brown Oak,Living Room,Accent Tables,75.00,236.00,161.00,Yes,https://www.monarchspec.com/images/lifestyle_WEBQ50/I_7873P.jpg
Monarch,I 7893P,Table Set — Brown Reclaimed / Black Metal,Living Room,Accent Tables,79.00,249.00,170.00,Yes,https://www.monarchspec.com/images/lifestyle_WEBQ50/I_7893P.jpg
Monarch,I 7974P,Table Set — Cream Stone / Black Metal,Living Room,Accent Tables,70.00,220.00,150.00,Yes,https://www.monarchspec.com/images/lifestyle_WEBQ50/I_7974P.jpg
Monarch,I 7975P,Table Set — Dark Bronze / Black Metal,Living Room,Accent Tables,70.00,220.00,150.00,Yes,https://www.monarchspec.com/images/lifestyle_WEBQ50/I_7975P.jpg
Monarch,I 7856P,Table Set — Dark Brown,Living Room,Accent Tables,110.00,346.00,236.00,Yes,https://www.monarchspec.com/images/lifestyle_WEBQ50/I_7856P.jpg
Monarch,I 7912P,Table Set — Dark Taupe,Living Room,Accent Tables,110.00,346.00,236.00,Yes,https://www.monarchspec.com/images/lifestyle_WEBQ50/I_7912P.jpg
Monarch,I 7931P,Table Set — Dark Taupe,Living Room,Accent Tables,95.00,299.00,204.00,Yes,https://www.monarchspec.com/images/lifestyle_WEBQ50/I_7931P.jpg
Monarch,I 7927P,Table Set — Dark Taupe,Living Room,Accent Tables,75.00,236.00,161.00,Yes,https://www.monarchspec.com/images/lifestyle_WEBQ50/I_7927P.jpg
Monarch,I 7960P,Table Set — Dark Taupe / Black Metal,Living Room,Accent Tables,110.00,346.00,236.00,Yes,https://www.monarchspec.com/images/lifestyle_WEBQ50/I_7960P.jpg
Monarch,I 7950P,Table Set — Dark Taupe / Black Metal,Living Room,Accent Tables,110.00,346.00,236.00,Yes,https://www.monarchspec.com/images/lifestyle_WEBQ50/I_7950P.jpg
Monarch,I 7805P,Table Set — Dark Taupe / Black Metal,Living Room,Accent Tables,75.00,236.00,161.00,Yes,https://www.monarchspec.com/images/lifestyle_WEBQ50/I_7805P.jpg
Monarch,I 7895P,Table Set — Dark Taupe / Black Metal,Living Room,Accent Tables,85.00,268.00,183.00,Yes,https://www.monarchspec.com/images/lifestyle_WEBQ50/I_7895P.jpg
Monarch,I 7899P,Table Set — Dark Walnut,Living Room,Accent Tables,110.00,346.00,236.00,Yes,https://www.monarchspec.com/images/lifestyle_WEBQ50/I_7899P.jpg
Monarch,I 7862P,Table Set — Dark Walnut,Living Room,Accent Tables,110.00,346.00,236.00,Yes,https://www.monarchspec.com/images/lifestyle_WEBQ50/I_7862P.jpg
Monarch,I 7872P,Table Set — Dark Walnut,Living Room,Accent Tables,75.00,236.00,161.00,Yes,https://www.monarchspec.com/images/lifestyle_WEBQ50/I_7872P.jpg
Monarch,I 7842P,Table Set — Espresso,Living Room,Accent Tables,120.00,378.00,258.00,Yes,https://www.monarchspec.com/images/lifestyle_WEBQ50/I_7842P.jpg
Monarch,I 7930P,Table Set — Espresso,Living Room,Accent Tables,95.00,299.00,204.00,Yes,https://www.monarchspec.com/images/lifestyle_WEBQ50/I_7930P.jpg
Monarch,I 7924P,Table Set — Espresso,Living Room,Accent Tables,75.00,236.00,161.00,Yes,https://www.monarchspec.com/images/lifestyle_WEBQ50/I_7924P.jpg
Monarch,I 7851P,Table Set — Grey,Living Room,Accent Tables,110.00,346.00,236.00,Yes,https://www.monarchspec.com/images/lifestyle_WEBQ50/I_7851P.jpg
Monarch,I 7991P,Table Set — Grey,Living Room,Accent Tables,110.00,346.00,236.00,Yes,https://www.monarchspec.com/images/lifestyle_WEBQ50/I_7991P.jpg
Monarch,I 7932P,Table Set — Grey,Living Room,Accent Tables,95.00,299.00,204.00,Yes,https://www.monarchspec.com/images/lifestyle_WEBQ50/I_7932P.jpg
Monarch,I 7925P,Table Set — Grey,Living Room,Accent Tables,75.00,236.00,161.00,Yes,https://www.monarchspec.com/images/lifestyle_WEBQ50/I_7925P.jpg
Monarch,I 7806P,Table Set — Grey / Black Metal,Living Room,Accent Tables,75.00,236.00,161.00,Yes,https://www.monarchspec.com/images/lifestyle_WEBQ50/I_7806P.jpg
Monarch,I 7896P,Table Set — Grey / Black Metal,Living Room,Accent Tables,85.00,268.00,183.00,Yes,https://www.monarchspec.com/images/lifestyle_WEBQ50/I_7896P.jpg
Monarch,I 7880P,Table Set — Industrial Grey,Living Room,Accent Tables,110.00,346.00,236.00,Yes,https://www.monarchspec.com/images/lifestyle_WEBQ50/I_7880P.jpg
Monarch,I 7870P,Table Set — Industrial Grey,Living Room,Accent Tables,75.00,236.00,161.00,Yes,https://www.monarchspec.com/images/lifestyle_WEBQ50/I_7870P.jpg
Monarch,I 7857P,Table Set — Natural,Living Room,Accent Tables,110.00,346.00,236.00,Yes,https://www.monarchspec.com/images/lifestyle_WEBQ50/I_7857P.jpg
Monarch,I 7939P,Table Set — Taupe Reclaimed Wood / Black Metal,Living Room,Accent Tables,160.00,504.00,344.00,Yes,https://www.monarchspec.com/images/lifestyle_WEBQ50/I_7939P.jpg
Monarch,I 7850P,Table Set — Walnut,Living Room,Accent Tables,110.00,346.00,236.00,Yes,https://www.monarchspec.com/images/lifestyle_WEBQ50/I_7850P.jpg
Monarch,I 7853P,Table Set — White,Living Room,Accent Tables,110.00,346.00,236.00,Yes,https://www.monarchspec.com/images/lifestyle_WEBQ50/I_7853P.jpg
Monarch,I 7961P,Table Set — White / Silver Metal,Living Room,Accent Tables,110.00,346.00,236.00,Yes,https://www.monarchspec.com/images/lifestyle_WEBQ50/I_7961P.jpg
Monarch,I 7951P,Table Set — White / Silver Metal,Living Room,Accent Tables,110.00,346.00,236.00,Yes,https://www.monarchspec.com/images/lifestyle_WEBQ50/I_7951P.jpg
Monarch,I 7892P,Table Set — White Marble / Black Metal,Living Room,Accent Tables,85.00,268.00,183.00,Yes,https://www.monarchspec.com/images/lifestyle_WEBQ50/I_7892P.jpg
Monarch,I 7953P,Table Set — White Marble / Silver Metal,Living Room,Accent Tables,110.00,346.00,236.00,Yes,https://www.monarchspec.com/images/lifestyle_WEBQ50/I_7953P.jpg
Monarch,I 9903,Tv Console Display Rack — Silver Metal,Living Room,Console Tables,175.00,551.00,376.00,Yes,https://www.monarchspec.com/images/lifestyle_WEBQ50/I_9903.jpg
Monarch,I 2880,Tv Stand — 3 Drawers Mango Wood-Look / Black ,Living Room,Tv Media,200.00,630.00,430.00,Yes,https://www.monarchspec.com/images/lifestyle_WEBQ50/I_2880.jpg
Monarch,I 2799,Tv Stand — Antique White With 4 Doors,Living Room,Tv Media,210.00,662.00,452.00,Yes,https://www.monarchspec.com/images/lifestyle_WEBQ50/I_2799.jpg
Monarch,TV 8502,Tv Stand — Beige / Brass Accent,Living Room,Tv Media,35.00,110.00,75.00,Yes,https://www.monarchspec.com/images/lifestyle_WEBQ50/TV_8502.jpg
Monarch,I 2610,Tv Stand — Black / Black Marble Top / 1 Drawe,Living Room,Tv Media,115.00,362.00,247.00,Yes,https://www.monarchspec.com/images/lifestyle_WEBQ50/I_2610.jpg
Monarch,I 2845,Tv Stand — Black / Black Metal,Living Room,Tv Media,160.00,504.00,344.00,Yes,https://www.monarchspec.com/images/lifestyle_WEBQ50/I_2845.jpg
Monarch,I 2870,Tv Stand — Black / Black Metal,Living Room,Tv Media,110.00,346.00,236.00,Yes,https://www.monarchspec.com/images/lifestyle_WEBQ50/I_2870.jpg
Monarch,I 2734,Tv Stand — Black / Black Metal With Storage,Living Room,Tv Media,135.00,425.00,290.00,Yes,https://www.monarchspec.com/images/lifestyle_WEBQ50/I_2734.jpg
Monarch,I 2564,Tv Stand — Black / Grey Top Corner,Living Room,Tv Media,65.00,205.00,140.00,Yes,https://www.monarchspec.com/images/lifestyle_WEBQ50/I_2564.jpg
Monarch,I 2575,Tv Stand — Black / Grey Top With 1 Drawer,Living Room,Tv Media,170.00,536.00,366.00,Yes,https://www.monarchspec.com/images/lifestyle_WEBQ50/I_2575.jpg
Monarch,I 2825,Tv Stand — Black / Metal With 2 Doors,Living Room,Tv Media,130.00,410.00,280.00,Yes,https://www.monarchspec.com/images/lifestyle_WEBQ50/I_2825.jpg
Monarch,I 2752,Tv Stand — Black / Metal With 2 Wood-Look Doo,Living Room,Tv Media,145.00,457.00,312.00,Yes,https://www.monarchspec.com/images/lifestyle_WEBQ50/I_2752.jpg
Monarch,I 2782,Tv Stand — Black / Seagrass-Look With 3 Doors,Living Room,Tv Media,185.00,583.00,398.00,Yes,https://www.monarchspec.com/images/lifestyle_WEBQ50/I_2782.jpg
Monarch,I 2732,Tv Stand — Black / White Doors With Black Met,Living Room,Tv Media,160.00,504.00,344.00,Yes,https://www.monarchspec.com/images/lifestyle_WEBQ50/I_2732.jpg
Monarch,I 2743,Tv Stand — Black Reclaimed Wood-Look,Living Room,Tv Media,175.00,551.00,376.00,Yes,https://www.monarchspec.com/images/lifestyle_WEBQ50/I_2743.jpg
Monarch,I 2823,Tv Stand — Black Reclaimed Wood-Look / 3 Draw,Living Room,Tv Media,199.00,627.00,428.00,Yes,https://www.monarchspec.com/images/lifestyle_WEBQ50/I_2823.jpg
Monarch,I 2038,Tv Stand — Black Tempered Glass,Living Room,Tv Media,95.00,299.00,204.00,Yes,https://www.monarchspec.com/images/lifestyle_WEBQ50/I_2038.jpg
Monarch,I 2749,Tv Stand — Black With 2 Doors,Living Room,Tv Media,125.00,394.00,269.00,Yes,https://www.monarchspec.com/images/lifestyle_WEBQ50/I_2749.jpg
Monarch,I 2783,Tv Stand — Black With 2 Doors,Living Room,Tv Media,160.00,504.00,344.00,Yes,https://www.monarchspec.com/images/lifestyle_WEBQ50/I_2783.jpg
Monarch,I 2781,Tv Stand — Black With 2 Wood-Look Doors,Living Room,Tv Media,125.00,394.00,269.00,Yes,https://www.monarchspec.com/images/lifestyle_WEBQ50/I_2781.jpg
Monarch,I 2798,Tv Stand — Black With 4 Brown Wood-Look Doors,Living Room,Tv Media,210.00,662.00,452.00,Yes,https://www.monarchspec.com/images/lifestyle_WEBQ50/I_2798.jpg
Monarch,I 2733,Tv Stand — Black With Black Metal,Living Room,Tv Media,160.00,504.00,344.00,Yes,https://www.monarchspec.com/images/lifestyle_WEBQ50/I_2733.jpg
Monarch,I 2724,Tv Stand — Black With Storage,Living Room,Tv Media,175.00,551.00,376.00,Yes,https://www.monarchspec.com/images/lifestyle_WEBQ50/I_2724.jpg
Monarch,I 2535,Tv Stand — Black Wood Grain / Black Metal,Living Room,Tv Media,99.00,312.00,213.00,Yes,https://www.monarchspec.com/images/lifestyle_WEBQ50/I_2535.jpg
Monarch,I 2754,Tv Stand — Black Wood-Look With Storage,Living Room,Tv Media,165.00,520.00,355.00,Yes,https://www.monarchspec.com/images/lifestyle_WEBQ50/I_2754.jpg
Monarch,ET 8502,Tv Stand — Brass / Flat Screen Tv,Living Room,Tv Media,50.00,158.00,108.00,Yes,https://www.monarchspec.com/images/lifestyle_WEBQ50/ET_8502.jpg
Monarch,TV 8511,Tv Stand — Brass Accent Corner Unit,Living Room,Tv Media,35.00,110.00,75.00,Yes,https://www.monarchspec.com/images/lifestyle_WEBQ50/TV_8511.jpg
Monarch,ET 856,Tv Stand — Brass Wall Unit,Living Room,Tv Media,50.00,158.00,108.00,Yes,https://www.monarchspec.com/images/lifestyle_WEBQ50/ET_856.jpg
Monarch,I 2611,Tv Stand — Brown Reclaimed / 1 Drawer,Living Room,Tv Media,115.00,362.00,247.00,Yes,https://www.monarchspec.com/images/lifestyle_WEBQ50/I_2611.jpg
Monarch,I 2820,Tv Stand — Brown Reclaimed Wood-Look / 3 Draw,Living Room,Tv Media,199.00,627.00,428.00,Yes,https://www.monarchspec.com/images/lifestyle_WEBQ50/I_2820.jpg
Monarch,I 2748,Tv Stand — Brown Reclaimed-Look / 2 Sliding D,Living Room,Tv Media,160.00,504.00,344.00,Yes,https://www.monarchspec.com/images/lifestyle_WEBQ50/I_2748.jpg
Monarch,I 2764,Tv Stand — Brown Wood / Seagrass-Look With 3 ,Living Room,Tv Media,185.00,583.00,398.00,Yes,https://www.monarchspec.com/images/lifestyle_WEBQ50/I_2764.jpg
Monarch,I 2717,Tv Stand — Brown Wood-Look With 2 Doors,Living Room,Tv Media,125.00,394.00,269.00,Yes,https://www.monarchspec.com/images/lifestyle_WEBQ50/I_2717.jpg
Monarch,I 2554,Tv Stand — Cherry Corner,Living Room,Tv Media,70.00,220.00,150.00,Yes,https://www.monarchspec.com/images/lifestyle_WEBQ50/I_2554.jpg
Monarch,I 2846,Tv Stand — Cream Stone / Black Metal,Living Room,Tv Media,160.00,504.00,344.00,Yes,https://www.monarchspec.com/images/lifestyle_WEBQ50/I_2846.jpg
Monarch,I 2847,Tv Stand — Dark Bronze / Black Metal,Living Room,Tv Media,160.00,504.00,344.00,Yes,https://www.monarchspec.com/images/lifestyle_WEBQ50/I_2847.jpg
Monarch,I 2524,Tv Stand — Dark Brown Knotty Oak With 4 Drawe,Living Room,Tv Media,170.00,536.00,366.00,Yes,https://www.monarchspec.com/images/lifestyle_WEBQ50/I_2524.jpg
Monarch,I 2727,Tv Stand — Dark Brown Wood-Look With 4 Doors,Living Room,Tv Media,195.00,614.00,419.00,Yes,https://www.monarchspec.com/images/lifestyle_WEBQ50/I_2727.jpg
Monarch,I 2718,Tv Stand — Dark Brown Wood-Look With Storage,Living Room,Tv Media,215.00,677.00,462.00,Yes,https://www.monarchspec.com/images/lifestyle_WEBQ50/I_2718.jpg
Monarch,I 2828,Tv Stand — Dark Brown Wood-Look With Storage,Living Room,Tv Media,175.00,551.00,376.00,Yes,https://www.monarchspec.com/images/lifestyle_WEBQ50/I_2828.jpg
Monarch,I 3528,Tv Stand — Dark Taupe,Living Room,Tv Media,100.00,315.00,215.00,Yes,https://www.monarchspec.com/images/lifestyle_WEBQ50/I_3528.jpg
Monarch,I 2872,Tv Stand — Dark Taupe / Black Metal,Living Room,Tv Media,110.00,346.00,236.00,Yes,https://www.monarchspec.com/images/lifestyle_WEBQ50/I_2872.jpg
Monarch,I 2746,Tv Stand — Dark Taupe With 2 Sliding Doors,Living Room,Tv Media,160.00,504.00,344.00,Yes,https://www.monarchspec.com/images/lifestyle_WEBQ50/I_2746.jpg
Monarch,I 2721,Tv Stand — Dark Taupe With 2 Storage Drawers,Living Room,Tv Media,195.00,614.00,419.00,Yes,https://www.monarchspec.com/images/lifestyle_WEBQ50/I_2721.jpg
Monarch,I 2833,Tv Stand — Dark Walnut With 2 Doors,Living Room,Tv Media,155.00,488.00,333.00,Yes,https://www.monarchspec.com/images/lifestyle_WEBQ50/I_2833.jpg
Monarch,I 2787,Tv Stand — Dark Walnut With Storage,Living Room,Tv Media,165.00,520.00,355.00,Yes,https://www.monarchspec.com/images/lifestyle_WEBQ50/I_2787.jpg
Monarch,I 2805,Tv Stand — Espresso / Taupe Reclaimed Wood-Lo,Living Room,Tv Media,150.00,472.00,322.00,Yes,https://www.monarchspec.com/images/lifestyle_WEBQ50/I_2805.jpg
Monarch,I 2572,Tv Stand — Espresso With 1 Drawer,Living Room,Tv Media,170.00,536.00,366.00,Yes,https://www.monarchspec.com/images/lifestyle_WEBQ50/I_2572.jpg
Monarch,I 2871,Tv Stand — Grey / Black Metal,Living Room,Tv Media,110.00,346.00,236.00,Yes,https://www.monarchspec.com/images/lifestyle_WEBQ50/I_2871.jpg
Monarch,I 2739,Tv Stand — Grey / Black Metal With Storage,Living Room,Tv Media,135.00,425.00,290.00,Yes,https://www.monarchspec.com/images/lifestyle_WEBQ50/I_2739.jpg
Monarch,I 2830,Tv Stand — Grey Concrete / Medium Brown Recla,Living Room,Tv Media,150.00,472.00,322.00,Yes,https://www.monarchspec.com/images/lifestyle_WEBQ50/I_2830.jpg
Monarch,I 2566,Tv Stand — Grey Corner,Living Room,Tv Media,65.00,205.00,140.00,Yes,https://www.monarchspec.com/images/lifestyle_WEBQ50/I_2566.jpg
Monarch,I 2821,Tv Stand — Grey Reclaimed Wood-Look / 3 Drawe,Living Room,Tv Media,199.00,627.00,428.00,Yes,https://www.monarchspec.com/images/lifestyle_WEBQ50/I_2821.jpg
Monarch,I 2747,Tv Stand — Grey With 2 Sliding Doors,Living Room,Tv Media,160.00,504.00,344.00,Yes,https://www.monarchspec.com/images/lifestyle_WEBQ50/I_2747.jpg
Monarch,I 2507,Tv Stand — Light Beige / Dark Oak Top With 2 ,Living Room,Tv Media,130.00,410.00,280.00,Yes,https://www.monarchspec.com/images/lifestyle_WEBQ50/I_2507.jpg
Monarch,I 2793,Tv Stand — Light Walnut / Seagrass-Look With ,Living Room,Tv Media,185.00,583.00,398.00,Yes,https://www.monarchspec.com/images/lifestyle_WEBQ50/I_2793.jpg
Monarch,I 2834,Tv Stand — Light Walnut With Storage,Living Room,Tv Media,175.00,551.00,376.00,Yes,https://www.monarchspec.com/images/lifestyle_WEBQ50/I_2834.jpg
Monarch,ET 907,Tv Stand — Maple Entertainment Center,Living Room,Tv Media,50.00,158.00,108.00,Yes,https://www.monarchspec.com/images/lifestyle_WEBQ50/ET_907.jpg
Monarch,I 2777,Tv Stand — Natural With 2 Wood-Look Doors,Living Room,Tv Media,125.00,394.00,269.00,Yes,https://www.monarchspec.com/images/lifestyle_WEBQ50/I_2777.jpg
Monarch,I 2511,Tv Stand — Rustic Grey With 2 Doors,Living Room,Tv Media,130.00,410.00,280.00,Yes,https://www.monarchspec.com/images/lifestyle_WEBQ50/I_2511.jpg
Monarch,TV 104,Tv Stand — Silver Tv Stand,Living Room,Tv Media,25.00,79.00,54.00,Yes,https://www.monarchspec.com/images/lifestyle_WEBQ50/TV_104.jpg
Monarch,I 2890,Tv Stand — Travertine Stone With Storage,Living Room,Tv Media,155.00,488.00,333.00,Yes,https://www.monarchspec.com/images/lifestyle_WEBQ50/I_2890.jpg
Monarch,I 2784,Tv Stand — Walnut With 2 Doors,Living Room,Tv Media,160.00,504.00,344.00,Yes,https://www.monarchspec.com/images/lifestyle_WEBQ50/I_2784.jpg
Monarch,I 2723,Tv Stand — Walnut With Storage,Living Room,Tv Media,175.00,551.00,376.00,Yes,https://www.monarchspec.com/images/lifestyle_WEBQ50/I_2723.jpg
Monarch,I 2722,Tv Stand — Walnut With Storage,Living Room,Tv Media,195.00,614.00,419.00,Yes,https://www.monarchspec.com/images/lifestyle_WEBQ50/I_2722.jpg
Monarch,I 2753,Tv Stand — Walnut With Storage,Living Room,Tv Media,165.00,520.00,355.00,Yes,https://www.monarchspec.com/images/lifestyle_WEBQ50/I_2753.jpg
Monarch,I 2719,Tv Stand — Walnut Wood-Look With 2 Doors,Living Room,Tv Media,125.00,394.00,269.00,Yes,https://www.monarchspec.com/images/lifestyle_WEBQ50/I_2719.jpg
Monarch,I 2769,Tv Stand — Washed Oak / Dark Walnut Top With ,Living Room,Tv Media,195.00,614.00,419.00,Yes,https://www.monarchspec.com/images/lifestyle_WEBQ50/I_2769.jpg
Monarch,ET 4400,Tv Stand — Washed Oak Entertainment Center,Living Room,Tv Media,50.00,158.00,108.00,Yes,https://www.monarchspec.com/images/lifestyle_WEBQ50/ET_4400.jpg
Monarch,I 2615,Tv Stand — White / Black Metal,Living Room,Tv Media,150.00,472.00,322.00,Yes,https://www.monarchspec.com/images/lifestyle_WEBQ50/I_2615.jpg
Monarch,I 2841,Tv Stand — White / Grey Cement-Look Top,Living Room,Tv Media,175.00,551.00,376.00,Yes,https://www.monarchspec.com/images/lifestyle_WEBQ50/I_2841.jpg
Monarch,I 2840,Tv Stand — White / Grey Cement-Look Top,Living Room,Tv Media,150.00,472.00,322.00,Yes,https://www.monarchspec.com/images/lifestyle_WEBQ50/I_2840.jpg
Monarch,I 2609,Tv Stand — White / White Marble Top / 1 Drawe,Living Room,Tv Media,115.00,362.00,247.00,Yes,https://www.monarchspec.com/images/lifestyle_WEBQ50/I_2609.jpg
Monarch,I 2573,Tv Stand — White With 1 Drawer,Living Room,Tv Media,170.00,536.00,366.00,Yes,https://www.monarchspec.com/images/lifestyle_WEBQ50/I_2573.jpg
Monarch,I 3649,Bookcase — Black / Black Metal Corner Etagere,Office,Bookcases,65.00,205.00,140.00,Yes,https://www.monarchspec.com/images/lifestyle_WEBQ50/I_3649.jpg
Monarch,I 3610,Bookcase — Black / Black Metal Corner Etagere,Office,Bookcases,65.00,205.00,140.00,Yes,https://www.monarchspec.com/images/lifestyle_WEBQ50/I_3610.jpg
Monarch,I 7407,Bookcase — Black / Grey With Adjustable Shelv,Office,Bookcases,85.00,268.00,183.00,Yes,https://www.monarchspec.com/images/lifestyle_WEBQ50/I_7407.jpg
Monarch,I 2499,Bookcase — Black Corner Accent Etagere,Office,Bookcases,85.00,268.00,183.00,Yes,https://www.monarchspec.com/images/lifestyle_WEBQ50/I_2499.jpg
Monarch,I 3650,Bookcase — Black Marble / Black Metal Corner,Office,Bookcases,65.00,205.00,140.00,Yes,https://www.monarchspec.com/images/lifestyle_WEBQ50/I_3650.jpg
Monarch,I 3683,Bookcase — Black Metal,Office,Bookcases,65.00,205.00,140.00,Yes,https://www.monarchspec.com/images/lifestyle_WEBQ50/I_3683.jpg
Monarch,I 2469,Bookcase — Brown Oak Corner Accent Etagere,Office,Bookcases,85.00,268.00,183.00,Yes,https://www.monarchspec.com/images/lifestyle_WEBQ50/I_2469.jpg
Monarch,I 2202,Bookcase — Brown Reclaimed Wood-Look / Black ,Office,Bookcases,65.00,205.00,140.00,Yes,https://www.monarchspec.com/images/lifestyle_WEBQ50/I_2202.jpg
Monarch,I 7404,Bookcase — Brown Reclaimed Wood-Look/ Adj. Sh,Office,Bookcases,85.00,268.00,183.00,Yes,https://www.monarchspec.com/images/lifestyle_WEBQ50/I_7404.jpg
Monarch,ET 9006,Bookcase — Chrome Accent Storage Unit,Office,Bookcases,50.00,158.00,108.00,Yes,https://www.monarchspec.com/images/lifestyle_WEBQ50/ET_9006.jpg
Monarch,I 7228,Bookcase — Dark Taupe / Black Metal,Office,Bookcases,35.00,110.00,75.00,Yes,https://www.monarchspec.com/images/lifestyle_WEBQ50/I_7228.jpg
Monarch,I 7800,Bookcase — Dark Taupe / Black Metal,Office,Bookcases,60.00,189.00,129.00,Yes,https://www.monarchspec.com/images/lifestyle_WEBQ50/I_7800.jpg
Monarch,I 7232,Bookcase — Dark Taupe / Black Metal,Office,Bookcases,65.00,205.00,140.00,Yes,https://www.monarchspec.com/images/lifestyle_WEBQ50/I_7232.jpg
Monarch,I 2201,Bookcase — Dark Taupe / Black Metal,Office,Bookcases,65.00,205.00,140.00,Yes,https://www.monarchspec.com/images/lifestyle_WEBQ50/I_2201.jpg
Monarch,I 3648,Bookcase — Dark Taupe / Black Metal Corner Et,Office,Bookcases,65.00,205.00,140.00,Yes,https://www.monarchspec.com/images/lifestyle_WEBQ50/I_3648.jpg
Monarch,I 3621,Bookcase — Dark Taupe / Black Metal Corner Et,Office,Bookcases,65.00,205.00,140.00,Yes,https://www.monarchspec.com/images/lifestyle_WEBQ50/I_3621.jpg
Monarch,I 3611,Bookcase — Dark Taupe / Black Metal Corner Et,Office,Bookcases,65.00,205.00,140.00,Yes,https://www.monarchspec.com/images/lifestyle_WEBQ50/I_3611.jpg
Monarch,I 2428,Bookcase — Dark Taupe Accent Etagere,Office,Bookcases,49.00,154.00,105.00,Yes,https://www.monarchspec.com/images/lifestyle_WEBQ50/I_2428.jpg
Monarch,I 2497,Bookcase — Dark Taupe Corner Accent Etagere,Office,Bookcases,85.00,268.00,183.00,Yes,https://www.monarchspec.com/images/lifestyle_WEBQ50/I_2497.jpg
Monarch,I 2424,Bookcase — Dark Taupe Corner Accent Etagere,Office,Bookcases,90.00,284.00,194.00,Yes,https://www.monarchspec.com/images/lifestyle_WEBQ50/I_2424.jpg
Monarch,I 7468,Bookcase — Dark Taupe With 5 Shelves,Office,Bookcases,85.00,268.00,183.00,Yes,https://www.monarchspec.com/images/lifestyle_WEBQ50/I_7468.jpg
Monarch,I 7060,Bookcase — Dark Taupe With Adjustable Shelves,Office,Bookcases,85.00,268.00,183.00,Yes,https://www.monarchspec.com/images/lifestyle_WEBQ50/I_7060.jpg
Monarch,I 2464,Bookcase — Dark Walnut Corner Accent Etagere,Office,Bookcases,85.00,268.00,183.00,Yes,https://www.monarchspec.com/images/lifestyle_WEBQ50/I_2464.jpg
Monarch,I 3645,Bookcase — Espresso / Black Metal Corner Etag,Office,Bookcases,65.00,205.00,140.00,Yes,https://www.monarchspec.com/images/lifestyle_WEBQ50/I_3645.jpg
Monarch,I 3622,Bookcase — Espresso / Black Metal Corner Etag,Office,Bookcases,65.00,205.00,140.00,Yes,https://www.monarchspec.com/images/lifestyle_WEBQ50/I_3622.jpg
Monarch,I 3612,Bookcase — Espresso / Black Metal Corner Etag,Office,Bookcases,65.00,205.00,140.00,Yes,https://www.monarchspec.com/images/lifestyle_WEBQ50/I_3612.jpg
Monarch,I 7239,Bookcase — Espresso / Silver Metal,Office,Bookcases,60.00,189.00,129.00,Yes,https://www.monarchspec.com/images/lifestyle_WEBQ50/I_7239.jpg
Monarch,I 2426,Bookcase — Espresso Accent Etagere,Office,Bookcases,49.00,154.00,105.00,Yes,https://www.monarchspec.com/images/lifestyle_WEBQ50/I_2426.jpg
Monarch,I 2495,Bookcase — Espresso Corner Accent Etagere,Office,Bookcases,85.00,268.00,183.00,Yes,https://www.monarchspec.com/images/lifestyle_WEBQ50/I_2495.jpg
Monarch,I 2765,Bookcase — Espresso Corner Etagere W/ Drawer,Office,Bookcases,100.00,315.00,215.00,Yes,https://www.monarchspec.com/images/lifestyle_WEBQ50/I_2765.jpg
Monarch,I 2542,Bookcase — Espresso Ladder W/ 2 Storage Drawe,Office,Bookcases,150.00,472.00,322.00,Yes,https://www.monarchspec.com/images/lifestyle_WEBQ50/I_2542.jpg
Monarch,I 7467,Bookcase — Espresso With 5 Shelves,Office,Bookcases,85.00,268.00,183.00,Yes,https://www.monarchspec.com/images/lifestyle_WEBQ50/I_7467.jpg
Monarch,I 3289,Bookcase — Glossy White With Tempered Glass,Office,Bookcases,215.00,677.00,462.00,Yes,https://www.monarchspec.com/images/lifestyle_WEBQ50/I_3289.jpg
Monarch,I 3290,Bookcase — Glossy White With Tempered Glass,Office,Bookcases,200.00,630.00,430.00,Yes,https://www.monarchspec.com/images/lifestyle_WEBQ50/I_3290.jpg
Monarch,ET 8805,Bookcase — Gold / Storage Unit,Office,Bookcases,50.00,158.00,108.00,Yes,https://www.monarchspec.com/images/lifestyle_WEBQ50/ET_8805.jpg
Monarch,ET 8405,Bookcase — Gold Accent Storage Unit,Office,Bookcases,50.00,158.00,108.00,Yes,https://www.monarchspec.com/images/lifestyle_WEBQ50/ET_8405.jpg
Monarch,ET 9405,Bookcase — Gold Accent Storage Unit,Office,Bookcases,50.00,158.00,108.00,Yes,https://www.monarchspec.com/images/lifestyle_WEBQ50/ET_9405.jpg
Monarch,I 2200,Bookcase — Grey / Black Metal,Office,Bookcases,65.00,205.00,140.00,Yes,https://www.monarchspec.com/images/lifestyle_WEBQ50/I_2200.jpg
Monarch,I 3647,Bookcase — Grey / Black Metal Corner Etagere,Office,Bookcases,65.00,205.00,140.00,Yes,https://www.monarchspec.com/images/lifestyle_WEBQ50/I_3647.jpg
Monarch,I 7405,Bookcase — Grey Reclaimed Wood-Look / Adj. Sh,Office,Bookcases,85.00,268.00,183.00,Yes,https://www.monarchspec.com/images/lifestyle_WEBQ50/I_7405.jpg
Monarch,I 7478,Bookcase — Grey With 3 Shelves,Office,Bookcases,55.00,173.00,118.00,Yes,https://www.monarchspec.com/images/lifestyle_WEBQ50/I_7478.jpg
Monarch,I 7469,Bookcase — Grey With 5 Shelves,Office,Bookcases,85.00,268.00,183.00,Yes,https://www.monarchspec.com/images/lifestyle_WEBQ50/I_7469.jpg
Monarch,I 2750,Bookcase — Grey-Black Corner Accent Etagere,Office,Bookcases,85.00,268.00,183.00,Yes,https://www.monarchspec.com/images/lifestyle_WEBQ50/I_2750.jpg
Monarch,I 2756,Bookcase — Grey-White Ladder With 2 Storage D,Office,Bookcases,150.00,472.00,322.00,Yes,https://www.monarchspec.com/images/lifestyle_WEBQ50/I_2756.jpg
Monarch,I 2433,Bookcase — Industrial Grey Corner Accent Etag,Office,Bookcases,85.00,268.00,183.00,Yes,https://www.monarchspec.com/images/lifestyle_WEBQ50/I_2433.jpg
Monarch,I 3684,Bookcase — Ladder Black Marble / Black Metal,Office,Bookcases,65.00,205.00,140.00,Yes,https://www.monarchspec.com/images/lifestyle_WEBQ50/I_3684.jpg
Monarch,I 3685,Bookcase — Ladder White Marble / Black Metal,Office,Bookcases,65.00,205.00,140.00,Yes,https://www.monarchspec.com/images/lifestyle_WEBQ50/I_3685.jpg
Monarch,I 7158,Bookcase — Silver Metal With Tempered Glass,Office,Bookcases,95.00,299.00,204.00,Yes,https://www.monarchspec.com/images/lifestyle_WEBQ50/I_7158.jpg
Monarch,ET 4800,Bookcase — Storage Unit,Office,Bookcases,50.00,158.00,108.00,Yes,https://www.monarchspec.com/images/lifestyle_WEBQ50/ET_4800.jpg
Monarch,ET 9001,Bookcase — Storage Unit,Office,Bookcases,50.00,158.00,108.00,Yes,https://www.monarchspec.com/images/lifestyle_WEBQ50/ET_9001.jpg
Monarch,ET 1008,Bookcase — Storage Unit,Office,Bookcases,50.00,158.00,108.00,Yes,https://www.monarchspec.com/images/lifestyle_WEBQ50/ET_1008.jpg
Monarch,ET 4600,Bookcase — Storage Unit,Office,Bookcases,50.00,158.00,108.00,Yes,https://www.monarchspec.com/images/lifestyle_WEBQ50/ET_4600.jpg
Monarch,I 7406,Bookcase — Taupe Reclaimed Wood-Look / Adj. S,Office,Bookcases,85.00,268.00,183.00,Yes,https://www.monarchspec.com/images/lifestyle_WEBQ50/I_7406.jpg
Monarch,I 7076,Bookcase — White / Grey,Office,Bookcases,195.00,614.00,419.00,Yes,https://www.monarchspec.com/images/lifestyle_WEBQ50/I_7076.jpg
Monarch,I 7233,Bookcase — White / Silver Metal,Office,Bookcases,65.00,205.00,140.00,Yes,https://www.monarchspec.com/images/lifestyle_WEBQ50/I_7233.jpg
Monarch,I 7801,Bookcase — White / White Metal,Office,Bookcases,60.00,189.00,129.00,Yes,https://www.monarchspec.com/images/lifestyle_WEBQ50/I_7801.jpg
Monarch,I 3665,Bookcase — White / White Metal Corner Etagere,Office,Bookcases,50.00,158.00,108.00,Yes,https://www.monarchspec.com/images/lifestyle_WEBQ50/I_3665.jpg
Monarch,I 3623,Bookcase — White / White Metal Corner Etagere,Office,Bookcases,65.00,205.00,140.00,Yes,https://www.monarchspec.com/images/lifestyle_WEBQ50/I_3623.jpg
Monarch,I 3613,Bookcase — White / White Metal Corner Etagere,Office,Bookcases,65.00,205.00,140.00,Yes,https://www.monarchspec.com/images/lifestyle_WEBQ50/I_3613.jpg
Monarch,I 2427,Bookcase — White Accent Etagere,Office,Bookcases,49.00,154.00,105.00,Yes,https://www.monarchspec.com/images/lifestyle_WEBQ50/I_2427.jpg
Monarch,I 2496,Bookcase — White Corner Accent Etagere,Office,Bookcases,85.00,268.00,183.00,Yes,https://www.monarchspec.com/images/lifestyle_WEBQ50/I_2496.jpg
Monarch,I 2425,Bookcase — White Corner Accent Etagere,Office,Bookcases,90.00,284.00,194.00,Yes,https://www.monarchspec.com/images/lifestyle_WEBQ50/I_2425.jpg
Monarch,I 2562,Bookcase — White Ladder With 2 Storage Drawer,Office,Bookcases,150.00,472.00,322.00,Yes,https://www.monarchspec.com/images/lifestyle_WEBQ50/I_2562.jpg
Monarch,I 3651,Bookcase — White Marble / Black Metal Corner,Office,Bookcases,65.00,205.00,140.00,Yes,https://www.monarchspec.com/images/lifestyle_WEBQ50/I_3651.jpg
Monarch,I 3687,Bookcase — White Metal,Office,Bookcases,65.00,205.00,140.00,Yes,https://www.monarchspec.com/images/lifestyle_WEBQ50/I_3687.jpg
Monarch,I 7159,Bookcase — White Metal With Tempered Glass,Office,Bookcases,95.00,299.00,204.00,Yes,https://www.monarchspec.com/images/lifestyle_WEBQ50/I_7159.jpg
Monarch,I 7470,Bookcase — White With 5 Shelves,Office,Bookcases,85.00,268.00,183.00,Yes,https://www.monarchspec.com/images/lifestyle_WEBQ50/I_7470.jpg
Monarch,I 7059,Bookcase — White With Adjustable Shelves,Office,Bookcases,85.00,268.00,183.00,Yes,https://www.monarchspec.com/images/lifestyle_WEBQ50/I_7059.jpg
Monarch,I 7721,Computer Desk — 2 Shelves,Office,Desks,95.00,299.00,204.00,Yes,https://www.monarchspec.com/images/lifestyle_WEBQ50/I_7721.jpg
Monarch,I 7720,Computer Desk — 2 Shelves,Office,Desks,95.00,299.00,204.00,Yes,https://www.monarchspec.com/images/lifestyle_WEBQ50/I_7720.jpg
Monarch,I 7723,Computer Desk — 2 Shelves,Office,Desks,95.00,299.00,204.00,Yes,https://www.monarchspec.com/images/lifestyle_WEBQ50/I_7723.jpg
Monarch,I 7722,Computer Desk — 2 Shelves,Office,Desks,95.00,299.00,204.00,Yes,https://www.monarchspec.com/images/lifestyle_WEBQ50/I_7722.jpg
Monarch,I 3103,Computer Desk — Antique White Traditional,Office,Desks,149.00,469.00,320.00,Yes,https://www.monarchspec.com/images/lifestyle_WEBQ50/I_3103.jpg
Monarch,I 7682,Computer Desk — Black / Adj.Height/ Black Metal,Office,Desks,249.00,784.00,535.00,Yes,https://www.monarchspec.com/images/lifestyle_WEBQ50/I_7682.jpg
Monarch,I 7684,Computer Desk — Black / Adj.Height/ Silver Metal,Office,Desks,249.00,784.00,535.00,Yes,https://www.monarchspec.com/images/lifestyle_WEBQ50/I_7684.jpg
Monarch,I 7556,Computer Desk — Black / Black Metal,Office,Desks,99.00,312.00,213.00,Yes,https://www.monarchspec.com/images/lifestyle_WEBQ50/I_7556.jpg
Monarch,I 7522,Computer Desk — Black / Black Metal,Office,Desks,59.00,186.00,127.00,Yes,https://www.monarchspec.com/images/lifestyle_WEBQ50/I_7522.jpg
Monarch,I 7547,Computer Desk — Black / Black Metal,Office,Desks,65.00,205.00,140.00,Yes,https://www.monarchspec.com/images/lifestyle_WEBQ50/I_7547.jpg
Monarch,I 7537,Computer Desk — Black / Black Metal,Office,Desks,59.00,186.00,127.00,Yes,https://www.monarchspec.com/images/lifestyle_WEBQ50/I_7537.jpg
Monarch,I 7220,Computer Desk — Black / Black Metal,Office,Desks,59.00,186.00,127.00,Yes,https://www.monarchspec.com/images/lifestyle_WEBQ50/I_7220.jpg
Monarch,I 7771,Computer Desk — Black / Black Metal,Office,Desks,75.00,236.00,161.00,Yes,https://www.monarchspec.com/images/lifestyle_WEBQ50/I_7771.jpg
Monarch,I 7776,Computer Desk — Black / Black Metal,Office,Desks,59.00,186.00,127.00,Yes,https://www.monarchspec.com/images/lifestyle_WEBQ50/I_7776.jpg
Monarch,I 7330,Computer Desk — Black / Black Metal,Office,Desks,95.00,299.00,204.00,Yes,https://www.monarchspec.com/images/lifestyle_WEBQ50/I_7330.jpg
Monarch,I 7700,Computer Desk — Black / Black Standing Height,Office,Desks,110.00,346.00,236.00,Yes,https://www.monarchspec.com/images/lifestyle_WEBQ50/I_7700.jpg
Monarch,I 7617,Computer Desk — Black / Concrete / Black Metal / L,Office,Desks,265.00,835.00,570.00,Yes,https://www.monarchspec.com/images/lifestyle_WEBQ50/I_7617.jpg
Monarch,I 7632,Computer Desk — Black / Grey Concrete / Black Meta,Office,Desks,195.00,614.00,419.00,Yes,https://www.monarchspec.com/images/lifestyle_WEBQ50/I_7632.jpg
Monarch,I 7437,Computer Desk — Black / Grey Top / Black Metal,Office,Desks,179.00,564.00,385.00,Yes,https://www.monarchspec.com/images/lifestyle_WEBQ50/I_7437.jpg
Monarch,I 7503,Computer Desk — Black / Grey Top Corner / Black,Office,Desks,149.00,469.00,320.00,Yes,https://www.monarchspec.com/images/lifestyle_WEBQ50/I_7503.jpg
Monarch,I 7634,Computer Desk — Black / Silver Metal,Office,Desks,195.00,614.00,419.00,Yes,https://www.monarchspec.com/images/lifestyle_WEBQ50/I_7634.jpg
Monarch,I 7664,Computer Desk — Black / Silver Metal,Office,Desks,90.00,284.00,194.00,Yes,https://www.monarchspec.com/images/lifestyle_WEBQ50/I_7664.jpg
Monarch,I 7619,Computer Desk — Black / Silver Metal / L/R Face,Office,Desks,265.00,835.00,570.00,Yes,https://www.monarchspec.com/images/lifestyle_WEBQ50/I_7619.jpg
Monarch,I 7730,Computer Desk — Black Commercial Grade,Office,Desks,265.00,835.00,570.00,Yes,https://www.monarchspec.com/images/lifestyle_WEBQ50/I_7730.jpg
Monarch,I 7731,Computer Desk — Black Commercial Grade,Office,Desks,110.00,346.00,236.00,Yes,https://www.monarchspec.com/images/lifestyle_WEBQ50/I_7731.jpg
Monarch,I 7713,Computer Desk — Black Executive Corner,Office,Desks,349.00,1099.00,750.00,Yes,https://www.monarchspec.com/images/lifestyle_WEBQ50/I_7713.jpg
Monarch,I 7710,Computer Desk — Black Executive Corner,Office,Desks,349.00,1099.00,750.00,Yes,https://www.monarchspec.com/images/lifestyle_WEBQ50/I_7710.jpg
Monarch,I 7715,Computer Desk — Black Executive Corner,Office,Desks,349.00,1099.00,750.00,Yes,https://www.monarchspec.com/images/lifestyle_WEBQ50/I_7715.jpg
Monarch,I 7714,Computer Desk — Black Executive Corner,Office,Desks,349.00,1099.00,750.00,Yes,https://www.monarchspec.com/images/lifestyle_WEBQ50/I_7714.jpg
Monarch,I 7691,Computer Desk — Black Left Or Right Facing,Office,Desks,175.00,551.00,376.00,Yes,https://www.monarchspec.com/images/lifestyle_WEBQ50/I_7691.jpg
Monarch,I 7793,Computer Desk — Black Marble / Black Metal,Office,Desks,95.00,299.00,204.00,Yes,https://www.monarchspec.com/images/lifestyle_WEBQ50/I_7793.jpg
Monarch,I 7594,Computer Desk — Black Marble / Black Metal Corner,Office,Desks,89.00,280.00,191.00,Yes,https://www.monarchspec.com/images/lifestyle_WEBQ50/I_7594.jpg
Monarch,I 7396,Computer Desk — Black Marble / Black Metal Corner,Office,Desks,79.00,249.00,170.00,Yes,https://www.monarchspec.com/images/lifestyle_WEBQ50/I_7396.jpg
Monarch,I 7552,Computer Desk — Black Marble-Look / Black Metal,Office,Desks,99.00,312.00,213.00,Yes,https://www.monarchspec.com/images/lifestyle_WEBQ50/I_7552.jpg
Monarch,I 7528,Computer Desk — Black Marble-Look / Black Metal,Office,Desks,59.00,186.00,127.00,Yes,https://www.monarchspec.com/images/lifestyle_WEBQ50/I_7528.jpg
Monarch,I 7544,Computer Desk — Black Marble-Look / Black Metal,Office,Desks,65.00,205.00,140.00,Yes,https://www.monarchspec.com/images/lifestyle_WEBQ50/I_7544.jpg
Monarch,I 7542,Computer Desk — Black Marble-Look / Black Metal,Office,Desks,59.00,186.00,127.00,Yes,https://www.monarchspec.com/images/lifestyle_WEBQ50/I_7542.jpg
Monarch,I 7572,Computer Desk — Black Marble-Look / Black Metal,Office,Desks,59.00,186.00,127.00,Yes,https://www.monarchspec.com/images/lifestyle_WEBQ50/I_7572.jpg
Monarch,I 7379,Computer Desk — Black Metal / Black Tempered Glass,Office,Desks,110.00,346.00,236.00,Yes,https://www.monarchspec.com/images/lifestyle_WEBQ50/I_7379.jpg
Monarch,I 7160,Computer Desk — Black Metal Corner,Office,Desks,195.00,614.00,419.00,Yes,https://www.monarchspec.com/images/lifestyle_WEBQ50/I_7160.jpg
Monarch,I 7161,Computer Desk — Black Metal Corner,Office,Desks,195.00,614.00,419.00,Yes,https://www.monarchspec.com/images/lifestyle_WEBQ50/I_7161.jpg
Monarch,I 7172,Computer Desk — Black Metal Corner With Tempered G,Office,Desks,125.00,394.00,269.00,Yes,https://www.monarchspec.com/images/lifestyle_WEBQ50/I_7172.jpg
Monarch,I 7493,Computer Desk — Black Oak L-Shaped Corner,Office,Desks,260.00,819.00,559.00,Yes,https://www.monarchspec.com/images/lifestyle_WEBQ50/I_7493.jpg
Monarch,I 7601,Computer Desk — Black Oak Left Or Right Facing,Office,Desks,125.00,394.00,269.00,Yes,https://www.monarchspec.com/images/lifestyle_WEBQ50/I_7601.jpg
Monarch,I 7488,Computer Desk — Black Reclaimed Wood / Black Metal,Office,Desks,179.00,564.00,385.00,Yes,https://www.monarchspec.com/images/lifestyle_WEBQ50/I_7488.jpg
Monarch,I 7507,Computer Desk — Black Reclaimed Wood Corner,Office,Desks,149.00,469.00,320.00,Yes,https://www.monarchspec.com/images/lifestyle_WEBQ50/I_7507.jpg
Monarch,I 7349,Computer Desk — Brown Oak / Storage Cabinet,Office,Desks,119.00,375.00,256.00,Yes,https://www.monarchspec.com/images/lifestyle_WEBQ50/I_7349.jpg
Monarch,I 7574,Computer Desk — Brown Reclaimed / Black Metal,Office,Desks,65.00,205.00,140.00,Yes,https://www.monarchspec.com/images/lifestyle_WEBQ50/I_7574.jpg
Monarch,I 7593,Computer Desk — Brown Reclaimed / Black Metal Corn,Office,Desks,89.00,280.00,191.00,Yes,https://www.monarchspec.com/images/lifestyle_WEBQ50/I_7593.jpg
Monarch,I 7391,Computer Desk — Brown Reclaimed / Black Metal Corn,Office,Desks,79.00,249.00,170.00,Yes,https://www.monarchspec.com/images/lifestyle_WEBQ50/I_7391.jpg
Monarch,I 7765,Computer Desk — Brown Reclaimed Left/ Right Facing,Office,Desks,129.00,406.00,277.00,Yes,https://www.monarchspec.com/images/lifestyle_WEBQ50/I_7765.jpg
Monarch,I 7416,Computer Desk — Brown Reclaimed Wood / Black Metal,Office,Desks,225.00,709.00,484.00,Yes,https://www.monarchspec.com/images/lifestyle_WEBQ50/I_7416.jpg
Monarch,I 7485,Computer Desk — Brown Reclaimed Wood / Black Metal,Office,Desks,179.00,564.00,385.00,Yes,https://www.monarchspec.com/images/lifestyle_WEBQ50/I_7485.jpg
Monarch,I 7412,Computer Desk — Brown Reclaimed Wood / Black Metal,Office,Desks,175.00,551.00,376.00,Yes,https://www.monarchspec.com/images/lifestyle_WEBQ50/I_7412.jpg
Monarch,I 7408,Computer Desk — Brown Reclaimed Wood / Black Metal,Office,Desks,165.00,520.00,355.00,Yes,https://www.monarchspec.com/images/lifestyle_WEBQ50/I_7408.jpg
Monarch,I 7447,Computer Desk — Brown Reclaimed Wood / Black Metal,Office,Desks,125.00,394.00,269.00,Yes,https://www.monarchspec.com/images/lifestyle_WEBQ50/I_7447.jpg
Monarch,I 7450,Computer Desk — Brown Reclaimed Wood / Black Metal,Office,Desks,99.00,312.00,213.00,Yes,https://www.monarchspec.com/images/lifestyle_WEBQ50/I_7450.jpg
Monarch,I 7794,Computer Desk — Brown Reclaimed Wood / Black Metal,Office,Desks,95.00,299.00,204.00,Yes,https://www.monarchspec.com/images/lifestyle_WEBQ50/I_7794.jpg
Monarch,I 7557,Computer Desk — Brown Reclaimed Wood / Black Metal,Office,Desks,99.00,312.00,213.00,Yes,https://www.monarchspec.com/images/lifestyle_WEBQ50/I_7557.jpg
Monarch,I 7525,Computer Desk — Brown Reclaimed Wood / Black Metal,Office,Desks,59.00,186.00,127.00,Yes,https://www.monarchspec.com/images/lifestyle_WEBQ50/I_7525.jpg
Monarch,I 7548,Computer Desk — Brown Reclaimed Wood / Black Metal,Office,Desks,65.00,205.00,140.00,Yes,https://www.monarchspec.com/images/lifestyle_WEBQ50/I_7548.jpg
Monarch,I 7538,Computer Desk — Brown Reclaimed Wood / Black Metal,Office,Desks,59.00,186.00,127.00,Yes,https://www.monarchspec.com/images/lifestyle_WEBQ50/I_7538.jpg
Monarch,I 7504,Computer Desk — Brown Reclaimed Wood Corner,Office,Desks,149.00,469.00,320.00,Yes,https://www.monarchspec.com/images/lifestyle_WEBQ50/I_7504.jpg
Monarch,I 7444,Computer Desk — Brown Reclaimed Wood/ Glass Panels,Office,Desks,130.00,410.00,280.00,Yes,https://www.monarchspec.com/images/lifestyle_WEBQ50/I_7444.jpg
Monarch,I 7258,Computer Desk — Cement-Look Left/Right Face,Office,Desks,250.00,788.00,538.00,Yes,https://www.monarchspec.com/images/lifestyle_WEBQ50/I_7258.jpg
Monarch,I 7676,Computer Desk — Cherry / Adj.Height/ Black Metal,Office,Desks,249.00,784.00,535.00,Yes,https://www.monarchspec.com/images/lifestyle_WEBQ50/I_7676.jpg
Monarch,I 7626,Computer Desk — Cherry / Black Metal,Office,Desks,195.00,614.00,419.00,Yes,https://www.monarchspec.com/images/lifestyle_WEBQ50/I_7626.jpg
Monarch,I 7671,Computer Desk — Cherry / Black Metal,Office,Desks,135.00,425.00,290.00,Yes,https://www.monarchspec.com/images/lifestyle_WEBQ50/I_7671.jpg
Monarch,I 7656,Computer Desk — Cherry / Black Metal,Office,Desks,90.00,284.00,194.00,Yes,https://www.monarchspec.com/images/lifestyle_WEBQ50/I_7656.jpg
Monarch,I 7586,Computer Desk — Concrete / Silver Metal L/R Corner,Office,Desks,149.00,469.00,320.00,Yes,https://www.monarchspec.com/images/lifestyle_WEBQ50/I_7586.jpg
Monarch,I 3100,Computer Desk — Dark Cherry Traditional,Office,Desks,149.00,469.00,320.00,Yes,https://www.monarchspec.com/images/lifestyle_WEBQ50/I_3100.jpg
Monarch,I 7492,Computer Desk — Dark Grey L-Shaped Corner,Office,Desks,260.00,819.00,559.00,Yes,https://www.monarchspec.com/images/lifestyle_WEBQ50/I_7492.jpg
Monarch,I 7310,Computer Desk — Dark Taupe / Black Metal,Office,Desks,90.00,284.00,194.00,Yes,https://www.monarchspec.com/images/lifestyle_WEBQ50/I_7310.jpg
Monarch,I 7796,Computer Desk — Dark Taupe / Black Metal,Office,Desks,95.00,299.00,204.00,Yes,https://www.monarchspec.com/images/lifestyle_WEBQ50/I_7796.jpg
Monarch,I 7360,Computer Desk — Dark Taupe / Black Metal,Office,Desks,99.00,312.00,213.00,Yes,https://www.monarchspec.com/images/lifestyle_WEBQ50/I_7360.jpg
Monarch,I 7555,Computer Desk — Dark Taupe / Black Metal,Office,Desks,99.00,312.00,213.00,Yes,https://www.monarchspec.com/images/lifestyle_WEBQ50/I_7555.jpg
Monarch,I 7523,Computer Desk — Dark Taupe / Black Metal,Office,Desks,59.00,186.00,127.00,Yes,https://www.monarchspec.com/images/lifestyle_WEBQ50/I_7523.jpg
Monarch,I 7546,Computer Desk — Dark Taupe / Black Metal,Office,Desks,65.00,205.00,140.00,Yes,https://www.monarchspec.com/images/lifestyle_WEBQ50/I_7546.jpg
Monarch,I 7536,Computer Desk — Dark Taupe / Black Metal,Office,Desks,59.00,186.00,127.00,Yes,https://www.monarchspec.com/images/lifestyle_WEBQ50/I_7536.jpg
Monarch,I 7373,Computer Desk — Dark Taupe / Black Metal,Office,Desks,65.00,205.00,140.00,Yes,https://www.monarchspec.com/images/lifestyle_WEBQ50/I_7373.jpg
Monarch,I 7370,Computer Desk — Dark Taupe / Black Metal,Office,Desks,69.00,217.00,148.00,Yes,https://www.monarchspec.com/images/lifestyle_WEBQ50/I_7370.jpg
Monarch,I 7221,Computer Desk — Dark Taupe / Black Metal,Office,Desks,65.00,205.00,140.00,Yes,https://www.monarchspec.com/images/lifestyle_WEBQ50/I_7221.jpg
Monarch,I 7772,Computer Desk — Dark Taupe / Black Metal,Office,Desks,75.00,236.00,161.00,Yes,https://www.monarchspec.com/images/lifestyle_WEBQ50/I_7772.jpg
Monarch,I 7777,Computer Desk — Dark Taupe / Black Metal,Office,Desks,59.00,186.00,127.00,Yes,https://www.monarchspec.com/images/lifestyle_WEBQ50/I_7777.jpg
Monarch,I 7332,Computer Desk — Dark Taupe / Black Metal,Office,Desks,95.00,299.00,204.00,Yes,https://www.monarchspec.com/images/lifestyle_WEBQ50/I_7332.jpg
Monarch,I 7398,Computer Desk — Dark Taupe / Black Metal Corner,Office,Desks,79.00,249.00,170.00,Yes,https://www.monarchspec.com/images/lifestyle_WEBQ50/I_7398.jpg
Monarch,I 7702,Computer Desk — Dark Taupe / Black Standing Height,Office,Desks,110.00,346.00,236.00,Yes,https://www.monarchspec.com/images/lifestyle_WEBQ50/I_7702.jpg
Monarch,I 7204,Computer Desk — Dark Taupe / Chrome Metal,Office,Desks,99.00,312.00,213.00,Yes,https://www.monarchspec.com/images/lifestyle_WEBQ50/I_7204.jpg
Monarch,I 7082,Computer Desk — Dark Taupe / Silver Metal,Office,Desks,225.00,709.00,484.00,Yes,https://www.monarchspec.com/images/lifestyle_WEBQ50/I_7082.jpg
Monarch,I 7145,Computer Desk — Dark Taupe / Silver Metal,Office,Desks,195.00,614.00,419.00,Yes,https://www.monarchspec.com/images/lifestyle_WEBQ50/I_7145.jpg
Monarch,I 7150,Computer Desk — Dark Taupe / Silver Metal,Office,Desks,179.00,564.00,385.00,Yes,https://www.monarchspec.com/images/lifestyle_WEBQ50/I_7150.jpg
Monarch,I 7501,Computer Desk — Dark Taupe Corner / Silver Metal,Office,Desks,149.00,469.00,320.00,Yes,https://www.monarchspec.com/images/lifestyle_WEBQ50/I_7501.jpg
Monarch,I 7042,Computer Desk — Dark Taupe Ladder Style,Office,Desks,89.00,280.00,191.00,Yes,https://www.monarchspec.com/images/lifestyle_WEBQ50/I_7042.jpg
Monarch,I 7304,Computer Desk — Dark Taupe Left Or Right Facing,Office,Desks,275.00,866.00,591.00,Yes,https://www.monarchspec.com/images/lifestyle_WEBQ50/I_7304.jpg
Monarch,I 7255,Computer Desk — Dark Taupe Left Or Right Facing,Office,Desks,250.00,788.00,538.00,Yes,https://www.monarchspec.com/images/lifestyle_WEBQ50/I_7255.jpg
Monarch,I 7326,Computer Desk — Dark Taupe Left Or Right Facing,Office,Desks,165.00,520.00,355.00,Yes,https://www.monarchspec.com/images/lifestyle_WEBQ50/I_7326.jpg
Monarch,I 7764,Computer Desk — Dark Taupe Left Or Right Facing,Office,Desks,129.00,406.00,277.00,Yes,https://www.monarchspec.com/images/lifestyle_WEBQ50/I_7764.jpg
Monarch,I 7318,Computer Desk — Dark Taupe Left Or Right Facing Co,Office,Desks,350.00,1102.00,752.00,Yes,https://www.monarchspec.com/images/lifestyle_WEBQ50/I_7318.jpg
Monarch,I 7134,Computer Desk — Dark Taupe Left Or Right Facing Co,Office,Desks,210.00,662.00,452.00,Yes,https://www.monarchspec.com/images/lifestyle_WEBQ50/I_7134.jpg
Monarch,I 7041,Computer Desk — Dark Taupe Left Or Right Facing Co,Office,Desks,175.00,551.00,376.00,Yes,https://www.monarchspec.com/images/lifestyle_WEBQ50/I_7041.jpg
Monarch,I 7592,Computer Desk — Dark Taupe Top/ Black Metal Corner,Office,Desks,89.00,280.00,191.00,Yes,https://www.monarchspec.com/images/lifestyle_WEBQ50/I_7592.jpg
Monarch,I 7197,Computer Desk — Dark Taupe Top/ Black Metal Corner,Office,Desks,70.00,220.00,150.00,Yes,https://www.monarchspec.com/images/lifestyle_WEBQ50/I_7197.jpg
Monarch,I 7191,Computer Desk — Dark Taupe With A Storage Drawer,Office,Desks,65.00,205.00,140.00,Yes,https://www.monarchspec.com/images/lifestyle_WEBQ50/I_7191.jpg
Monarch,I 7348,Computer Desk — Dark Walnut / Storage Cabinet,Office,Desks,119.00,375.00,256.00,Yes,https://www.monarchspec.com/images/lifestyle_WEBQ50/I_7348.jpg
Monarch,I 7311,Computer Desk — Espresso / Black Metal,Office,Desks,90.00,284.00,194.00,Yes,https://www.monarchspec.com/images/lifestyle_WEBQ50/I_7311.jpg
Monarch,I 7210,Computer Desk — Espresso / Gold Metal,Office,Desks,125.00,394.00,269.00,Yes,https://www.monarchspec.com/images/lifestyle_WEBQ50/I_7210.jpg
Monarch,I 7201,Computer Desk — Espresso / Gold Metal,Office,Desks,99.00,312.00,213.00,Yes,https://www.monarchspec.com/images/lifestyle_WEBQ50/I_7201.jpg
Monarch,I 7080,Computer Desk — Espresso / Silver Metal,Office,Desks,225.00,709.00,484.00,Yes,https://www.monarchspec.com/images/lifestyle_WEBQ50/I_7080.jpg
Monarch,I 7143,Computer Desk — Espresso / Silver Metal,Office,Desks,195.00,614.00,419.00,Yes,https://www.monarchspec.com/images/lifestyle_WEBQ50/I_7143.jpg
Monarch,I 7366,Computer Desk — Espresso / Silver Metal,Office,Desks,115.00,362.00,247.00,Yes,https://www.monarchspec.com/images/lifestyle_WEBQ50/I_7366.jpg
Monarch,I 7374,Computer Desk — Espresso / Silver Metal,Office,Desks,65.00,205.00,140.00,Yes,https://www.monarchspec.com/images/lifestyle_WEBQ50/I_7374.jpg
Monarch,I 7369,Computer Desk — Espresso / Silver Metal,Office,Desks,69.00,217.00,148.00,Yes,https://www.monarchspec.com/images/lifestyle_WEBQ50/I_7369.jpg
Monarch,I 7502,Computer Desk — Espresso Corner / Silver Metal,Office,Desks,149.00,469.00,320.00,Yes,https://www.monarchspec.com/images/lifestyle_WEBQ50/I_7502.jpg
Monarch,I 7043,Computer Desk — Espresso Ladder Style,Office,Desks,89.00,280.00,191.00,Yes,https://www.monarchspec.com/images/lifestyle_WEBQ50/I_7043.jpg
Monarch,I 7305,Computer Desk — Espresso Left Or Right Facing,Office,Desks,275.00,866.00,591.00,Yes,https://www.monarchspec.com/images/lifestyle_WEBQ50/I_7305.jpg
Monarch,I 7026,Computer Desk — Espresso Left Or Right Facing,Office,Desks,165.00,520.00,355.00,Yes,https://www.monarchspec.com/images/lifestyle_WEBQ50/I_7026.jpg
Monarch,I 7018,Computer Desk — Espresso Left Or Right Facing Corn,Office,Desks,350.00,1102.00,752.00,Yes,https://www.monarchspec.com/images/lifestyle_WEBQ50/I_7018.jpg
Monarch,I 7021,Computer Desk — Espresso Left Or Right Facing Corn,Office,Desks,199.00,627.00,428.00,Yes,https://www.monarchspec.com/images/lifestyle_WEBQ50/I_7021.jpg
Monarch,I 7590,Computer Desk — Espresso Top / Black Metal Corner,Office,Desks,89.00,280.00,191.00,Yes,https://www.monarchspec.com/images/lifestyle_WEBQ50/I_7590.jpg
Monarch,I 7390,Computer Desk — Espresso Top / Black Metal Corner,Office,Desks,79.00,249.00,170.00,Yes,https://www.monarchspec.com/images/lifestyle_WEBQ50/I_7390.jpg
Monarch,I 7166,Computer Desk — Espresso Top / Silver Metal,Office,Desks,75.00,236.00,161.00,Yes,https://www.monarchspec.com/images/lifestyle_WEBQ50/I_7166.jpg
Monarch,I 7190,Computer Desk — Espresso With A Storage Drawer,Office,Desks,65.00,205.00,140.00,Yes,https://www.monarchspec.com/images/lifestyle_WEBQ50/I_7190.jpg
Monarch,I 7096,Computer Desk — Espresso With Bookcase,Office,Desks,175.00,551.00,376.00,Yes,https://www.monarchspec.com/images/lifestyle_WEBQ50/I_7096.jpg
Monarch,I 7211,Computer Desk — Glossy White / Chrome Metal,Office,Desks,125.00,394.00,269.00,Yes,https://www.monarchspec.com/images/lifestyle_WEBQ50/I_7211.jpg
Monarch,I 7520,Computer Desk — Glossy White / Chrome Metal,Office,Desks,149.00,469.00,320.00,Yes,https://www.monarchspec.com/images/lifestyle_WEBQ50/I_7520.jpg
Monarch,I 7205,Computer Desk — Glossy White / Chrome Metal,Office,Desks,99.00,312.00,213.00,Yes,https://www.monarchspec.com/images/lifestyle_WEBQ50/I_7205.jpg
Monarch,I 7209,Computer Desk — Glossy White / Tempered Glass,Office,Desks,150.00,472.00,322.00,Yes,https://www.monarchspec.com/images/lifestyle_WEBQ50/I_7209.jpg
Monarch,I 7312,Computer Desk — Grey / Black Metal,Office,Desks,90.00,284.00,194.00,Yes,https://www.monarchspec.com/images/lifestyle_WEBQ50/I_7312.jpg
Monarch,I 7792,Computer Desk — Grey / Black Metal,Office,Desks,95.00,299.00,204.00,Yes,https://www.monarchspec.com/images/lifestyle_WEBQ50/I_7792.jpg
Monarch,I 7553,Computer Desk — Grey / Black Metal,Office,Desks,99.00,312.00,213.00,Yes,https://www.monarchspec.com/images/lifestyle_WEBQ50/I_7553.jpg
Monarch,I 7524,Computer Desk — Grey / Black Metal,Office,Desks,59.00,186.00,127.00,Yes,https://www.monarchspec.com/images/lifestyle_WEBQ50/I_7524.jpg
Monarch,I 7551,Computer Desk — Grey / Black Metal,Office,Desks,65.00,205.00,140.00,Yes,https://www.monarchspec.com/images/lifestyle_WEBQ50/I_7551.jpg
Monarch,I 7541,Computer Desk — Grey / Black Metal,Office,Desks,59.00,186.00,127.00,Yes,https://www.monarchspec.com/images/lifestyle_WEBQ50/I_7541.jpg
Monarch,I 7773,Computer Desk — Grey / Black Metal,Office,Desks,75.00,236.00,161.00,Yes,https://www.monarchspec.com/images/lifestyle_WEBQ50/I_7773.jpg
Monarch,I 7778,Computer Desk — Grey / Black Metal,Office,Desks,59.00,186.00,127.00,Yes,https://www.monarchspec.com/images/lifestyle_WEBQ50/I_7778.jpg
Monarch,I 7331,Computer Desk — Grey / Black Metal,Office,Desks,95.00,299.00,204.00,Yes,https://www.monarchspec.com/images/lifestyle_WEBQ50/I_7331.jpg
Monarch,I 7703,Computer Desk — Grey / Black Standing Height,Office,Desks,110.00,346.00,236.00,Yes,https://www.monarchspec.com/images/lifestyle_WEBQ50/I_7703.jpg
Monarch,I 7217,Computer Desk — Grey / Dark Grey Metal,Office,Desks,59.00,186.00,127.00,Yes,https://www.monarchspec.com/images/lifestyle_WEBQ50/I_7217.jpg
Monarch,I 7661,Computer Desk — Grey Concrete-Look / Black Metal,Office,Desks,90.00,284.00,194.00,Yes,https://www.monarchspec.com/images/lifestyle_WEBQ50/I_7661.jpg
Monarch,I 7662,Computer Desk — Grey Concrete-Look / Silver Metal,Office,Desks,90.00,284.00,194.00,Yes,https://www.monarchspec.com/images/lifestyle_WEBQ50/I_7662.jpg
Monarch,I 7306,Computer Desk — Grey Left Or Right Facing,Office,Desks,275.00,866.00,591.00,Yes,https://www.monarchspec.com/images/lifestyle_WEBQ50/I_7306.jpg
Monarch,I 7257,Computer Desk — Grey Left Or Right Facing,Office,Desks,250.00,788.00,538.00,Yes,https://www.monarchspec.com/images/lifestyle_WEBQ50/I_7257.jpg
Monarch,I 7426,Computer Desk — Grey Left Or Right Facing,Office,Desks,165.00,520.00,355.00,Yes,https://www.monarchspec.com/images/lifestyle_WEBQ50/I_7426.jpg
Monarch,I 7763,Computer Desk — Grey Left Or Right Facing,Office,Desks,129.00,406.00,277.00,Yes,https://www.monarchspec.com/images/lifestyle_WEBQ50/I_7763.jpg
Monarch,I 7135,Computer Desk — Grey Left Or Right Facing Corner,Office,Desks,210.00,662.00,452.00,Yes,https://www.monarchspec.com/images/lifestyle_WEBQ50/I_7135.jpg
Monarch,I 7417,Computer Desk — Grey Reclaimed Wood / Black Metal,Office,Desks,225.00,709.00,484.00,Yes,https://www.monarchspec.com/images/lifestyle_WEBQ50/I_7417.jpg
Monarch,I 7486,Computer Desk — Grey Reclaimed Wood / Black Metal,Office,Desks,179.00,564.00,385.00,Yes,https://www.monarchspec.com/images/lifestyle_WEBQ50/I_7486.jpg
Monarch,I 7413,Computer Desk — Grey Reclaimed Wood / Black Metal,Office,Desks,175.00,551.00,376.00,Yes,https://www.monarchspec.com/images/lifestyle_WEBQ50/I_7413.jpg
Monarch,I 7409,Computer Desk — Grey Reclaimed Wood / Black Metal,Office,Desks,165.00,520.00,355.00,Yes,https://www.monarchspec.com/images/lifestyle_WEBQ50/I_7409.jpg
Monarch,I 7448,Computer Desk — Grey Reclaimed Wood / Black Metal,Office,Desks,125.00,394.00,269.00,Yes,https://www.monarchspec.com/images/lifestyle_WEBQ50/I_7448.jpg
Monarch,I 7451,Computer Desk — Grey Reclaimed Wood / Black Metal,Office,Desks,99.00,312.00,213.00,Yes,https://www.monarchspec.com/images/lifestyle_WEBQ50/I_7451.jpg
Monarch,I 7316,Computer Desk — Grey Reclaimed Wood / Black Metal,Office,Desks,90.00,284.00,194.00,Yes,https://www.monarchspec.com/images/lifestyle_WEBQ50/I_7316.jpg
Monarch,I 7445,Computer Desk — Grey Reclaimed Wood / Glass Panels,Office,Desks,130.00,410.00,280.00,Yes,https://www.monarchspec.com/images/lifestyle_WEBQ50/I_7445.jpg
Monarch,I 7505,Computer Desk — Grey Reclaimed Wood Corner,Office,Desks,149.00,469.00,320.00,Yes,https://www.monarchspec.com/images/lifestyle_WEBQ50/I_7505.jpg
Monarch,I 7795,Computer Desk — Grey Stone-Look / Black Metal,Office,Desks,95.00,299.00,204.00,Yes,https://www.monarchspec.com/images/lifestyle_WEBQ50/I_7795.jpg
Monarch,I 7559,Computer Desk — Grey Stone-Look / Black Metal,Office,Desks,99.00,312.00,213.00,Yes,https://www.monarchspec.com/images/lifestyle_WEBQ50/I_7559.jpg
Monarch,I 7526,Computer Desk — Grey Stone-Look / Black Metal,Office,Desks,59.00,186.00,127.00,Yes,https://www.monarchspec.com/images/lifestyle_WEBQ50/I_7526.jpg
Monarch,I 7550,Computer Desk — Grey Stone-Look / Black Metal,Office,Desks,65.00,205.00,140.00,Yes,https://www.monarchspec.com/images/lifestyle_WEBQ50/I_7550.jpg
Monarch,I 7540,Computer Desk — Grey Stone-Look / Black Metal,Office,Desks,59.00,186.00,127.00,Yes,https://www.monarchspec.com/images/lifestyle_WEBQ50/I_7540.jpg
Monarch,I 7392,Computer Desk — Grey Stone-Look/ Black Metal Corne,Office,Desks,79.00,249.00,170.00,Yes,https://www.monarchspec.com/images/lifestyle_WEBQ50/I_7392.jpg
Monarch,I 7591,Computer Desk — Grey Top / Black Metal Corner,Office,Desks,89.00,280.00,191.00,Yes,https://www.monarchspec.com/images/lifestyle_WEBQ50/I_7591.jpg
Monarch,I 7196,Computer Desk — Grey Top / Black Metal Corner,Office,Desks,70.00,220.00,150.00,Yes,https://www.monarchspec.com/images/lifestyle_WEBQ50/I_7196.jpg
Monarch,I 7431,Computer Desk — Grey Top Corner W/ Tempered Glass,Office,Desks,225.00,709.00,484.00,Yes,https://www.monarchspec.com/images/lifestyle_WEBQ50/I_7431.jpg
Monarch,I 7433,Computer Desk — Grey Top Left/Right Facing Corner,Office,Desks,210.00,662.00,452.00,Yes,https://www.monarchspec.com/images/lifestyle_WEBQ50/I_7433.jpg
Monarch,I 7192,Computer Desk — Grey With A Storage Drawer,Office,Desks,65.00,205.00,140.00,Yes,https://www.monarchspec.com/images/lifestyle_WEBQ50/I_7192.jpg
Monarch,I 7581,Computer Desk — High Glossy White L/R Face Drawer,Office,Desks,250.00,788.00,538.00,Yes,https://www.monarchspec.com/images/lifestyle_WEBQ50/I_7581.jpg
Monarch,I 7582,Computer Desk — High Glossy White Left/ Right Face,Office,Desks,399.00,1257.00,858.00,Yes,https://www.monarchspec.com/images/lifestyle_WEBQ50/I_7582.jpg
Monarch,I 7346,Computer Desk — Industrial Grey / Storage Cabinet,Office,Desks,119.00,375.00,256.00,Yes,https://www.monarchspec.com/images/lifestyle_WEBQ50/I_7346.jpg
Monarch,I 7111,Computer Desk — Juvenile Black / Black Metal,Office,Desks,25.00,79.00,54.00,Yes,https://www.monarchspec.com/images/lifestyle_WEBQ50/I_7111.jpg
Monarch,I 7119,Computer Desk — Juvenile Natural / White Metal,Office,Desks,30.00,94.00,64.00,Yes,https://www.monarchspec.com/images/lifestyle_WEBQ50/I_7119.jpg
Monarch,I 7110,Computer Desk — Juvenile White / White Metal,Office,Desks,25.00,79.00,54.00,Yes,https://www.monarchspec.com/images/lifestyle_WEBQ50/I_7110.jpg
Monarch,I 7491,Computer Desk — Light Oak L-Shaped Corner,Office,Desks,260.00,819.00,559.00,Yes,https://www.monarchspec.com/images/lifestyle_WEBQ50/I_7491.jpg
Monarch,I 7672,Computer Desk — Light Reclaimed Wood / Black Metal,Office,Desks,135.00,425.00,290.00,Yes,https://www.monarchspec.com/images/lifestyle_WEBQ50/I_7672.jpg
Monarch,I 7657,Computer Desk — Light Reclaimed Wood / Black Metal,Office,Desks,90.00,284.00,194.00,Yes,https://www.monarchspec.com/images/lifestyle_WEBQ50/I_7657.jpg
Monarch,I 7680,Computer Desk — Modern Grey / Adj.Height/ Black,Office,Desks,249.00,784.00,535.00,Yes,https://www.monarchspec.com/images/lifestyle_WEBQ50/I_7680.jpg
Monarch,I 7660,Computer Desk — Modern Grey / Black Metal,Office,Desks,90.00,284.00,194.00,Yes,https://www.monarchspec.com/images/lifestyle_WEBQ50/I_7660.jpg
Monarch,I 7386,Computer Desk — Modern Grey / Black Metal,Office,Desks,99.00,312.00,213.00,Yes,https://www.monarchspec.com/images/lifestyle_WEBQ50/I_7386.jpg
Monarch,I 7679,Computer Desk — Modern Taupe / Adj.Height/ Black,Office,Desks,249.00,784.00,535.00,Yes,https://www.monarchspec.com/images/lifestyle_WEBQ50/I_7679.jpg
Monarch,I 7629,Computer Desk — Modern Taupe / Black Metal,Office,Desks,195.00,614.00,419.00,Yes,https://www.monarchspec.com/images/lifestyle_WEBQ50/I_7629.jpg
Monarch,I 7659,Computer Desk — Modern Taupe / Black Metal,Office,Desks,90.00,284.00,194.00,Yes,https://www.monarchspec.com/images/lifestyle_WEBQ50/I_7659.jpg
Monarch,I 7644,Computer Desk — Modern Taupe / Black Metal / L/R,Office,Desks,150.00,472.00,322.00,Yes,https://www.monarchspec.com/images/lifestyle_WEBQ50/I_7644.jpg
Monarch,I 7678,Computer Desk — Natural / Adj.Height/ Black Metal,Office,Desks,249.00,784.00,535.00,Yes,https://www.monarchspec.com/images/lifestyle_WEBQ50/I_7678.jpg
Monarch,I 7658,Computer Desk — Natural / Black Metal,Office,Desks,90.00,284.00,194.00,Yes,https://www.monarchspec.com/images/lifestyle_WEBQ50/I_7658.jpg
Monarch,I 7569,Computer Desk — Natural / White Metal,Office,Desks,99.00,312.00,213.00,Yes,https://www.monarchspec.com/images/lifestyle_WEBQ50/I_7569.jpg
Monarch,I 7529,Computer Desk — Natural / White Metal,Office,Desks,59.00,186.00,127.00,Yes,https://www.monarchspec.com/images/lifestyle_WEBQ50/I_7529.jpg
Monarch,I 7543,Computer Desk — Natural / White Metal,Office,Desks,65.00,205.00,140.00,Yes,https://www.monarchspec.com/images/lifestyle_WEBQ50/I_7543.jpg
Monarch,I 7534,Computer Desk — Natural / White Metal,Office,Desks,59.00,186.00,127.00,Yes,https://www.monarchspec.com/images/lifestyle_WEBQ50/I_7534.jpg
Monarch,I 7575,Computer Desk — Natural / White Metal,Office,Desks,59.00,186.00,127.00,Yes,https://www.monarchspec.com/images/lifestyle_WEBQ50/I_7575.jpg
Monarch,I 7397,Computer Desk — Natural / White Metal Corner,Office,Desks,79.00,249.00,170.00,Yes,https://www.monarchspec.com/images/lifestyle_WEBQ50/I_7397.jpg
Monarch,I 7597,Computer Desk — Natural Top / White Metal Corner,Office,Desks,89.00,280.00,191.00,Yes,https://www.monarchspec.com/images/lifestyle_WEBQ50/I_7597.jpg
Monarch,I 7421,Computer Desk — R Facing Corner,Office,Desks,325.00,1024.00,699.00,Yes,https://www.monarchspec.com/images/lifestyle_WEBQ50/I_7421.jpg
Monarch,I 7422,Computer Desk — R Facing Corner,Office,Desks,290.00,914.00,624.00,Yes,https://www.monarchspec.com/images/lifestyle_WEBQ50/I_7422.jpg
Monarch,I 7429,Computer Desk — R Facing Corner,Office,Desks,295.00,929.00,634.00,Yes,https://www.monarchspec.com/images/lifestyle_WEBQ50/I_7429.jpg
Monarch,I 7677,Computer Desk — Reclaimed Wood / Adj.Height/ Black,Office,Desks,249.00,784.00,535.00,Yes,https://www.monarchspec.com/images/lifestyle_WEBQ50/I_7677.jpg
Monarch,I 7612,Computer Desk — Reclaimed Wood / Black Metal / L/R,Office,Desks,265.00,835.00,570.00,Yes,https://www.monarchspec.com/images/lifestyle_WEBQ50/I_7612.jpg
Monarch,I 7490,Computer Desk — Rustic Brown L-Shaped Corner,Office,Desks,260.00,819.00,559.00,Yes,https://www.monarchspec.com/images/lifestyle_WEBQ50/I_7490.jpg
Monarch,I 7725,Computer Desk — Silver Commercial Grade,Office,Desks,265.00,835.00,570.00,Yes,https://www.monarchspec.com/images/lifestyle_WEBQ50/I_7725.jpg
Monarch,I 7726,Computer Desk — Silver Commercial Grade,Office,Desks,110.00,346.00,236.00,Yes,https://www.monarchspec.com/images/lifestyle_WEBQ50/I_7726.jpg
Monarch,I 7716,Computer Desk — Silver Executive Corner,Office,Desks,349.00,1099.00,750.00,Yes,https://www.monarchspec.com/images/lifestyle_WEBQ50/I_7716.jpg
Monarch,I 7717,Computer Desk — Silver Executive Corner,Office,Desks,349.00,1099.00,750.00,Yes,https://www.monarchspec.com/images/lifestyle_WEBQ50/I_7717.jpg
Monarch,I 7171,Computer Desk — Silver Metal,Office,Desks,80.00,252.00,172.00,Yes,https://www.monarchspec.com/images/lifestyle_WEBQ50/I_7171.jpg
Monarch,I 7162,Computer Desk — Silver Metal Corner,Office,Desks,179.00,564.00,385.00,Yes,https://www.monarchspec.com/images/lifestyle_WEBQ50/I_7162.jpg
Monarch,I 7380,Computer Desk — Silver Metal/ White Tempered Glass,Office,Desks,110.00,346.00,236.00,Yes,https://www.monarchspec.com/images/lifestyle_WEBQ50/I_7380.jpg
Monarch,I 7418,Computer Desk — Taupe Reclaimed Wood / Black Metal,Office,Desks,225.00,709.00,484.00,Yes,https://www.monarchspec.com/images/lifestyle_WEBQ50/I_7418.jpg
Monarch,I 7414,Computer Desk — Taupe Reclaimed Wood / Black Metal,Office,Desks,175.00,551.00,376.00,Yes,https://www.monarchspec.com/images/lifestyle_WEBQ50/I_7414.jpg
Monarch,I 7410,Computer Desk — Taupe Reclaimed Wood / Black Metal,Office,Desks,165.00,520.00,355.00,Yes,https://www.monarchspec.com/images/lifestyle_WEBQ50/I_7410.jpg
Monarch,I 7449,Computer Desk — Taupe Reclaimed Wood / Black Metal,Office,Desks,125.00,394.00,269.00,Yes,https://www.monarchspec.com/images/lifestyle_WEBQ50/I_7449.jpg
Monarch,I 7452,Computer Desk — Taupe Reclaimed Wood / Black Metal,Office,Desks,99.00,312.00,213.00,Yes,https://www.monarchspec.com/images/lifestyle_WEBQ50/I_7452.jpg
Monarch,I 7315,Computer Desk — Taupe Reclaimed Wood / Black Metal,Office,Desks,90.00,284.00,194.00,Yes,https://www.monarchspec.com/images/lifestyle_WEBQ50/I_7315.jpg
Monarch,I 7675,Computer Desk — Walnut / Adj.Height/ Black Metal,Office,Desks,249.00,784.00,535.00,Yes,https://www.monarchspec.com/images/lifestyle_WEBQ50/I_7675.jpg
Monarch,I 7625,Computer Desk — Walnut / Black Metal,Office,Desks,195.00,614.00,419.00,Yes,https://www.monarchspec.com/images/lifestyle_WEBQ50/I_7625.jpg
Monarch,I 7670,Computer Desk — Walnut / Black Metal,Office,Desks,135.00,425.00,290.00,Yes,https://www.monarchspec.com/images/lifestyle_WEBQ50/I_7670.jpg
Monarch,I 7655,Computer Desk — Walnut / Black Metal,Office,Desks,90.00,284.00,194.00,Yes,https://www.monarchspec.com/images/lifestyle_WEBQ50/I_7655.jpg
Monarch,I 7610,Computer Desk — Walnut / Black Metal / L/R Face,Office,Desks,265.00,835.00,570.00,Yes,https://www.monarchspec.com/images/lifestyle_WEBQ50/I_7610.jpg
Monarch,I 7083,Computer Desk — Walnut / Silver Metal,Office,Desks,225.00,709.00,484.00,Yes,https://www.monarchspec.com/images/lifestyle_WEBQ50/I_7083.jpg
Monarch,I 1032,Computer Desk — White / 8Mm Tempered Glass,Office,Desks,75.00,236.00,161.00,Yes,https://www.monarchspec.com/images/lifestyle_WEBQ50/I_1032.jpg
Monarch,I 7681,Computer Desk — White / Adj.Height/ Black Metal,Office,Desks,249.00,784.00,535.00,Yes,https://www.monarchspec.com/images/lifestyle_WEBQ50/I_7681.jpg
Monarch,I 7683,Computer Desk — White / Adj.Height/ Silver Metal,Office,Desks,249.00,784.00,535.00,Yes,https://www.monarchspec.com/images/lifestyle_WEBQ50/I_7683.jpg
Monarch,I 7631,Computer Desk — White / Black Metal,Office,Desks,195.00,614.00,419.00,Yes,https://www.monarchspec.com/images/lifestyle_WEBQ50/I_7631.jpg
Monarch,I 7313,Computer Desk — White / Black Metal,Office,Desks,90.00,284.00,194.00,Yes,https://www.monarchspec.com/images/lifestyle_WEBQ50/I_7313.jpg
Monarch,I 7385,Computer Desk — White / Black Metal,Office,Desks,99.00,312.00,213.00,Yes,https://www.monarchspec.com/images/lifestyle_WEBQ50/I_7385.jpg
Monarch,I 7790,Computer Desk — White / Black Metal,Office,Desks,95.00,299.00,204.00,Yes,https://www.monarchspec.com/images/lifestyle_WEBQ50/I_7790.jpg
Monarch,I 7616,Computer Desk — White / Black Metal / L/R Face,Office,Desks,265.00,835.00,570.00,Yes,https://www.monarchspec.com/images/lifestyle_WEBQ50/I_7616.jpg
Monarch,I 7646,Computer Desk — White / Black Metal / L/R Face,Office,Desks,150.00,472.00,322.00,Yes,https://www.monarchspec.com/images/lifestyle_WEBQ50/I_7646.jpg
Monarch,I 7618,Computer Desk — White / Concrete / Silver Metal / ,Office,Desks,225.00,709.00,484.00,Yes,https://www.monarchspec.com/images/lifestyle_WEBQ50/I_7618.jpg
Monarch,I 7648,Computer Desk — White / Concrete / Silver Metal / ,Office,Desks,150.00,472.00,322.00,Yes,https://www.monarchspec.com/images/lifestyle_WEBQ50/I_7648.jpg
Monarch,I 7633,Computer Desk — White / Grey Concrete / Silver Met,Office,Desks,195.00,614.00,419.00,Yes,https://www.monarchspec.com/images/lifestyle_WEBQ50/I_7633.jpg
Monarch,I 7081,Computer Desk — White / Silver Metal,Office,Desks,225.00,709.00,484.00,Yes,https://www.monarchspec.com/images/lifestyle_WEBQ50/I_7081.jpg
Monarch,I 7046,Computer Desk — White / Silver Metal,Office,Desks,225.00,709.00,484.00,Yes,https://www.monarchspec.com/images/lifestyle_WEBQ50/I_7046.jpg
Monarch,I 7144,Computer Desk — White / Silver Metal,Office,Desks,195.00,614.00,419.00,Yes,https://www.monarchspec.com/images/lifestyle_WEBQ50/I_7144.jpg
Monarch,I 7149,Computer Desk — White / Silver Metal,Office,Desks,179.00,564.00,385.00,Yes,https://www.monarchspec.com/images/lifestyle_WEBQ50/I_7149.jpg
Monarch,I 7663,Computer Desk — White / Silver Metal,Office,Desks,90.00,284.00,194.00,Yes,https://www.monarchspec.com/images/lifestyle_WEBQ50/I_7663.jpg
Monarch,I 7361,Computer Desk — White / Silver Metal,Office,Desks,99.00,312.00,213.00,Yes,https://www.monarchspec.com/images/lifestyle_WEBQ50/I_7361.jpg
Monarch,I 7364,Computer Desk — White / Silver Metal,Office,Desks,115.00,362.00,247.00,Yes,https://www.monarchspec.com/images/lifestyle_WEBQ50/I_7364.jpg
Monarch,I 7372,Computer Desk — White / Silver Metal,Office,Desks,65.00,205.00,140.00,Yes,https://www.monarchspec.com/images/lifestyle_WEBQ50/I_7372.jpg
Monarch,I 7376,Computer Desk — White / Silver Metal,Office,Desks,65.00,205.00,140.00,Yes,https://www.monarchspec.com/images/lifestyle_WEBQ50/I_7376.jpg
Monarch,I 7368,Computer Desk — White / Silver Metal,Office,Desks,69.00,217.00,148.00,Yes,https://www.monarchspec.com/images/lifestyle_WEBQ50/I_7368.jpg
Monarch,I 7154,Computer Desk — White / Silver Metal,Office,Desks,95.00,299.00,204.00,Yes,https://www.monarchspec.com/images/lifestyle_WEBQ50/I_7154.jpg
Monarch,I 7222,Computer Desk — White / Silver Metal,Office,Desks,59.00,186.00,127.00,Yes,https://www.monarchspec.com/images/lifestyle_WEBQ50/I_7222.jpg
Monarch,I 7695,Computer Desk — White / Silver Metal Corner,Office,Desks,175.00,551.00,376.00,Yes,https://www.monarchspec.com/images/lifestyle_WEBQ50/I_7695.jpg
Monarch,I 7585,Computer Desk — White / Silver Metal L/R Corner,Office,Desks,149.00,469.00,320.00,Yes,https://www.monarchspec.com/images/lifestyle_WEBQ50/I_7585.jpg
Monarch,I 7554,Computer Desk — White / White Metal,Office,Desks,99.00,312.00,213.00,Yes,https://www.monarchspec.com/images/lifestyle_WEBQ50/I_7554.jpg
Monarch,I 7521,Computer Desk — White / White Metal,Office,Desks,59.00,186.00,127.00,Yes,https://www.monarchspec.com/images/lifestyle_WEBQ50/I_7521.jpg
Monarch,I 7545,Computer Desk — White / White Metal,Office,Desks,65.00,205.00,140.00,Yes,https://www.monarchspec.com/images/lifestyle_WEBQ50/I_7545.jpg
Monarch,I 7535,Computer Desk — White / White Metal,Office,Desks,59.00,186.00,127.00,Yes,https://www.monarchspec.com/images/lifestyle_WEBQ50/I_7535.jpg
Monarch,I 7570,Computer Desk — White / White Metal,Office,Desks,65.00,205.00,140.00,Yes,https://www.monarchspec.com/images/lifestyle_WEBQ50/I_7570.jpg
Monarch,I 7770,Computer Desk — White / White Metal,Office,Desks,75.00,236.00,161.00,Yes,https://www.monarchspec.com/images/lifestyle_WEBQ50/I_7770.jpg
Monarch,I 7775,Computer Desk — White / White Metal,Office,Desks,59.00,186.00,127.00,Yes,https://www.monarchspec.com/images/lifestyle_WEBQ50/I_7775.jpg
Monarch,I 7701,Computer Desk — White / White Standing Height,Office,Desks,110.00,346.00,236.00,Yes,https://www.monarchspec.com/images/lifestyle_WEBQ50/I_7701.jpg
Monarch,I 7307,Computer Desk — White Cement-Look Left/Right Face,Office,Desks,275.00,866.00,591.00,Yes,https://www.monarchspec.com/images/lifestyle_WEBQ50/I_7307.jpg
Monarch,I 7500,Computer Desk — White Corner / Silver Metal,Office,Desks,149.00,469.00,320.00,Yes,https://www.monarchspec.com/images/lifestyle_WEBQ50/I_7500.jpg
Monarch,I 7494,Computer Desk — White L-Shaped Corner,Office,Desks,260.00,819.00,559.00,Yes,https://www.monarchspec.com/images/lifestyle_WEBQ50/I_7494.jpg
Monarch,I 7040,Computer Desk — White Ladder Style,Office,Desks,89.00,280.00,191.00,Yes,https://www.monarchspec.com/images/lifestyle_WEBQ50/I_7040.jpg
Monarch,I 7027,Computer Desk — White Left Or Right Facing,Office,Desks,165.00,520.00,355.00,Yes,https://www.monarchspec.com/images/lifestyle_WEBQ50/I_7027.jpg
Monarch,I 7760,Computer Desk — White Left Or Right Facing,Office,Desks,129.00,406.00,277.00,Yes,https://www.monarchspec.com/images/lifestyle_WEBQ50/I_7760.jpg
Monarch,I 7690,Computer Desk — White Left Or Right Facing,Office,Desks,175.00,551.00,376.00,Yes,https://www.monarchspec.com/images/lifestyle_WEBQ50/I_7690.jpg
Monarch,I 7600,Computer Desk — White Left Or Right Facing,Office,Desks,125.00,394.00,269.00,Yes,https://www.monarchspec.com/images/lifestyle_WEBQ50/I_7600.jpg
Monarch,I 7023,Computer Desk — White Left Or Right Facing Corner,Office,Desks,325.00,1024.00,699.00,Yes,https://www.monarchspec.com/images/lifestyle_WEBQ50/I_7023.jpg
Monarch,I 7028,Computer Desk — White Left Or Right Facing Corner,Office,Desks,295.00,929.00,634.00,Yes,https://www.monarchspec.com/images/lifestyle_WEBQ50/I_7028.jpg
Monarch,I 7133,Computer Desk — White Left Or Right Facing Corner,Office,Desks,210.00,662.00,452.00,Yes,https://www.monarchspec.com/images/lifestyle_WEBQ50/I_7133.jpg
Monarch,I 7022,Computer Desk — White Left Or Right Facing Corner,Office,Desks,225.00,709.00,484.00,Yes,https://www.monarchspec.com/images/lifestyle_WEBQ50/I_7022.jpg
Monarch,I 7595,Computer Desk — White Marble / Black Metal Corner,Office,Desks,89.00,280.00,191.00,Yes,https://www.monarchspec.com/images/lifestyle_WEBQ50/I_7595.jpg
Monarch,I 7393,Computer Desk — White Marble / Black Metal Corner,Office,Desks,79.00,249.00,170.00,Yes,https://www.monarchspec.com/images/lifestyle_WEBQ50/I_7393.jpg
Monarch,I 7762,Computer Desk — White Marble Left Or Right Facing,Office,Desks,129.00,406.00,277.00,Yes,https://www.monarchspec.com/images/lifestyle_WEBQ50/I_7762.jpg
Monarch,I 7558,Computer Desk — White Marble-Look / Black Metal,Office,Desks,99.00,312.00,213.00,Yes,https://www.monarchspec.com/images/lifestyle_WEBQ50/I_7558.jpg
Monarch,I 7527,Computer Desk — White Marble-Look / Black Metal,Office,Desks,59.00,186.00,127.00,Yes,https://www.monarchspec.com/images/lifestyle_WEBQ50/I_7527.jpg
Monarch,I 7549,Computer Desk — White Marble-Look / Black Metal,Office,Desks,65.00,205.00,140.00,Yes,https://www.monarchspec.com/images/lifestyle_WEBQ50/I_7549.jpg
Monarch,I 7539,Computer Desk — White Marble-Look / Black Metal,Office,Desks,59.00,186.00,127.00,Yes,https://www.monarchspec.com/images/lifestyle_WEBQ50/I_7539.jpg
Monarch,I 7571,Computer Desk — White Marble-Look / Black Metal,Office,Desks,59.00,186.00,127.00,Yes,https://www.monarchspec.com/images/lifestyle_WEBQ50/I_7571.jpg
Monarch,I 7195,Computer Desk — White Top / Black Metal Corner,Office,Desks,70.00,220.00,150.00,Yes,https://www.monarchspec.com/images/lifestyle_WEBQ50/I_7195.jpg
Monarch,I 7100,Computer Desk — White Top / Silver Metal,Office,Desks,45.00,142.00,97.00,Yes,https://www.monarchspec.com/images/lifestyle_WEBQ50/I_7100.jpg
Monarch,I 7165,Computer Desk — White Top / White Metal,Office,Desks,75.00,236.00,161.00,Yes,https://www.monarchspec.com/images/lifestyle_WEBQ50/I_7165.jpg
Monarch,I 7163,Computer Desk — White Top / White Metal,Office,Desks,60.00,189.00,129.00,Yes,https://www.monarchspec.com/images/lifestyle_WEBQ50/I_7163.jpg
Monarch,I 7596,Computer Desk — White Top / White Metal Corner,Office,Desks,89.00,280.00,191.00,Yes,https://www.monarchspec.com/images/lifestyle_WEBQ50/I_7596.jpg
Monarch,I 7350,Computer Desk — White With A Storage Cabinet,Office,Desks,119.00,375.00,256.00,Yes,https://www.monarchspec.com/images/lifestyle_WEBQ50/I_7350.jpg
Monarch,I 7357,Office Chair — Black / Red Fabric On Castors,Office,Office Chairs,65.00,205.00,140.00,Yes,https://www.monarchspec.com/images/lifestyle_WEBQ50/I_7357.jpg
Monarch,I 7339,Office Chair — Black Base On Castors,Office,Office Chairs,75.00,236.00,161.00,Yes,https://www.monarchspec.com/images/lifestyle_WEBQ50/I_7339.jpg
Monarch,I 7340,Office Chair — Black Base On Castors,Office,Office Chairs,75.00,236.00,161.00,Yes,https://www.monarchspec.com/images/lifestyle_WEBQ50/I_7340.jpg
Monarch,I 7336,Office Chair — Black Base On Castors,Office,Office Chairs,55.00,173.00,118.00,Yes,https://www.monarchspec.com/images/lifestyle_WEBQ50/I_7336.jpg
Monarch,I 7272,Office Chair — Black Fabric / High Back Executive,Office,Office Chairs,125.00,394.00,269.00,Yes,https://www.monarchspec.com/images/lifestyle_WEBQ50/I_7272.jpg
Monarch,I 7354,Office Chair — Black Fabric / High Back Executive,Office,Office Chairs,110.00,346.00,236.00,Yes,https://www.monarchspec.com/images/lifestyle_WEBQ50/I_7354.jpg
Monarch,I 7248,Office Chair — Black Fabric / Multi Position,Office,Office Chairs,100.00,315.00,215.00,Yes,https://www.monarchspec.com/images/lifestyle_WEBQ50/I_7248.jpg
Monarch,I 7334,Office Chair — Black Mesh / Multi Position,Office,Office Chairs,105.00,331.00,226.00,Yes,https://www.monarchspec.com/images/lifestyle_WEBQ50/I_7334.jpg
Monarch,I 7224,Office Chair — Black Mesh / Multi Position,Office,Office Chairs,115.00,362.00,247.00,Yes,https://www.monarchspec.com/images/lifestyle_WEBQ50/I_7224.jpg
Monarch,I 7367,Office Chair — Black Mesh / Multi Position,Office,Office Chairs,115.00,362.00,247.00,Yes,https://www.monarchspec.com/images/lifestyle_WEBQ50/I_7367.jpg
Monarch,I 7462,Office Chair — Chrome Base On Castors,Office,Office Chairs,80.00,252.00,172.00,Yes,https://www.monarchspec.com/images/lifestyle_WEBQ50/I_7462.jpg
Monarch,I 7460,Office Chair — Chrome Base On Castors,Office,Office Chairs,80.00,252.00,172.00,Yes,https://www.monarchspec.com/images/lifestyle_WEBQ50/I_7460.jpg
Monarch,I 7268,Office Chair — Chrome High-Back Executive,Office,Office Chairs,150.00,472.00,322.00,Yes,https://www.monarchspec.com/images/lifestyle_WEBQ50/I_7268.jpg
Monarch,I 7298,Office Chair — Chrome Metal Hydraulic Lift Base,Office,Office Chairs,95.00,299.00,204.00,Yes,https://www.monarchspec.com/images/lifestyle_WEBQ50/I_7298.jpg
Monarch,I 7270,Office Chair — Grey Fabric / High Back Executive,Office,Office Chairs,125.00,394.00,269.00,Yes,https://www.monarchspec.com/images/lifestyle_WEBQ50/I_7270.jpg
Monarch,I 7324,Office Chair — Grey Fabric / Multi Position,Office,Office Chairs,120.00,378.00,258.00,Yes,https://www.monarchspec.com/images/lifestyle_WEBQ50/I_7324.jpg
Monarch,I 7269,Office Chair — Grey Mesh / Chrome High-Back Exec,Office,Office Chairs,150.00,472.00,322.00,Yes,https://www.monarchspec.com/images/lifestyle_WEBQ50/I_7269.jpg
Monarch,I 7225,Office Chair — Grey Mesh / Multi Position,Office,Office Chairs,115.00,362.00,247.00,Yes,https://www.monarchspec.com/images/lifestyle_WEBQ50/I_7225.jpg
Monarch,I 7274,Office Chair — High Back Executive,Office,Office Chairs,195.00,614.00,419.00,Yes,https://www.monarchspec.com/images/lifestyle_WEBQ50/I_7274.jpg
Monarch,I 7275,Office Chair — High Back Executive,Office,Office Chairs,195.00,614.00,419.00,Yes,https://www.monarchspec.com/images/lifestyle_WEBQ50/I_7275.jpg
Monarch,I 7273,Office Chair — High Back Executive,Office,Office Chairs,195.00,614.00,419.00,Yes,https://www.monarchspec.com/images/lifestyle_WEBQ50/I_7273.jpg
Monarch,I 7253,Office Chair — High Back Executive,Office,Office Chairs,160.00,504.00,344.00,Yes,https://www.monarchspec.com/images/lifestyle_WEBQ50/I_7253.jpg
Monarch,I 7251,Office Chair — High Back Executive,Office,Office Chairs,160.00,504.00,344.00,Yes,https://www.monarchspec.com/images/lifestyle_WEBQ50/I_7251.jpg
Monarch,I 7252,Office Chair — High Back Executive,Office,Office Chairs,160.00,504.00,344.00,Yes,https://www.monarchspec.com/images/lifestyle_WEBQ50/I_7252.jpg
Monarch,I 7344,Office Chair — High Back Executive,Office,Office Chairs,125.00,394.00,269.00,Yes,https://www.monarchspec.com/images/lifestyle_WEBQ50/I_7344.jpg
Monarch,I 7375,Office Chair — High Back Executive,Office,Office Chairs,140.00,441.00,301.00,Yes,https://www.monarchspec.com/images/lifestyle_WEBQ50/I_7375.jpg
Monarch,I 7378,Office Chair — High Back Executive,Office,Office Chairs,140.00,441.00,301.00,Yes,https://www.monarchspec.com/images/lifestyle_WEBQ50/I_7378.jpg
Monarch,I 7323,Office Chair — High Back Executive,Office,Office Chairs,140.00,441.00,301.00,Yes,https://www.monarchspec.com/images/lifestyle_WEBQ50/I_7323.jpg
Monarch,I 7277,Office Chair — High Back Executive,Office,Office Chairs,160.00,504.00,344.00,Yes,https://www.monarchspec.com/images/lifestyle_WEBQ50/I_7277.jpg
Monarch,I 7276,Office Chair — Multi Position,Office,Office Chairs,150.00,472.00,322.00,Yes,https://www.monarchspec.com/images/lifestyle_WEBQ50/I_7276.jpg
Monarch,I 7262,Office Chair — Multi Position,Office,Office Chairs,100.00,315.00,215.00,Yes,https://www.monarchspec.com/images/lifestyle_WEBQ50/I_7262.jpg
Monarch,I 7265,Office Chair — Multi-Position,Office,Office Chairs,120.00,378.00,258.00,Yes,https://www.monarchspec.com/images/lifestyle_WEBQ50/I_7265.jpg
Monarch,I 7464,Office Chair — Multi-Position,Office,Office Chairs,60.00,189.00,129.00,Yes,https://www.monarchspec.com/images/lifestyle_WEBQ50/I_7464.jpg
Monarch,I 7463,Office Chair — Multi-Position,Office,Office Chairs,60.00,189.00,129.00,Yes,https://www.monarchspec.com/images/lifestyle_WEBQ50/I_7463.jpg
Monarch,I 7465,Office Chair — Multi-Position,Office,Office Chairs,60.00,189.00,129.00,Yes,https://www.monarchspec.com/images/lifestyle_WEBQ50/I_7465.jpg
Monarch,I 7260,Office Chair — Multi-Position,Office,Office Chairs,85.00,268.00,183.00,Yes,https://www.monarchspec.com/images/lifestyle_WEBQ50/I_7260.jpg
Monarch,I 7261,Office Chair — Multi-Position,Office,Office Chairs,80.00,252.00,172.00,Yes,https://www.monarchspec.com/images/lifestyle_WEBQ50/I_7261.jpg
Monarch,I 7734,Office Cubicle — Black Commercial Grade Desk,Office,Desks,175.00,551.00,376.00,Yes,https://www.monarchspec.com/images/lifestyle_WEBQ50/I_7734.jpg
Monarch,I 7729,Office Cubicle — Silver Commercial Grade Desk,Office,Desks,175.00,551.00,376.00,Yes,https://www.monarchspec.com/images/lifestyle_WEBQ50/I_7729.jpg
Monarch,ET 1360,Tv Stand — Maple Entertainment Center,Office,Bookcases,50.00,158.00,108.00,Yes,https://www.monarchspec.com/images/lifestyle_WEBQ50/ET_1360.jpg
Rugs Network (own warehouse),RN-333,Afgan Chobi Finest,Rugs,Hand Knotted,n/a (our own stock),3198.00,,No,https://demo-oasis-six.vercel.app/assets/rugs/333.webp
Rugs Network (own warehouse),RN-481,Afghan Chobi,Rugs,Hand Knotted,n/a (our own stock),1316.50,,No,https://demo-oasis-six.vercel.app/assets/rugs/481.webp
Rugs Network (own warehouse),RN-761,Afghan Chobi,Rugs,Hand Knotted,n/a (our own stock),2783.75,,No,https://demo-oasis-six.vercel.app/assets/rugs/761.webp
Rugs Network (own warehouse),RN-961,Afghan Chobi,Rugs,Hand Knotted,n/a (our own stock),3128.70,,No,https://demo-oasis-six.vercel.app/assets/rugs/961.webp
Rugs Network (own warehouse),RN-529,Afghan Chobi Finest,Rugs,Hand Knotted,n/a (our own stock),950.25,,No,https://demo-oasis-six.vercel.app/assets/rugs/529.webp
Rugs Network (own warehouse),RN-194,Afghan Chobi Finest,Rugs,Hand Knotted,n/a (our own stock),1072.25,,No,https://demo-oasis-six.vercel.app/assets/rugs/194.webp
Rugs Network (own warehouse),RN-181,Afghan Chobi Finest,Rugs,Hand Knotted,n/a (our own stock),1249.75,,No,https://demo-oasis-six.vercel.app/assets/rugs/181.webp
Rugs Network (own warehouse),RN-478,Afghan Chobi Finest,Rugs,Hand Knotted,n/a (our own stock),1260.50,,No,https://demo-oasis-six.vercel.app/assets/rugs/478.webp
Rugs Network (own warehouse),RN-525,Afghan Chobi Finest,Rugs,Hand Knotted,n/a (our own stock),1372.40,,No,https://demo-oasis-six.vercel.app/assets/rugs/525.webp
Rugs Network (own warehouse),RN-458,Afghan Chobi Finest,Rugs,Hand Knotted,n/a (our own stock),1496.50,,No,https://demo-oasis-six.vercel.app/assets/rugs/458.webp
Rugs Network (own warehouse),RN-779,Afghan Chobi Finest,Rugs,Hand Knotted,n/a (our own stock),1710.50,,No,https://demo-oasis-six.vercel.app/assets/rugs/779.webp
Rugs Network (own warehouse),RN-341,Afghan Chobi Finest,Rugs,Hand Knotted,n/a (our own stock),1778.45,,No,https://demo-oasis-six.vercel.app/assets/rugs/341.webp
Rugs Network (own warehouse),RN-354,Afghan Chobi Finest,Rugs,Hand Knotted,n/a (our own stock),1820.00,,No,https://demo-oasis-six.vercel.app/assets/rugs/354.webp
Rugs Network (own warehouse),RN-358,Afghan Chobi Finest,Rugs,Hand Knotted,n/a (our own stock),1821.60,,No,https://demo-oasis-six.vercel.app/assets/rugs/358.webp
Rugs Network (own warehouse),RN-406,Afghan Chobi Finest,Rugs,Hand Knotted,n/a (our own stock),1887.50,,No,https://demo-oasis-six.vercel.app/assets/rugs/406.webp
Rugs Network (own warehouse),RN-408,Afghan Chobi Finest,Rugs,Hand Knotted,n/a (our own stock),1940.85,,No,https://demo-oasis-six.vercel.app/assets/rugs/408.webp
Rugs Network (own warehouse),RN-337,Afghan Chobi Finest,Rugs,Hand Knotted,n/a (our own stock),2119.75,,No,https://demo-oasis-six.vercel.app/assets/rugs/337.webp
Rugs Network (own warehouse),RN-386,Afghan Chobi Finest,Rugs,Hand Knotted,n/a (our own stock),2159.50,,No,https://demo-oasis-six.vercel.app/assets/rugs/386.webp
Rugs Network (own warehouse),RN-387,Afghan Chobi Finest,Rugs,Hand Knotted,n/a (our own stock),2159.50,,No,https://demo-oasis-six.vercel.app/assets/rugs/387.webp
Rugs Network (own warehouse),RN-344,Afghan Chobi Finest,Rugs,Hand Knotted,n/a (our own stock),2208.50,,No,https://demo-oasis-six.vercel.app/assets/rugs/344.webp
Rugs Network (own warehouse),RN-506,Afghan Chobi Finest,Rugs,Hand Knotted,n/a (our own stock),2405.60,,No,https://demo-oasis-six.vercel.app/assets/rugs/506.webp
Rugs Network (own warehouse),RN-1029,Afghan Chobi Finest,Rugs,Hand Knotted,n/a (our own stock),2481.60,,No,https://demo-oasis-six.vercel.app/assets/rugs/1029.webp
Rugs Network (own warehouse),RN-425,Afghan Chobi Finest,Rugs,Hand Knotted,n/a (our own stock),2529.60,,No,https://demo-oasis-six.vercel.app/assets/rugs/425.webp
Rugs Network (own warehouse),RN-2166,Afghan Chobi Finest,Rugs,Hand Knotted,n/a (our own stock),2562.00,,No,https://demo-oasis-six.vercel.app/assets/rugs/2166.webp
Rugs Network (own warehouse),RN-2150,Afghan Chobi Finest,Rugs,Hand Knotted,n/a (our own stock),2649.60,,No,https://demo-oasis-six.vercel.app/assets/rugs/2150.webp
Rugs Network (own warehouse),RN-363,Afghan Chobi Finest,Rugs,Hand Knotted,n/a (our own stock),2669.50,,No,https://demo-oasis-six.vercel.app/assets/rugs/363.webp
Rugs Network (own warehouse),RN-756,Afghan Chobi Finest,Rugs,Hand Knotted,n/a (our own stock),2678.25,,No,https://demo-oasis-six.vercel.app/assets/rugs/756.webp
Rugs Network (own warehouse),RN-2186,Afghan Chobi Finest,Rugs,Hand Knotted,n/a (our own stock),2760.52,,No,https://demo-oasis-six.vercel.app/assets/rugs/2186.webp
Rugs Network (own warehouse),RN-379,Afghan Chobi Finest,Rugs,Hand Knotted,n/a (our own stock),2880.85,,No,https://demo-oasis-six.vercel.app/assets/rugs/379.webp
Rugs Network (own warehouse),RN-992,Afghan Chobi Finest,Rugs,Hand Knotted,n/a (our own stock),3168.50,,No,https://demo-oasis-six.vercel.app/assets/rugs/992.webp
Rugs Network (own warehouse),RN-943,Afghan Chobi Finest,Rugs,Hand Knotted,n/a (our own stock),3190.00,,No,https://demo-oasis-six.vercel.app/assets/rugs/943.webp
Rugs Network (own warehouse),RN-331,Afghan Chobi Finest,Rugs,Hand Knotted,n/a (our own stock),3194.25,,No,https://demo-oasis-six.vercel.app/assets/rugs/331.webp
Rugs Network (own warehouse),RN-391,Afghan Chobi Finest,Rugs,Hand Knotted,n/a (our own stock),3195.25,,No,https://demo-oasis-six.vercel.app/assets/rugs/391.webp
Rugs Network (own warehouse),RN-939,Afghan Chobi Finest,Rugs,Hand Knotted,n/a (our own stock),3195.50,,No,https://demo-oasis-six.vercel.app/assets/rugs/939.webp
Rugs Network (own warehouse),RN-2212,Afghan Chobi Finest,Rugs,Hand Knotted,n/a (our own stock),3195.50,,No,https://demo-oasis-six.vercel.app/assets/rugs/2212.webp
Rugs Network (own warehouse),RN-2112,Afghan Chobi Finest,Rugs,Hand Knotted,n/a (our own stock),3199.25,,No,https://demo-oasis-six.vercel.app/assets/rugs/2112.webp
Rugs Network (own warehouse),RN-376,Afghan Chobi Finest,Rugs,Hand Knotted,n/a (our own stock),3199.50,,No,https://demo-oasis-six.vercel.app/assets/rugs/376.webp
Rugs Network (own warehouse),RN-368,Afghan Chobi Finest,Rugs,Hand Knotted,n/a (our own stock),3207.60,,No,https://demo-oasis-six.vercel.app/assets/rugs/368.webp
Rugs Network (own warehouse),RN-2121,Afghan Chobi Finest,Rugs,Hand Knotted,n/a (our own stock),3207.60,,No,https://demo-oasis-six.vercel.app/assets/rugs/2121.webp
Rugs Network (own warehouse),RN-1117,Afghan Chobi Finest,Rugs,Hand Knotted,n/a (our own stock),3232.25,,No,https://demo-oasis-six.vercel.app/assets/rugs/1117.webp
Rugs Network (own warehouse),RN-1114,Afghan Chobi Finest,Rugs,Hand Knotted,n/a (our own stock),3328.20,,No,https://demo-oasis-six.vercel.app/assets/rugs/1114.webp
Rugs Network (own warehouse),RN-350,Afghan Chobi Finest,Rugs,Hand Knotted,n/a (our own stock),3359.50,,No,https://demo-oasis-six.vercel.app/assets/rugs/350.webp
Rugs Network (own warehouse),RN-366,Afghan Chobi Finest,Rugs,Hand Knotted,n/a (our own stock),3369.75,,No,https://demo-oasis-six.vercel.app/assets/rugs/366.webp
Rugs Network (own warehouse),RN-2120,Afghan Chobi Finest,Rugs,Hand Knotted,n/a (our own stock),3386.40,,No,https://demo-oasis-six.vercel.app/assets/rugs/2120.webp
Rugs Network (own warehouse),RN-414,Afghan Chobi Finest,Rugs,Hand Knotted,n/a (our own stock),3395.50,,No,https://demo-oasis-six.vercel.app/assets/rugs/414.webp
Rugs Network (own warehouse),RN-2213,Afghan Chobi Finest,Rugs,Hand Knotted,n/a (our own stock),3536.50,,No,https://demo-oasis-six.vercel.app/assets/rugs/2213.webp
Rugs Network (own warehouse),RN-1098,Afghan Chobi Finest,Rugs,Hand Knotted,n/a (our own stock),3572.25,,No,https://demo-oasis-six.vercel.app/assets/rugs/1098.webp
Rugs Network (own warehouse),RN-377,Afghan Chobi Finest,Rugs,Hand Knotted,n/a (our own stock),3618.80,,No,https://demo-oasis-six.vercel.app/assets/rugs/377.webp
Rugs Network (own warehouse),RN-2159,Afghan Chobi Finest,Rugs,Hand Knotted,n/a (our own stock),5640.20,,No,https://demo-oasis-six.vercel.app/assets/rugs/2159.webp
Rugs Network (own warehouse),RN-1004,Afghan Chobi Finest,Rugs,Hand Knotted,n/a (our own stock),7330.40,,No,https://demo-oasis-six.vercel.app/assets/rugs/1004.webp
Rugs Network (own warehouse),RN-2156,Afghan Chobi Finest,Rugs,Hand Knotted,n/a (our own stock),8470.25,,No,https://demo-oasis-six.vercel.app/assets/rugs/2156.webp
Rugs Network (own warehouse),RN-772,Afghan Herati,Rugs,Hand Knotted,n/a (our own stock),234.60,,No,https://demo-oasis-six.vercel.app/assets/rugs/772.webp
Rugs Network (own warehouse),RN-703,Afghan Herati,Rugs,Hand Knotted,n/a (our own stock),234.60,,No,https://demo-oasis-six.vercel.app/assets/rugs/703.webp
Rugs Network (own warehouse),RN-741,Afghan Ziegler,Rugs,Hand Knotted,n/a (our own stock),2579.10,,No,https://demo-oasis-six.vercel.app/assets/rugs/741.webp
Rugs Network (own warehouse),RN-559,Agra,Rugs,Hand Knotted,n/a (our own stock),379.50,,No,https://demo-oasis-six.vercel.app/assets/rugs/559.webp
Rugs Network (own warehouse),RN-436,Agra,Rugs,Hand Knotted,n/a (our own stock),455.40,,No,https://demo-oasis-six.vercel.app/assets/rugs/436.webp
Rugs Network (own warehouse),RN-315,Agra,Rugs,Hand Knotted,n/a (our own stock),462.30,,No,https://demo-oasis-six.vercel.app/assets/rugs/315.webp
Rugs Network (own warehouse),RN-308,Bakhtiar,Rugs,Hand Knotted,n/a (our own stock),393.30,,No,https://demo-oasis-six.vercel.app/assets/rugs/308.webp
Rugs Network (own warehouse),RN-442,Bakhtiar,Rugs,Hand Knotted,n/a (our own stock),717.60,,No,https://demo-oasis-six.vercel.app/assets/rugs/442.webp
Rugs Network (own warehouse),RN-422,Bakhtiar Jihad,Rugs,Hand Knotted,n/a (our own stock),2001.50,,No,https://demo-oasis-six.vercel.app/assets/rugs/422.webp
Rugs Network (own warehouse),RN-2169,Bakhtiar Saman,Rugs,Hand Knotted,n/a (our own stock),2477.10,,No,https://demo-oasis-six.vercel.app/assets/rugs/2169.webp
Rugs Network (own warehouse),RN-238,Bakhtiari,Rugs,Hand Knotted,n/a (our own stock),607.20,,No,https://demo-oasis-six.vercel.app/assets/rugs/238.webp
Rugs Network (own warehouse),RN-2835,Bali Cream,Rugs,Machine Made,n/a (our own stock),13.23,,No,https://demo-oasis-six.vercel.app/assets/rugs/2835.webp
Rugs Network (own warehouse),RN-2843,Bali Cream,Rugs,Machine Made,n/a (our own stock),13.23,,No,https://demo-oasis-six.vercel.app/assets/rugs/2843.webp
Rugs Network (own warehouse),RN-2844,Bali Cream,Rugs,Machine Made,n/a (our own stock),13.23,,No,https://demo-oasis-six.vercel.app/assets/rugs/2844.webp
Rugs Network (own warehouse),RN-2834,Bali Cream_Blue_Dck,Rugs,Machine Made,n/a (our own stock),243.43,,No,https://demo-oasis-six.vercel.app/assets/rugs/2834.webp
Rugs Network (own warehouse),RN-2832,Bali Grey,Rugs,Machine Made,n/a (our own stock),92.61,,No,https://demo-oasis-six.vercel.app/assets/rugs/2832.webp
Rugs Network (own warehouse),RN-2833,Bali Light_Grey,Rugs,Machine Made,n/a (our own stock),13.23,,No,https://demo-oasis-six.vercel.app/assets/rugs/2833.webp
Rugs Network (own warehouse),RN-2828,Bali White,Rugs,Machine Made,n/a (our own stock),13.23,,No,https://demo-oasis-six.vercel.app/assets/rugs/2828.webp
Rugs Network (own warehouse),RN-2836,Bali White,Rugs,Machine Made,n/a (our own stock),13.23,,No,https://demo-oasis-six.vercel.app/assets/rugs/2836.webp
Rugs Network (own warehouse),RN-2837,Bali White,Rugs,Machine Made,n/a (our own stock),13.23,,No,https://demo-oasis-six.vercel.app/assets/rugs/2837.webp
Rugs Network (own warehouse),RN-2839,Bali White,Rugs,Machine Made,n/a (our own stock),13.23,,No,https://demo-oasis-six.vercel.app/assets/rugs/2839.webp
Rugs Network (own warehouse),RN-2842,Bali White,Rugs,Machine Made,n/a (our own stock),13.23,,No,https://demo-oasis-six.vercel.app/assets/rugs/2842.webp
Rugs Network (own warehouse),RN-2845,Bali White,Rugs,Machine Made,n/a (our own stock),13.23,,No,https://demo-oasis-six.vercel.app/assets/rugs/2845.webp
Rugs Network (own warehouse),RN-2838,Bali White,Rugs,Machine Made,n/a (our own stock),79.38,,No,https://demo-oasis-six.vercel.app/assets/rugs/2838.webp
Rugs Network (own warehouse),RN-2841,Bali White,Rugs,Machine Made,n/a (our own stock),79.38,,No,https://demo-oasis-six.vercel.app/assets/rugs/2841.webp
Rugs Network (own warehouse),RN-2827,Bali White,Rugs,Machine Made,n/a (our own stock),243.43,,No,https://demo-oasis-six.vercel.app/assets/rugs/2827.webp
Rugs Network (own warehouse),RN-2840,Bali White,Rugs,Machine Made,n/a (our own stock),243.43,,No,https://demo-oasis-six.vercel.app/assets/rugs/2840.webp
Rugs Network (own warehouse),RN-2829,Bali White,Rugs,Machine Made,n/a (our own stock),523.91,,No,https://demo-oasis-six.vercel.app/assets/rugs/2829.webp
Rugs Network (own warehouse),RN-2830,Bali White,Rugs,Machine Made,n/a (our own stock),523.91,,No,https://demo-oasis-six.vercel.app/assets/rugs/2830.webp
Rugs Network (own warehouse),RN-2178,Balouch,Rugs,Hand Knotted,n/a (our own stock),155.25,,No,https://demo-oasis-six.vercel.app/assets/rugs/2178.webp
Rugs Network (own warehouse),RN-648,Balouchi,Rugs,Hand Knotted,n/a (our own stock),186.30,,No,https://demo-oasis-six.vercel.app/assets/rugs/648.webp
Rugs Network (own warehouse),RN-649,Balouchi,Rugs,Hand Knotted,n/a (our own stock),191.82,,No,https://demo-oasis-six.vercel.app/assets/rugs/649.webp
Rugs Network (own warehouse),RN-660,Balouchi,Rugs,Hand Knotted,n/a (our own stock),191.82,,No,https://demo-oasis-six.vercel.app/assets/rugs/660.webp
Rugs Network (own warehouse),RN-662,Balouchi,Rugs,Hand Knotted,n/a (our own stock),191.82,,No,https://demo-oasis-six.vercel.app/assets/rugs/662.webp
Rugs Network (own warehouse),RN-647,Balouchi,Rugs,Hand Knotted,n/a (our own stock),207.00,,No,https://demo-oasis-six.vercel.app/assets/rugs/647.webp
Rugs Network (own warehouse),RN-641,Balouchi,Rugs,Hand Knotted,n/a (our own stock),207.00,,No,https://demo-oasis-six.vercel.app/assets/rugs/641.webp
Rugs Network (own warehouse),RN-2182,Baluch,Rugs,Hand Knotted,n/a (our own stock),186.30,,No,https://demo-oasis-six.vercel.app/assets/rugs/2182.webp
Rugs Network (own warehouse),RN-2180,Baluch,Rugs,Hand Knotted,n/a (our own stock),193.20,,No,https://demo-oasis-six.vercel.app/assets/rugs/2180.webp
Rugs Network (own warehouse),RN-2181,Baluch,Rugs,Hand Knotted,n/a (our own stock),193.20,,No,https://demo-oasis-six.vercel.app/assets/rugs/2181.webp
Rugs Network (own warehouse),RN-1032,Bargesta,Rugs,Hand Knotted,n/a (our own stock),1311.00,,No,https://demo-oasis-six.vercel.app/assets/rugs/1032.webp
Rugs Network (own warehouse),RN-199,Bidjar,Rugs,Hand Knotted,n/a (our own stock),4381.50,,No,https://demo-oasis-six.vercel.app/assets/rugs/199.webp
Rugs Network (own warehouse),RN-1095,Bidjar,Rugs,Hand Knotted,n/a (our own stock),4457.40,,No,https://demo-oasis-six.vercel.app/assets/rugs/1095.webp
Rugs Network (own warehouse),RN-423,Bidjar,Rugs,Hand Knotted,n/a (our own stock),4574.70,,No,https://demo-oasis-six.vercel.app/assets/rugs/423.webp
Rugs Network (own warehouse),RN-220,Bidjar,Rugs,Hand Knotted,n/a (our own stock),4594.02,,No,https://demo-oasis-six.vercel.app/assets/rugs/220.webp
Rugs Network (own warehouse),RN-197,Bidjar,Rugs,Hand Knotted,n/a (our own stock),4664.40,,No,https://demo-oasis-six.vercel.app/assets/rugs/197.webp
Rugs Network (own warehouse),RN-505,Bidjar Ardebil,Rugs,Hand Knotted,n/a (our own stock),2925.60,,No,https://demo-oasis-six.vercel.app/assets/rugs/505.webp
Rugs Network (own warehouse),RN-2187,Bidjar Hillwayeh,Rugs,Hand Knotted,n/a (our own stock),4761.50,,No,https://demo-oasis-six.vercel.app/assets/rugs/2187.webp
Rugs Network (own warehouse),RN-419,Bidjar Kolyae,Rugs,Hand Knotted,n/a (our own stock),2967.00,,No,https://demo-oasis-six.vercel.app/assets/rugs/419.webp
Rugs Network (own warehouse),RN-720,Bidjar Patina,Rugs,Hand Knotted,n/a (our own stock),828.00,,No,https://demo-oasis-six.vercel.app/assets/rugs/720.webp
Rugs Network (own warehouse),RN-498,Bidjar Senneh,Rugs,Hand Knotted,n/a (our own stock),1090.20,,No,https://demo-oasis-six.vercel.app/assets/rugs/498.webp
Rugs Network (own warehouse),RN-570,Bidjar Senneh,Rugs,Hand Knotted,n/a (our own stock),1794.00,,No,https://demo-oasis-six.vercel.app/assets/rugs/570.webp
Rugs Network (own warehouse),RN-171,Bidjar Senneh,Rugs,Hand Knotted,n/a (our own stock),4482.24,,No,https://demo-oasis-six.vercel.app/assets/rugs/171.webp
Rugs Network (own warehouse),RN-697,Bokhara,Rugs,Hand Knotted,n/a (our own stock),400.20,,No,https://demo-oasis-six.vercel.app/assets/rugs/697.webp
Rugs Network (own warehouse),RN-696,Bokhara,Rugs,Hand Knotted,n/a (our own stock),407.10,,No,https://demo-oasis-six.vercel.app/assets/rugs/696.webp
Rugs Network (own warehouse),RN-553,Bokhara,Rugs,Hand Knotted,n/a (our own stock),412.62,,No,https://demo-oasis-six.vercel.app/assets/rugs/553.webp
Rugs Network (own warehouse),RN-519,Bokhara,Rugs,Hand Knotted,n/a (our own stock),476.10,,No,https://demo-oasis-six.vercel.app/assets/rugs/519.webp
Rugs Network (own warehouse),RN-567,Bokhara,Rugs,Hand Knotted,n/a (our own stock),503.70,,No,https://demo-oasis-six.vercel.app/assets/rugs/567.webp
Rugs Network (own warehouse),RN-554,Bokhara,Rugs,Hand Knotted,n/a (our own stock),503.70,,No,https://demo-oasis-six.vercel.app/assets/rugs/554.webp
Rugs Network (own warehouse),RN-281,Bokhara,Rugs,Hand Knotted,n/a (our own stock),531.30,,No,https://demo-oasis-six.vercel.app/assets/rugs/281.webp
Rugs Network (own warehouse),RN-294,Bokhara,Rugs,Hand Knotted,n/a (our own stock),547.86,,No,https://demo-oasis-six.vercel.app/assets/rugs/294.webp
Rugs Network (own warehouse),RN-165,Bokhara,Rugs,Hand Knotted,n/a (our own stock),627.90,,No,https://demo-oasis-six.vercel.app/assets/rugs/165.webp
Rugs Network (own warehouse),RN-456,Bokhara,Rugs,Hand Knotted,n/a (our own stock),855.60,,No,https://demo-oasis-six.vercel.app/assets/rugs/456.webp
Rugs Network (own warehouse),RN-359,Bokhara,Rugs,Hand Knotted,n/a (our own stock),1069.50,,No,https://demo-oasis-six.vercel.app/assets/rugs/359.webp
Rugs Network (own warehouse),RN-361,Bokhara,Rugs,Hand Knotted,n/a (our own stock),1101.24,,No,https://demo-oasis-six.vercel.app/assets/rugs/361.webp
Rugs Network (own warehouse),RN-1111,Bokhara,Rugs,Hand Knotted,n/a (our own stock),1639.44,,No,https://demo-oasis-six.vercel.app/assets/rugs/1111.webp
Rugs Network (own warehouse),RN-415,Bokhara,Rugs,Hand Knotted,n/a (our own stock),1656.00,,No,https://demo-oasis-six.vercel.app/assets/rugs/415.webp
Rugs Network (own warehouse),RN-569,Bokhara Jaldar,Rugs,Hand Knotted,n/a (our own stock),510.60,,No,https://demo-oasis-six.vercel.app/assets/rugs/569.webp
Rugs Network (own warehouse),RN-319,Bokhara/Jaldar,Rugs,Hand Knotted,n/a (our own stock),688.62,,No,https://demo-oasis-six.vercel.app/assets/rugs/319.webp
Rugs Network (own warehouse),RN-803,Boukhara,Rugs,Hand Knotted,n/a (our own stock),227.70,,No,https://demo-oasis-six.vercel.app/assets/rugs/803.webp
Rugs Network (own warehouse),RN-847,Boukhara,Rugs,Hand Knotted,n/a (our own stock),310.50,,No,https://demo-oasis-six.vercel.app/assets/rugs/847.webp
Rugs Network (own warehouse),RN-850,Boukhara,Rugs,Hand Knotted,n/a (our own stock),310.50,,No,https://demo-oasis-six.vercel.app/assets/rugs/850.webp
Rugs Network (own warehouse),RN-2173,Boukhara,Rugs,Hand Knotted,n/a (our own stock),483.00,,No,https://demo-oasis-six.vercel.app/assets/rugs/2173.webp
Rugs Network (own warehouse),RN-645,Boukhara,Rugs,Hand Knotted,n/a (our own stock),483.00,,No,https://demo-oasis-six.vercel.app/assets/rugs/645.webp
Rugs Network (own warehouse),RN-644,Boukhara,Rugs,Hand Knotted,n/a (our own stock),496.80,,No,https://demo-oasis-six.vercel.app/assets/rugs/644.webp
Rugs Network (own warehouse),RN-191,Boukhara,Rugs,Hand Knotted,n/a (our own stock),517.50,,No,https://demo-oasis-six.vercel.app/assets/rugs/191.webp
Rugs Network (own warehouse),RN-711,Boukhara,Rugs,Hand Knotted,n/a (our own stock),531.30,,No,https://demo-oasis-six.vercel.app/assets/rugs/711.webp
Rugs Network (own warehouse),RN-713,Boukhara,Rugs,Hand Knotted,n/a (our own stock),669.30,,No,https://demo-oasis-six.vercel.app/assets/rugs/713.webp
Rugs Network (own warehouse),RN-1025,Boukhara,Rugs,Hand Knotted,n/a (our own stock),1304.10,,No,https://demo-oasis-six.vercel.app/assets/rugs/1025.webp
Rugs Network (own warehouse),RN-708,Boukhara Mouri,Rugs,Hand Knotted,n/a (our own stock),413.20,,No,https://demo-oasis-six.vercel.app/assets/rugs/708.webp
Rugs Network (own warehouse),RN-2853,Bronco Beige,Rugs,Machine Made,n/a (our own stock),66.42,,No,https://demo-oasis-six.vercel.app/assets/rugs/2853.webp
Rugs Network (own warehouse),RN-2854,Bronco Beige,Rugs,Machine Made,n/a (our own stock),66.42,,No,https://demo-oasis-six.vercel.app/assets/rugs/2854.webp
Rugs Network (own warehouse),RN-2850,Bronco Blue,Rugs,Machine Made,n/a (our own stock),66.42,,No,https://demo-oasis-six.vercel.app/assets/rugs/2850.webp
Rugs Network (own warehouse),RN-2847,Bronco Dark_Brown,Rugs,Machine Made,n/a (our own stock),66.42,,No,https://demo-oasis-six.vercel.app/assets/rugs/2847.webp
Rugs Network (own warehouse),RN-2851,Bronco Dark_Brown,Rugs,Machine Made,n/a (our own stock),66.42,,No,https://demo-oasis-six.vercel.app/assets/rugs/2851.webp
Rugs Network (own warehouse),RN-2846,Bronco Fume,Rugs,Machine Made,n/a (our own stock),66.42,,No,https://demo-oasis-six.vercel.app/assets/rugs/2846.webp
Rugs Network (own warehouse),RN-2855,Bronco Fume,Rugs,Machine Made,n/a (our own stock),66.42,,No,https://demo-oasis-six.vercel.app/assets/rugs/2855.webp
Rugs Network (own warehouse),RN-2848,Bronco White,Rugs,Machine Made,n/a (our own stock),66.42,,No,https://demo-oasis-six.vercel.app/assets/rugs/2848.webp
Rugs Network (own warehouse),RN-2849,Bronco White,Rugs,Machine Made,n/a (our own stock),66.42,,No,https://demo-oasis-six.vercel.app/assets/rugs/2849.webp
Rugs Network (own warehouse),RN-2852,Bronco White,Rugs,Machine Made,n/a (our own stock),66.42,,No,https://demo-oasis-six.vercel.app/assets/rugs/2852.webp
Rugs Network (own warehouse),RN-2174,Chobi,Rugs,Hand Knotted,n/a (our own stock),841.25,,No,https://demo-oasis-six.vercel.app/assets/rugs/2174.webp
Rugs Network (own warehouse),RN-2211,Chobi Design,Rugs,Hand Knotted,n/a (our own stock),3460.25,,No,https://demo-oasis-six.vercel.app/assets/rugs/2211.webp
Rugs Network (own warehouse),RN-416,Custom Herati,Rugs,Hand Knotted,n/a (our own stock),4416.00,,No,https://demo-oasis-six.vercel.app/assets/rugs/416.webp
Rugs Network (own warehouse),RN-832,Custom Tabriz,Rugs,Hand Knotted,n/a (our own stock),4794.75,,No,https://demo-oasis-six.vercel.app/assets/rugs/832.webp
Rugs Network (own warehouse),RN-2860,Flora_Silk Blue,Rugs,Machine Made,n/a (our own stock),225.86,,No,https://demo-oasis-six.vercel.app/assets/rugs/2860.webp
Rugs Network (own warehouse),RN-2861,Flora_Silk Dark_Cream,Rugs,Machine Made,n/a (our own stock),225.86,,No,https://demo-oasis-six.vercel.app/assets/rugs/2861.webp
Rugs Network (own warehouse),RN-2858,Flora_Silk Green,Rugs,Machine Made,n/a (our own stock),225.86,,No,https://demo-oasis-six.vercel.app/assets/rugs/2858.webp
Rugs Network (own warehouse),RN-2621,Flora_Silk Red,Rugs,Machine Made,n/a (our own stock),225.86,,No,https://demo-oasis-six.vercel.app/assets/rugs/2621.webp
Rugs Network (own warehouse),RN-2857,Flora_Silk Red,Rugs,Machine Made,n/a (our own stock),225.86,,No,https://demo-oasis-six.vercel.app/assets/rugs/2857.webp
Rugs Network (own warehouse),RN-2859,Flora_Silk Rose,Rugs,Machine Made,n/a (our own stock),225.86,,No,https://demo-oasis-six.vercel.app/assets/rugs/2859.webp
Rugs Network (own warehouse),RN-2856,Flora_Silk White,Rugs,Machine Made,n/a (our own stock),142.38,,No,https://demo-oasis-six.vercel.app/assets/rugs/2856.webp
Rugs Network (own warehouse),RN-2863,Florence Blue,Rugs,Machine Made,n/a (our own stock),249.46,,No,https://demo-oasis-six.vercel.app/assets/rugs/2863.webp
Rugs Network (own warehouse),RN-2867,Florence Blue,Rugs,Machine Made,n/a (our own stock),249.46,,No,https://demo-oasis-six.vercel.app/assets/rugs/2867.webp
Rugs Network (own warehouse),RN-2862,Florence Light_Beige,Rugs,Machine Made,n/a (our own stock),249.46,,No,https://demo-oasis-six.vercel.app/assets/rugs/2862.webp
Rugs Network (own warehouse),RN-2865,Florence Light_Beige,Rugs,Machine Made,n/a (our own stock),249.46,,No,https://demo-oasis-six.vercel.app/assets/rugs/2865.webp
Rugs Network (own warehouse),RN-2868,Florence Light_Beige,Rugs,Machine Made,n/a (our own stock),249.46,,No,https://demo-oasis-six.vercel.app/assets/rugs/2868.webp
Rugs Network (own warehouse),RN-2869,Florence Red,Rugs,Machine Made,n/a (our own stock),249.46,,No,https://demo-oasis-six.vercel.app/assets/rugs/2869.webp
Rugs Network (own warehouse),RN-2864,Florence White,Rugs,Machine Made,n/a (our own stock),17.01,,No,https://demo-oasis-six.vercel.app/assets/rugs/2864.webp
Rugs Network (own warehouse),RN-2870,Florence White,Rugs,Machine Made,n/a (our own stock),249.46,,No,https://demo-oasis-six.vercel.app/assets/rugs/2870.webp
Rugs Network (own warehouse),RN-2871,Florence White,Rugs,Machine Made,n/a (our own stock),265.28,,No,https://demo-oasis-six.vercel.app/assets/rugs/2871.webp
Rugs Network (own warehouse),RN-673,Gabbeh,Rugs,Hand Knotted,n/a (our own stock),910.80,,No,https://demo-oasis-six.vercel.app/assets/rugs/673.webp
Rugs Network (own warehouse),RN-674,Gabbeh,Rugs,Hand Knotted,n/a (our own stock),910.80,,No,https://demo-oasis-six.vercel.app/assets/rugs/674.webp
Rugs Network (own warehouse),RN-572,Gabeh,Rugs,Hand Knotted,n/a (our own stock),600.30,,No,https://demo-oasis-six.vercel.app/assets/rugs/572.webp
Rugs Network (own warehouse),RN-581,Gabeh,Rugs,Hand Knotted,n/a (our own stock),738.30,,No,https://demo-oasis-six.vercel.app/assets/rugs/581.webp
Rugs Network (own warehouse),RN-268,Gabeh,Rugs,Hand Knotted,n/a (our own stock),779.70,,No,https://demo-oasis-six.vercel.app/assets/rugs/268.webp
Rugs Network (own warehouse),RN-546,Gabeh,Rugs,Hand Knotted,n/a (our own stock),1097.10,,No,https://demo-oasis-six.vercel.app/assets/rugs/546.webp
Rugs Network (own warehouse),RN-454,Gabeh,Rugs,Hand Knotted,n/a (our own stock),1166.10,,No,https://demo-oasis-six.vercel.app/assets/rugs/454.webp
Rugs Network (own warehouse),RN-2151,Gabeh,Rugs,Hand Knotted,n/a (our own stock),1173.00,,No,https://demo-oasis-six.vercel.app/assets/rugs/2151.webp
Rugs Network (own warehouse),RN-2148,Gabeh,Rugs,Hand Knotted,n/a (our own stock),1331.70,,No,https://demo-oasis-six.vercel.app/assets/rugs/2148.webp
Rugs Network (own warehouse),RN-893,Gabeh,Rugs,Hand Knotted,n/a (our own stock),1338.60,,No,https://demo-oasis-six.vercel.app/assets/rugs/893.webp
Rugs Network (own warehouse),RN-420,Gabeh,Rugs,Hand Knotted,n/a (our own stock),1649.10,,No,https://demo-oasis-six.vercel.app/assets/rugs/420.webp
Rugs Network (own warehouse),RN-371,Gabeh,Rugs,Hand Knotted,n/a (our own stock),2035.50,,No,https://demo-oasis-six.vercel.app/assets/rugs/371.webp
Rugs Network (own warehouse),RN-518,Garache,Rugs,Hand Knotted,n/a (our own stock),545.10,,No,https://demo-oasis-six.vercel.app/assets/rugs/518.webp
Rugs Network (own warehouse),RN-244,Garache,Rugs,Hand Knotted,n/a (our own stock),586.50,,No,https://demo-oasis-six.vercel.app/assets/rugs/244.webp
Rugs Network (own warehouse),RN-246,Garache,Rugs,Hand Knotted,n/a (our own stock),621.30,,No,https://demo-oasis-six.vercel.app/assets/rugs/246.webp
Rugs Network (own warehouse),RN-164,Garache,Rugs,Hand Knotted,n/a (our own stock),669.30,,No,https://demo-oasis-six.vercel.app/assets/rugs/164.webp
Rugs Network (own warehouse),RN-258,Ghaliche,Rugs,Hand Knotted,n/a (our own stock),483.00,,No,https://demo-oasis-six.vercel.app/assets/rugs/258.webp
Rugs Network (own warehouse),RN-262,Ghaliche,Rugs,Hand Knotted,n/a (our own stock),572.70,,No,https://demo-oasis-six.vercel.app/assets/rugs/262.webp
Rugs Network (own warehouse),RN-265,Ghaliche,Rugs,Hand Knotted,n/a (our own stock),572.70,,No,https://demo-oasis-six.vercel.app/assets/rugs/265.webp
Rugs Network (own warehouse),RN-233,Ghaliche,Rugs,Hand Knotted,n/a (our own stock),648.60,,No,https://demo-oasis-six.vercel.app/assets/rugs/233.webp
Rugs Network (own warehouse),RN-2219,Ghom,Rugs,Hand Knotted,n/a (our own stock),7995.00,,No,https://demo-oasis-six.vercel.app/assets/rugs/2219.webp
Rugs Network (own warehouse),RN-2220,Ghom,Rugs,Hand Knotted,n/a (our own stock),8195.00,,No,https://demo-oasis-six.vercel.app/assets/rugs/2220.webp
Rugs Network (own warehouse),RN-2271,Ghom Design,Rugs,Hand Knotted,n/a (our own stock),2328.75,,No,https://demo-oasis-six.vercel.app/assets/rugs/2271.webp
Rugs Network (own warehouse),RN-2285,Ghom Design,Rugs,Hand Knotted,n/a (our own stock),3895.00,,No,https://demo-oasis-six.vercel.app/assets/rugs/2285.webp
Rugs Network (own warehouse),RN-2284,Ghom Design,Rugs,Hand Knotted,n/a (our own stock),3968.95,,No,https://demo-oasis-six.vercel.app/assets/rugs/2284.webp
Rugs Network (own warehouse),RN-2282,Ghom Design,Rugs,Hand Knotted,n/a (our own stock),3984.75,,No,https://demo-oasis-six.vercel.app/assets/rugs/2282.webp
Rugs Network (own warehouse),RN-2302,Ghom Design,Rugs,Hand Knotted,n/a (our own stock),3998.75,,No,https://demo-oasis-six.vercel.app/assets/rugs/2302.webp
Rugs Network (own warehouse),RN-2280,Ghom Design,Rugs,Hand Knotted,n/a (our own stock),4184.75,,No,https://demo-oasis-six.vercel.app/assets/rugs/2280.webp
Rugs Network (own warehouse),RN-2273,Ghom Design,Rugs,Hand Knotted,n/a (our own stock),5164.65,,No,https://demo-oasis-six.vercel.app/assets/rugs/2273.webp
Rugs Network (own warehouse),RN-2270,Ghom Design,Rugs,Hand Knotted,n/a (our own stock),8195.00,,No,https://demo-oasis-six.vercel.app/assets/rugs/2270.webp
Rugs Network (own warehouse),RN-524,Gouchan,Rugs,Hand Knotted,n/a (our own stock),402.50,,No,https://demo-oasis-six.vercel.app/assets/rugs/524.webp
Rugs Network (own warehouse),RN-561,Gouchan,Rugs,Hand Knotted,n/a (our own stock),448.50,,No,https://demo-oasis-six.vercel.app/assets/rugs/561.webp
Rugs Network (own warehouse),RN-192,Gouchan,Rugs,Hand Knotted,n/a (our own stock),462.30,,No,https://demo-oasis-six.vercel.app/assets/rugs/192.webp
Rugs Network (own warehouse),RN-198,Gouchan,Rugs,Hand Knotted,n/a (our own stock),483.30,,No,https://demo-oasis-six.vercel.app/assets/rugs/198.webp
Rugs Network (own warehouse),RN-538,Gouchan,Rugs,Hand Knotted,n/a (our own stock),724.50,,No,https://demo-oasis-six.vercel.app/assets/rugs/538.webp
Rugs Network (own warehouse),RN-137,Hamadan,Rugs,Hand Knotted,n/a (our own stock),310.50,,No,https://demo-oasis-six.vercel.app/assets/rugs/137.webp
Rugs Network (own warehouse),RN-138,Hamadan,Rugs,Hand Knotted,n/a (our own stock),310.50,,No,https://demo-oasis-six.vercel.app/assets/rugs/138.webp
Rugs Network (own warehouse),RN-338,Hamadan,Rugs,Hand Knotted,n/a (our own stock),310.50,,No,https://demo-oasis-six.vercel.app/assets/rugs/338.webp
Rugs Network (own warehouse),RN-370,Hamadan,Rugs,Hand Knotted,n/a (our own stock),310.50,,No,https://demo-oasis-six.vercel.app/assets/rugs/370.webp
Rugs Network (own warehouse),RN-434,Hamadan,Rugs,Hand Knotted,n/a (our own stock),310.50,,No,https://demo-oasis-six.vercel.app/assets/rugs/434.webp
Rugs Network (own warehouse),RN-340,Hamadan,Rugs,Hand Knotted,n/a (our own stock),345.20,,No,https://demo-oasis-six.vercel.app/assets/rugs/340.webp
Rugs Network (own warehouse),RN-457,Hamadan,Rugs,Hand Knotted,n/a (our own stock),345.30,,No,https://demo-oasis-six.vercel.app/assets/rugs/457.webp
Rugs Network (own warehouse),RN-342,Hamadan,Rugs,Hand Knotted,n/a (our own stock),345.50,,No,https://demo-oasis-six.vercel.app/assets/rugs/342.webp
Rugs Network (own warehouse),RN-332,Hamadan,Rugs,Hand Knotted,n/a (our own stock),345.50,,No,https://demo-oasis-six.vercel.app/assets/rugs/332.webp
Rugs Network (own warehouse),RN-139,Hamadan,Rugs,Hand Knotted,n/a (our own stock),345.50,,No,https://demo-oasis-six.vercel.app/assets/rugs/139.webp
Rugs Network (own warehouse),RN-891,Hamadan,Rugs,Hand Knotted,n/a (our own stock),345.50,,No,https://demo-oasis-six.vercel.app/assets/rugs/891.webp
Rugs Network (own warehouse),RN-334,Hamadan,Rugs,Hand Knotted,n/a (our own stock),372.60,,No,https://demo-oasis-six.vercel.app/assets/rugs/334.webp
Rugs Network (own warehouse),RN-2192,Hamadan,Rugs,Hand Knotted,n/a (our own stock),379.50,,No,https://demo-oasis-six.vercel.app/assets/rugs/2192.webp
Rugs Network (own warehouse),RN-2193,Hamadan,Rugs,Hand Knotted,n/a (our own stock),379.50,,No,https://demo-oasis-six.vercel.app/assets/rugs/2193.webp
Rugs Network (own warehouse),RN-435,Hamadan,Rugs,Hand Knotted,n/a (our own stock),379.50,,No,https://demo-oasis-six.vercel.app/assets/rugs/435.webp
Rugs Network (own warehouse),RN-437,Hamadan,Rugs,Hand Knotted,n/a (our own stock),379.50,,No,https://demo-oasis-six.vercel.app/assets/rugs/437.webp
Rugs Network (own warehouse),RN-267,Hamadan,Rugs,Hand Knotted,n/a (our own stock),448.50,,No,https://demo-oasis-six.vercel.app/assets/rugs/267.webp
Rugs Network (own warehouse),RN-517,Hamadan,Rugs,Hand Knotted,n/a (our own stock),467.82,,No,https://demo-oasis-six.vercel.app/assets/rugs/517.webp
Rugs Network (own warehouse),RN-461,Hamadan,Rugs,Hand Knotted,n/a (our own stock),483.00,,No,https://demo-oasis-six.vercel.app/assets/rugs/461.webp
Rugs Network (own warehouse),RN-306,Hamadan,Rugs,Hand Knotted,n/a (our own stock),517.50,,No,https://demo-oasis-six.vercel.app/assets/rugs/306.webp
Rugs Network (own warehouse),RN-167,Hamadan,Rugs,Hand Knotted,n/a (our own stock),572.70,,No,https://demo-oasis-six.vercel.app/assets/rugs/167.webp
Rugs Network (own warehouse),RN-2874,Hereke_Classic Dark_Grey,Rugs,Machine Made,n/a (our own stock),65.63,,No,https://demo-oasis-six.vercel.app/assets/rugs/2874.webp
Rugs Network (own warehouse),RN-2686,Hereke_Classic Dark_Grey,Rugs,Machine Made,n/a (our own stock),201.31,,No,https://demo-oasis-six.vercel.app/assets/rugs/2686.webp
Rugs Network (own warehouse),RN-2694,Hereke_Classic Dark_Rust,Rugs,Machine Made,n/a (our own stock),317.27,,No,https://demo-oasis-six.vercel.app/assets/rugs/2694.webp
Rugs Network (own warehouse),RN-2875,Hereke_Classic Light_Cream,Rugs,Machine Made,n/a (our own stock),433.24,,No,https://demo-oasis-six.vercel.app/assets/rugs/2875.webp
Rugs Network (own warehouse),RN-2872,Hereke_Classic Light_Cream,Rugs,Machine Made,n/a (our own stock),433.24,,No,https://demo-oasis-six.vercel.app/assets/rugs/2872.webp
Rugs Network (own warehouse),RN-2873,Hereke_Classic Light_Cream,Rugs,Machine Made,n/a (our own stock),433.24,,No,https://demo-oasis-six.vercel.app/assets/rugs/2873.webp
Rugs Network (own warehouse),RN-2278,Herekeh,Rugs,Hand Knotted,n/a (our own stock),4656.75,,No,https://demo-oasis-six.vercel.app/assets/rugs/2278.webp
Rugs Network (own warehouse),RN-2275,Herekeh,Rugs,Hand Knotted,n/a (our own stock),4657.65,,No,https://demo-oasis-six.vercel.app/assets/rugs/2275.webp
Rugs Network (own warehouse),RN-2279,Herekeh,Rugs,Hand Knotted,n/a (our own stock),4864.80,,No,https://demo-oasis-six.vercel.app/assets/rugs/2279.webp
Rugs Network (own warehouse),RN-2272,Herekeh,Rugs,Hand Knotted,n/a (our own stock),4936.95,,No,https://demo-oasis-six.vercel.app/assets/rugs/2272.webp
Rugs Network (own warehouse),RN-2277,Herekeh,Rugs,Hand Knotted,n/a (our own stock),4936.95,,No,https://demo-oasis-six.vercel.app/assets/rugs/2277.webp
Rugs Network (own warehouse),RN-2274,Herekeh,Rugs,Hand Knotted,n/a (our own stock),5010.40,,No,https://demo-oasis-six.vercel.app/assets/rugs/2274.webp
Rugs Network (own warehouse),RN-2276,Herekeh,Rugs,Hand Knotted,n/a (our own stock),5278.80,,No,https://demo-oasis-six.vercel.app/assets/rugs/2276.webp
Rugs Network (own warehouse),RN-2300,Herekeh,Rugs,Hand Knotted,n/a (our own stock),6632.62,,No,https://demo-oasis-six.vercel.app/assets/rugs/2300.webp
Rugs Network (own warehouse),RN-2301,Herekeh,Rugs,Hand Knotted,n/a (our own stock),6632.62,,No,https://demo-oasis-six.vercel.app/assets/rugs/2301.webp
Rugs Network (own warehouse),RN-2283,Herekeh,Rugs,Hand Knotted,n/a (our own stock),7452.00,,No,https://demo-oasis-six.vercel.app/assets/rugs/2283.webp
Rugs Network (own warehouse),RN-2281,Herekeh,Rugs,Hand Knotted,n/a (our own stock),7452.15,,No,https://demo-oasis-six.vercel.app/assets/rugs/2281.webp
Rugs Network (own warehouse),RN-169,Heriz,Rugs,Hand Knotted,n/a (our own stock),4071.00,,No,https://demo-oasis-six.vercel.app/assets/rugs/169.webp
Rugs Network (own warehouse),RN-2205,Heriz Design,Rugs,Hand Knotted,n/a (our own stock),2208.30,,No,https://demo-oasis-six.vercel.app/assets/rugs/2205.webp
Rugs Network (own warehouse),RN-846,Heriz Patina,Rugs,Hand Knotted,n/a (our own stock),258.75,,No,https://demo-oasis-six.vercel.app/assets/rugs/846.webp
Rugs Network (own warehouse),RN-775,Heriz Patina,Rugs,Hand Knotted,n/a (our own stock),458.85,,No,https://demo-oasis-six.vercel.app/assets/rugs/775.webp
Rugs Network (own warehouse),RN-462,Heriz Patina,Rugs,Hand Knotted,n/a (our own stock),661.25,,No,https://demo-oasis-six.vercel.app/assets/rugs/462.webp
Rugs Network (own warehouse),RN-466,Heriz Patina,Rugs,Hand Knotted,n/a (our own stock),661.25,,No,https://demo-oasis-six.vercel.app/assets/rugs/466.webp
Rugs Network (own warehouse),RN-868,Heriz Patina,Rugs,Hand Knotted,n/a (our own stock),1380.00,,No,https://demo-oasis-six.vercel.app/assets/rugs/868.webp
Rugs Network (own warehouse),RN-180,Heriz Patina,Rugs,Hand Knotted,n/a (our own stock),3852.50,,No,https://demo-oasis-six.vercel.app/assets/rugs/180.webp
Rugs Network (own warehouse),RN-170,Heriz/Meimeh,Rugs,Hand Knotted,n/a (our own stock),5513.10,,No,https://demo-oasis-six.vercel.app/assets/rugs/170.webp
Rugs Network (own warehouse),RN-256,Hossein Abad,Rugs,Hand Knotted,n/a (our own stock),621.20,,No,https://demo-oasis-six.vercel.app/assets/rugs/256.webp
Rugs Network (own warehouse),RN-695,Hussein Abad,Rugs,Hand Knotted,n/a (our own stock),683.10,,No,https://demo-oasis-six.vercel.app/assets/rugs/695.webp
Rugs Network (own warehouse),RN-693,Indo Chobi,Rugs,Hand Knotted,n/a (our own stock),525.50,,No,https://demo-oasis-six.vercel.app/assets/rugs/693.webp
Rugs Network (own warehouse),RN-566,Indo Chobi,Rugs,Hand Knotted,n/a (our own stock),720.25,,No,https://demo-oasis-six.vercel.app/assets/rugs/566.webp
Rugs Network (own warehouse),RN-486,Indo Chobi,Rugs,Hand Knotted,n/a (our own stock),750.25,,No,https://demo-oasis-six.vercel.app/assets/rugs/486.webp
Rugs Network (own warehouse),RN-488,Indo Chobi,Rugs,Hand Knotted,n/a (our own stock),750.25,,No,https://demo-oasis-six.vercel.app/assets/rugs/488.webp
Rugs Network (own warehouse),RN-2123,Indo Chobi,Rugs,Hand Knotted,n/a (our own stock),810.20,,No,https://demo-oasis-six.vercel.app/assets/rugs/2123.webp
Rugs Network (own warehouse),RN-2137,Indo Chobi,Rugs,Hand Knotted,n/a (our own stock),1134.20,,No,https://demo-oasis-six.vercel.app/assets/rugs/2137.webp
Rugs Network (own warehouse),RN-388,Indo Chobi,Rugs,Hand Knotted,n/a (our own stock),1368.25,,No,https://demo-oasis-six.vercel.app/assets/rugs/388.webp
Rugs Network (own warehouse),RN-1021,Indo Chobi,Rugs,Hand Knotted,n/a (our own stock),1890.75,,No,https://demo-oasis-six.vercel.app/assets/rugs/1021.webp
Rugs Network (own warehouse),RN-763,Indo Chobi,Rugs,Hand Knotted,n/a (our own stock),2008.50,,No,https://demo-oasis-six.vercel.app/assets/rugs/763.webp
Rugs Network (own warehouse),RN-743,Indo Chobi,Rugs,Hand Knotted,n/a (our own stock),2130.30,,No,https://demo-oasis-six.vercel.app/assets/rugs/743.webp
Rugs Network (own warehouse),RN-750,Indo Chobi,Rugs,Hand Knotted,n/a (our own stock),2203.20,,No,https://demo-oasis-six.vercel.app/assets/rugs/750.webp
Rugs Network (own warehouse),RN-1112,Indo Chobi,Rugs,Hand Knotted,n/a (our own stock),2399.25,,No,https://demo-oasis-six.vercel.app/assets/rugs/1112.webp
Rugs Network (own warehouse),RN-866,Indo Chobi,Rugs,Hand Knotted,n/a (our own stock),2399.25,,No,https://demo-oasis-six.vercel.app/assets/rugs/866.webp
Rugs Network (own warehouse),RN-966,Indo Chobi,Rugs,Hand Knotted,n/a (our own stock),2399.25,,No,https://demo-oasis-six.vercel.app/assets/rugs/966.webp
Rugs Network (own warehouse),RN-964,Indo Chobi,Rugs,Hand Knotted,n/a (our own stock),2430.50,,No,https://demo-oasis-six.vercel.app/assets/rugs/964.webp
Rugs Network (own warehouse),RN-991,Indo Chobi,Rugs,Hand Knotted,n/a (our own stock),2478.60,,No,https://demo-oasis-six.vercel.app/assets/rugs/991.webp
Rugs Network (own warehouse),RN-988,Indo Chobi,Rugs,Hand Knotted,n/a (our own stock),2478.60,,No,https://demo-oasis-six.vercel.app/assets/rugs/988.webp
Rugs Network (own warehouse),RN-639,Indo Heriz,Rugs,Hand Knotted,n/a (our own stock),212.75,,No,https://demo-oasis-six.vercel.app/assets/rugs/639.webp
Rugs Network (own warehouse),RN-613,Indo Heriz,Rugs,Hand Knotted,n/a (our own stock),217.35,,No,https://demo-oasis-six.vercel.app/assets/rugs/613.webp
Rugs Network (own warehouse),RN-626,Indo Heriz,Rugs,Hand Knotted,n/a (our own stock),217.35,,No,https://demo-oasis-six.vercel.app/assets/rugs/626.webp
Rugs Network (own warehouse),RN-627,Indo Heriz,Rugs,Hand Knotted,n/a (our own stock),217.35,,No,https://demo-oasis-six.vercel.app/assets/rugs/627.webp
Rugs Network (own warehouse),RN-289,Indo Heriz,Rugs,Hand Knotted,n/a (our own stock),373.75,,No,https://demo-oasis-six.vercel.app/assets/rugs/289.webp
Rugs Network (own warehouse),RN-292,Indo Heriz,Rugs,Hand Knotted,n/a (our own stock),373.75,,No,https://demo-oasis-six.vercel.app/assets/rugs/292.webp
Rugs Network (own warehouse),RN-654,Indo Heriz,Rugs,Hand Knotted,n/a (our own stock),378.35,,No,https://demo-oasis-six.vercel.app/assets/rugs/654.webp
Rugs Network (own warehouse),RN-279,Indo Heriz,Rugs,Hand Knotted,n/a (our own stock),550.62,,No,https://demo-oasis-six.vercel.app/assets/rugs/279.webp
Rugs Network (own warehouse),RN-520,Indo Kashmir,Rugs,Hand Knotted,n/a (our own stock),684.25,,No,https://demo-oasis-six.vercel.app/assets/rugs/520.webp
Rugs Network (own warehouse),RN-494,Indo Kashmir,Rugs,Hand Knotted,n/a (our own stock),799.25,,No,https://demo-oasis-six.vercel.app/assets/rugs/494.webp
Rugs Network (own warehouse),RN-449,Indo Kashmir,Rugs,Hand Knotted,n/a (our own stock),862.50,,No,https://demo-oasis-six.vercel.app/assets/rugs/449.webp
Rugs Network (own warehouse),RN-395,Indo Kashmir,Rugs,Hand Knotted,n/a (our own stock),1437.50,,No,https://demo-oasis-six.vercel.app/assets/rugs/395.webp
Rugs Network (own warehouse),RN-836,Indo Kashmir,Rugs,Hand Knotted,n/a (our own stock),2472.50,,No,https://demo-oasis-six.vercel.app/assets/rugs/836.webp
Rugs Network (own warehouse),RN-2878,Iris Blue,Rugs,Machine Made,n/a (our own stock),315.22,,No,https://demo-oasis-six.vercel.app/assets/rugs/2878.webp
Rugs Network (own warehouse),RN-2879,Iris Orange,Rugs,Machine Made,n/a (our own stock),430.47,,No,https://demo-oasis-six.vercel.app/assets/rugs/2879.webp
Rugs Network (own warehouse),RN-2876,Iris White,Rugs,Machine Made,n/a (our own stock),430.47,,No,https://demo-oasis-six.vercel.app/assets/rugs/2876.webp
Rugs Network (own warehouse),RN-2877,Iris Yellow,Rugs,Machine Made,n/a (our own stock),65.23,,No,https://demo-oasis-six.vercel.app/assets/rugs/2877.webp
Rugs Network (own warehouse),RN-507,Isfahan,Rugs,Hand Knotted,n/a (our own stock),3162.50,,No,https://demo-oasis-six.vercel.app/assets/rugs/507.webp
Rugs Network (own warehouse),RN-421,Isfahan,Rugs,Hand Knotted,n/a (our own stock),3243.00,,No,https://demo-oasis-six.vercel.app/assets/rugs/421.webp
Rugs Network (own warehouse),RN-515,Isfahan,Rugs,Hand Knotted,n/a (our own stock),3312.00,,No,https://demo-oasis-six.vercel.app/assets/rugs/515.webp
Rugs Network (own warehouse),RN-392,Isfahan,Rugs,Hand Knotted,n/a (our own stock),5008.25,,No,https://demo-oasis-six.vercel.app/assets/rugs/392.webp
Rugs Network (own warehouse),RN-2188,Isfahan  Patina,Rugs,Hand Knotted,n/a (our own stock),3444.25,,No,https://demo-oasis-six.vercel.app/assets/rugs/2188.webp
Rugs Network (own warehouse),RN-845,Isfahan Patina,Rugs,Hand Knotted,n/a (our own stock),672.75,,No,https://demo-oasis-six.vercel.app/assets/rugs/845.webp
Rugs Network (own warehouse),RN-768,Isfahan Patina,Rugs,Hand Knotted,n/a (our own stock),684.25,,No,https://demo-oasis-six.vercel.app/assets/rugs/768.webp
Rugs Network (own warehouse),RN-828,Isfahan Patina,Rugs,Hand Knotted,n/a (our own stock),826.62,,No,https://demo-oasis-six.vercel.app/assets/rugs/828.webp
Rugs Network (own warehouse),RN-871,Isfahan Patina,Rugs,Hand Knotted,n/a (our own stock),2869.25,,No,https://demo-oasis-six.vercel.app/assets/rugs/871.webp
Rugs Network (own warehouse),RN-2189,Isfahan Patina,Rugs,Hand Knotted,n/a (our own stock),3162.50,,No,https://demo-oasis-six.vercel.app/assets/rugs/2189.webp
Rugs Network (own warehouse),RN-976,Isfahan Patina,Rugs,Hand Knotted,n/a (our own stock),3197.00,,No,https://demo-oasis-six.vercel.app/assets/rugs/976.webp
Rugs Network (own warehouse),RN-413,Isfahan Patina,Rugs,Hand Knotted,n/a (our own stock),3432.75,,No,https://demo-oasis-six.vercel.app/assets/rugs/413.webp
Rugs Network (own warehouse),RN-754,Isfahan Patina,Rugs,Hand Knotted,n/a (our own stock),3857.10,,No,https://demo-oasis-six.vercel.app/assets/rugs/754.webp
Rugs Network (own warehouse),RN-975,Isfahan Patina,Rugs,Hand Knotted,n/a (our own stock),4013.50,,No,https://demo-oasis-six.vercel.app/assets/rugs/975.webp
Rugs Network (own warehouse),RN-411,Isfahan Patina,Rugs,Hand Knotted,n/a (our own stock),4542.50,,No,https://demo-oasis-six.vercel.app/assets/rugs/411.webp
Rugs Network (own warehouse),RN-1105,Jaipur,Rugs,Hand Knotted,n/a (our own stock),310.50,,No,https://demo-oasis-six.vercel.app/assets/rugs/1105.webp
Rugs Network (own warehouse),RN-1102,Jaipur,Rugs,Hand Knotted,n/a (our own stock),331.20,,No,https://demo-oasis-six.vercel.app/assets/rugs/1102.webp
Rugs Network (own warehouse),RN-1103,Jaipur,Rugs,Hand Knotted,n/a (our own stock),331.20,,No,https://demo-oasis-six.vercel.app/assets/rugs/1103.webp
Rugs Network (own warehouse),RN-1104,Jaipur,Rugs,Hand Knotted,n/a (our own stock),331.20,,No,https://demo-oasis-six.vercel.app/assets/rugs/1104.webp
Rugs Network (own warehouse),RN-882,Jaipur,Rugs,Hand Knotted,n/a (our own stock),407.10,,No,https://demo-oasis-six.vercel.app/assets/rugs/882.webp
Rugs Network (own warehouse),RN-1035,Jaipur,Rugs,Hand Knotted,n/a (our own stock),572.70,,No,https://demo-oasis-six.vercel.app/assets/rugs/1035.webp
Rugs Network (own warehouse),RN-1036,Jaipur,Rugs,Hand Knotted,n/a (our own stock),572.70,,No,https://demo-oasis-six.vercel.app/assets/rugs/1036.webp
Rugs Network (own warehouse),RN-1037,Jaipur,Rugs,Hand Knotted,n/a (our own stock),572.70,,No,https://demo-oasis-six.vercel.app/assets/rugs/1037.webp
Rugs Network (own warehouse),RN-1042,Jaipur,Rugs,Hand Knotted,n/a (our own stock),572.70,,No,https://demo-oasis-six.vercel.app/assets/rugs/1042.webp
Rugs Network (own warehouse),RN-1043,Jaipur,Rugs,Hand Knotted,n/a (our own stock),572.70,,No,https://demo-oasis-six.vercel.app/assets/rugs/1043.webp
Rugs Network (own warehouse),RN-1044,Jaipur,Rugs,Hand Knotted,n/a (our own stock),572.70,,No,https://demo-oasis-six.vercel.app/assets/rugs/1044.webp
Rugs Network (own warehouse),RN-1045,Jaipur,Rugs,Hand Knotted,n/a (our own stock),572.70,,No,https://demo-oasis-six.vercel.app/assets/rugs/1045.webp
Rugs Network (own warehouse),RN-1046,Jaipur,Rugs,Hand Knotted,n/a (our own stock),572.70,,No,https://demo-oasis-six.vercel.app/assets/rugs/1046.webp
Rugs Network (own warehouse),RN-1047,Jaipur,Rugs,Hand Knotted,n/a (our own stock),572.70,,No,https://demo-oasis-six.vercel.app/assets/rugs/1047.webp
Rugs Network (own warehouse),RN-1048,Jaipur,Rugs,Hand Knotted,n/a (our own stock),572.70,,No,https://demo-oasis-six.vercel.app/assets/rugs/1048.webp
Rugs Network (own warehouse),RN-1049,Jaipur,Rugs,Hand Knotted,n/a (our own stock),572.70,,No,https://demo-oasis-six.vercel.app/assets/rugs/1049.webp
Rugs Network (own warehouse),RN-1050,Jaipur,Rugs,Hand Knotted,n/a (our own stock),572.70,,No,https://demo-oasis-six.vercel.app/assets/rugs/1050.webp
Rugs Network (own warehouse),RN-1052,Jaipur,Rugs,Hand Knotted,n/a (our own stock),572.70,,No,https://demo-oasis-six.vercel.app/assets/rugs/1052.webp
Rugs Network (own warehouse),RN-1054,Jaipur,Rugs,Hand Knotted,n/a (our own stock),572.70,,No,https://demo-oasis-six.vercel.app/assets/rugs/1054.webp
Rugs Network (own warehouse),RN-1055,Jaipur,Rugs,Hand Knotted,n/a (our own stock),572.70,,No,https://demo-oasis-six.vercel.app/assets/rugs/1055.webp
Rugs Network (own warehouse),RN-1086,Jaipur,Rugs,Hand Knotted,n/a (our own stock),572.70,,No,https://demo-oasis-six.vercel.app/assets/rugs/1086.webp
Rugs Network (own warehouse),RN-1009,Jaipur,Rugs,Hand Knotted,n/a (our own stock),572.70,,No,https://demo-oasis-six.vercel.app/assets/rugs/1009.webp
Rugs Network (own warehouse),RN-1010,Jaipur,Rugs,Hand Knotted,n/a (our own stock),572.70,,No,https://demo-oasis-six.vercel.app/assets/rugs/1010.webp
Rugs Network (own warehouse),RN-1011,Jaipur,Rugs,Hand Knotted,n/a (our own stock),572.70,,No,https://demo-oasis-six.vercel.app/assets/rugs/1011.webp
Rugs Network (own warehouse),RN-1012,Jaipur,Rugs,Hand Knotted,n/a (our own stock),572.70,,No,https://demo-oasis-six.vercel.app/assets/rugs/1012.webp
Rugs Network (own warehouse),RN-1014,Jaipur,Rugs,Hand Knotted,n/a (our own stock),572.70,,No,https://demo-oasis-six.vercel.app/assets/rugs/1014.webp
Rugs Network (own warehouse),RN-1015,Jaipur,Rugs,Hand Knotted,n/a (our own stock),572.70,,No,https://demo-oasis-six.vercel.app/assets/rugs/1015.webp
Rugs Network (own warehouse),RN-1016,Jaipur,Rugs,Hand Knotted,n/a (our own stock),572.70,,No,https://demo-oasis-six.vercel.app/assets/rugs/1016.webp
Rugs Network (own warehouse),RN-1017,Jaipur,Rugs,Hand Knotted,n/a (our own stock),572.70,,No,https://demo-oasis-six.vercel.app/assets/rugs/1017.webp
Rugs Network (own warehouse),RN-1079,Jaipur,Rugs,Hand Knotted,n/a (our own stock),572.70,,No,https://demo-oasis-six.vercel.app/assets/rugs/1079.webp
Rugs Network (own warehouse),RN-1019,Jaipur,Rugs,Hand Knotted,n/a (our own stock),572.70,,No,https://demo-oasis-six.vercel.app/assets/rugs/1019.webp
Rugs Network (own warehouse),RN-564,Jaipur,Rugs,Hand Knotted,n/a (our own stock),759.00,,No,https://demo-oasis-six.vercel.app/assets/rugs/564.webp
Rugs Network (own warehouse),RN-537,Jaipur,Rugs,Hand Knotted,n/a (our own stock),959.10,,No,https://demo-oasis-six.vercel.app/assets/rugs/537.webp
Rugs Network (own warehouse),RN-405,Jaipur,Rugs,Hand Knotted,n/a (our own stock),1863.00,,No,https://demo-oasis-six.vercel.app/assets/rugs/405.webp
Rugs Network (own warehouse),RN-840,Jaipur,Rugs,Hand Knotted,n/a (our own stock),2277.00,,No,https://demo-oasis-six.vercel.app/assets/rugs/840.webp
Rugs Network (own warehouse),RN-699,Jaldar Bokhara,Rugs,Hand Knotted,n/a (our own stock),448.50,,No,https://demo-oasis-six.vercel.app/assets/rugs/699.webp
Rugs Network (own warehouse),RN-500,Jaldar Bokhara,Rugs,Hand Knotted,n/a (our own stock),467.82,,No,https://demo-oasis-six.vercel.app/assets/rugs/500.webp
Rugs Network (own warehouse),RN-791,Jaldar Boukhara,Rugs,Hand Knotted,n/a (our own stock),227.70,,No,https://demo-oasis-six.vercel.app/assets/rugs/791.webp
Rugs Network (own warehouse),RN-802,Jaldar Boukhara,Rugs,Hand Knotted,n/a (our own stock),227.70,,No,https://demo-oasis-six.vercel.app/assets/rugs/802.webp
Rugs Network (own warehouse),RN-804,Jaldar Boukhara,Rugs,Hand Knotted,n/a (our own stock),255.30,,No,https://demo-oasis-six.vercel.app/assets/rugs/804.webp
Rugs Network (own warehouse),RN-805,Jaldar Boukhara,Rugs,Hand Knotted,n/a (our own stock),255.30,,No,https://demo-oasis-six.vercel.app/assets/rugs/805.webp
Rugs Network (own warehouse),RN-806,Jaldar Boukhara,Rugs,Hand Knotted,n/a (our own stock),269.10,,No,https://demo-oasis-six.vercel.app/assets/rugs/806.webp
Rugs Network (own warehouse),RN-807,Jaldar Boukhara,Rugs,Hand Knotted,n/a (our own stock),269.10,,No,https://demo-oasis-six.vercel.app/assets/rugs/807.webp
Rugs Network (own warehouse),RN-771,Jamshidpur,Rugs,Hand Knotted,n/a (our own stock),655.50,,No,https://demo-oasis-six.vercel.app/assets/rugs/771.webp
Rugs Network (own warehouse),RN-551,Jamshidpur,Rugs,Hand Knotted,n/a (our own stock),821.10,,No,https://demo-oasis-six.vercel.app/assets/rugs/551.webp
Rugs Network (own warehouse),RN-716,Jamshidpur,Rugs,Hand Knotted,n/a (our own stock),959.10,,No,https://demo-oasis-six.vercel.app/assets/rugs/716.webp
Rugs Network (own warehouse),RN-549,Jamshidpur,Rugs,Hand Knotted,n/a (our own stock),998.50,,No,https://demo-oasis-six.vercel.app/assets/rugs/549.webp
Rugs Network (own warehouse),RN-522,Jamshidpur,Rugs,Hand Knotted,n/a (our own stock),998.50,,No,https://demo-oasis-six.vercel.app/assets/rugs/522.webp
Rugs Network (own warehouse),RN-550,Jamshidpur,Rugs,Hand Knotted,n/a (our own stock),998.70,,No,https://demo-oasis-six.vercel.app/assets/rugs/550.webp
Rugs Network (own warehouse),RN-407,Jamshidpur,Rugs,Hand Knotted,n/a (our own stock),2277.00,,No,https://demo-oasis-six.vercel.app/assets/rugs/407.webp
Rugs Network (own warehouse),RN-990,Jamshidpur,Rugs,Hand Knotted,n/a (our own stock),3208.50,,No,https://demo-oasis-six.vercel.app/assets/rugs/990.webp
Rugs Network (own warehouse),RN-865,Jamshidpur,Rugs,Hand Knotted,n/a (our own stock),3208.50,,No,https://demo-oasis-six.vercel.app/assets/rugs/865.webp
Rugs Network (own warehouse),RN-352,Jamshidpur,Rugs,Hand Knotted,n/a (our own stock),3243.00,,No,https://demo-oasis-six.vercel.app/assets/rugs/352.webp
Rugs Network (own warehouse),RN-2216,Jamshidpur,Rugs,Hand Knotted,n/a (our own stock),3243.20,,No,https://demo-oasis-six.vercel.app/assets/rugs/2216.webp
Rugs Network (own warehouse),RN-374,Jamshidpur,Rugs,Hand Knotted,n/a (our own stock),3291.30,,No,https://demo-oasis-six.vercel.app/assets/rugs/374.webp
Rugs Network (own warehouse),RN-2209,Jamshidpur,Rugs,Hand Knotted,n/a (our own stock),3305.10,,No,https://demo-oasis-six.vercel.app/assets/rugs/2209.webp
Rugs Network (own warehouse),RN-2122,Jamshidpur,Rugs,Hand Knotted,n/a (our own stock),3305.10,,No,https://demo-oasis-six.vercel.app/assets/rugs/2122.webp
Rugs Network (own warehouse),RN-189,Jamshidpur,Rugs,Hand Knotted,n/a (our own stock),3381.00,,No,https://demo-oasis-six.vercel.app/assets/rugs/189.webp
Rugs Network (own warehouse),RN-1108,Jamshidpur,Rugs,Hand Knotted,n/a (our own stock),3519.00,,No,https://demo-oasis-six.vercel.app/assets/rugs/1108.webp
Rugs Network (own warehouse),RN-960,Jamshidpur,Rugs,Hand Knotted,n/a (our own stock),3719.10,,No,https://demo-oasis-six.vercel.app/assets/rugs/960.webp
Rugs Network (own warehouse),RN-222,Jamshidpur,Rugs,Hand Knotted,n/a (our own stock),4347.00,,No,https://demo-oasis-six.vercel.app/assets/rugs/222.webp
Rugs Network (own warehouse),RN-954,Joshegan,Rugs,Hand Knotted,n/a (our own stock),1690.50,,No,https://demo-oasis-six.vercel.app/assets/rugs/954.webp
Rugs Network (own warehouse),RN-270,Kabutarang,Rugs,Hand Knotted,n/a (our own stock),896.50,,No,https://demo-oasis-six.vercel.app/assets/rugs/270.webp
Rugs Network (own warehouse),RN-2168,Kabutarang,Rugs,Hand Knotted,n/a (our own stock),2001.10,,No,https://demo-oasis-six.vercel.app/assets/rugs/2168.webp
Rugs Network (own warehouse),RN-427,Kashan,Rugs,Hand Knotted,n/a (our own stock),1649.10,,No,https://demo-oasis-six.vercel.app/assets/rugs/427.webp
Rugs Network (own warehouse),RN-504,Kashan,Rugs,Hand Knotted,n/a (our own stock),1725.00,,No,https://demo-oasis-six.vercel.app/assets/rugs/504.webp
Rugs Network (own warehouse),RN-271,Kashan,Rugs,Hand Knotted,n/a (our own stock),1778.82,,No,https://demo-oasis-six.vercel.app/assets/rugs/271.webp
Rugs Network (own warehouse),RN-305,Kashan,Rugs,Hand Knotted,n/a (our own stock),1863.10,,No,https://demo-oasis-six.vercel.app/assets/rugs/305.webp
Rugs Network (own warehouse),RN-509,Kashan,Rugs,Hand Knotted,n/a (our own stock),2201.10,,No,https://demo-oasis-six.vercel.app/assets/rugs/509.webp
Rugs Network (own warehouse),RN-365,Kashan,Rugs,Hand Knotted,n/a (our own stock),2580.60,,No,https://demo-oasis-six.vercel.app/assets/rugs/365.webp
Rugs Network (own warehouse),RN-213,Kashan,Rugs,Hand Knotted,n/a (our own stock),2739.30,,No,https://demo-oasis-six.vercel.app/assets/rugs/213.webp
Rugs Network (own warehouse),RN-259,Kashan,Rugs,Hand Knotted,n/a (our own stock),2739.30,,No,https://demo-oasis-six.vercel.app/assets/rugs/259.webp
Rugs Network (own warehouse),RN-172,Kashan,Rugs,Hand Knotted,n/a (our own stock),3105.10,,No,https://demo-oasis-six.vercel.app/assets/rugs/172.webp
Rugs Network (own warehouse),RN-303,Kashan,Rugs,Hand Knotted,n/a (our own stock),3519.00,,No,https://demo-oasis-six.vercel.app/assets/rugs/303.webp
Rugs Network (own warehouse),RN-226,Kashan,Rugs,Hand Knotted,n/a (our own stock),3519.10,,No,https://demo-oasis-six.vercel.app/assets/rugs/226.webp
Rugs Network (own warehouse),RN-291,Kashan,Rugs,Hand Knotted,n/a (our own stock),4409.10,,No,https://demo-oasis-six.vercel.app/assets/rugs/291.webp
Rugs Network (own warehouse),RN-310,Kashan,Rugs,Hand Knotted,n/a (our own stock),4622.50,,No,https://demo-oasis-six.vercel.app/assets/rugs/310.webp
Rugs Network (own warehouse),RN-282,Kashan,Rugs,Hand Knotted,n/a (our own stock),5513.10,,No,https://demo-oasis-six.vercel.app/assets/rugs/282.webp
Rugs Network (own warehouse),RN-2161,Kashan Isfahania,Rugs,Hand Knotted,n/a (our own stock),3588.00,,No,https://demo-oasis-six.vercel.app/assets/rugs/2161.webp
Rugs Network (own warehouse),RN-1091,Kashan Yazd,Rugs,Hand Knotted,n/a (our own stock),3474.00,,No,https://demo-oasis-six.vercel.app/assets/rugs/1091.webp
Rugs Network (own warehouse),RN-249,Kashan/Isfahania,Rugs,Hand Knotted,n/a (our own stock),3795.00,,No,https://demo-oasis-six.vercel.app/assets/rugs/249.webp
Rugs Network (own warehouse),RN-301,Kashan/Isfahania,Rugs,Hand Knotted,n/a (our own stock),3795.00,,No,https://demo-oasis-six.vercel.app/assets/rugs/301.webp
Rugs Network (own warehouse),RN-563,Kashkuli,Rugs,Hand Knotted,n/a (our own stock),621.50,,No,https://demo-oasis-six.vercel.app/assets/rugs/563.webp
Rugs Network (own warehouse),RN-214,Kashmar/Mashad,Rugs,Hand Knotted,n/a (our own stock),2691.20,,No,https://demo-oasis-six.vercel.app/assets/rugs/214.webp
Rugs Network (own warehouse),RN-867,Kathmandu,Rugs,Hand Knotted,n/a (our own stock),1667.50,,No,https://demo-oasis-six.vercel.app/assets/rugs/867.webp
Rugs Network (own warehouse),RN-789,Kazak,Rugs,Hand Knotted,n/a (our own stock),262.20,,No,https://demo-oasis-six.vercel.app/assets/rugs/789.webp
Rugs Network (own warehouse),RN-163,Kazak,Rugs,Hand Knotted,n/a (our own stock),345.00,,No,https://demo-oasis-six.vercel.app/assets/rugs/163.webp
Rugs Network (own warehouse),RN-173,Kazak,Rugs,Hand Knotted,n/a (our own stock),386.40,,No,https://demo-oasis-six.vercel.app/assets/rugs/173.webp
Rugs Network (own warehouse),RN-453,Kazak,Rugs,Hand Knotted,n/a (our own stock),483.20,,No,https://demo-oasis-six.vercel.app/assets/rugs/453.webp
Rugs Network (own warehouse),RN-296,Kazak,Rugs,Hand Knotted,n/a (our own stock),510.60,,No,https://demo-oasis-six.vercel.app/assets/rugs/296.webp
Rugs Network (own warehouse),RN-547,Kazak,Rugs,Hand Knotted,n/a (our own stock),531.30,,No,https://demo-oasis-six.vercel.app/assets/rugs/547.webp
Rugs Network (own warehouse),RN-709,Kazak,Rugs,Hand Knotted,n/a (our own stock),669.30,,No,https://demo-oasis-six.vercel.app/assets/rugs/709.webp
Rugs Network (own warehouse),RN-778,Kazak,Rugs,Hand Knotted,n/a (our own stock),683.10,,No,https://demo-oasis-six.vercel.app/assets/rugs/778.webp
Rugs Network (own warehouse),RN-536,Kazak,Rugs,Hand Knotted,n/a (our own stock),703.80,,No,https://demo-oasis-six.vercel.app/assets/rugs/536.webp
Rugs Network (own warehouse),RN-446,Kazak,Rugs,Hand Knotted,n/a (our own stock),745.20,,No,https://demo-oasis-six.vercel.app/assets/rugs/446.webp
Rugs Network (own warehouse),RN-447,Kazak,Rugs,Hand Knotted,n/a (our own stock),786.60,,No,https://demo-oasis-six.vercel.app/assets/rugs/447.webp
Rugs Network (own warehouse),RN-591,Kazak,Rugs,Hand Knotted,n/a (our own stock),959.10,,No,https://demo-oasis-six.vercel.app/assets/rugs/591.webp
Rugs Network (own warehouse),RN-460,Kazak,Rugs,Hand Knotted,n/a (our own stock),959.10,,No,https://demo-oasis-six.vercel.app/assets/rugs/460.webp
Rugs Network (own warehouse),RN-343,Kazak,Rugs,Hand Knotted,n/a (our own stock),959.10,,No,https://demo-oasis-six.vercel.app/assets/rugs/343.webp
Rugs Network (own warehouse),RN-2311,Kazak,Rugs,Hand Knotted,n/a (our own stock),1221.30,,No,https://demo-oasis-six.vercel.app/assets/rugs/2311.webp
Rugs Network (own warehouse),RN-1028,Kazak,Rugs,Hand Knotted,n/a (our own stock),1331.70,,No,https://demo-oasis-six.vercel.app/assets/rugs/1028.webp
Rugs Network (own warehouse),RN-503,Kazak,Rugs,Hand Knotted,n/a (our own stock),1373.10,,No,https://demo-oasis-six.vercel.app/assets/rugs/503.webp
Rugs Network (own warehouse),RN-2170,Kazak,Rugs,Hand Knotted,n/a (our own stock),1516.62,,No,https://demo-oasis-six.vercel.app/assets/rugs/2170.webp
Rugs Network (own warehouse),RN-511,Kazak,Rugs,Hand Knotted,n/a (our own stock),1518.00,,No,https://demo-oasis-six.vercel.app/assets/rugs/511.webp
Rugs Network (own warehouse),RN-513,Kazak,Rugs,Hand Knotted,n/a (our own stock),1587.00,,No,https://demo-oasis-six.vercel.app/assets/rugs/513.webp
Rugs Network (own warehouse),RN-1023,Kazak,Rugs,Hand Knotted,n/a (our own stock),1621.50,,No,https://demo-oasis-six.vercel.app/assets/rugs/1023.webp
Rugs Network (own warehouse),RN-512,Kazak,Rugs,Hand Knotted,n/a (our own stock),1635.30,,No,https://demo-oasis-six.vercel.app/assets/rugs/512.webp
Rugs Network (own warehouse),RN-2157,Kazak,Rugs,Hand Knotted,n/a (our own stock),1649.10,,No,https://demo-oasis-six.vercel.app/assets/rugs/2157.webp
Rugs Network (own warehouse),RN-1024,Kazak,Rugs,Hand Knotted,n/a (our own stock),1773.30,,No,https://demo-oasis-six.vercel.app/assets/rugs/1024.webp
Rugs Network (own warehouse),RN-166,Kazak Patina,Rugs,Hand Knotted,n/a (our own stock),338.10,,No,https://demo-oasis-six.vercel.app/assets/rugs/166.webp
Rugs Network (own warehouse),RN-667,Kazak Patina,Rugs,Hand Knotted,n/a (our own stock),897.00,,No,https://demo-oasis-six.vercel.app/assets/rugs/667.webp
Rugs Network (own warehouse),RN-394,Kazak Patina,Rugs,Hand Knotted,n/a (our own stock),995.50,,No,https://demo-oasis-six.vercel.app/assets/rugs/394.webp
Rugs Network (own warehouse),RN-544,Kazak Patina,Rugs,Hand Knotted,n/a (our own stock),995.80,,No,https://demo-oasis-six.vercel.app/assets/rugs/544.webp
Rugs Network (own warehouse),RN-429,Kerman,Rugs,Hand Knotted,n/a (our own stock),3305.10,,No,https://demo-oasis-six.vercel.app/assets/rugs/429.webp
Rugs Network (own warehouse),RN-404,Kerman Patina,Rugs,Hand Knotted,n/a (our own stock),977.50,,No,https://demo-oasis-six.vercel.app/assets/rugs/404.webp
Rugs Network (own warehouse),RN-967,Kerman Patina,Rugs,Hand Knotted,n/a (our own stock),2817.50,,No,https://demo-oasis-six.vercel.app/assets/rugs/967.webp
Rugs Network (own warehouse),RN-829,Khal Mohammadi,Rugs,Hand Knotted,n/a (our own stock),531.30,,No,https://demo-oasis-six.vercel.app/assets/rugs/829.webp
Rugs Network (own warehouse),RN-531,Khal Mohammadi,Rugs,Hand Knotted,n/a (our own stock),759.00,,No,https://demo-oasis-six.vercel.app/assets/rugs/531.webp
Rugs Network (own warehouse),RN-552,Khal Mohammadi,Rugs,Hand Knotted,n/a (our own stock),759.00,,No,https://demo-oasis-six.vercel.app/assets/rugs/552.webp
Rugs Network (own warehouse),RN-201,Khal Mohammadi,Rugs,Hand Knotted,n/a (our own stock),759.00,,No,https://demo-oasis-six.vercel.app/assets/rugs/201.webp
Rugs Network (own warehouse),RN-539,Khal Mohammadi,Rugs,Hand Knotted,n/a (our own stock),779.70,,No,https://demo-oasis-six.vercel.app/assets/rugs/539.webp
Rugs Network (own warehouse),RN-443,Khal Mohammadi,Rugs,Hand Knotted,n/a (our own stock),1097.10,,No,https://demo-oasis-six.vercel.app/assets/rugs/443.webp
Rugs Network (own warehouse),RN-286,Khorusan,Rugs,Hand Knotted,n/a (our own stock),1925.10,,No,https://demo-oasis-six.vercel.app/assets/rugs/286.webp
Rugs Network (own warehouse),RN-2880,King_Shaggy Light_Beige,Rugs,Machine Made,n/a (our own stock),72.38,,No,https://demo-oasis-six.vercel.app/assets/rugs/2880.webp
Rugs Network (own warehouse),RN-2883,King_Silk Beige,Rugs,Machine Made,n/a (our own stock),373.34,,No,https://demo-oasis-six.vercel.app/assets/rugs/2883.webp
Rugs Network (own warehouse),RN-2882,King_Silk Dark_Grey,Rugs,Machine Made,n/a (our own stock),373.34,,No,https://demo-oasis-six.vercel.app/assets/rugs/2882.webp
Rugs Network (own warehouse),RN-2884,King_Silk Dark_Grey,Rugs,Machine Made,n/a (our own stock),509.80,,No,https://demo-oasis-six.vercel.app/assets/rugs/2884.webp
Rugs Network (own warehouse),RN-2881,King_Silk White,Rugs,Machine Made,n/a (our own stock),509.80,,No,https://demo-oasis-six.vercel.app/assets/rugs/2881.webp
Rugs Network (own warehouse),RN-501,Kolyae,Rugs,Hand Knotted,n/a (our own stock),1373.10,,No,https://demo-oasis-six.vercel.app/assets/rugs/501.webp
Rugs Network (own warehouse),RN-2154,Kolyae,Rugs,Hand Knotted,n/a (our own stock),2063.10,,No,https://demo-oasis-six.vercel.app/assets/rugs/2154.webp
Rugs Network (own warehouse),RN-254,Kolyaye,Rugs,Hand Knotted,n/a (our own stock),724.50,,No,https://demo-oasis-six.vercel.app/assets/rugs/254.webp
Rugs Network (own warehouse),RN-248,Kolyaye,Rugs,Hand Knotted,n/a (our own stock),931.50,,No,https://demo-oasis-six.vercel.app/assets/rugs/248.webp
Rugs Network (own warehouse),RN-562,Lilihan,Rugs,Hand Knotted,n/a (our own stock),483.00,,No,https://demo-oasis-six.vercel.app/assets/rugs/562.webp
Rugs Network (own warehouse),RN-176,Lori,Rugs,Hand Knotted,n/a (our own stock),448.50,,No,https://demo-oasis-six.vercel.app/assets/rugs/176.webp
Rugs Network (own warehouse),RN-232,Lori,Rugs,Hand Knotted,n/a (our own stock),586.50,,No,https://demo-oasis-six.vercel.app/assets/rugs/232.webp
Rugs Network (own warehouse),RN-787,Lubricraft Gabeh,Rugs,Hand Knotted,n/a (our own stock),724.50,,No,https://demo-oasis-six.vercel.app/assets/rugs/787.webp
Rugs Network (own warehouse),RN-483,Mahal,Rugs,Hand Knotted,n/a (our own stock),714.00,,No,https://demo-oasis-six.vercel.app/assets/rugs/483.webp
Rugs Network (own warehouse),RN-465,Mahal,Rugs,Hand Knotted,n/a (our own stock),779.70,,No,https://demo-oasis-six.vercel.app/assets/rugs/465.webp
Rugs Network (own warehouse),RN-287,Mahal,Rugs,Hand Knotted,n/a (our own stock),1863.00,,No,https://demo-oasis-six.vercel.app/assets/rugs/287.webp
Rugs Network (own warehouse),RN-247,Mahal,Rugs,Hand Knotted,n/a (our own stock),1863.30,,No,https://demo-oasis-six.vercel.app/assets/rugs/247.webp
Rugs Network (own warehouse),RN-463,Mahal,Rugs,Hand Knotted,n/a (our own stock),2088.00,,No,https://demo-oasis-six.vercel.app/assets/rugs/463.webp
Rugs Network (own warehouse),RN-284,Mahal,Rugs,Hand Knotted,n/a (our own stock),2449.50,,No,https://demo-oasis-six.vercel.app/assets/rugs/284.webp
Rugs Network (own warehouse),RN-299,Mahal,Rugs,Hand Knotted,n/a (our own stock),2553.20,,No,https://demo-oasis-six.vercel.app/assets/rugs/299.webp
Rugs Network (own warehouse),RN-2160,Mahal,Rugs,Hand Knotted,n/a (our own stock),3243.00,,No,https://demo-oasis-six.vercel.app/assets/rugs/2160.webp
Rugs Network (own warehouse),RN-557,Malayer,Rugs,Hand Knotted,n/a (our own stock),1235.10,,No,https://demo-oasis-six.vercel.app/assets/rugs/557.webp
Rugs Network (own warehouse),RN-480,Malayer,Rugs,Hand Knotted,n/a (our own stock),1649.10,,No,https://demo-oasis-six.vercel.app/assets/rugs/480.webp
Rugs Network (own warehouse),RN-2887,Malibu Anthracite,Rugs,Machine Made,n/a (our own stock),675.52,,No,https://demo-oasis-six.vercel.app/assets/rugs/2887.webp
Rugs Network (own warehouse),RN-2891,Malibu Green,Rugs,Machine Made,n/a (our own stock),494.71,,No,https://demo-oasis-six.vercel.app/assets/rugs/2891.webp
Rugs Network (own warehouse),RN-2888,Malibu Light_Blue,Rugs,Machine Made,n/a (our own stock),675.52,,No,https://demo-oasis-six.vercel.app/assets/rugs/2888.webp
Rugs Network (own warehouse),RN-2893,Malibu Light_Grey,Rugs,Machine Made,n/a (our own stock),313.88,,No,https://demo-oasis-six.vercel.app/assets/rugs/2893.webp
Rugs Network (own warehouse),RN-2894,Malibu Light_Grey,Rugs,Machine Made,n/a (our own stock),313.88,,No,https://demo-oasis-six.vercel.app/assets/rugs/2894.webp
Rugs Network (own warehouse),RN-2897,Malibu Light_Grey,Rugs,Machine Made,n/a (our own stock),313.88,,No,https://demo-oasis-six.vercel.app/assets/rugs/2897.webp
Rugs Network (own warehouse),RN-2899,Malibu Light_Grey,Rugs,Machine Made,n/a (our own stock),313.88,,No,https://demo-oasis-six.vercel.app/assets/rugs/2899.webp
Rugs Network (own warehouse),RN-2900,Malibu Light_Grey,Rugs,Machine Made,n/a (our own stock),313.88,,No,https://demo-oasis-six.vercel.app/assets/rugs/2900.webp
Rugs Network (own warehouse),RN-2889,Malibu Orange,Rugs,Machine Made,n/a (our own stock),313.88,,No,https://demo-oasis-six.vercel.app/assets/rugs/2889.webp
Rugs Network (own warehouse),RN-2896,Malibu Orange,Rugs,Machine Made,n/a (our own stock),313.88,,No,https://demo-oasis-six.vercel.app/assets/rugs/2896.webp
Rugs Network (own warehouse),RN-2898,Malibu Orange,Rugs,Machine Made,n/a (our own stock),313.88,,No,https://demo-oasis-six.vercel.app/assets/rugs/2898.webp
Rugs Network (own warehouse),RN-2901,Malibu Pink,Rugs,Machine Made,n/a (our own stock),313.88,,No,https://demo-oasis-six.vercel.app/assets/rugs/2901.webp
Rugs Network (own warehouse),RN-2892,Malibu White,Rugs,Machine Made,n/a (our own stock),313.88,,No,https://demo-oasis-six.vercel.app/assets/rugs/2892.webp
Rugs Network (own warehouse),RN-2890,Malibu Yellow,Rugs,Machine Made,n/a (our own stock),313.88,,No,https://demo-oasis-six.vercel.app/assets/rugs/2890.webp
Rugs Network (own warehouse),RN-3217,Malta Beige_Blue,Rugs,Machine Made,n/a (our own stock),530.93,,No,https://demo-oasis-six.vercel.app/assets/rugs/3217.webp
Rugs Network (own warehouse),RN-3220,Malta Cream_Beige,Rugs,Machine Made,n/a (our own stock),336.87,,No,https://demo-oasis-six.vercel.app/assets/rugs/3220.webp
Rugs Network (own warehouse),RN-2903,Malta Cream_White,Rugs,Machine Made,n/a (our own stock),109.84,,No,https://demo-oasis-six.vercel.app/assets/rugs/2903.webp
Rugs Network (own warehouse),RN-2905,Malta Cream_White,Rugs,Machine Made,n/a (our own stock),109.84,,No,https://demo-oasis-six.vercel.app/assets/rugs/2905.webp
Rugs Network (own warehouse),RN-3221,Malta Cream_White,Rugs,Machine Made,n/a (our own stock),336.87,,No,https://demo-oasis-six.vercel.app/assets/rugs/3221.webp
Rugs Network (own warehouse),RN-3218,Malta Grey_Cream,Rugs,Machine Made,n/a (our own stock),336.87,,No,https://demo-oasis-six.vercel.app/assets/rugs/3218.webp
Rugs Network (own warehouse),RN-3216,Malta Light_Grey_Beige,Rugs,Machine Made,n/a (our own stock),109.84,,No,https://demo-oasis-six.vercel.app/assets/rugs/3216.webp
Rugs Network (own warehouse),RN-3219,Malta Light_Grey_Beige,Rugs,Machine Made,n/a (our own stock),336.87,,No,https://demo-oasis-six.vercel.app/assets/rugs/3219.webp
Rugs Network (own warehouse),RN-2902,Malta White,Rugs,Machine Made,n/a (our own stock),109.84,,No,https://demo-oasis-six.vercel.app/assets/rugs/2902.webp
Rugs Network (own warehouse),RN-2906,Malta White,Rugs,Machine Made,n/a (our own stock),109.84,,No,https://demo-oasis-six.vercel.app/assets/rugs/2906.webp
Rugs Network (own warehouse),RN-986,Mansouri Collection,Rugs,Hand Knotted,n/a (our own stock),1489.25,,No,https://demo-oasis-six.vercel.app/assets/rugs/986.webp
Rugs Network (own warehouse),RN-307,Mashad,Rugs,Hand Knotted,n/a (our own stock),1932.00,,No,https://demo-oasis-six.vercel.app/assets/rugs/307.webp
Rugs Network (own warehouse),RN-309,Mashad,Rugs,Hand Knotted,n/a (our own stock),2201.10,,No,https://demo-oasis-six.vercel.app/assets/rugs/309.webp
Rugs Network (own warehouse),RN-253,Mashad,Rugs,Hand Knotted,n/a (our own stock),2339.10,,No,https://demo-oasis-six.vercel.app/assets/rugs/253.webp
Rugs Network (own warehouse),RN-251,Mashad,Rugs,Hand Knotted,n/a (our own stock),2490.90,,No,https://demo-oasis-six.vercel.app/assets/rugs/251.webp
Rugs Network (own warehouse),RN-280,Mashad,Rugs,Hand Knotted,n/a (our own stock),2615.10,,No,https://demo-oasis-six.vercel.app/assets/rugs/280.webp
Rugs Network (own warehouse),RN-245,Mashad,Rugs,Hand Knotted,n/a (our own stock),2615.10,,No,https://demo-oasis-six.vercel.app/assets/rugs/245.webp
Rugs Network (own warehouse),RN-273,Mashad,Rugs,Hand Knotted,n/a (our own stock),2691.10,,No,https://demo-oasis-six.vercel.app/assets/rugs/273.webp
Rugs Network (own warehouse),RN-229,Mashad,Rugs,Hand Knotted,n/a (our own stock),3443.10,,No,https://demo-oasis-six.vercel.app/assets/rugs/229.webp
Rugs Network (own warehouse),RN-241,Mashad,Rugs,Hand Knotted,n/a (our own stock),3443.10,,No,https://demo-oasis-six.vercel.app/assets/rugs/241.webp
Rugs Network (own warehouse),RN-293,Mashad,Rugs,Hand Knotted,n/a (our own stock),4002.00,,No,https://demo-oasis-six.vercel.app/assets/rugs/293.webp
Rugs Network (own warehouse),RN-1093,Mashad,Rugs,Hand Knotted,n/a (our own stock),4547.10,,No,https://demo-oasis-six.vercel.app/assets/rugs/1093.webp
Rugs Network (own warehouse),RN-261,Mashad Kashmar,Rugs,Hand Knotted,n/a (our own stock),2615.10,,No,https://demo-oasis-six.vercel.app/assets/rugs/261.webp
Rugs Network (own warehouse),RN-3243,Maui 060_White_Beige,Rugs,Machine Made,n/a (our own stock),29.66,,No,https://demo-oasis-six.vercel.app/assets/rugs/3243.webp
Rugs Network (own warehouse),RN-3244,Maui 060_White_Beige,Rugs,Machine Made,n/a (our own stock),29.66,,No,https://demo-oasis-six.vercel.app/assets/rugs/3244.webp
Rugs Network (own warehouse),RN-3245,Maui 060_White_Blue,Rugs,Machine Made,n/a (our own stock),29.66,,No,https://demo-oasis-six.vercel.app/assets/rugs/3245.webp
Rugs Network (own warehouse),RN-3246,Maui 063_Beige_Blue,Rugs,Machine Made,n/a (our own stock),29.66,,No,https://demo-oasis-six.vercel.app/assets/rugs/3246.webp
Rugs Network (own warehouse),RN-3248,Maui 090_White_Grey,Rugs,Machine Made,n/a (our own stock),29.66,,No,https://demo-oasis-six.vercel.app/assets/rugs/3248.webp
Rugs Network (own warehouse),RN-3247,Maui 093_Beige_Gold,Rugs,Machine Made,n/a (our own stock),29.66,,No,https://demo-oasis-six.vercel.app/assets/rugs/3247.webp
Rugs Network (own warehouse),RN-3249,Maui 094_Multicolor,Rugs,Machine Made,n/a (our own stock),29.66,,No,https://demo-oasis-six.vercel.app/assets/rugs/3249.webp
Rugs Network (own warehouse),RN-3250,Maui 095_Grey_White,Rugs,Machine Made,n/a (our own stock),29.66,,No,https://demo-oasis-six.vercel.app/assets/rugs/3250.webp
Rugs Network (own warehouse),RN-2909,Medusa Beige,Rugs,Machine Made,n/a (our own stock),54.00,,No,https://demo-oasis-six.vercel.app/assets/rugs/2909.webp
Rugs Network (own warehouse),RN-2911,Medusa Beige,Rugs,Machine Made,n/a (our own stock),54.00,,No,https://demo-oasis-six.vercel.app/assets/rugs/2911.webp
Rugs Network (own warehouse),RN-2917,Medusa Beige,Rugs,Machine Made,n/a (our own stock),54.00,,No,https://demo-oasis-six.vercel.app/assets/rugs/2917.webp
Rugs Network (own warehouse),RN-2918,Medusa Beige,Rugs,Machine Made,n/a (our own stock),54.00,,No,https://demo-oasis-six.vercel.app/assets/rugs/2918.webp
Rugs Network (own warehouse),RN-2907,Medusa Black,Rugs,Machine Made,n/a (our own stock),54.00,,No,https://demo-oasis-six.vercel.app/assets/rugs/2907.webp
Rugs Network (own warehouse),RN-2908,Medusa Black,Rugs,Machine Made,n/a (our own stock),165.60,,No,https://demo-oasis-six.vercel.app/assets/rugs/2908.webp
Rugs Network (own warehouse),RN-2912,Medusa Burgundy,Rugs,Machine Made,n/a (our own stock),165.60,,No,https://demo-oasis-six.vercel.app/assets/rugs/2912.webp
Rugs Network (own warehouse),RN-2910,Medusa Cream,Rugs,Machine Made,n/a (our own stock),54.00,,No,https://demo-oasis-six.vercel.app/assets/rugs/2910.webp
Rugs Network (own warehouse),RN-2914,Medusa Cream,Rugs,Machine Made,n/a (our own stock),54.00,,No,https://demo-oasis-six.vercel.app/assets/rugs/2914.webp
Rugs Network (own warehouse),RN-2913,Medusa Dark_Beige,Rugs,Machine Made,n/a (our own stock),260.98,,No,https://demo-oasis-six.vercel.app/assets/rugs/2913.webp
Rugs Network (own warehouse),RN-2920,Medusa Light_Beige,Rugs,Machine Made,n/a (our own stock),54.00,,No,https://demo-oasis-six.vercel.app/assets/rugs/2920.webp
Rugs Network (own warehouse),RN-2919,Medusa Light_Beige,Rugs,Machine Made,n/a (our own stock),165.60,,No,https://demo-oasis-six.vercel.app/assets/rugs/2919.webp
Rugs Network (own warehouse),RN-2916,Medusa White,Rugs,Machine Made,n/a (our own stock),54.00,,No,https://demo-oasis-six.vercel.app/assets/rugs/2916.webp
Rugs Network (own warehouse),RN-2915,Medusa White,Rugs,Machine Made,n/a (our own stock),165.60,,No,https://demo-oasis-six.vercel.app/assets/rugs/2915.webp
Rugs Network (own warehouse),RN-746,Melis,Rugs,Hand Knotted,n/a (our own stock),1144.25,,No,https://demo-oasis-six.vercel.app/assets/rugs/746.webp
Rugs Network (own warehouse),RN-762,Melis,Rugs,Hand Knotted,n/a (our own stock),1144.25,,No,https://demo-oasis-six.vercel.app/assets/rugs/762.webp
Rugs Network (own warehouse),RN-2930,Mesa Dark_Blue,Rugs,Machine Made,n/a (our own stock),94.66,,No,https://demo-oasis-six.vercel.app/assets/rugs/2930.webp
Rugs Network (own warehouse),RN-2935,Mesa Dark_Blue_Orange,Rugs,Machine Made,n/a (our own stock),94.66,,No,https://demo-oasis-six.vercel.app/assets/rugs/2935.webp
Rugs Network (own warehouse),RN-2932,Mesa Dark_Blue_Red,Rugs,Machine Made,n/a (our own stock),94.66,,No,https://demo-oasis-six.vercel.app/assets/rugs/2932.webp
Rugs Network (own warehouse),RN-2926,Mesa Grey,Rugs,Machine Made,n/a (our own stock),94.66,,No,https://demo-oasis-six.vercel.app/assets/rugs/2926.webp
Rugs Network (own warehouse),RN-2929,Mesa Grey,Rugs,Machine Made,n/a (our own stock),94.66,,No,https://demo-oasis-six.vercel.app/assets/rugs/2929.webp
Rugs Network (own warehouse),RN-2924,Mesa Grey_Cream,Rugs,Machine Made,n/a (our own stock),94.66,,No,https://demo-oasis-six.vercel.app/assets/rugs/2924.webp
Rugs Network (own warehouse),RN-2925,Mesa Ivory,Rugs,Machine Made,n/a (our own stock),94.66,,No,https://demo-oasis-six.vercel.app/assets/rugs/2925.webp
Rugs Network (own warehouse),RN-2927,Mesa Ivory,Rugs,Machine Made,n/a (our own stock),94.66,,No,https://demo-oasis-six.vercel.app/assets/rugs/2927.webp
Rugs Network (own warehouse),RN-2931,Mesa Ivory,Rugs,Machine Made,n/a (our own stock),94.66,,No,https://demo-oasis-six.vercel.app/assets/rugs/2931.webp
Rugs Network (own warehouse),RN-2921,Mesa Ivory,Rugs,Machine Made,n/a (our own stock),94.66,,No,https://demo-oasis-six.vercel.app/assets/rugs/2921.webp
Rugs Network (own warehouse),RN-2933,Mesa Ivory_Red,Rugs,Machine Made,n/a (our own stock),94.66,,No,https://demo-oasis-six.vercel.app/assets/rugs/2933.webp
Rugs Network (own warehouse),RN-2934,Mesa Ivory_Red,Rugs,Machine Made,n/a (our own stock),94.66,,No,https://demo-oasis-six.vercel.app/assets/rugs/2934.webp
Rugs Network (own warehouse),RN-2928,Mesa Red,Rugs,Machine Made,n/a (our own stock),94.66,,No,https://demo-oasis-six.vercel.app/assets/rugs/2928.webp
Rugs Network (own warehouse),RN-2923,Mesa Red_Ivory,Rugs,Machine Made,n/a (our own stock),94.66,,No,https://demo-oasis-six.vercel.app/assets/rugs/2923.webp
Rugs Network (own warehouse),RN-2922,Mesa Red_Ivory,Rugs,Machine Made,n/a (our own stock),290.27,,No,https://demo-oasis-six.vercel.app/assets/rugs/2922.webp
Rugs Network (own warehouse),RN-266,Meshkin,Rugs,Hand Knotted,n/a (our own stock),545.10,,No,https://demo-oasis-six.vercel.app/assets/rugs/266.webp
Rugs Network (own warehouse),RN-2937,Miami_2 Ice,Rugs,Machine Made,n/a (our own stock),66.42,,No,https://demo-oasis-six.vercel.app/assets/rugs/2937.webp
Rugs Network (own warehouse),RN-2936,Miami_2 Light_Beige,Rugs,Machine Made,n/a (our own stock),66.42,,No,https://demo-oasis-six.vercel.app/assets/rugs/2936.webp
Rugs Network (own warehouse),RN-2938,Miami_2 Light_Beige,Rugs,Machine Made,n/a (our own stock),66.42,,No,https://demo-oasis-six.vercel.app/assets/rugs/2938.webp
Rugs Network (own warehouse),RN-2939,Miami_2 Tile,Rugs,Machine Made,n/a (our own stock),66.42,,No,https://demo-oasis-six.vercel.app/assets/rugs/2939.webp
Rugs Network (own warehouse),RN-2940,Miami_2 Tile,Rugs,Machine Made,n/a (our own stock),203.69,,No,https://demo-oasis-six.vercel.app/assets/rugs/2940.webp
Rugs Network (own warehouse),RN-2644,Miami_2 White,Rugs,Machine Made,n/a (our own stock),66.42,,No,https://demo-oasis-six.vercel.app/assets/rugs/2644.webp
Rugs Network (own warehouse),RN-2942,Micro_Shaggy Beige,Rugs,Machine Made,n/a (our own stock),558.76,,No,https://demo-oasis-six.vercel.app/assets/rugs/2942.webp
Rugs Network (own warehouse),RN-2941,Micro_Shaggy Black,Rugs,Machine Made,n/a (our own stock),28.22,,No,https://demo-oasis-six.vercel.app/assets/rugs/2941.webp
Rugs Network (own warehouse),RN-2943,Micro_Shaggy Dark_Beige,Rugs,Machine Made,n/a (our own stock),28.22,,No,https://demo-oasis-six.vercel.app/assets/rugs/2943.webp
Rugs Network (own warehouse),RN-2758,Micro_Shaggy Dark_Grey,Rugs,Machine Made,n/a (our own stock),84.67,,No,https://demo-oasis-six.vercel.app/assets/rugs/2758.webp
Rugs Network (own warehouse),RN-3271,Micro_Shaggy Grey,Rugs,Machine Made,n/a (our own stock),259.63,,No,https://demo-oasis-six.vercel.app/assets/rugs/3271.webp
Rugs Network (own warehouse),RN-2757,Micro_Shaggy Light_Green,Rugs,Machine Made,n/a (our own stock),28.22,,No,https://demo-oasis-six.vercel.app/assets/rugs/2757.webp
Rugs Network (own warehouse),RN-2756,Micro_Shaggy Light_Grey,Rugs,Machine Made,n/a (our own stock),28.22,,No,https://demo-oasis-six.vercel.app/assets/rugs/2756.webp
Rugs Network (own warehouse),RN-2755,Micro_Shaggy Light_Pink,Rugs,Machine Made,n/a (our own stock),28.22,,No,https://demo-oasis-six.vercel.app/assets/rugs/2755.webp
Rugs Network (own warehouse),RN-2944,Micro_Shaggy White,Rugs,Machine Made,n/a (our own stock),28.22,,No,https://demo-oasis-six.vercel.app/assets/rugs/2944.webp
Rugs Network (own warehouse),RN-3270,Micro_Shaggy White,Rugs,Machine Made,n/a (our own stock),84.67,,No,https://demo-oasis-six.vercel.app/assets/rugs/3270.webp
Rugs Network (own warehouse),RN-972,Mir Sarough,Rugs,Hand Knotted,n/a (our own stock),393.30,,No,https://demo-oasis-six.vercel.app/assets/rugs/972.webp
Rugs Network (own warehouse),RN-575,Mir Sarough,Rugs,Hand Knotted,n/a (our own stock),517.50,,No,https://demo-oasis-six.vercel.app/assets/rugs/575.webp
Rugs Network (own warehouse),RN-984,Mir Sarough,Rugs,Hand Knotted,n/a (our own stock),669.30,,No,https://demo-oasis-six.vercel.app/assets/rugs/984.webp
Rugs Network (own warehouse),RN-653,Mir Sarough,Rugs,Hand Knotted,n/a (our own stock),724.50,,No,https://demo-oasis-six.vercel.app/assets/rugs/653.webp
Rugs Network (own warehouse),RN-652,Mir Sarough,Rugs,Hand Knotted,n/a (our own stock),745.20,,No,https://demo-oasis-six.vercel.app/assets/rugs/652.webp
Rugs Network (own warehouse),RN-958,Mir Sarough,Rugs,Hand Knotted,n/a (our own stock),793.50,,No,https://demo-oasis-six.vercel.app/assets/rugs/958.webp
Rugs Network (own warehouse),RN-983,Mir Sarough,Rugs,Hand Knotted,n/a (our own stock),821.10,,No,https://demo-oasis-six.vercel.app/assets/rugs/983.webp
Rugs Network (own warehouse),RN-2218,Mir Sarough,Rugs,Hand Knotted,n/a (our own stock),821.10,,No,https://demo-oasis-six.vercel.app/assets/rugs/2218.webp
Rugs Network (own warehouse),RN-722,Mir Sarough,Rugs,Hand Knotted,n/a (our own stock),914.25,,No,https://demo-oasis-six.vercel.app/assets/rugs/722.webp
Rugs Network (own warehouse),RN-927,Mir Sarough,Rugs,Hand Knotted,n/a (our own stock),1035.00,,No,https://demo-oasis-six.vercel.app/assets/rugs/927.webp
Rugs Network (own warehouse),RN-938,Mir Sarough,Rugs,Hand Knotted,n/a (our own stock),1055.70,,No,https://demo-oasis-six.vercel.app/assets/rugs/938.webp
Rugs Network (own warehouse),RN-932,Mir Sarough,Rugs,Hand Knotted,n/a (our own stock),1173.00,,No,https://demo-oasis-six.vercel.app/assets/rugs/932.webp
Rugs Network (own warehouse),RN-321,Mir Sarough,Rugs,Hand Knotted,n/a (our own stock),1235.10,,No,https://demo-oasis-six.vercel.app/assets/rugs/321.webp
Rugs Network (own warehouse),RN-548,Mirzapur,Rugs,Hand Knotted,n/a (our own stock),1263.85,,No,https://demo-oasis-six.vercel.app/assets/rugs/548.webp
Rugs Network (own warehouse),RN-479,Mirzapur,Rugs,Hand Knotted,n/a (our own stock),1345.50,,No,https://demo-oasis-six.vercel.app/assets/rugs/479.webp
Rugs Network (own warehouse),RN-835,Mirzapur,Rugs,Hand Knotted,n/a (our own stock),2760.00,,No,https://demo-oasis-six.vercel.app/assets/rugs/835.webp
Rugs Network (own warehouse),RN-378,Mirzapur,Rugs,Hand Knotted,n/a (our own stock),2857.75,,No,https://demo-oasis-six.vercel.app/assets/rugs/378.webp
Rugs Network (own warehouse),RN-2207,Mirzapur,Rugs,Hand Knotted,n/a (our own stock),3443.10,,No,https://demo-oasis-six.vercel.app/assets/rugs/2207.webp
Rugs Network (own warehouse),RN-1001,Mirzapur,Rugs,Hand Knotted,n/a (our own stock),4864.50,,No,https://demo-oasis-six.vercel.app/assets/rugs/1001.webp
Rugs Network (own warehouse),RN-236,Mishkin,Rugs,Hand Knotted,n/a (our own stock),299.70,,No,https://demo-oasis-six.vercel.app/assets/rugs/236.webp
Rugs Network (own warehouse),RN-3231,Montana Beige,Rugs,Machine Made,n/a (our own stock),20.20,,No,https://demo-oasis-six.vercel.app/assets/rugs/3231.webp
Rugs Network (own warehouse),RN-3232,Montana Blue,Rugs,Machine Made,n/a (our own stock),20.20,,No,https://demo-oasis-six.vercel.app/assets/rugs/3232.webp
Rugs Network (own warehouse),RN-3224,Montana Cream,Rugs,Machine Made,n/a (our own stock),20.20,,No,https://demo-oasis-six.vercel.app/assets/rugs/3224.webp
Rugs Network (own warehouse),RN-3225,Montana Cream,Rugs,Machine Made,n/a (our own stock),20.20,,No,https://demo-oasis-six.vercel.app/assets/rugs/3225.webp
Rugs Network (own warehouse),RN-3226,Montana Cream,Rugs,Machine Made,n/a (our own stock),20.20,,No,https://demo-oasis-six.vercel.app/assets/rugs/3226.webp
Rugs Network (own warehouse),RN-3229,Montana Cream,Rugs,Machine Made,n/a (our own stock),20.20,,No,https://demo-oasis-six.vercel.app/assets/rugs/3229.webp
Rugs Network (own warehouse),RN-3230,Montana Cream,Rugs,Machine Made,n/a (our own stock),20.20,,No,https://demo-oasis-six.vercel.app/assets/rugs/3230.webp
Rugs Network (own warehouse),RN-3233,Montana Cream,Rugs,Machine Made,n/a (our own stock),20.20,,No,https://demo-oasis-six.vercel.app/assets/rugs/3233.webp
Rugs Network (own warehouse),RN-3234,Montana Cream,Rugs,Machine Made,n/a (our own stock),20.20,,No,https://demo-oasis-six.vercel.app/assets/rugs/3234.webp
Rugs Network (own warehouse),RN-3251,Montana Cream,Rugs,Machine Made,n/a (our own stock),20.20,,No,https://demo-oasis-six.vercel.app/assets/rugs/3251.webp
Rugs Network (own warehouse),RN-3252,Montana Light_Grey,Rugs,Machine Made,n/a (our own stock),20.20,,No,https://demo-oasis-six.vercel.app/assets/rugs/3252.webp
Rugs Network (own warehouse),RN-555,Mouri,Rugs,Hand Knotted,n/a (our own stock),471.50,,No,https://demo-oasis-six.vercel.app/assets/rugs/555.webp
Rugs Network (own warehouse),RN-543,Mousel,Rugs,Hand Knotted,n/a (our own stock),441.60,,No,https://demo-oasis-six.vercel.app/assets/rugs/543.webp
Rugs Network (own warehouse),RN-202,Nahavand,Rugs,Hand Knotted,n/a (our own stock),448.50,,No,https://demo-oasis-six.vercel.app/assets/rugs/202.webp
Rugs Network (own warehouse),RN-451,Nahavand,Rugs,Hand Knotted,n/a (our own stock),517.50,,No,https://demo-oasis-six.vercel.app/assets/rugs/451.webp
Rugs Network (own warehouse),RN-459,Nahavand,Rugs,Hand Knotted,n/a (our own stock),683.10,,No,https://demo-oasis-six.vercel.app/assets/rugs/459.webp
Rugs Network (own warehouse),RN-240,Nahavand,Rugs,Hand Knotted,n/a (our own stock),759.00,,No,https://demo-oasis-six.vercel.app/assets/rugs/240.webp
Rugs Network (own warehouse),RN-438,Nain Nla,Rugs,Hand Knotted,n/a (our own stock),3873.00,,No,https://demo-oasis-six.vercel.app/assets/rugs/438.webp
Rugs Network (own warehouse),RN-2143,Nain Patina,Rugs,Hand Knotted,n/a (our own stock),2987.00,,No,https://demo-oasis-six.vercel.app/assets/rugs/2143.webp
Rugs Network (own warehouse),RN-514,Nain Patina,Rugs,Hand Knotted,n/a (our own stock),2987.00,,No,https://demo-oasis-six.vercel.app/assets/rugs/514.webp
Rugs Network (own warehouse),RN-2951,Napa Beige,Rugs,Machine Made,n/a (our own stock),24.95,,No,https://demo-oasis-six.vercel.app/assets/rugs/2951.webp
Rugs Network (own warehouse),RN-2953,Napa Cream_Cream,Rugs,Machine Made,n/a (our own stock),24.95,,No,https://demo-oasis-six.vercel.app/assets/rugs/2953.webp
Rugs Network (own warehouse),RN-2947,Napa Dark_Grey,Rugs,Machine Made,n/a (our own stock),24.95,,No,https://demo-oasis-six.vercel.app/assets/rugs/2947.webp
Rugs Network (own warehouse),RN-2949,Napa Light_Beige,Rugs,Machine Made,n/a (our own stock),24.95,,No,https://demo-oasis-six.vercel.app/assets/rugs/2949.webp
Rugs Network (own warehouse),RN-2948,Napa Light_Grey,Rugs,Machine Made,n/a (our own stock),74.84,,No,https://demo-oasis-six.vercel.app/assets/rugs/2948.webp
Rugs Network (own warehouse),RN-2952,Napa White,Rugs,Machine Made,n/a (our own stock),24.95,,No,https://demo-oasis-six.vercel.app/assets/rugs/2952.webp
Rugs Network (own warehouse),RN-2950,Napa White_White,Rugs,Machine Made,n/a (our own stock),74.84,,No,https://demo-oasis-six.vercel.app/assets/rugs/2950.webp
Rugs Network (own warehouse),RN-2126,Nepal,Rugs,Hand Knotted,n/a (our own stock),172.50,,No,https://demo-oasis-six.vercel.app/assets/rugs/2126.webp
Rugs Network (own warehouse),RN-2128,Nepal,Rugs,Hand Knotted,n/a (our own stock),195.50,,No,https://demo-oasis-six.vercel.app/assets/rugs/2128.webp
Rugs Network (own warehouse),RN-1018,Nepal,Rugs,Hand Knotted,n/a (our own stock),431.25,,No,https://demo-oasis-six.vercel.app/assets/rugs/1018.webp
Rugs Network (own warehouse),RN-1056,Nepal,Rugs,Hand Knotted,n/a (our own stock),431.25,,No,https://demo-oasis-six.vercel.app/assets/rugs/1056.webp
Rugs Network (own warehouse),RN-1057,Nepal,Rugs,Hand Knotted,n/a (our own stock),431.25,,No,https://demo-oasis-six.vercel.app/assets/rugs/1057.webp
Rugs Network (own warehouse),RN-1058,Nepal,Rugs,Hand Knotted,n/a (our own stock),431.25,,No,https://demo-oasis-six.vercel.app/assets/rugs/1058.webp
Rugs Network (own warehouse),RN-1059,Nepal,Rugs,Hand Knotted,n/a (our own stock),431.25,,No,https://demo-oasis-six.vercel.app/assets/rugs/1059.webp
Rugs Network (own warehouse),RN-1060,Nepal,Rugs,Hand Knotted,n/a (our own stock),431.25,,No,https://demo-oasis-six.vercel.app/assets/rugs/1060.webp
Rugs Network (own warehouse),RN-1061,Nepal,Rugs,Hand Knotted,n/a (our own stock),431.25,,No,https://demo-oasis-six.vercel.app/assets/rugs/1061.webp
Rugs Network (own warehouse),RN-1063,Nepal,Rugs,Hand Knotted,n/a (our own stock),431.25,,No,https://demo-oasis-six.vercel.app/assets/rugs/1063.webp
Rugs Network (own warehouse),RN-1064,Nepal,Rugs,Hand Knotted,n/a (our own stock),431.25,,No,https://demo-oasis-six.vercel.app/assets/rugs/1064.webp
Rugs Network (own warehouse),RN-1065,Nepal,Rugs,Hand Knotted,n/a (our own stock),431.25,,No,https://demo-oasis-six.vercel.app/assets/rugs/1065.webp
Rugs Network (own warehouse),RN-1066,Nepal,Rugs,Hand Knotted,n/a (our own stock),431.25,,No,https://demo-oasis-six.vercel.app/assets/rugs/1066.webp
Rugs Network (own warehouse),RN-1068,Nepal,Rugs,Hand Knotted,n/a (our own stock),431.25,,No,https://demo-oasis-six.vercel.app/assets/rugs/1068.webp
Rugs Network (own warehouse),RN-1069,Nepal,Rugs,Hand Knotted,n/a (our own stock),431.25,,No,https://demo-oasis-six.vercel.app/assets/rugs/1069.webp
Rugs Network (own warehouse),RN-1070,Nepal,Rugs,Hand Knotted,n/a (our own stock),431.25,,No,https://demo-oasis-six.vercel.app/assets/rugs/1070.webp
Rugs Network (own warehouse),RN-1071,Nepal,Rugs,Hand Knotted,n/a (our own stock),431.25,,No,https://demo-oasis-six.vercel.app/assets/rugs/1071.webp
Rugs Network (own warehouse),RN-1072,Nepal,Rugs,Hand Knotted,n/a (our own stock),431.25,,No,https://demo-oasis-six.vercel.app/assets/rugs/1072.webp
Rugs Network (own warehouse),RN-1073,Nepal,Rugs,Hand Knotted,n/a (our own stock),431.25,,No,https://demo-oasis-six.vercel.app/assets/rugs/1073.webp
Rugs Network (own warehouse),RN-1074,Nepal,Rugs,Hand Knotted,n/a (our own stock),431.25,,No,https://demo-oasis-six.vercel.app/assets/rugs/1074.webp
Rugs Network (own warehouse),RN-1076,Nepal,Rugs,Hand Knotted,n/a (our own stock),431.25,,No,https://demo-oasis-six.vercel.app/assets/rugs/1076.webp
Rugs Network (own warehouse),RN-1077,Nepal,Rugs,Hand Knotted,n/a (our own stock),431.25,,No,https://demo-oasis-six.vercel.app/assets/rugs/1077.webp
Rugs Network (own warehouse),RN-1078,Nepal,Rugs,Hand Knotted,n/a (our own stock),431.25,,No,https://demo-oasis-six.vercel.app/assets/rugs/1078.webp
Rugs Network (own warehouse),RN-1039,Nepal,Rugs,Hand Knotted,n/a (our own stock),431.25,,No,https://demo-oasis-six.vercel.app/assets/rugs/1039.webp
Rugs Network (own warehouse),RN-1040,Nepal,Rugs,Hand Knotted,n/a (our own stock),431.25,,No,https://demo-oasis-six.vercel.app/assets/rugs/1040.webp
Rugs Network (own warehouse),RN-339,Nepal,Rugs,Hand Knotted,n/a (our own stock),546.25,,No,https://demo-oasis-six.vercel.app/assets/rugs/339.webp
Rugs Network (own warehouse),RN-439,Nepal,Rugs,Hand Knotted,n/a (our own stock),569.25,,No,https://demo-oasis-six.vercel.app/assets/rugs/439.webp
Rugs Network (own warehouse),RN-355,Nepal,Rugs,Hand Knotted,n/a (our own stock),1086.75,,No,https://demo-oasis-six.vercel.app/assets/rugs/355.webp
Rugs Network (own warehouse),RN-335,Nepal,Rugs,Hand Knotted,n/a (our own stock),1374.25,,No,https://demo-oasis-six.vercel.app/assets/rugs/335.webp
Rugs Network (own warehouse),RN-1107,Nepal,Rugs,Hand Knotted,n/a (our own stock),2530.00,,No,https://demo-oasis-six.vercel.app/assets/rugs/1107.webp
Rugs Network (own warehouse),RN-785,Nepal Aurora,Rugs,Hand Knotted,n/a (our own stock),780.85,,No,https://demo-oasis-six.vercel.app/assets/rugs/785.webp
Rugs Network (own warehouse),RN-672,Nepali,Rugs,Hand Knotted,n/a (our own stock),747.50,,No,https://demo-oasis-six.vercel.app/assets/rugs/672.webp
Rugs Network (own warehouse),RN-666,Nepali Dorchi,Rugs,Hand Knotted,n/a (our own stock),799.25,,No,https://demo-oasis-six.vercel.app/assets/rugs/666.webp
Rugs Network (own warehouse),RN-671,Nepali Dorci,Rugs,Hand Knotted,n/a (our own stock),747.50,,No,https://demo-oasis-six.vercel.app/assets/rugs/671.webp
Rugs Network (own warehouse),RN-2958,Nevada Dark_Beige,Rugs,Machine Made,n/a (our own stock),46.96,,No,https://demo-oasis-six.vercel.app/assets/rugs/2958.webp
Rugs Network (own warehouse),RN-2956,Nevada Grey,Rugs,Machine Made,n/a (our own stock),104.36,,No,https://demo-oasis-six.vercel.app/assets/rugs/2956.webp
Rugs Network (own warehouse),RN-2961,Nevada Grey,Rugs,Machine Made,n/a (our own stock),320.04,,No,https://demo-oasis-six.vercel.app/assets/rugs/2961.webp
Rugs Network (own warehouse),RN-2957,Nevada Grey,Rugs,Machine Made,n/a (our own stock),320.04,,No,https://demo-oasis-six.vercel.app/assets/rugs/2957.webp
Rugs Network (own warehouse),RN-2982,Nevada Grey,Rugs,Machine Made,n/a (our own stock),320.04,,No,https://demo-oasis-six.vercel.app/assets/rugs/2982.webp
Rugs Network (own warehouse),RN-2954,Nevada Light_Beige,Rugs,Machine Made,n/a (our own stock),46.96,,No,https://demo-oasis-six.vercel.app/assets/rugs/2954.webp
Rugs Network (own warehouse),RN-2960,Nevada Light_Beige,Rugs,Machine Made,n/a (our own stock),46.96,,No,https://demo-oasis-six.vercel.app/assets/rugs/2960.webp
Rugs Network (own warehouse),RN-2980,Nevada Light_Beige,Rugs,Machine Made,n/a (our own stock),46.96,,No,https://demo-oasis-six.vercel.app/assets/rugs/2980.webp
Rugs Network (own warehouse),RN-2955,Nevada Light_Beige,Rugs,Machine Made,n/a (our own stock),104.36,,No,https://demo-oasis-six.vercel.app/assets/rugs/2955.webp
Rugs Network (own warehouse),RN-2962,Nevada Light_Beige,Rugs,Machine Made,n/a (our own stock),104.36,,No,https://demo-oasis-six.vercel.app/assets/rugs/2962.webp
Rugs Network (own warehouse),RN-2968,Nevada Light_Beige,Rugs,Machine Made,n/a (our own stock),104.36,,No,https://demo-oasis-six.vercel.app/assets/rugs/2968.webp
Rugs Network (own warehouse),RN-2975,Nevada Light_Beige,Rugs,Machine Made,n/a (our own stock),104.36,,No,https://demo-oasis-six.vercel.app/assets/rugs/2975.webp
Rugs Network (own warehouse),RN-2978,Nevada Light_Beige,Rugs,Machine Made,n/a (our own stock),104.36,,No,https://demo-oasis-six.vercel.app/assets/rugs/2978.webp
Rugs Network (own warehouse),RN-2979,Nevada Light_Beige,Rugs,Machine Made,n/a (our own stock),104.36,,No,https://demo-oasis-six.vercel.app/assets/rugs/2979.webp
Rugs Network (own warehouse),RN-2973,Nevada Light_Beige,Rugs,Machine Made,n/a (our own stock),177.41,,No,https://demo-oasis-six.vercel.app/assets/rugs/2973.webp
Rugs Network (own warehouse),RN-2969,Nevada Light_Beige,Rugs,Machine Made,n/a (our own stock),320.04,,No,https://demo-oasis-six.vercel.app/assets/rugs/2969.webp
Rugs Network (own warehouse),RN-2977,Nevada Light_Beige,Rugs,Machine Made,n/a (our own stock),320.04,,No,https://demo-oasis-six.vercel.app/assets/rugs/2977.webp
Rugs Network (own warehouse),RN-2983,Nevada Light_Beige,Rugs,Machine Made,n/a (our own stock),320.04,,No,https://demo-oasis-six.vercel.app/assets/rugs/2983.webp
Rugs Network (own warehouse),RN-2972,Nevada Light_Beige,Rugs,Machine Made,n/a (our own stock),504.40,,No,https://demo-oasis-six.vercel.app/assets/rugs/2972.webp
Rugs Network (own warehouse),RN-2959,Nevada Light_Beige,Rugs,Machine Made,n/a (our own stock),504.40,,No,https://demo-oasis-six.vercel.app/assets/rugs/2959.webp
Rugs Network (own warehouse),RN-2967,Nevada Light_Beige,Rugs,Machine Made,n/a (our own stock),504.40,,No,https://demo-oasis-six.vercel.app/assets/rugs/2967.webp
Rugs Network (own warehouse),RN-2964,Nevada Light_Beige,Rugs,Machine Made,n/a (our own stock),504.40,,No,https://demo-oasis-six.vercel.app/assets/rugs/2964.webp
Rugs Network (own warehouse),RN-2965,Nevada Light_Beige,Rugs,Machine Made,n/a (our own stock),504.40,,No,https://demo-oasis-six.vercel.app/assets/rugs/2965.webp
Rugs Network (own warehouse),RN-2971,Nevada Light_Beige,Rugs,Machine Made,n/a (our own stock),688.77,,No,https://demo-oasis-six.vercel.app/assets/rugs/2971.webp
Rugs Network (own warehouse),RN-2974,Nevada Light_Beige,Rugs,Machine Made,n/a (our own stock),688.77,,No,https://demo-oasis-six.vercel.app/assets/rugs/2974.webp
Rugs Network (own warehouse),RN-2966,Nevada Light_Grey,Rugs,Machine Made,n/a (our own stock),177.41,,No,https://demo-oasis-six.vercel.app/assets/rugs/2966.webp
Rugs Network (own warehouse),RN-298,Pako Tabriz,Rugs,Hand Knotted,n/a (our own stock),897.00,,No,https://demo-oasis-six.vercel.app/assets/rugs/298.webp
Rugs Network (own warehouse),RN-571,Pako Tabriz,Rugs,Hand Knotted,n/a (our own stock),1193.70,,No,https://demo-oasis-six.vercel.app/assets/rugs/571.webp
Rugs Network (own warehouse),RN-573,Pako Tabriz,Rugs,Hand Knotted,n/a (our own stock),1359.30,,No,https://demo-oasis-six.vercel.app/assets/rugs/573.webp
Rugs Network (own warehouse),RN-302,Pako Tabriz,Rugs,Hand Knotted,n/a (our own stock),1378.62,,No,https://demo-oasis-six.vercel.app/assets/rugs/302.webp
Rugs Network (own warehouse),RN-1092,Pako Tabriz,Rugs,Hand Knotted,n/a (our own stock),5513.10,,No,https://demo-oasis-six.vercel.app/assets/rugs/1092.webp
Rugs Network (own warehouse),RN-188,Pako Tabriz Patina,Rugs,Hand Knotted,n/a (our own stock),4485.00,,No,https://demo-oasis-six.vercel.app/assets/rugs/188.webp
Rugs Network (own warehouse),RN-997,Persian  Najaf Abad,Rugs,Hand Knotted,n/a (our own stock),3857.10,,No,https://demo-oasis-six.vercel.app/assets/rugs/997.webp
Rugs Network (own warehouse),RN-773,Persian Abadeh,Rugs,Hand Knotted,n/a (our own stock),476.10,,No,https://demo-oasis-six.vercel.app/assets/rugs/773.webp
Rugs Network (own warehouse),RN-140,Persian Afshar,Rugs,Hand Knotted,n/a (our own stock),274.62,,No,https://demo-oasis-six.vercel.app/assets/rugs/140.webp
Rugs Network (own warehouse),RN-2195,Persian Afshar,Rugs,Hand Knotted,n/a (our own stock),407.10,,No,https://demo-oasis-six.vercel.app/assets/rugs/2195.webp
Rugs Network (own warehouse),RN-636,Persian Afshar,Rugs,Hand Knotted,n/a (our own stock),545.10,,No,https://demo-oasis-six.vercel.app/assets/rugs/636.webp
Rugs Network (own warehouse),RN-937,Persian Arak,Rugs,Hand Knotted,n/a (our own stock),338.10,,No,https://demo-oasis-six.vercel.app/assets/rugs/937.webp
Rugs Network (own warehouse),RN-780,Persian Arak,Rugs,Hand Knotted,n/a (our own stock),531.30,,No,https://demo-oasis-six.vercel.app/assets/rugs/780.webp
Rugs Network (own warehouse),RN-849,Persian Ardebil,Rugs,Hand Knotted,n/a (our own stock),683.10,,No,https://demo-oasis-six.vercel.app/assets/rugs/849.webp
Rugs Network (own warehouse),RN-854,Persian Ardebil,Rugs,Hand Knotted,n/a (our own stock),683.10,,No,https://demo-oasis-six.vercel.app/assets/rugs/854.webp
Rugs Network (own warehouse),RN-827,Persian Ardebil,Rugs,Hand Knotted,n/a (our own stock),759.00,,No,https://demo-oasis-six.vercel.app/assets/rugs/827.webp
Rugs Network (own warehouse),RN-1026,Persian Ardebil,Rugs,Hand Knotted,n/a (our own stock),821.10,,No,https://demo-oasis-six.vercel.app/assets/rugs/1026.webp
Rugs Network (own warehouse),RN-886,Persian Ardebil,Rugs,Hand Knotted,n/a (our own stock),1373.10,,No,https://demo-oasis-six.vercel.app/assets/rugs/886.webp
Rugs Network (own warehouse),RN-595,Persian Bakhtiar,Rugs,Hand Knotted,n/a (our own stock),821.10,,No,https://demo-oasis-six.vercel.app/assets/rugs/595.webp
Rugs Network (own warehouse),RN-745,Persian Bakhtiar,Rugs,Hand Knotted,n/a (our own stock),862.50,,No,https://demo-oasis-six.vercel.app/assets/rugs/745.webp
Rugs Network (own warehouse),RN-757,Persian Bakhtiar,Rugs,Hand Knotted,n/a (our own stock),1214.40,,No,https://demo-oasis-six.vercel.app/assets/rugs/757.webp
Rugs Network (own warehouse),RN-897,Persian Bakhtiar,Rugs,Hand Knotted,n/a (our own stock),1511.10,,No,https://demo-oasis-six.vercel.app/assets/rugs/897.webp
Rugs Network (own warehouse),RN-2167,Persian Bakhtiar,Rugs,Hand Knotted,n/a (our own stock),1738.80,,No,https://demo-oasis-six.vercel.app/assets/rugs/2167.webp
Rugs Network (own warehouse),RN-2152,Persian Bakhtiar,Rugs,Hand Knotted,n/a (our own stock),1883.70,,No,https://demo-oasis-six.vercel.app/assets/rugs/2152.webp
Rugs Network (own warehouse),RN-686,Persian Bakhtiari,Rugs,Hand Knotted,n/a (our own stock),1173.00,,No,https://demo-oasis-six.vercel.app/assets/rugs/686.webp
Rugs Network (own warehouse),RN-679,Persian Bakhtiari,Rugs,Hand Knotted,n/a (our own stock),1179.90,,No,https://demo-oasis-six.vercel.app/assets/rugs/679.webp
Rugs Network (own warehouse),RN-736,Persian Bidjar,Rugs,Hand Knotted,n/a (our own stock),641.70,,No,https://demo-oasis-six.vercel.app/assets/rugs/736.webp
Rugs Network (own warehouse),RN-935,Persian Bidjar,Rugs,Hand Knotted,n/a (our own stock),897.00,,No,https://demo-oasis-six.vercel.app/assets/rugs/935.webp
Rugs Network (own warehouse),RN-824,Persian Bidjar,Rugs,Hand Knotted,n/a (our own stock),938.40,,No,https://demo-oasis-six.vercel.app/assets/rugs/824.webp
Rugs Network (own warehouse),RN-604,Persian Bidjar,Rugs,Hand Knotted,n/a (our own stock),959.10,,No,https://demo-oasis-six.vercel.app/assets/rugs/604.webp
Rugs Network (own warehouse),RN-706,Persian Bidjar,Rugs,Hand Knotted,n/a (our own stock),959.10,,No,https://demo-oasis-six.vercel.app/assets/rugs/706.webp
Rugs Network (own warehouse),RN-844,Persian Bidjar,Rugs,Hand Knotted,n/a (our own stock),959.10,,No,https://demo-oasis-six.vercel.app/assets/rugs/844.webp
Rugs Network (own warehouse),RN-721,Persian Bidjar,Rugs,Hand Knotted,n/a (our own stock),1097.10,,No,https://demo-oasis-six.vercel.app/assets/rugs/721.webp
Rugs Network (own warehouse),RN-811,Persian Bidjar,Rugs,Hand Knotted,n/a (our own stock),1373.10,,No,https://demo-oasis-six.vercel.app/assets/rugs/811.webp
Rugs Network (own warehouse),RN-733,Persian Bidjar Ardebil,Rugs,Hand Knotted,n/a (our own stock),1097.10,,No,https://demo-oasis-six.vercel.app/assets/rugs/733.webp
Rugs Network (own warehouse),RN-594,Persian Bidjar Kolyae,Rugs,Hand Knotted,n/a (our own stock),683.10,,No,https://demo-oasis-six.vercel.app/assets/rugs/594.webp
Rugs Network (own warehouse),RN-601,Persian Bidjar Kolyae,Rugs,Hand Knotted,n/a (our own stock),683.10,,No,https://demo-oasis-six.vercel.app/assets/rugs/601.webp
Rugs Network (own warehouse),RN-731,Persian Bidjar Kolyae,Rugs,Hand Knotted,n/a (our own stock),1311.00,,No,https://demo-oasis-six.vercel.app/assets/rugs/731.webp
Rugs Network (own warehouse),RN-685,Persian Bidjar Kolyae,Rugs,Hand Knotted,n/a (our own stock),1690.50,,No,https://demo-oasis-six.vercel.app/assets/rugs/685.webp
Rugs Network (own warehouse),RN-683,Persian Bidjar Kolyae,Rugs,Hand Knotted,n/a (our own stock),2021.70,,No,https://demo-oasis-six.vercel.app/assets/rugs/683.webp
Rugs Network (own warehouse),RN-682,Persian Bidjar Kolyae,Rugs,Hand Knotted,n/a (our own stock),2028.60,,No,https://demo-oasis-six.vercel.app/assets/rugs/682.webp
Rugs Network (own warehouse),RN-680,Persian Bidjar Kolyae,Rugs,Hand Knotted,n/a (our own stock),2152.80,,No,https://demo-oasis-six.vercel.app/assets/rugs/680.webp
Rugs Network (own warehouse),RN-678,Persian Bidjar Kolyae,Rugs,Hand Knotted,n/a (our own stock),2173.50,,No,https://demo-oasis-six.vercel.app/assets/rugs/678.webp
Rugs Network (own warehouse),RN-677,Persian Bidjar Kolyae,Rugs,Hand Knotted,n/a (our own stock),2187.30,,No,https://demo-oasis-six.vercel.app/assets/rugs/677.webp
Rugs Network (own warehouse),RN-681,Persian Bidjar Kolyae,Rugs,Hand Knotted,n/a (our own stock),2201.10,,No,https://demo-oasis-six.vercel.app/assets/rugs/681.webp
Rugs Network (own warehouse),RN-687,Persian Bidjar Kolyae,Rugs,Hand Knotted,n/a (our own stock),2256.30,,No,https://demo-oasis-six.vercel.app/assets/rugs/687.webp
Rugs Network (own warehouse),RN-684,Persian Bidjar Kolyae,Rugs,Hand Knotted,n/a (our own stock),2339.10,,No,https://demo-oasis-six.vercel.app/assets/rugs/684.webp
Rugs Network (own warehouse),RN-664,Persian Bidjar Kolyae,Rugs,Hand Knotted,n/a (our own stock),2344.62,,No,https://demo-oasis-six.vercel.app/assets/rugs/664.webp
Rugs Network (own warehouse),RN-812,Persian Bidjar Senneh,Rugs,Hand Knotted,n/a (our own stock),407.10,,No,https://demo-oasis-six.vercel.app/assets/rugs/812.webp
Rugs Network (own warehouse),RN-870,Persian Bidjar Senneh,Rugs,Hand Knotted,n/a (our own stock),2753.10,,No,https://demo-oasis-six.vercel.app/assets/rugs/870.webp
Rugs Network (own warehouse),RN-901,Persian Broujerd,Rugs,Hand Knotted,n/a (our own stock),592.60,,No,https://demo-oasis-six.vercel.app/assets/rugs/901.webp
Rugs Network (own warehouse),RN-760,Persian Gabeh,Rugs,Hand Knotted,n/a (our own stock),1828.50,,No,https://demo-oasis-six.vercel.app/assets/rugs/760.webp
Rugs Network (own warehouse),RN-781,Persian Garacheh,Rugs,Hand Knotted,n/a (our own stock),807.30,,No,https://demo-oasis-six.vercel.app/assets/rugs/781.webp
Rugs Network (own warehouse),RN-979,Persian Garavand,Rugs,Hand Knotted,n/a (our own stock),483.00,,No,https://demo-oasis-six.vercel.app/assets/rugs/979.webp
Rugs Network (own warehouse),RN-593,Persian Garcheh,Rugs,Hand Knotted,n/a (our own stock),448.50,,No,https://demo-oasis-six.vercel.app/assets/rugs/593.webp
Rugs Network (own warehouse),RN-883,Persian Gholtogh,Rugs,Hand Knotted,n/a (our own stock),407.10,,No,https://demo-oasis-six.vercel.app/assets/rugs/883.webp
Rugs Network (own warehouse),RN-860,Persian Ghom,Rugs,Hand Knotted,n/a (our own stock),821.10,,No,https://demo-oasis-six.vercel.app/assets/rugs/860.webp
Rugs Network (own warehouse),RN-2155,Persian Goltoch,Rugs,Hand Knotted,n/a (our own stock),345.00,,No,https://demo-oasis-six.vercel.app/assets/rugs/2155.webp
Rugs Network (own warehouse),RN-930,Persian Goltoch,Rugs,Hand Knotted,n/a (our own stock),545.10,,No,https://demo-oasis-six.vercel.app/assets/rugs/930.webp
Rugs Network (own warehouse),RN-638,Persian Goltogh,Rugs,Hand Knotted,n/a (our own stock),345.00,,No,https://demo-oasis-six.vercel.app/assets/rugs/638.webp
Rugs Network (own warehouse),RN-950,Persian Hamadan,Rugs,Hand Knotted,n/a (our own stock),269.10,,No,https://demo-oasis-six.vercel.app/assets/rugs/950.webp
Rugs Network (own warehouse),RN-629,Persian Hamadan,Rugs,Hand Knotted,n/a (our own stock),310.50,,No,https://demo-oasis-six.vercel.app/assets/rugs/629.webp
Rugs Network (own warehouse),RN-625,Persian Hamadan,Rugs,Hand Knotted,n/a (our own stock),310.50,,No,https://demo-oasis-six.vercel.app/assets/rugs/625.webp
Rugs Network (own warehouse),RN-608,Persian Hamadan,Rugs,Hand Knotted,n/a (our own stock),310.50,,No,https://demo-oasis-six.vercel.app/assets/rugs/608.webp
Rugs Network (own warehouse),RN-873,Persian Hamadan,Rugs,Hand Knotted,n/a (our own stock),310.50,,No,https://demo-oasis-six.vercel.app/assets/rugs/873.webp
Rugs Network (own warehouse),RN-977,Persian Hamadan,Rugs,Hand Knotted,n/a (our own stock),310.50,,No,https://demo-oasis-six.vercel.app/assets/rugs/977.webp
Rugs Network (own warehouse),RN-1006,Persian Hamadan,Rugs,Hand Knotted,n/a (our own stock),310.50,,No,https://demo-oasis-six.vercel.app/assets/rugs/1006.webp
Rugs Network (own warehouse),RN-2196,Persian Hamadan,Rugs,Hand Knotted,n/a (our own stock),310.50,,No,https://demo-oasis-six.vercel.app/assets/rugs/2196.webp
Rugs Network (own warehouse),RN-2198,Persian Hamadan,Rugs,Hand Knotted,n/a (our own stock),310.50,,No,https://demo-oasis-six.vercel.app/assets/rugs/2198.webp
Rugs Network (own warehouse),RN-2163,Persian Hamadan,Rugs,Hand Knotted,n/a (our own stock),310.50,,No,https://demo-oasis-six.vercel.app/assets/rugs/2163.webp
Rugs Network (own warehouse),RN-2222,Persian Hamadan,Rugs,Hand Knotted,n/a (our own stock),310.50,,No,https://demo-oasis-six.vercel.app/assets/rugs/2222.webp
Rugs Network (own warehouse),RN-2224,Persian Hamadan,Rugs,Hand Knotted,n/a (our own stock),310.50,,No,https://demo-oasis-six.vercel.app/assets/rugs/2224.webp
Rugs Network (own warehouse),RN-2229,Persian Hamadan,Rugs,Hand Knotted,n/a (our own stock),310.50,,No,https://demo-oasis-six.vercel.app/assets/rugs/2229.webp
Rugs Network (own warehouse),RN-2231,Persian Hamadan,Rugs,Hand Knotted,n/a (our own stock),317.40,,No,https://demo-oasis-six.vercel.app/assets/rugs/2231.webp
Rugs Network (own warehouse),RN-2225,Persian Hamadan,Rugs,Hand Knotted,n/a (our own stock),331.20,,No,https://demo-oasis-six.vercel.app/assets/rugs/2225.webp
Rugs Network (own warehouse),RN-982,Persian Hamadan,Rugs,Hand Knotted,n/a (our own stock),331.20,,No,https://demo-oasis-six.vercel.app/assets/rugs/982.webp
Rugs Network (own warehouse),RN-874,Persian Hamadan,Rugs,Hand Knotted,n/a (our own stock),331.20,,No,https://demo-oasis-six.vercel.app/assets/rugs/874.webp
Rugs Network (own warehouse),RN-879,Persian Hamadan,Rugs,Hand Knotted,n/a (our own stock),331.20,,No,https://demo-oasis-six.vercel.app/assets/rugs/879.webp
Rugs Network (own warehouse),RN-881,Persian Hamadan,Rugs,Hand Knotted,n/a (our own stock),331.20,,No,https://demo-oasis-six.vercel.app/assets/rugs/881.webp
Rugs Network (own warehouse),RN-842,Persian Hamadan,Rugs,Hand Knotted,n/a (our own stock),331.20,,No,https://demo-oasis-six.vercel.app/assets/rugs/842.webp
Rugs Network (own warehouse),RN-2251,Persian Hamadan,Rugs,Hand Knotted,n/a (our own stock),338.10,,No,https://demo-oasis-six.vercel.app/assets/rugs/2251.webp
Rugs Network (own warehouse),RN-2223,Persian Hamadan,Rugs,Hand Knotted,n/a (our own stock),345.00,,No,https://demo-oasis-six.vercel.app/assets/rugs/2223.webp
Rugs Network (own warehouse),RN-843,Persian Hamadan,Rugs,Hand Knotted,n/a (our own stock),345.00,,No,https://demo-oasis-six.vercel.app/assets/rugs/843.webp
Rugs Network (own warehouse),RN-880,Persian Hamadan,Rugs,Hand Knotted,n/a (our own stock),345.00,,No,https://demo-oasis-six.vercel.app/assets/rugs/880.webp
Rugs Network (own warehouse),RN-1007,Persian Hamadan,Rugs,Hand Knotted,n/a (our own stock),345.00,,No,https://demo-oasis-six.vercel.app/assets/rugs/1007.webp
Rugs Network (own warehouse),RN-655,Persian Hamadan,Rugs,Hand Knotted,n/a (our own stock),345.00,,No,https://demo-oasis-six.vercel.app/assets/rugs/655.webp
Rugs Network (own warehouse),RN-740,Persian Hamadan,Rugs,Hand Knotted,n/a (our own stock),345.00,,No,https://demo-oasis-six.vercel.app/assets/rugs/740.webp
Rugs Network (own warehouse),RN-605,Persian Hamadan,Rugs,Hand Knotted,n/a (our own stock),345.00,,No,https://demo-oasis-six.vercel.app/assets/rugs/605.webp
Rugs Network (own warehouse),RN-600,Persian Hamadan,Rugs,Hand Knotted,n/a (our own stock),345.00,,No,https://demo-oasis-six.vercel.app/assets/rugs/600.webp
Rugs Network (own warehouse),RN-614,Persian Hamadan,Rugs,Hand Knotted,n/a (our own stock),345.00,,No,https://demo-oasis-six.vercel.app/assets/rugs/614.webp
Rugs Network (own warehouse),RN-607,Persian Hamadan,Rugs,Hand Knotted,n/a (our own stock),345.00,,No,https://demo-oasis-six.vercel.app/assets/rugs/607.webp
Rugs Network (own warehouse),RN-616,Persian Hamadan,Rugs,Hand Knotted,n/a (our own stock),345.00,,No,https://demo-oasis-six.vercel.app/assets/rugs/616.webp
Rugs Network (own warehouse),RN-632,Persian Hamadan,Rugs,Hand Knotted,n/a (our own stock),345.00,,No,https://demo-oasis-six.vercel.app/assets/rugs/632.webp
Rugs Network (own warehouse),RN-635,Persian Hamadan,Rugs,Hand Knotted,n/a (our own stock),345.00,,No,https://demo-oasis-six.vercel.app/assets/rugs/635.webp
Rugs Network (own warehouse),RN-951,Persian Hamadan,Rugs,Hand Knotted,n/a (our own stock),351.90,,No,https://demo-oasis-six.vercel.app/assets/rugs/951.webp
Rugs Network (own warehouse),RN-980,Persian Hamadan,Rugs,Hand Knotted,n/a (our own stock),351.90,,No,https://demo-oasis-six.vercel.app/assets/rugs/980.webp
Rugs Network (own warehouse),RN-1008,Persian Hamadan,Rugs,Hand Knotted,n/a (our own stock),358.80,,No,https://demo-oasis-six.vercel.app/assets/rugs/1008.webp
Rugs Network (own warehouse),RN-2202,Persian Hamadan,Rugs,Hand Knotted,n/a (our own stock),358.80,,No,https://demo-oasis-six.vercel.app/assets/rugs/2202.webp
Rugs Network (own warehouse),RN-2230,Persian Hamadan,Rugs,Hand Knotted,n/a (our own stock),358.80,,No,https://demo-oasis-six.vercel.app/assets/rugs/2230.webp
Rugs Network (own warehouse),RN-2227,Persian Hamadan,Rugs,Hand Knotted,n/a (our own stock),358.80,,No,https://demo-oasis-six.vercel.app/assets/rugs/2227.webp
Rugs Network (own warehouse),RN-2228,Persian Hamadan,Rugs,Hand Knotted,n/a (our own stock),358.80,,No,https://demo-oasis-six.vercel.app/assets/rugs/2228.webp
Rugs Network (own warehouse),RN-602,Persian Hamadan,Rugs,Hand Knotted,n/a (our own stock),358.80,,No,https://demo-oasis-six.vercel.app/assets/rugs/602.webp
Rugs Network (own warehouse),RN-606,Persian Hamadan,Rugs,Hand Knotted,n/a (our own stock),365.70,,No,https://demo-oasis-six.vercel.app/assets/rugs/606.webp
Rugs Network (own warehouse),RN-599,Persian Hamadan,Rugs,Hand Knotted,n/a (our own stock),365.70,,No,https://demo-oasis-six.vercel.app/assets/rugs/599.webp
Rugs Network (own warehouse),RN-657,Persian Hamadan,Rugs,Hand Knotted,n/a (our own stock),365.70,,No,https://demo-oasis-six.vercel.app/assets/rugs/657.webp
Rugs Network (own warehouse),RN-2250,Persian Hamadan,Rugs,Hand Knotted,n/a (our own stock),365.70,,No,https://demo-oasis-six.vercel.app/assets/rugs/2250.webp
Rugs Network (own warehouse),RN-978,Persian Hamadan,Rugs,Hand Knotted,n/a (our own stock),365.70,,No,https://demo-oasis-six.vercel.app/assets/rugs/978.webp
Rugs Network (own warehouse),RN-876,Persian Hamadan,Rugs,Hand Knotted,n/a (our own stock),372.60,,No,https://demo-oasis-six.vercel.app/assets/rugs/876.webp
Rugs Network (own warehouse),RN-2197,Persian Hamadan,Rugs,Hand Knotted,n/a (our own stock),372.60,,No,https://demo-oasis-six.vercel.app/assets/rugs/2197.webp
Rugs Network (own warehouse),RN-2201,Persian Hamadan,Rugs,Hand Knotted,n/a (our own stock),372.60,,No,https://demo-oasis-six.vercel.app/assets/rugs/2201.webp
Rugs Network (own warehouse),RN-630,Persian Hamadan,Rugs,Hand Knotted,n/a (our own stock),372.60,,No,https://demo-oasis-six.vercel.app/assets/rugs/630.webp
Rugs Network (own warehouse),RN-615,Persian Hamadan,Rugs,Hand Knotted,n/a (our own stock),372.60,,No,https://demo-oasis-six.vercel.app/assets/rugs/615.webp
Rugs Network (own warehouse),RN-634,Persian Hamadan,Rugs,Hand Knotted,n/a (our own stock),372.60,,No,https://demo-oasis-six.vercel.app/assets/rugs/634.webp
Rugs Network (own warehouse),RN-610,Persian Hamadan,Rugs,Hand Knotted,n/a (our own stock),372.60,,No,https://demo-oasis-six.vercel.app/assets/rugs/610.webp
Rugs Network (own warehouse),RN-2199,Persian Hamadan,Rugs,Hand Knotted,n/a (our own stock),379.50,,No,https://demo-oasis-six.vercel.app/assets/rugs/2199.webp
Rugs Network (own warehouse),RN-611,Persian Hamadan,Rugs,Hand Knotted,n/a (our own stock),379.50,,No,https://demo-oasis-six.vercel.app/assets/rugs/611.webp
Rugs Network (own warehouse),RN-609,Persian Hamadan,Rugs,Hand Knotted,n/a (our own stock),393.30,,No,https://demo-oasis-six.vercel.app/assets/rugs/609.webp
Rugs Network (own warehouse),RN-656,Persian Hamadan,Rugs,Hand Knotted,n/a (our own stock),407.10,,No,https://demo-oasis-six.vercel.app/assets/rugs/656.webp
Rugs Network (own warehouse),RN-973,Persian Hamadan,Rugs,Hand Knotted,n/a (our own stock),407.10,,No,https://demo-oasis-six.vercel.app/assets/rugs/973.webp
Rugs Network (own warehouse),RN-2194,Persian Hamadan,Rugs,Hand Knotted,n/a (our own stock),407.10,,No,https://demo-oasis-six.vercel.app/assets/rugs/2194.webp
Rugs Network (own warehouse),RN-2203,Persian Hamadan,Rugs,Hand Knotted,n/a (our own stock),407.10,,No,https://demo-oasis-six.vercel.app/assets/rugs/2203.webp
Rugs Network (own warehouse),RN-2226,Persian Hamadan,Rugs,Hand Knotted,n/a (our own stock),407.10,,No,https://demo-oasis-six.vercel.app/assets/rugs/2226.webp
Rugs Network (own warehouse),RN-831,Persian Hamadan,Rugs,Hand Knotted,n/a (our own stock),412.62,,No,https://demo-oasis-six.vercel.app/assets/rugs/831.webp
Rugs Network (own warehouse),RN-949,Persian Hamadan,Rugs,Hand Knotted,n/a (our own stock),510.60,,No,https://demo-oasis-six.vercel.app/assets/rugs/949.webp
Rugs Network (own warehouse),RN-981,Persian Hamadan,Rugs,Hand Knotted,n/a (our own stock),627.90,,No,https://demo-oasis-six.vercel.app/assets/rugs/981.webp
Rugs Network (own warehouse),RN-929,Persian Hamadan,Rugs,Hand Knotted,n/a (our own stock),779.70,,No,https://demo-oasis-six.vercel.app/assets/rugs/929.webp
Rugs Network (own warehouse),RN-2249,Persian Hamadan,Rugs,Hand Knotted,n/a (our own stock),779.70,,No,https://demo-oasis-six.vercel.app/assets/rugs/2249.webp
Rugs Network (own warehouse),RN-580,Persian Hossein Abad,Rugs,Hand Knotted,n/a (our own stock),759.00,,No,https://demo-oasis-six.vercel.app/assets/rugs/580.webp
Rugs Network (own warehouse),RN-622,Persian Hussein Abad,Rugs,Hand Knotted,n/a (our own stock),365.70,,No,https://demo-oasis-six.vercel.app/assets/rugs/622.webp
Rugs Network (own warehouse),RN-765,Persian Hussein Abad,Rugs,Hand Knotted,n/a (our own stock),427.80,,No,https://demo-oasis-six.vercel.app/assets/rugs/765.webp
Rugs Network (own warehouse),RN-643,Persian Hussein Abad,Rugs,Hand Knotted,n/a (our own stock),427.80,,No,https://demo-oasis-six.vercel.app/assets/rugs/643.webp
Rugs Network (own warehouse),RN-755,Persian Isfahan,Rugs,Hand Knotted,n/a (our own stock),1973.40,,No,https://demo-oasis-six.vercel.app/assets/rugs/755.webp
Rugs Network (own warehouse),RN-1002,Persian Isfahan,Rugs,Hand Knotted,n/a (our own stock),4133.10,,No,https://demo-oasis-six.vercel.app/assets/rugs/1002.webp
Rugs Network (own warehouse),RN-1003,Persian Isfahan,Rugs,Hand Knotted,n/a (our own stock),5099.10,,No,https://demo-oasis-six.vercel.app/assets/rugs/1003.webp
Rugs Network (own warehouse),RN-623,Persian Joshegan,Rugs,Hand Knotted,n/a (our own stock),448.50,,No,https://demo-oasis-six.vercel.app/assets/rugs/623.webp
Rugs Network (own warehouse),RN-993,Persian Joshegan,Rugs,Hand Knotted,n/a (our own stock),1925.10,,No,https://demo-oasis-six.vercel.app/assets/rugs/993.webp
Rugs Network (own warehouse),RN-925,Persian Kalerdasht,Rugs,Hand Knotted,n/a (our own stock),483.00,,No,https://demo-oasis-six.vercel.app/assets/rugs/925.webp
Rugs Network (own warehouse),RN-985,Persian Kalerdasht,Rugs,Hand Knotted,n/a (our own stock),800.40,,No,https://demo-oasis-six.vercel.app/assets/rugs/985.webp
Rugs Network (own warehouse),RN-887,Persian Kashan,Rugs,Hand Knotted,n/a (our own stock),1511.10,,No,https://demo-oasis-six.vercel.app/assets/rugs/887.webp
Rugs Network (own warehouse),RN-898,Persian Kashan,Rugs,Hand Knotted,n/a (our own stock),1628.40,,No,https://demo-oasis-six.vercel.app/assets/rugs/898.webp
Rugs Network (own warehouse),RN-1000,Persian Kashan,Rugs,Hand Knotted,n/a (our own stock),1695.00,,No,https://demo-oasis-six.vercel.app/assets/rugs/1000.webp
Rugs Network (own warehouse),RN-2147,Persian Kashan,Rugs,Hand Knotted,n/a (our own stock),1787.10,,No,https://demo-oasis-six.vercel.app/assets/rugs/2147.webp
Rugs Network (own warehouse),RN-1027,Persian Kashan,Rugs,Hand Knotted,n/a (our own stock),1849.20,,No,https://demo-oasis-six.vercel.app/assets/rugs/1027.webp
Rugs Network (own warehouse),RN-892,Persian Kashan,Rugs,Hand Knotted,n/a (our own stock),2139.00,,No,https://demo-oasis-six.vercel.app/assets/rugs/892.webp
Rugs Network (own warehouse),RN-999,Persian Kashan,Rugs,Hand Knotted,n/a (our own stock),3864.00,,No,https://demo-oasis-six.vercel.app/assets/rugs/999.webp
Rugs Network (own warehouse),RN-998,Persian Kashan,Rugs,Hand Knotted,n/a (our own stock),4133.10,,No,https://demo-oasis-six.vercel.app/assets/rugs/998.webp
Rugs Network (own warehouse),RN-890,Persian Kashan Yazd,Rugs,Hand Knotted,n/a (our own stock),2063.10,,No,https://demo-oasis-six.vercel.app/assets/rugs/890.webp
Rugs Network (own warehouse),RN-799,Persian Kashmar,Rugs,Hand Knotted,n/a (our own stock),4347.00,,No,https://demo-oasis-six.vercel.app/assets/rugs/799.webp
Rugs Network (own warehouse),RN-794,Persian Kashmar,Rugs,Hand Knotted,n/a (our own stock),7672.80,,No,https://demo-oasis-six.vercel.app/assets/rugs/794.webp
Rugs Network (own warehouse),RN-795,Persian Kashmar,Rugs,Hand Knotted,n/a (our own stock),11033.10,,No,https://demo-oasis-six.vercel.app/assets/rugs/795.webp
Rugs Network (own warehouse),RN-853,Persian Khoramabad,Rugs,Hand Knotted,n/a (our own stock),345.00,,No,https://demo-oasis-six.vercel.app/assets/rugs/853.webp
Rugs Network (own warehouse),RN-825,Persian Khoramabad,Rugs,Hand Knotted,n/a (our own stock),365.70,,No,https://demo-oasis-six.vercel.app/assets/rugs/825.webp
Rugs Network (own warehouse),RN-841,Persian Khoramabad,Rugs,Hand Knotted,n/a (our own stock),407.10,,No,https://demo-oasis-six.vercel.app/assets/rugs/841.webp
Rugs Network (own warehouse),RN-758,Persian Kirman,Rugs,Hand Knotted,n/a (our own stock),4133.10,,No,https://demo-oasis-six.vercel.app/assets/rugs/758.webp
Rugs Network (own warehouse),RN-633,Persian Kolyae,Rugs,Hand Knotted,n/a (our own stock),448.50,,No,https://demo-oasis-six.vercel.app/assets/rugs/633.webp
Rugs Network (own warehouse),RN-851,Persian Kolyae,Rugs,Hand Knotted,n/a (our own stock),757.62,,No,https://demo-oasis-six.vercel.app/assets/rugs/851.webp
Rugs Network (own warehouse),RN-941,Persian Kolyae,Rugs,Hand Knotted,n/a (our own stock),1718.10,,No,https://demo-oasis-six.vercel.app/assets/rugs/941.webp
Rugs Network (own warehouse),RN-926,Persian Korachi,Rugs,Hand Knotted,n/a (our own stock),1235.10,,No,https://demo-oasis-six.vercel.app/assets/rugs/926.webp
Rugs Network (own warehouse),RN-910,Persian Lori,Rugs,Hand Knotted,n/a (our own stock),1777.44,,No,https://demo-oasis-six.vercel.app/assets/rugs/910.webp
Rugs Network (own warehouse),RN-947,Persian Mahal,Rugs,Hand Knotted,n/a (our own stock),407.10,,No,https://demo-oasis-six.vercel.app/assets/rugs/947.webp
Rugs Network (own warehouse),RN-826,Persian Mahal,Rugs,Hand Knotted,n/a (our own stock),407.10,,No,https://demo-oasis-six.vercel.app/assets/rugs/826.webp
Rugs Network (own warehouse),RN-899,Persian Mahal,Rugs,Hand Knotted,n/a (our own stock),2187.30,,No,https://demo-oasis-six.vercel.app/assets/rugs/899.webp
Rugs Network (own warehouse),RN-994,Persian Mahal,Rugs,Hand Knotted,n/a (our own stock),2201.10,,No,https://demo-oasis-six.vercel.app/assets/rugs/994.webp
Rugs Network (own warehouse),RN-945,Persian Malayer,Rugs,Hand Knotted,n/a (our own stock),793.50,,No,https://demo-oasis-six.vercel.app/assets/rugs/945.webp
Rugs Network (own warehouse),RN-669,Persian Malayer,Rugs,Hand Knotted,n/a (our own stock),1373.10,,No,https://demo-oasis-six.vercel.app/assets/rugs/669.webp
Rugs Network (own warehouse),RN-948,Persian Meer Sarough,Rugs,Hand Knotted,n/a (our own stock),738.30,,No,https://demo-oasis-six.vercel.app/assets/rugs/948.webp
Rugs Network (own warehouse),RN-942,Persian Meer Sarough,Rugs,Hand Knotted,n/a (our own stock),765.90,,No,https://demo-oasis-six.vercel.app/assets/rugs/942.webp
Rugs Network (own warehouse),RN-940,Persian Meer Sarough,Rugs,Hand Knotted,n/a (our own stock),1097.10,,No,https://demo-oasis-six.vercel.app/assets/rugs/940.webp
Rugs Network (own warehouse),RN-590,Persian Mir Sarough,Rugs,Hand Knotted,n/a (our own stock),3946.80,,No,https://demo-oasis-six.vercel.app/assets/rugs/590.webp
Rugs Network (own warehouse),RN-818,Persian Nahavand,Rugs,Hand Knotted,n/a (our own stock),483.00,,No,https://demo-oasis-six.vercel.app/assets/rugs/818.webp
Rugs Network (own warehouse),RN-2217,Persian Nahavand,Rugs,Hand Knotted,n/a (our own stock),483.00,,No,https://demo-oasis-six.vercel.app/assets/rugs/2217.webp
Rugs Network (own warehouse),RN-857,Persian Nahavand,Rugs,Hand Knotted,n/a (our own stock),545.10,,No,https://demo-oasis-six.vercel.app/assets/rugs/857.webp
Rugs Network (own warehouse),RN-819,Persian Nahavand,Rugs,Hand Knotted,n/a (our own stock),592.02,,No,https://demo-oasis-six.vercel.app/assets/rugs/819.webp
Rugs Network (own warehouse),RN-946,Persian Nahavand,Rugs,Hand Knotted,n/a (our own stock),683.10,,No,https://demo-oasis-six.vercel.app/assets/rugs/946.webp
Rugs Network (own warehouse),RN-219,Persian Nain,Rugs,Hand Knotted,n/a (our own stock),1728.10,,No,https://demo-oasis-six.vercel.app/assets/rugs/219.webp
Rugs Network (own warehouse),RN-304,Persian Nain,Rugs,Hand Knotted,n/a (our own stock),1728.10,,No,https://demo-oasis-six.vercel.app/assets/rugs/304.webp
Rugs Network (own warehouse),RN-186,Persian Nain,Rugs,Hand Knotted,n/a (our own stock),1905.30,,No,https://demo-oasis-six.vercel.app/assets/rugs/186.webp
Rugs Network (own warehouse),RN-728,Persian Nain,Rugs,Hand Knotted,n/a (our own stock),1980.00,,No,https://demo-oasis-six.vercel.app/assets/rugs/728.webp
Rugs Network (own warehouse),RN-474,Persian Nain,Rugs,Hand Knotted,n/a (our own stock),2460.00,,No,https://demo-oasis-six.vercel.app/assets/rugs/474.webp
Rugs Network (own warehouse),RN-444,Persian Nain,Rugs,Hand Knotted,n/a (our own stock),2670.00,,No,https://demo-oasis-six.vercel.app/assets/rugs/444.webp
Rugs Network (own warehouse),RN-468,Persian Nain,Rugs,Hand Knotted,n/a (our own stock),2734.00,,No,https://demo-oasis-six.vercel.app/assets/rugs/468.webp
Rugs Network (own warehouse),RN-2164,Persian Nain,Rugs,Hand Knotted,n/a (our own stock),2753.10,,No,https://demo-oasis-six.vercel.app/assets/rugs/2164.webp
Rugs Network (own warehouse),RN-428,Persian Nain,Rugs,Hand Knotted,n/a (our own stock),3762.00,,No,https://demo-oasis-six.vercel.app/assets/rugs/428.webp
Rugs Network (own warehouse),RN-759,Persian Nain,Rugs,Hand Knotted,n/a (our own stock),3822.00,,No,https://demo-oasis-six.vercel.app/assets/rugs/759.webp
Rugs Network (own warehouse),RN-2191,Persian Nain,Rugs,Hand Knotted,n/a (our own stock),3840.00,,No,https://demo-oasis-six.vercel.app/assets/rugs/2191.webp
Rugs Network (own warehouse),RN-424,Persian Nain,Rugs,Hand Knotted,n/a (our own stock),3960.00,,No,https://demo-oasis-six.vercel.app/assets/rugs/424.webp
Rugs Network (own warehouse),RN-753,Persian Nain,Rugs,Hand Knotted,n/a (our own stock),3998.00,,No,https://demo-oasis-six.vercel.app/assets/rugs/753.webp
Rugs Network (own warehouse),RN-907,Persian Nain Nla,Rugs,Hand Knotted,n/a (our own stock),3998.00,,No,https://demo-oasis-six.vercel.app/assets/rugs/907.webp
Rugs Network (own warehouse),RN-908,Persian Nain Nla,Rugs,Hand Knotted,n/a (our own stock),3998.00,,No,https://demo-oasis-six.vercel.app/assets/rugs/908.webp
Rugs Network (own warehouse),RN-909,Persian Nain Nla,Rugs,Hand Knotted,n/a (our own stock),3998.00,,No,https://demo-oasis-six.vercel.app/assets/rugs/909.webp
Rugs Network (own warehouse),RN-2144,Persian Nain Nla,Rugs,Hand Knotted,n/a (our own stock),4753.00,,No,https://demo-oasis-six.vercel.app/assets/rugs/2144.webp
Rugs Network (own warehouse),RN-724,Persian Nain Tabas,Rugs,Hand Knotted,n/a (our own stock),1375.00,,No,https://demo-oasis-six.vercel.app/assets/rugs/724.webp
Rugs Network (own warehouse),RN-796,Persian Najaf Abad,Rugs,Hand Knotted,n/a (our own stock),4485.00,,No,https://demo-oasis-six.vercel.app/assets/rugs/796.webp
Rugs Network (own warehouse),RN-931,Persian Qashgai,Rugs,Hand Knotted,n/a (our own stock),1359.30,,No,https://demo-oasis-six.vercel.app/assets/rugs/931.webp
Rugs Network (own warehouse),RN-624,Persian Quashgai,Rugs,Hand Knotted,n/a (our own stock),448.50,,No,https://demo-oasis-six.vercel.app/assets/rugs/624.webp
Rugs Network (own warehouse),RN-878,Persian Roudbar,Rugs,Hand Knotted,n/a (our own stock),407.10,,No,https://demo-oasis-six.vercel.app/assets/rugs/878.webp
Rugs Network (own warehouse),RN-619,Persian Royal Kerman,Rugs,Hand Knotted,n/a (our own stock),648.60,,No,https://demo-oasis-six.vercel.app/assets/rugs/619.webp
Rugs Network (own warehouse),RN-2306,Persian Sabzevar,Rugs,Hand Knotted,n/a (our own stock),2477.10,,No,https://demo-oasis-six.vercel.app/assets/rugs/2306.webp
Rugs Network (own warehouse),RN-628,Persian Saghez,Rugs,Hand Knotted,n/a (our own stock),407.10,,No,https://demo-oasis-six.vercel.app/assets/rugs/628.webp
Rugs Network (own warehouse),RN-800,Persian Saghez,Rugs,Hand Knotted,n/a (our own stock),407.10,,No,https://demo-oasis-six.vercel.app/assets/rugs/800.webp
Rugs Network (own warehouse),RN-801,Persian Saghez,Rugs,Hand Knotted,n/a (our own stock),407.10,,No,https://demo-oasis-six.vercel.app/assets/rugs/801.webp
Rugs Network (own warehouse),RN-848,Persian Saghez,Rugs,Hand Knotted,n/a (our own stock),407.10,,No,https://demo-oasis-six.vercel.app/assets/rugs/848.webp
Rugs Network (own warehouse),RN-631,Persian Saghez,Rugs,Hand Knotted,n/a (our own stock),448.50,,No,https://demo-oasis-six.vercel.app/assets/rugs/631.webp
Rugs Network (own warehouse),RN-790,Persian Sarough,Rugs,Hand Knotted,n/a (our own stock),269.10,,No,https://demo-oasis-six.vercel.app/assets/rugs/790.webp
Rugs Network (own warehouse),RN-808,Persian Sarough,Rugs,Hand Knotted,n/a (our own stock),310.50,,No,https://demo-oasis-six.vercel.app/assets/rugs/808.webp
Rugs Network (own warehouse),RN-814,Persian Sarough,Rugs,Hand Knotted,n/a (our own stock),310.50,,No,https://demo-oasis-six.vercel.app/assets/rugs/814.webp
Rugs Network (own warehouse),RN-820,Persian Sarough,Rugs,Hand Knotted,n/a (our own stock),379.50,,No,https://demo-oasis-six.vercel.app/assets/rugs/820.webp
Rugs Network (own warehouse),RN-592,Persian Sarough,Rugs,Hand Knotted,n/a (our own stock),379.50,,No,https://demo-oasis-six.vercel.app/assets/rugs/592.webp
Rugs Network (own warehouse),RN-816,Persian Sarough,Rugs,Hand Knotted,n/a (our own stock),481.62,,No,https://demo-oasis-six.vercel.app/assets/rugs/816.webp
Rugs Network (own warehouse),RN-642,Persian Sarough,Rugs,Hand Knotted,n/a (our own stock),545.10,,No,https://demo-oasis-six.vercel.app/assets/rugs/642.webp
Rugs Network (own warehouse),RN-815,Persian Sarough,Rugs,Hand Knotted,n/a (our own stock),545.10,,No,https://demo-oasis-six.vercel.app/assets/rugs/815.webp
Rugs Network (own warehouse),RN-788,Persian Sarough,Rugs,Hand Knotted,n/a (our own stock),592.02,,No,https://demo-oasis-six.vercel.app/assets/rugs/788.webp
Rugs Network (own warehouse),RN-955,Persian Sarough,Rugs,Hand Knotted,n/a (our own stock),614.10,,No,https://demo-oasis-six.vercel.app/assets/rugs/955.webp
Rugs Network (own warehouse),RN-858,Persian Sarough,Rugs,Hand Knotted,n/a (our own stock),683.10,,No,https://demo-oasis-six.vercel.app/assets/rugs/858.webp
Rugs Network (own warehouse),RN-924,Persian Sarough,Rugs,Hand Knotted,n/a (our own stock),683.10,,No,https://demo-oasis-six.vercel.app/assets/rugs/924.webp
Rugs Network (own warehouse),RN-928,Persian Sarough,Rugs,Hand Knotted,n/a (our own stock),897.00,,No,https://demo-oasis-six.vercel.app/assets/rugs/928.webp
Rugs Network (own warehouse),RN-694,Persian Sarough,Rugs,Hand Knotted,n/a (our own stock),1097.10,,No,https://demo-oasis-six.vercel.app/assets/rugs/694.webp
Rugs Network (own warehouse),RN-718,Persian Sarough,Rugs,Hand Knotted,n/a (our own stock),1352.40,,No,https://demo-oasis-six.vercel.app/assets/rugs/718.webp
Rugs Network (own warehouse),RN-953,Persian Sarough,Rugs,Hand Knotted,n/a (our own stock),1377.24,,No,https://demo-oasis-six.vercel.app/assets/rugs/953.webp
Rugs Network (own warehouse),RN-944,Persian Sarough,Rugs,Hand Knotted,n/a (our own stock),1449.00,,No,https://demo-oasis-six.vercel.app/assets/rugs/944.webp
Rugs Network (own warehouse),RN-726,Persian Sarough,Rugs,Hand Knotted,n/a (our own stock),1649.10,,No,https://demo-oasis-six.vercel.app/assets/rugs/726.webp
Rugs Network (own warehouse),RN-744,Persian Sarough,Rugs,Hand Knotted,n/a (our own stock),1649.10,,No,https://demo-oasis-six.vercel.app/assets/rugs/744.webp
Rugs Network (own warehouse),RN-748,Persian Sarough,Rugs,Hand Knotted,n/a (our own stock),2753.10,,No,https://demo-oasis-six.vercel.app/assets/rugs/748.webp
Rugs Network (own warehouse),RN-749,Persian Sarough,Rugs,Hand Knotted,n/a (our own stock),2753.10,,No,https://demo-oasis-six.vercel.app/assets/rugs/749.webp
Rugs Network (own warehouse),RN-889,Persian Sarough,Rugs,Hand Knotted,n/a (our own stock),2753.10,,No,https://demo-oasis-six.vercel.app/assets/rugs/889.webp
Rugs Network (own warehouse),RN-821,Persian Sarough,Rugs,Hand Knotted,n/a (our own stock),3029.10,,No,https://demo-oasis-six.vercel.app/assets/rugs/821.webp
Rugs Network (own warehouse),RN-900,Persian Sarough,Rugs,Hand Knotted,n/a (our own stock),3118.80,,No,https://demo-oasis-six.vercel.app/assets/rugs/900.webp
Rugs Network (own warehouse),RN-2185,Persian Sarough,Rugs,Hand Knotted,n/a (our own stock),3381.00,,No,https://demo-oasis-six.vercel.app/assets/rugs/2185.webp
Rugs Network (own warehouse),RN-777,Persian Sarough,Rugs,Hand Knotted,n/a (our own stock),4077.90,,No,https://demo-oasis-six.vercel.app/assets/rugs/777.webp
Rugs Network (own warehouse),RN-640,Persian Saveh,Rugs,Hand Knotted,n/a (our own stock),407.10,,No,https://demo-oasis-six.vercel.app/assets/rugs/640.webp
Rugs Network (own warehouse),RN-766,Persian Saveh,Rugs,Hand Knotted,n/a (our own stock),407.10,,No,https://demo-oasis-six.vercel.app/assets/rugs/766.webp
Rugs Network (own warehouse),RN-822,Persian Saveh,Rugs,Hand Knotted,n/a (our own stock),407.10,,No,https://demo-oasis-six.vercel.app/assets/rugs/822.webp
Rugs Network (own warehouse),RN-823,Persian Saveh,Rugs,Hand Knotted,n/a (our own stock),407.10,,No,https://demo-oasis-six.vercel.app/assets/rugs/823.webp
Rugs Network (own warehouse),RN-852,Persian Saveh,Rugs,Hand Knotted,n/a (our own stock),407.10,,No,https://demo-oasis-six.vercel.app/assets/rugs/852.webp
Rugs Network (own warehouse),RN-877,Persian Saveh,Rugs,Hand Knotted,n/a (our own stock),407.10,,No,https://demo-oasis-six.vercel.app/assets/rugs/877.webp
Rugs Network (own warehouse),RN-584,Persian Shiraz,Rugs,Hand Knotted,n/a (our own stock),510.60,,No,https://demo-oasis-six.vercel.app/assets/rugs/584.webp
Rugs Network (own warehouse),RN-782,Persian Shiraz,Rugs,Hand Knotted,n/a (our own stock),552.00,,No,https://demo-oasis-six.vercel.app/assets/rugs/782.webp
Rugs Network (own warehouse),RN-783,Persian Shiraz,Rugs,Hand Knotted,n/a (our own stock),552.00,,No,https://demo-oasis-six.vercel.app/assets/rugs/783.webp
Rugs Network (own warehouse),RN-675,Persian Shiraz,Rugs,Hand Knotted,n/a (our own stock),552.00,,No,https://demo-oasis-six.vercel.app/assets/rugs/675.webp
Rugs Network (own warehouse),RN-676,Persian Shiraz,Rugs,Hand Knotted,n/a (our own stock),552.00,,No,https://demo-oasis-six.vercel.app/assets/rugs/676.webp
Rugs Network (own warehouse),RN-751,Persian Shiraz,Rugs,Hand Knotted,n/a (our own stock),786.60,,No,https://demo-oasis-six.vercel.app/assets/rugs/751.webp
Rugs Network (own warehouse),RN-921,Persian Shiraz,Rugs,Hand Knotted,n/a (our own stock),807.30,,No,https://demo-oasis-six.vercel.app/assets/rugs/921.webp
Rugs Network (own warehouse),RN-913,Persian Shiraz,Rugs,Hand Knotted,n/a (our own stock),826.62,,No,https://demo-oasis-six.vercel.app/assets/rugs/913.webp
Rugs Network (own warehouse),RN-2172,Persian Shiraz,Rugs,Hand Knotted,n/a (our own stock),828.00,,No,https://demo-oasis-six.vercel.app/assets/rugs/2172.webp
Rugs Network (own warehouse),RN-914,Persian Shiraz,Rugs,Hand Knotted,n/a (our own stock),855.60,,No,https://demo-oasis-six.vercel.app/assets/rugs/914.webp
Rugs Network (own warehouse),RN-915,Persian Shiraz,Rugs,Hand Knotted,n/a (our own stock),855.60,,No,https://demo-oasis-six.vercel.app/assets/rugs/915.webp
Rugs Network (own warehouse),RN-923,Persian Shiraz,Rugs,Hand Knotted,n/a (our own stock),855.60,,No,https://demo-oasis-six.vercel.app/assets/rugs/923.webp
Rugs Network (own warehouse),RN-918,Persian Shiraz,Rugs,Hand Knotted,n/a (our own stock),855.60,,No,https://demo-oasis-six.vercel.app/assets/rugs/918.webp
Rugs Network (own warehouse),RN-920,Persian Shiraz,Rugs,Hand Knotted,n/a (our own stock),855.60,,No,https://demo-oasis-six.vercel.app/assets/rugs/920.webp
Rugs Network (own warehouse),RN-752,Persian Shiraz,Rugs,Hand Knotted,n/a (our own stock),855.60,,No,https://demo-oasis-six.vercel.app/assets/rugs/752.webp
Rugs Network (own warehouse),RN-912,Persian Shiraz,Rugs,Hand Knotted,n/a (our own stock),862.50,,No,https://demo-oasis-six.vercel.app/assets/rugs/912.webp
Rugs Network (own warehouse),RN-922,Persian Shiraz,Rugs,Hand Knotted,n/a (our own stock),862.50,,No,https://demo-oasis-six.vercel.app/assets/rugs/922.webp
Rugs Network (own warehouse),RN-916,Persian Shiraz,Rugs,Hand Knotted,n/a (our own stock),869.40,,No,https://demo-oasis-six.vercel.app/assets/rugs/916.webp
Rugs Network (own warehouse),RN-2146,Persian Shiraz,Rugs,Hand Knotted,n/a (our own stock),869.40,,No,https://demo-oasis-six.vercel.app/assets/rugs/2146.webp
Rugs Network (own warehouse),RN-917,Persian Shiraz,Rugs,Hand Knotted,n/a (our own stock),883.20,,No,https://demo-oasis-six.vercel.app/assets/rugs/917.webp
Rugs Network (own warehouse),RN-2171,Persian Shiraz,Rugs,Hand Knotted,n/a (our own stock),897.00,,No,https://demo-oasis-six.vercel.app/assets/rugs/2171.webp
Rugs Network (own warehouse),RN-617,Persian Tabriz,Rugs,Hand Knotted,n/a (our own stock),379.50,,No,https://demo-oasis-six.vercel.app/assets/rugs/617.webp
Rugs Network (own warehouse),RN-872,Persian Tabriz,Rugs,Hand Knotted,n/a (our own stock),1787.10,,No,https://demo-oasis-six.vercel.app/assets/rugs/872.webp
Rugs Network (own warehouse),RN-1096,Persian Tabriz,Rugs,Hand Knotted,n/a (our own stock),2753.10,,No,https://demo-oasis-six.vercel.app/assets/rugs/1096.webp
Rugs Network (own warehouse),RN-2307,Persian Tabriz,Rugs,Hand Knotted,n/a (our own stock),4485.00,,No,https://demo-oasis-six.vercel.app/assets/rugs/2307.webp
Rugs Network (own warehouse),RN-2158,Persian Tabriz,Rugs,Hand Knotted,n/a (our own stock),5513.10,,No,https://demo-oasis-six.vercel.app/assets/rugs/2158.webp
Rugs Network (own warehouse),RN-792,Persian Tabriz,Rugs,Hand Knotted,n/a (our own stock),5998.50,,No,https://demo-oasis-six.vercel.app/assets/rugs/792.webp
Rugs Network (own warehouse),RN-830,Persian Tabriz Hosseinabad,Rugs,Hand Knotted,n/a (our own stock),379.50,,No,https://demo-oasis-six.vercel.app/assets/rugs/830.webp
Rugs Network (own warehouse),RN-588,Persian Toyserkan,Rugs,Hand Knotted,n/a (our own stock),662.40,,No,https://demo-oasis-six.vercel.app/assets/rugs/588.webp
Rugs Network (own warehouse),RN-234,Persian Varamin,Rugs,Hand Knotted,n/a (our own stock),745.20,,No,https://demo-oasis-six.vercel.app/assets/rugs/234.webp
Rugs Network (own warehouse),RN-621,Persian Wiss,Rugs,Hand Knotted,n/a (our own stock),469.20,,No,https://demo-oasis-six.vercel.app/assets/rugs/621.webp
Rugs Network (own warehouse),RN-620,Persian Wiss,Rugs,Hand Knotted,n/a (our own stock),503.70,,No,https://demo-oasis-six.vercel.app/assets/rugs/620.webp
Rugs Network (own warehouse),RN-585,Persian Wiss,Rugs,Hand Knotted,n/a (our own stock),510.60,,No,https://demo-oasis-six.vercel.app/assets/rugs/585.webp
Rugs Network (own warehouse),RN-895,Persian Wiss,Rugs,Hand Knotted,n/a (our own stock),1587.00,,No,https://demo-oasis-six.vercel.app/assets/rugs/895.webp
Rugs Network (own warehouse),RN-2190,Persian Yalameh,Rugs,Hand Knotted,n/a (our own stock),2477.10,,No,https://demo-oasis-six.vercel.app/assets/rugs/2190.webp
Rugs Network (own warehouse),RN-884,Persian Zanjan,Rugs,Hand Knotted,n/a (our own stock),372.60,,No,https://demo-oasis-six.vercel.app/assets/rugs/884.webp
Rugs Network (own warehouse),RN-618,Persian Zanjan,Rugs,Hand Knotted,n/a (our own stock),483.00,,No,https://demo-oasis-six.vercel.app/assets/rugs/618.webp
Rugs Network (own warehouse),RN-957,Persian Zanjan,Rugs,Hand Knotted,n/a (our own stock),517.50,,No,https://demo-oasis-six.vercel.app/assets/rugs/957.webp
Rugs Network (own warehouse),RN-974,Persian Zanjan,Rugs,Hand Knotted,n/a (our own stock),517.50,,No,https://demo-oasis-six.vercel.app/assets/rugs/974.webp
Rugs Network (own warehouse),RN-896,Persian Zanjan,Rugs,Hand Knotted,n/a (our own stock),759.00,,No,https://demo-oasis-six.vercel.app/assets/rugs/896.webp
Rugs Network (own warehouse),RN-2991,Persian_Classic Black,Rugs,Machine Made,n/a (our own stock),97.70,,No,https://demo-oasis-six.vercel.app/assets/rugs/2991.webp
Rugs Network (own warehouse),RN-2994,Persian_Classic Black,Rugs,Machine Made,n/a (our own stock),97.70,,No,https://demo-oasis-six.vercel.app/assets/rugs/2994.webp
Rugs Network (own warehouse),RN-3273,Persian_Classic Black,Rugs,Machine Made,n/a (our own stock),97.70,,No,https://demo-oasis-six.vercel.app/assets/rugs/3273.webp
Rugs Network (own warehouse),RN-2713,Persian_Classic Black,Rugs,Machine Made,n/a (our own stock),299.56,,No,https://demo-oasis-six.vercel.app/assets/rugs/2713.webp
Rugs Network (own warehouse),RN-3019,Persian_Classic Black,Rugs,Machine Made,n/a (our own stock),299.56,,No,https://demo-oasis-six.vercel.app/assets/rugs/3019.webp
Rugs Network (own warehouse),RN-3007,Persian_Classic Black,Rugs,Machine Made,n/a (our own stock),299.56,,No,https://demo-oasis-six.vercel.app/assets/rugs/3007.webp
Rugs Network (own warehouse),RN-2997,Persian_Classic Black,Rugs,Machine Made,n/a (our own stock),299.56,,No,https://demo-oasis-six.vercel.app/assets/rugs/2997.webp
Rugs Network (own warehouse),RN-3001,Persian_Classic Black,Rugs,Machine Made,n/a (our own stock),299.56,,No,https://demo-oasis-six.vercel.app/assets/rugs/3001.webp
Rugs Network (own warehouse),RN-3006,Persian_Classic Black,Rugs,Machine Made,n/a (our own stock),472.14,,No,https://demo-oasis-six.vercel.app/assets/rugs/3006.webp
Rugs Network (own warehouse),RN-3012,Persian_Classic Black_Black,Rugs,Machine Made,n/a (our own stock),472.14,,No,https://demo-oasis-six.vercel.app/assets/rugs/3012.webp
Rugs Network (own warehouse),RN-3017,Persian_Classic Black_Black,Rugs,Machine Made,n/a (our own stock),472.14,,No,https://demo-oasis-six.vercel.app/assets/rugs/3017.webp
Rugs Network (own warehouse),RN-2985,Persian_Classic Cream,Rugs,Machine Made,n/a (our own stock),97.70,,No,https://demo-oasis-six.vercel.app/assets/rugs/2985.webp
Rugs Network (own warehouse),RN-2988,Persian_Classic Cream,Rugs,Machine Made,n/a (our own stock),97.70,,No,https://demo-oasis-six.vercel.app/assets/rugs/2988.webp
Rugs Network (own warehouse),RN-2992,Persian_Classic Cream,Rugs,Machine Made,n/a (our own stock),97.70,,No,https://demo-oasis-six.vercel.app/assets/rugs/2992.webp
Rugs Network (own warehouse),RN-2995,Persian_Classic Cream,Rugs,Machine Made,n/a (our own stock),97.70,,No,https://demo-oasis-six.vercel.app/assets/rugs/2995.webp
Rugs Network (own warehouse),RN-3272,Persian_Classic Cream,Rugs,Machine Made,n/a (our own stock),97.70,,No,https://demo-oasis-six.vercel.app/assets/rugs/3272.webp
Rugs Network (own warehouse),RN-3003,Persian_Classic Cream,Rugs,Machine Made,n/a (our own stock),188.86,,No,https://demo-oasis-six.vercel.app/assets/rugs/3003.webp
Rugs Network (own warehouse),RN-3004,Persian_Classic Cream,Rugs,Machine Made,n/a (our own stock),299.56,,No,https://demo-oasis-six.vercel.app/assets/rugs/3004.webp
Rugs Network (own warehouse),RN-3005,Persian_Classic Cream,Rugs,Machine Made,n/a (our own stock),299.56,,No,https://demo-oasis-six.vercel.app/assets/rugs/3005.webp
Rugs Network (own warehouse),RN-2999,Persian_Classic Cream,Rugs,Machine Made,n/a (our own stock),299.56,,No,https://demo-oasis-six.vercel.app/assets/rugs/2999.webp
Rugs Network (own warehouse),RN-3009,Persian_Classic Cream,Rugs,Machine Made,n/a (our own stock),472.14,,No,https://demo-oasis-six.vercel.app/assets/rugs/3009.webp
Rugs Network (own warehouse),RN-3002,Persian_Classic Cream,Rugs,Machine Made,n/a (our own stock),472.14,,No,https://demo-oasis-six.vercel.app/assets/rugs/3002.webp
Rugs Network (own warehouse),RN-3000,Persian_Classic Cream_Cream,Rugs,Machine Made,n/a (our own stock),299.56,,No,https://demo-oasis-six.vercel.app/assets/rugs/3000.webp
Rugs Network (own warehouse),RN-3016,Persian_Classic Cream_Cream,Rugs,Machine Made,n/a (our own stock),472.14,,No,https://demo-oasis-six.vercel.app/assets/rugs/3016.webp
Rugs Network (own warehouse),RN-3020,Persian_Classic Cream_Cream,Rugs,Machine Made,n/a (our own stock),472.14,,No,https://demo-oasis-six.vercel.app/assets/rugs/3020.webp
Rugs Network (own warehouse),RN-3014,Persian_Classic Green,Rugs,Machine Made,n/a (our own stock),188.86,,No,https://demo-oasis-six.vercel.app/assets/rugs/3014.webp
Rugs Network (own warehouse),RN-2984,Persian_Classic Red,Rugs,Machine Made,n/a (our own stock),97.70,,No,https://demo-oasis-six.vercel.app/assets/rugs/2984.webp
Rugs Network (own warehouse),RN-2987,Persian_Classic Red,Rugs,Machine Made,n/a (our own stock),97.70,,No,https://demo-oasis-six.vercel.app/assets/rugs/2987.webp
Rugs Network (own warehouse),RN-2989,Persian_Classic Red,Rugs,Machine Made,n/a (our own stock),97.70,,No,https://demo-oasis-six.vercel.app/assets/rugs/2989.webp
Rugs Network (own warehouse),RN-2993,Persian_Classic Red,Rugs,Machine Made,n/a (our own stock),97.70,,No,https://demo-oasis-six.vercel.app/assets/rugs/2993.webp
Rugs Network (own warehouse),RN-2996,Persian_Classic Red,Rugs,Machine Made,n/a (our own stock),97.70,,No,https://demo-oasis-six.vercel.app/assets/rugs/2996.webp
Rugs Network (own warehouse),RN-3008,Persian_Classic Red,Rugs,Machine Made,n/a (our own stock),299.56,,No,https://demo-oasis-six.vercel.app/assets/rugs/3008.webp
Rugs Network (own warehouse),RN-2998,Persian_Classic Red,Rugs,Machine Made,n/a (our own stock),299.56,,No,https://demo-oasis-six.vercel.app/assets/rugs/2998.webp
Rugs Network (own warehouse),RN-3018,Persian_Classic Red,Rugs,Machine Made,n/a (our own stock),472.14,,No,https://demo-oasis-six.vercel.app/assets/rugs/3018.webp
Rugs Network (own warehouse),RN-3010,Persian_Classic Red,Rugs,Machine Made,n/a (our own stock),644.74,,No,https://demo-oasis-six.vercel.app/assets/rugs/3010.webp
Rugs Network (own warehouse),RN-3011,Persian_Classic Red_Red,Rugs,Machine Made,n/a (our own stock),472.14,,No,https://demo-oasis-six.vercel.app/assets/rugs/3011.webp
Rugs Network (own warehouse),RN-3015,Persian_Classic Red_Red,Rugs,Machine Made,n/a (our own stock),472.14,,No,https://demo-oasis-six.vercel.app/assets/rugs/3015.webp
Rugs Network (own warehouse),RN-3029,Phoenix Beige,Rugs,Machine Made,n/a (our own stock),76.05,,No,https://demo-oasis-six.vercel.app/assets/rugs/3029.webp
Rugs Network (own warehouse),RN-3030,Phoenix Beige,Rugs,Machine Made,n/a (our own stock),233.19,,No,https://demo-oasis-six.vercel.app/assets/rugs/3030.webp
Rugs Network (own warehouse),RN-3023,Phoenix Black,Rugs,Machine Made,n/a (our own stock),233.19,,No,https://demo-oasis-six.vercel.app/assets/rugs/3023.webp
Rugs Network (own warehouse),RN-2553,Phoenix Blue,Rugs,Machine Made,n/a (our own stock),76.05,,No,https://demo-oasis-six.vercel.app/assets/rugs/2553.webp
Rugs Network (own warehouse),RN-3022,Phoenix Cream,Rugs,Machine Made,n/a (our own stock),76.05,,No,https://demo-oasis-six.vercel.app/assets/rugs/3022.webp
Rugs Network (own warehouse),RN-3026,Phoenix Cream,Rugs,Machine Made,n/a (our own stock),76.05,,No,https://demo-oasis-six.vercel.app/assets/rugs/3026.webp
Rugs Network (own warehouse),RN-3033,Phoenix Cream,Rugs,Machine Made,n/a (our own stock),233.19,,No,https://demo-oasis-six.vercel.app/assets/rugs/3033.webp
Rugs Network (own warehouse),RN-3024,Phoenix Dark_Brown,Rugs,Machine Made,n/a (our own stock),76.05,,No,https://demo-oasis-six.vercel.app/assets/rugs/3024.webp
Rugs Network (own warehouse),RN-2579,Phoenix Dark_Brown,Rugs,Machine Made,n/a (our own stock),76.05,,No,https://demo-oasis-six.vercel.app/assets/rugs/2579.webp
Rugs Network (own warehouse),RN-3032,Phoenix Dark_Brown,Rugs,Machine Made,n/a (our own stock),129.26,,No,https://demo-oasis-six.vercel.app/assets/rugs/3032.webp
Rugs Network (own warehouse),RN-3025,Phoenix Dark_Green,Rugs,Machine Made,n/a (our own stock),76.05,,No,https://demo-oasis-six.vercel.app/assets/rugs/3025.webp
Rugs Network (own warehouse),RN-2551,Phoenix Dark_Green,Rugs,Machine Made,n/a (our own stock),129.26,,No,https://demo-oasis-six.vercel.app/assets/rugs/2551.webp
Rugs Network (own warehouse),RN-3028,Phoenix Dark_Grey,Rugs,Machine Made,n/a (our own stock),76.05,,No,https://demo-oasis-six.vercel.app/assets/rugs/3028.webp
Rugs Network (own warehouse),RN-3027,Phoenix Dark_Kiremit,Rugs,Machine Made,n/a (our own stock),76.05,,No,https://demo-oasis-six.vercel.app/assets/rugs/3027.webp
Rugs Network (own warehouse),RN-2588,Phoenix Dark_Lilac,Rugs,Machine Made,n/a (our own stock),76.05,,No,https://demo-oasis-six.vercel.app/assets/rugs/2588.webp
Rugs Network (own warehouse),RN-3031,Phoenix Light_Grey,Rugs,Machine Made,n/a (our own stock),76.05,,No,https://demo-oasis-six.vercel.app/assets/rugs/3031.webp
Rugs Network (own warehouse),RN-2583,Phoenix Middle_Blue,Rugs,Machine Made,n/a (our own stock),76.05,,No,https://demo-oasis-six.vercel.app/assets/rugs/2583.webp
Rugs Network (own warehouse),RN-2459,Plain_Shaggy Beige,Rugs,Machine Made,n/a (our own stock),26.60,,No,https://demo-oasis-six.vercel.app/assets/rugs/2459.webp
Rugs Network (own warehouse),RN-3035,Plain_Shaggy Black,Rugs,Machine Made,n/a (our own stock),79.76,,No,https://demo-oasis-six.vercel.app/assets/rugs/3035.webp
Rugs Network (own warehouse),RN-2423,Plain_Shaggy Brown,Rugs,Machine Made,n/a (our own stock),26.60,,No,https://demo-oasis-six.vercel.app/assets/rugs/2423.webp
Rugs Network (own warehouse),RN-2422,Plain_Shaggy Cream,Rugs,Machine Made,n/a (our own stock),26.60,,No,https://demo-oasis-six.vercel.app/assets/rugs/2422.webp
Rugs Network (own warehouse),RN-2424,Plain_Shaggy Dark_Beige,Rugs,Machine Made,n/a (our own stock),26.60,,No,https://demo-oasis-six.vercel.app/assets/rugs/2424.webp
Rugs Network (own warehouse),RN-3034,Plain_Shaggy Dark_Brown,Rugs,Machine Made,n/a (our own stock),26.60,,No,https://demo-oasis-six.vercel.app/assets/rugs/3034.webp
Rugs Network (own warehouse),RN-2419,Plain_Shaggy Dark_Red,Rugs,Machine Made,n/a (our own stock),26.60,,No,https://demo-oasis-six.vercel.app/assets/rugs/2419.webp
Rugs Network (own warehouse),RN-2421,Plain_Shaggy Grey,Rugs,Machine Made,n/a (our own stock),26.60,,No,https://demo-oasis-six.vercel.app/assets/rugs/2421.webp
Rugs Network (own warehouse),RN-2420,Plain_Shaggy Purple,Rugs,Machine Made,n/a (our own stock),26.60,,No,https://demo-oasis-six.vercel.app/assets/rugs/2420.webp
Rugs Network (own warehouse),RN-2468,Plain_Shaggy Red,Rugs,Machine Made,n/a (our own stock),26.60,,No,https://demo-oasis-six.vercel.app/assets/rugs/2468.webp
Rugs Network (own warehouse),RN-3036,Plain_Shaggy White,Rugs,Machine Made,n/a (our own stock),26.60,,No,https://demo-oasis-six.vercel.app/assets/rugs/3036.webp
Rugs Network (own warehouse),RN-196,Qashgai,Rugs,Hand Knotted,n/a (our own stock),545.10,,No,https://demo-oasis-six.vercel.app/assets/rugs/196.webp
Rugs Network (own warehouse),RN-3041,Reno Beige,Rugs,Machine Made,n/a (our own stock),249.88,,No,https://demo-oasis-six.vercel.app/assets/rugs/3041.webp
Rugs Network (own warehouse),RN-3038,Reno Beige,Rugs,Machine Made,n/a (our own stock),537.82,,No,https://demo-oasis-six.vercel.app/assets/rugs/3038.webp
Rugs Network (own warehouse),RN-3042,Reno Beige,Rugs,Machine Made,n/a (our own stock),537.82,,No,https://demo-oasis-six.vercel.app/assets/rugs/3042.webp
Rugs Network (own warehouse),RN-3043,Reno Beige,Rugs,Machine Made,n/a (our own stock),537.82,,No,https://demo-oasis-six.vercel.app/assets/rugs/3043.webp
Rugs Network (own warehouse),RN-2708,Reno Cream,Rugs,Machine Made,n/a (our own stock),249.88,,No,https://demo-oasis-six.vercel.app/assets/rugs/2708.webp
Rugs Network (own warehouse),RN-2706,Reno Cream,Rugs,Machine Made,n/a (our own stock),249.88,,No,https://demo-oasis-six.vercel.app/assets/rugs/2706.webp
Rugs Network (own warehouse),RN-3039,Reno Cream,Rugs,Machine Made,n/a (our own stock),393.84,,No,https://demo-oasis-six.vercel.app/assets/rugs/3039.webp
Rugs Network (own warehouse),RN-2709,Reno Gold,Rugs,Machine Made,n/a (our own stock),81.50,,No,https://demo-oasis-six.vercel.app/assets/rugs/2709.webp
Rugs Network (own warehouse),RN-3040,Reno Gold,Rugs,Machine Made,n/a (our own stock),249.88,,No,https://demo-oasis-six.vercel.app/assets/rugs/3040.webp
Rugs Network (own warehouse),RN-3037,Reno Terra,Rugs,Machine Made,n/a (our own stock),81.50,,No,https://demo-oasis-six.vercel.app/assets/rugs/3037.webp
Rugs Network (own warehouse),RN-3054,Rio Beige,Rugs,Machine Made,n/a (our own stock),25.96,,No,https://demo-oasis-six.vercel.app/assets/rugs/3054.webp
Rugs Network (own warehouse),RN-3046,Rio Burgundy,Rugs,Machine Made,n/a (our own stock),25.96,,No,https://demo-oasis-six.vercel.app/assets/rugs/3046.webp
Rugs Network (own warehouse),RN-3049,Rio Burgundy,Rugs,Machine Made,n/a (our own stock),25.96,,No,https://demo-oasis-six.vercel.app/assets/rugs/3049.webp
Rugs Network (own warehouse),RN-3050,Rio Burgundy,Rugs,Machine Made,n/a (our own stock),25.96,,No,https://demo-oasis-six.vercel.app/assets/rugs/3050.webp
Rugs Network (own warehouse),RN-3053,Rio Burgundy,Rugs,Machine Made,n/a (our own stock),25.96,,No,https://demo-oasis-six.vercel.app/assets/rugs/3053.webp
Rugs Network (own warehouse),RN-3044,Rio Dark_Beige,Rugs,Machine Made,n/a (our own stock),25.96,,No,https://demo-oasis-six.vercel.app/assets/rugs/3044.webp
Rugs Network (own warehouse),RN-3047,Rio Dark_Beige,Rugs,Machine Made,n/a (our own stock),25.96,,No,https://demo-oasis-six.vercel.app/assets/rugs/3047.webp
Rugs Network (own warehouse),RN-3051,Rio Dark_Beige,Rugs,Machine Made,n/a (our own stock),25.96,,No,https://demo-oasis-six.vercel.app/assets/rugs/3051.webp
Rugs Network (own warehouse),RN-3055,Rio Dark_Grey,Rugs,Machine Made,n/a (our own stock),57.71,,No,https://demo-oasis-six.vercel.app/assets/rugs/3055.webp
Rugs Network (own warehouse),RN-3045,Rio Light_Beige,Rugs,Machine Made,n/a (our own stock),25.96,,No,https://demo-oasis-six.vercel.app/assets/rugs/3045.webp
Rugs Network (own warehouse),RN-3048,Rio Light_Beige,Rugs,Machine Made,n/a (our own stock),25.96,,No,https://demo-oasis-six.vercel.app/assets/rugs/3048.webp
Rugs Network (own warehouse),RN-3052,Rio Light_Beige_Kwx,Rugs,Machine Made,n/a (our own stock),25.96,,No,https://demo-oasis-six.vercel.app/assets/rugs/3052.webp
Rugs Network (own warehouse),RN-3058,Roma Beige,Rugs,Machine Made,n/a (our own stock),70.47,,No,https://demo-oasis-six.vercel.app/assets/rugs/3058.webp
Rugs Network (own warehouse),RN-3061,Roma Beige,Rugs,Machine Made,n/a (our own stock),70.47,,No,https://demo-oasis-six.vercel.app/assets/rugs/3061.webp
Rugs Network (own warehouse),RN-3063,Roma Beige,Rugs,Machine Made,n/a (our own stock),216.11,,No,https://demo-oasis-six.vercel.app/assets/rugs/3063.webp
Rugs Network (own warehouse),RN-3066,Roma Beige,Rugs,Machine Made,n/a (our own stock),465.10,,No,https://demo-oasis-six.vercel.app/assets/rugs/3066.webp
Rugs Network (own warehouse),RN-3060,Roma Black,Rugs,Machine Made,n/a (our own stock),70.47,,No,https://demo-oasis-six.vercel.app/assets/rugs/3060.webp
Rugs Network (own warehouse),RN-3067,Roma Cream,Rugs,Machine Made,n/a (our own stock),31.70,,No,https://demo-oasis-six.vercel.app/assets/rugs/3067.webp
Rugs Network (own warehouse),RN-3056,Roma Cream,Rugs,Machine Made,n/a (our own stock),31.70,,No,https://demo-oasis-six.vercel.app/assets/rugs/3056.webp
Rugs Network (own warehouse),RN-3057,Roma Cream,Rugs,Machine Made,n/a (our own stock),31.70,,No,https://demo-oasis-six.vercel.app/assets/rugs/3057.webp
Rugs Network (own warehouse),RN-3279,Roma Cream,Rugs,Machine Made,n/a (our own stock),216.11,,No,https://demo-oasis-six.vercel.app/assets/rugs/3279.webp
Rugs Network (own warehouse),RN-3280,Roma Cream,Rugs,Machine Made,n/a (our own stock),216.11,,No,https://demo-oasis-six.vercel.app/assets/rugs/3280.webp
Rugs Network (own warehouse),RN-3281,Roma Cream,Rugs,Machine Made,n/a (our own stock),216.11,,No,https://demo-oasis-six.vercel.app/assets/rugs/3281.webp
Rugs Network (own warehouse),RN-3275,Roma Cream,Rugs,Machine Made,n/a (our own stock),216.11,,No,https://demo-oasis-six.vercel.app/assets/rugs/3275.webp
Rugs Network (own warehouse),RN-3276,Roma Cream,Rugs,Machine Made,n/a (our own stock),216.11,,No,https://demo-oasis-six.vercel.app/assets/rugs/3276.webp
Rugs Network (own warehouse),RN-3064,Roma Cream,Rugs,Machine Made,n/a (our own stock),216.11,,No,https://demo-oasis-six.vercel.app/assets/rugs/3064.webp
Rugs Network (own warehouse),RN-3277,Roma Dark_Blue,Rugs,Machine Made,n/a (our own stock),119.79,,No,https://demo-oasis-six.vercel.app/assets/rugs/3277.webp
Rugs Network (own warehouse),RN-3274,Roma Dark_Blue,Rugs,Machine Made,n/a (our own stock),216.11,,No,https://demo-oasis-six.vercel.app/assets/rugs/3274.webp
Rugs Network (own warehouse),RN-3059,Roma Dark_Brown,Rugs,Machine Made,n/a (our own stock),31.70,,No,https://demo-oasis-six.vercel.app/assets/rugs/3059.webp
Rugs Network (own warehouse),RN-2433,Roma Dark_Brown,Rugs,Machine Made,n/a (our own stock),70.47,,No,https://demo-oasis-six.vercel.app/assets/rugs/2433.webp
Rugs Network (own warehouse),RN-3065,Roma Dark_Brown,Rugs,Machine Made,n/a (our own stock),465.10,,No,https://demo-oasis-six.vercel.app/assets/rugs/3065.webp
Rugs Network (own warehouse),RN-3062,Roma Fume,Rugs,Machine Made,n/a (our own stock),216.11,,No,https://demo-oasis-six.vercel.app/assets/rugs/3062.webp
Rugs Network (own warehouse),RN-3278,Roma Light_Blue,Rugs,Machine Made,n/a (our own stock),216.11,,No,https://demo-oasis-six.vercel.app/assets/rugs/3278.webp
Rugs Network (own warehouse),RN-250,Roodbar,Rugs,Hand Knotted,n/a (our own stock),579.60,,No,https://demo-oasis-six.vercel.app/assets/rugs/250.webp
Rugs Network (own warehouse),RN-738,Royal Balouch,Rugs,Hand Knotted,n/a (our own stock),172.50,,No,https://demo-oasis-six.vercel.app/assets/rugs/738.webp
Rugs Network (own warehouse),RN-145,Royal Balouch,Rugs,Hand Knotted,n/a (our own stock),178.02,,No,https://demo-oasis-six.vercel.app/assets/rugs/145.webp
Rugs Network (own warehouse),RN-688,Royal Balouch,Rugs,Hand Knotted,n/a (our own stock),186.30,,No,https://demo-oasis-six.vercel.app/assets/rugs/688.webp
Rugs Network (own warehouse),RN-691,Royal Balouch,Rugs,Hand Knotted,n/a (our own stock),191.82,,No,https://demo-oasis-six.vercel.app/assets/rugs/691.webp
Rugs Network (own warehouse),RN-2183,Royal Balouch,Rugs,Hand Knotted,n/a (our own stock),207.00,,No,https://demo-oasis-six.vercel.app/assets/rugs/2183.webp
Rugs Network (own warehouse),RN-2177,Royal Balouch,Rugs,Hand Knotted,n/a (our own stock),241.50,,No,https://demo-oasis-six.vercel.app/assets/rugs/2177.webp
Rugs Network (own warehouse),RN-596,Royal Balouch,Rugs,Hand Knotted,n/a (our own stock),379.50,,No,https://demo-oasis-six.vercel.app/assets/rugs/596.webp
Rugs Network (own warehouse),RN-651,Royal Balouchi,Rugs,Hand Knotted,n/a (our own stock),172.50,,No,https://demo-oasis-six.vercel.app/assets/rugs/651.webp
Rugs Network (own warehouse),RN-855,Royal Balouchi,Rugs,Hand Knotted,n/a (our own stock),198.60,,No,https://demo-oasis-six.vercel.app/assets/rugs/855.webp
Rugs Network (own warehouse),RN-856,Royal Balouchi,Rugs,Hand Knotted,n/a (our own stock),198.80,,No,https://demo-oasis-six.vercel.app/assets/rugs/856.webp
Rugs Network (own warehouse),RN-658,Royal Balouchi,Rugs,Hand Knotted,n/a (our own stock),205.62,,No,https://demo-oasis-six.vercel.app/assets/rugs/658.webp
Rugs Network (own warehouse),RN-813,Royal Balouchi,Rugs,Hand Knotted,n/a (our own stock),234.60,,No,https://demo-oasis-six.vercel.app/assets/rugs/813.webp
Rugs Network (own warehouse),RN-810,Royal Balouchi,Rugs,Hand Knotted,n/a (our own stock),241.50,,No,https://demo-oasis-six.vercel.app/assets/rugs/810.webp
Rugs Network (own warehouse),RN-742,Royal Baluchi,Rugs,Hand Knotted,n/a (our own stock),248.40,,No,https://demo-oasis-six.vercel.app/assets/rugs/742.webp
Rugs Network (own warehouse),RN-277,Royal Bokhara,Rugs,Hand Knotted,n/a (our own stock),738.30,,No,https://demo-oasis-six.vercel.app/assets/rugs/277.webp
Rugs Network (own warehouse),RN-402,Royal Jaipur,Rugs,Hand Knotted,n/a (our own stock),1876.80,,No,https://demo-oasis-six.vercel.app/assets/rugs/402.webp
Rugs Network (own warehouse),RN-400,Royal Jaipur,Rugs,Hand Knotted,n/a (our own stock),2187.30,,No,https://demo-oasis-six.vercel.app/assets/rugs/400.webp
Rugs Network (own warehouse),RN-597,Royal Kerman,Rugs,Hand Knotted,n/a (our own stock),2615.10,,No,https://demo-oasis-six.vercel.app/assets/rugs/597.webp
Rugs Network (own warehouse),RN-793,Royal Kerman,Rugs,Hand Knotted,n/a (our own stock),5099.10,,No,https://demo-oasis-six.vercel.app/assets/rugs/793.webp
Rugs Network (own warehouse),RN-2693,Royal_Shaggy Cream,Rugs,Machine Made,n/a (our own stock),72.38,,No,https://demo-oasis-six.vercel.app/assets/rugs/2693.webp
Rugs Network (own warehouse),RN-3074,Royal_Shaggy Light_Beige,Rugs,Machine Made,n/a (our own stock),24.12,,No,https://demo-oasis-six.vercel.app/assets/rugs/3074.webp
Rugs Network (own warehouse),RN-2572,Royal_Shaggy Light_Beige,Rugs,Machine Made,n/a (our own stock),72.38,,No,https://demo-oasis-six.vercel.app/assets/rugs/2572.webp
Rugs Network (own warehouse),RN-3071,Royal_Shaggy Light_Blue,Rugs,Machine Made,n/a (our own stock),24.12,,No,https://demo-oasis-six.vercel.app/assets/rugs/3071.webp
Rugs Network (own warehouse),RN-3072,Royal_Shaggy Light_Blue,Rugs,Machine Made,n/a (our own stock),24.12,,No,https://demo-oasis-six.vercel.app/assets/rugs/3072.webp
Rugs Network (own warehouse),RN-2593,Royal_Shaggy Light_Blue,Rugs,Machine Made,n/a (our own stock),72.38,,No,https://demo-oasis-six.vercel.app/assets/rugs/2593.webp
Rugs Network (own warehouse),RN-3070,Royal_Shaggy Light_Grey,Rugs,Machine Made,n/a (our own stock),32.58,,No,https://demo-oasis-six.vercel.app/assets/rugs/3070.webp
Rugs Network (own warehouse),RN-3075,Royal_Shaggy Light_Grey,Rugs,Machine Made,n/a (our own stock),72.38,,No,https://demo-oasis-six.vercel.app/assets/rugs/3075.webp
Rugs Network (own warehouse),RN-3073,Royal_Shaggy White,Rugs,Machine Made,n/a (our own stock),24.12,,No,https://demo-oasis-six.vercel.app/assets/rugs/3073.webp
Rugs Network (own warehouse),RN-3068,Royal_Shaggy White,Rugs,Machine Made,n/a (our own stock),24.12,,No,https://demo-oasis-six.vercel.app/assets/rugs/3068.webp
Rugs Network (own warehouse),RN-3223,Royal_Shaggy White,Rugs,Machine Made,n/a (our own stock),32.58,,No,https://demo-oasis-six.vercel.app/assets/rugs/3223.webp
Rugs Network (own warehouse),RN-2570,Royal_Shaggy White,Rugs,Machine Made,n/a (our own stock),72.38,,No,https://demo-oasis-six.vercel.app/assets/rugs/2570.webp
Rugs Network (own warehouse),RN-2439,Royal_Silk Beige,Rugs,Machine Made,n/a (our own stock),85.68,,No,https://demo-oasis-six.vercel.app/assets/rugs/2439.webp
Rugs Network (own warehouse),RN-2441,Royal_Silk Black,Rugs,Machine Made,n/a (our own stock),85.68,,No,https://demo-oasis-six.vercel.app/assets/rugs/2441.webp
Rugs Network (own warehouse),RN-3077,Royal_Silk Black,Rugs,Machine Made,n/a (our own stock),565.40,,No,https://demo-oasis-six.vercel.app/assets/rugs/3077.webp
Rugs Network (own warehouse),RN-2436,Royal_Silk Grey,Rugs,Machine Made,n/a (our own stock),85.68,,No,https://demo-oasis-six.vercel.app/assets/rugs/2436.webp
Rugs Network (own warehouse),RN-2437,Royal_Silk Grey,Rugs,Machine Made,n/a (our own stock),565.40,,No,https://demo-oasis-six.vercel.app/assets/rugs/2437.webp
Rugs Network (own warehouse),RN-3080,Royal_Silk Grey,Rugs,Machine Made,n/a (our own stock),565.40,,No,https://demo-oasis-six.vercel.app/assets/rugs/3080.webp
Rugs Network (own warehouse),RN-3078,Royal_Silk White,Rugs,Machine Made,n/a (our own stock),262.71,,No,https://demo-oasis-six.vercel.app/assets/rugs/3078.webp
Rugs Network (own warehouse),RN-3079,Royal_Silk White,Rugs,Machine Made,n/a (our own stock),414.04,,No,https://demo-oasis-six.vercel.app/assets/rugs/3079.webp
Rugs Network (own warehouse),RN-2165,Russian Kazak,Rugs,Hand Knotted,n/a (our own stock),1373.10,,No,https://demo-oasis-six.vercel.app/assets/rugs/2165.webp
Rugs Network (own warehouse),RN-2149,Sabzabar,Rugs,Hand Knotted,n/a (our own stock),1035.50,,No,https://demo-oasis-six.vercel.app/assets/rugs/2149.webp
Rugs Network (own warehouse),RN-257,Sabzavar,Rugs,Hand Knotted,n/a (our own stock),2297.70,,No,https://demo-oasis-six.vercel.app/assets/rugs/257.webp
Rugs Network (own warehouse),RN-230,Sabzavar,Rugs,Hand Knotted,n/a (our own stock),2297.70,,No,https://demo-oasis-six.vercel.app/assets/rugs/230.webp
Rugs Network (own warehouse),RN-231,Sabzavar,Rugs,Hand Knotted,n/a (our own stock),2477.10,,No,https://demo-oasis-six.vercel.app/assets/rugs/231.webp
Rugs Network (own warehouse),RN-218,Sabzavar,Rugs,Hand Knotted,n/a (our own stock),2615.10,,No,https://demo-oasis-six.vercel.app/assets/rugs/218.webp
Rugs Network (own warehouse),RN-215,Sabzavar,Rugs,Hand Knotted,n/a (our own stock),2615.10,,No,https://demo-oasis-six.vercel.app/assets/rugs/215.webp
Rugs Network (own warehouse),RN-399,Sarab,Rugs,Hand Knotted,n/a (our own stock),1374.25,,No,https://demo-oasis-six.vercel.app/assets/rugs/399.webp
Rugs Network (own warehouse),RN-1116,Sarab,Rugs,Hand Knotted,n/a (our own stock),2127.50,,No,https://demo-oasis-six.vercel.app/assets/rugs/1116.webp
Rugs Network (own warehouse),RN-2204,Sarab,Rugs,Hand Knotted,n/a (our own stock),2127.50,,No,https://demo-oasis-six.vercel.app/assets/rugs/2204.webp
Rugs Network (own warehouse),RN-445,Sarough,Rugs,Hand Knotted,n/a (our own stock),683.10,,No,https://demo-oasis-six.vercel.app/assets/rugs/445.webp
Rugs Network (own warehouse),RN-582,Sarough,Rugs,Hand Knotted,n/a (our own stock),683.10,,No,https://demo-oasis-six.vercel.app/assets/rugs/582.webp
Rugs Network (own warehouse),RN-317,Sarough,Rugs,Hand Knotted,n/a (our own stock),959.10,,No,https://demo-oasis-six.vercel.app/assets/rugs/317.webp
Rugs Network (own warehouse),RN-183,Sarough,Rugs,Hand Knotted,n/a (our own stock),998.50,,No,https://demo-oasis-six.vercel.app/assets/rugs/183.webp
Rugs Network (own warehouse),RN-274,Sarough,Rugs,Hand Knotted,n/a (our own stock),1115.10,,No,https://demo-oasis-six.vercel.app/assets/rugs/274.webp
Rugs Network (own warehouse),RN-295,Sarough,Rugs,Hand Knotted,n/a (our own stock),2477.10,,No,https://demo-oasis-six.vercel.app/assets/rugs/295.webp
Rugs Network (own warehouse),RN-2206,Sarough,Rugs,Hand Knotted,n/a (our own stock),3415.50,,No,https://demo-oasis-six.vercel.app/assets/rugs/2206.webp
Rugs Network (own warehouse),RN-207,Sarough,Rugs,Hand Knotted,n/a (our own stock),3581.10,,No,https://demo-oasis-six.vercel.app/assets/rugs/207.webp
Rugs Network (own warehouse),RN-426,Sarough,Rugs,Hand Knotted,n/a (our own stock),3657.00,,No,https://demo-oasis-six.vercel.app/assets/rugs/426.webp
Rugs Network (own warehouse),RN-735,Sarough Patina,Rugs,Hand Knotted,n/a (our own stock),1373.10,,No,https://demo-oasis-six.vercel.app/assets/rugs/735.webp
Rugs Network (own warehouse),RN-3083,Savannah Cream,Rugs,Machine Made,n/a (our own stock),74.30,,No,https://demo-oasis-six.vercel.app/assets/rugs/3083.webp
Rugs Network (own warehouse),RN-3084,Savannah Cream,Rugs,Machine Made,n/a (our own stock),74.30,,No,https://demo-oasis-six.vercel.app/assets/rugs/3084.webp
Rugs Network (own warehouse),RN-3085,Savannah Cream,Rugs,Machine Made,n/a (our own stock),74.30,,No,https://demo-oasis-six.vercel.app/assets/rugs/3085.webp
Rugs Network (own warehouse),RN-3086,Savannah Cream,Rugs,Machine Made,n/a (our own stock),74.30,,No,https://demo-oasis-six.vercel.app/assets/rugs/3086.webp
Rugs Network (own warehouse),RN-3087,Savannah Cream,Rugs,Machine Made,n/a (our own stock),74.30,,No,https://demo-oasis-six.vercel.app/assets/rugs/3087.webp
Rugs Network (own warehouse),RN-3093,Savannah Cream,Rugs,Machine Made,n/a (our own stock),74.30,,No,https://demo-oasis-six.vercel.app/assets/rugs/3093.webp
Rugs Network (own warehouse),RN-3081,Savannah Cream,Rugs,Machine Made,n/a (our own stock),490.34,,No,https://demo-oasis-six.vercel.app/assets/rugs/3081.webp
Rugs Network (own warehouse),RN-3094,Savannah Dark_Beige,Rugs,Machine Made,n/a (our own stock),74.30,,No,https://demo-oasis-six.vercel.app/assets/rugs/3094.webp
Rugs Network (own warehouse),RN-3090,Savannah Dark_Grey,Rugs,Machine Made,n/a (our own stock),74.30,,No,https://demo-oasis-six.vercel.app/assets/rugs/3090.webp
Rugs Network (own warehouse),RN-3082,Savannah Light_Blue,Rugs,Machine Made,n/a (our own stock),74.30,,No,https://demo-oasis-six.vercel.app/assets/rugs/3082.webp
Rugs Network (own warehouse),RN-3095,Savannah Light_Blue,Rugs,Machine Made,n/a (our own stock),74.30,,No,https://demo-oasis-six.vercel.app/assets/rugs/3095.webp
Rugs Network (own warehouse),RN-2517,Savannah Light_Grey,Rugs,Machine Made,n/a (our own stock),74.30,,No,https://demo-oasis-six.vercel.app/assets/rugs/2517.webp
Rugs Network (own warehouse),RN-3088,Savannah Light_Grey,Rugs,Machine Made,n/a (our own stock),74.30,,No,https://demo-oasis-six.vercel.app/assets/rugs/3088.webp
Rugs Network (own warehouse),RN-3091,Savannah Light_Grey,Rugs,Machine Made,n/a (our own stock),74.30,,No,https://demo-oasis-six.vercel.app/assets/rugs/3091.webp
Rugs Network (own warehouse),RN-530,Saveh,Rugs,Hand Knotted,n/a (our own stock),345.00,,No,https://demo-oasis-six.vercel.app/assets/rugs/530.webp
Rugs Network (own warehouse),RN-956,Saveh,Rugs,Hand Knotted,n/a (our own stock),924.60,,No,https://demo-oasis-six.vercel.app/assets/rugs/956.webp
Rugs Network (own warehouse),RN-3102,Sedona Beige,Rugs,Machine Made,n/a (our own stock),79.38,,No,https://demo-oasis-six.vercel.app/assets/rugs/3102.webp
Rugs Network (own warehouse),RN-3104,Sedona Beige,Rugs,Machine Made,n/a (our own stock),79.38,,No,https://demo-oasis-six.vercel.app/assets/rugs/3104.webp
Rugs Network (own warehouse),RN-3105,Sedona Black,Rugs,Machine Made,n/a (our own stock),79.38,,No,https://demo-oasis-six.vercel.app/assets/rugs/3105.webp
Rugs Network (own warehouse),RN-3097,Sedona Cream,Rugs,Machine Made,n/a (our own stock),79.38,,No,https://demo-oasis-six.vercel.app/assets/rugs/3097.webp
Rugs Network (own warehouse),RN-3101,Sedona Cream,Rugs,Machine Made,n/a (our own stock),79.38,,No,https://demo-oasis-six.vercel.app/assets/rugs/3101.webp
Rugs Network (own warehouse),RN-3106,Sedona Cream,Rugs,Machine Made,n/a (our own stock),79.38,,No,https://demo-oasis-six.vercel.app/assets/rugs/3106.webp
Rugs Network (own warehouse),RN-3100,Sedona Cream,Rugs,Machine Made,n/a (our own stock),243.43,,No,https://demo-oasis-six.vercel.app/assets/rugs/3100.webp
Rugs Network (own warehouse),RN-3107,Sedona Dark_Beige,Rugs,Machine Made,n/a (our own stock),79.38,,No,https://demo-oasis-six.vercel.app/assets/rugs/3107.webp
Rugs Network (own warehouse),RN-3098,Sedona Dark_Grey,Rugs,Machine Made,n/a (our own stock),383.67,,No,https://demo-oasis-six.vercel.app/assets/rugs/3098.webp
Rugs Network (own warehouse),RN-3103,Sedona Light_Grey,Rugs,Machine Made,n/a (our own stock),79.38,,No,https://demo-oasis-six.vercel.app/assets/rugs/3103.webp
Rugs Network (own warehouse),RN-3109,Sedona Light_Grey,Rugs,Machine Made,n/a (our own stock),79.38,,No,https://demo-oasis-six.vercel.app/assets/rugs/3109.webp
Rugs Network (own warehouse),RN-3108,Sedona Middle_Grey,Rugs,Machine Made,n/a (our own stock),79.38,,No,https://demo-oasis-six.vercel.app/assets/rugs/3108.webp
Rugs Network (own warehouse),RN-318,Serapi Jewel,Rugs,Hand Knotted,n/a (our own stock),1489.25,,No,https://demo-oasis-six.vercel.app/assets/rugs/318.webp
Rugs Network (own warehouse),RN-410,Serapi Jewel,Rugs,Hand Knotted,n/a (our own stock),1546.75,,No,https://demo-oasis-six.vercel.app/assets/rugs/410.webp
Rugs Network (own warehouse),RN-409,Serapi Jewel,Rugs,Hand Knotted,n/a (our own stock),1552.50,,No,https://demo-oasis-six.vercel.app/assets/rugs/409.webp
Rugs Network (own warehouse),RN-360,Serapi Jewel,Rugs,Hand Knotted,n/a (our own stock),1926.25,,No,https://demo-oasis-six.vercel.app/assets/rugs/360.webp
Rugs Network (own warehouse),RN-3261,Seville Beige,Rugs,Machine Made,n/a (our own stock),67.32,,No,https://demo-oasis-six.vercel.app/assets/rugs/3261.webp
Rugs Network (own warehouse),RN-3265,Seville Cream_Ecru,Rugs,Machine Made,n/a (our own stock),67.32,,No,https://demo-oasis-six.vercel.app/assets/rugs/3265.webp
Rugs Network (own warehouse),RN-3264,Seville Cream_Grey,Rugs,Machine Made,n/a (our own stock),67.32,,No,https://demo-oasis-six.vercel.app/assets/rugs/3264.webp
Rugs Network (own warehouse),RN-3260,Seville Ecru_Light_Blue,Rugs,Machine Made,n/a (our own stock),67.32,,No,https://demo-oasis-six.vercel.app/assets/rugs/3260.webp
Rugs Network (own warehouse),RN-3257,Seville Ecru_Light_Blue,Rugs,Machine Made,n/a (our own stock),67.32,,No,https://demo-oasis-six.vercel.app/assets/rugs/3257.webp
Rugs Network (own warehouse),RN-3253,Seville Ecru_Light_Grey,Rugs,Machine Made,n/a (our own stock),67.32,,No,https://demo-oasis-six.vercel.app/assets/rugs/3253.webp
Rugs Network (own warehouse),RN-3256,Seville Ecru_Light_Grey,Rugs,Machine Made,n/a (our own stock),67.32,,No,https://demo-oasis-six.vercel.app/assets/rugs/3256.webp
Rugs Network (own warehouse),RN-3258,Seville Ecru_Light_Grey,Rugs,Machine Made,n/a (our own stock),67.32,,No,https://demo-oasis-six.vercel.app/assets/rugs/3258.webp
Rugs Network (own warehouse),RN-3259,Seville Ecru_Light_Grey,Rugs,Machine Made,n/a (our own stock),206.46,,No,https://demo-oasis-six.vercel.app/assets/rugs/3259.webp
Rugs Network (own warehouse),RN-3262,Seville Grey_Cream,Rugs,Machine Made,n/a (our own stock),67.32,,No,https://demo-oasis-six.vercel.app/assets/rugs/3262.webp
Rugs Network (own warehouse),RN-3263,Seville Light_Grey_Cream,Rugs,Machine Made,n/a (our own stock),67.32,,No,https://demo-oasis-six.vercel.app/assets/rugs/3263.webp
Rugs Network (own warehouse),RN-3254,Seville Light_Grey_Cream,Rugs,Machine Made,n/a (our own stock),67.32,,No,https://demo-oasis-six.vercel.app/assets/rugs/3254.webp
Rugs Network (own warehouse),RN-3255,Seville Light_Grey_Cream,Rugs,Machine Made,n/a (our own stock),67.32,,No,https://demo-oasis-six.vercel.app/assets/rugs/3255.webp
Rugs Network (own warehouse),RN-470,Shiraz,Rugs,Hand Knotted,n/a (our own stock),634.80,,No,https://demo-oasis-six.vercel.app/assets/rugs/470.webp
Rugs Network (own warehouse),RN-471,Shiraz,Rugs,Hand Knotted,n/a (our own stock),634.80,,No,https://demo-oasis-six.vercel.app/assets/rugs/471.webp
Rugs Network (own warehouse),RN-472,Shiraz,Rugs,Hand Knotted,n/a (our own stock),634.80,,No,https://demo-oasis-six.vercel.app/assets/rugs/472.webp
Rugs Network (own warehouse),RN-475,Shiraz,Rugs,Hand Knotted,n/a (our own stock),662.40,,No,https://demo-oasis-six.vercel.app/assets/rugs/475.webp
Rugs Network (own warehouse),RN-473,Shiraz,Rugs,Hand Knotted,n/a (our own stock),683.10,,No,https://demo-oasis-six.vercel.app/assets/rugs/473.webp
Rugs Network (own warehouse),RN-348,Shiraz,Rugs,Hand Knotted,n/a (our own stock),759.00,,No,https://demo-oasis-six.vercel.app/assets/rugs/348.webp
Rugs Network (own warehouse),RN-367,Shiraz,Rugs,Hand Knotted,n/a (our own stock),963.24,,No,https://demo-oasis-six.vercel.app/assets/rugs/367.webp
Rugs Network (own warehouse),RN-2235,Silk Kashmir,Rugs,Hand Knotted,n/a (our own stock),634.80,,No,https://demo-oasis-six.vercel.app/assets/rugs/2235.webp
Rugs Network (own warehouse),RN-2232,Silk Kashmir,Rugs,Hand Knotted,n/a (our own stock),717.60,,No,https://demo-oasis-six.vercel.app/assets/rugs/2232.webp
Rugs Network (own warehouse),RN-2233,Silk Kashmir,Rugs,Hand Knotted,n/a (our own stock),717.60,,No,https://demo-oasis-six.vercel.app/assets/rugs/2233.webp
Rugs Network (own warehouse),RN-2254,Silk Kashmir,Rugs,Hand Knotted,n/a (our own stock),910.80,,No,https://demo-oasis-six.vercel.app/assets/rugs/2254.webp
Rugs Network (own warehouse),RN-2236,Silk Kashmir,Rugs,Hand Knotted,n/a (our own stock),993.60,,No,https://demo-oasis-six.vercel.app/assets/rugs/2236.webp
Rugs Network (own warehouse),RN-2256,Silk Kashmir,Rugs,Hand Knotted,n/a (our own stock),1092.96,,No,https://demo-oasis-six.vercel.app/assets/rugs/2256.webp
Rugs Network (own warehouse),RN-2237,Silk Kashmir,Rugs,Hand Knotted,n/a (our own stock),1205.20,,No,https://demo-oasis-six.vercel.app/assets/rugs/2237.webp
Rugs Network (own warehouse),RN-2234,Silk Kashmir,Rugs,Hand Knotted,n/a (our own stock),1242.00,,No,https://demo-oasis-six.vercel.app/assets/rugs/2234.webp
Rugs Network (own warehouse),RN-2242,Silk Kashmir,Rugs,Hand Knotted,n/a (our own stock),1242.30,,No,https://demo-oasis-six.vercel.app/assets/rugs/2242.webp
Rugs Network (own warehouse),RN-2255,Silk Kashmir,Rugs,Hand Knotted,n/a (our own stock),1269.60,,No,https://demo-oasis-six.vercel.app/assets/rugs/2255.webp
Rugs Network (own warehouse),RN-2253,Silk Kashmir,Rugs,Hand Knotted,n/a (our own stock),1518.30,,No,https://demo-oasis-six.vercel.app/assets/rugs/2253.webp
Rugs Network (own warehouse),RN-2240,Silk Kashmir,Rugs,Hand Knotted,n/a (our own stock),1564.00,,No,https://demo-oasis-six.vercel.app/assets/rugs/2240.webp
Rugs Network (own warehouse),RN-2241,Silk Kashmir,Rugs,Hand Knotted,n/a (our own stock),1564.00,,No,https://demo-oasis-six.vercel.app/assets/rugs/2241.webp
Rugs Network (own warehouse),RN-2243,Silk Kashmir,Rugs,Hand Knotted,n/a (our own stock),1646.80,,No,https://demo-oasis-six.vercel.app/assets/rugs/2243.webp
Rugs Network (own warehouse),RN-2238,Silk Kashmir,Rugs,Hand Knotted,n/a (our own stock),1646.80,,No,https://demo-oasis-six.vercel.app/assets/rugs/2238.webp
Rugs Network (own warehouse),RN-2239,Silk Kashmir,Rugs,Hand Knotted,n/a (our own stock),1646.80,,No,https://demo-oasis-six.vercel.app/assets/rugs/2239.webp
Rugs Network (own warehouse),RN-2267,Silk Kashmir,Rugs,Hand Knotted,n/a (our own stock),1748.00,,No,https://demo-oasis-six.vercel.app/assets/rugs/2267.webp
Rugs Network (own warehouse),RN-2264,Silk Kashmir,Rugs,Hand Knotted,n/a (our own stock),2484.00,,No,https://demo-oasis-six.vercel.app/assets/rugs/2264.webp
Rugs Network (own warehouse),RN-2244,Silk Kashmir,Rugs,Hand Knotted,n/a (our own stock),2484.00,,No,https://demo-oasis-six.vercel.app/assets/rugs/2244.webp
Rugs Network (own warehouse),RN-2268,Silk Kashmir,Rugs,Hand Knotted,n/a (our own stock),2566.80,,No,https://demo-oasis-six.vercel.app/assets/rugs/2268.webp
Rugs Network (own warehouse),RN-2245,Silk Kashmir,Rugs,Hand Knotted,n/a (our own stock),2677.20,,No,https://demo-oasis-six.vercel.app/assets/rugs/2245.webp
Rugs Network (own warehouse),RN-2265,Silk Kashmir,Rugs,Hand Knotted,n/a (our own stock),2723.20,,No,https://demo-oasis-six.vercel.app/assets/rugs/2265.webp
Rugs Network (own warehouse),RN-2269,Silk Kashmir,Rugs,Hand Knotted,n/a (our own stock),2981.12,,No,https://demo-oasis-six.vercel.app/assets/rugs/2269.webp
Rugs Network (own warehouse),RN-2262,Silk Kashmir,Rugs,Hand Knotted,n/a (our own stock),5474.00,,No,https://demo-oasis-six.vercel.app/assets/rugs/2262.webp
Rugs Network (own warehouse),RN-2263,Silk Kashmir,Rugs,Hand Knotted,n/a (our own stock),5474.00,,No,https://demo-oasis-six.vercel.app/assets/rugs/2263.webp
Rugs Network (own warehouse),RN-2258,Silk Kashmir,Rugs,Hand Knotted,n/a (our own stock),5474.00,,No,https://demo-oasis-six.vercel.app/assets/rugs/2258.webp
Rugs Network (own warehouse),RN-2259,Silk Kashmir,Rugs,Hand Knotted,n/a (our own stock),5474.00,,No,https://demo-oasis-six.vercel.app/assets/rugs/2259.webp
Rugs Network (own warehouse),RN-2247,Silk Kashmir,Rugs,Hand Knotted,n/a (our own stock),5492.40,,No,https://demo-oasis-six.vercel.app/assets/rugs/2247.webp
Rugs Network (own warehouse),RN-2246,Silk Kashmir,Rugs,Hand Knotted,n/a (our own stock),5796.00,,No,https://demo-oasis-six.vercel.app/assets/rugs/2246.webp
Rugs Network (own warehouse),RN-2260,Silk Kashmir,Rugs,Hand Knotted,n/a (our own stock),5796.00,,No,https://demo-oasis-six.vercel.app/assets/rugs/2260.webp
Rugs Network (own warehouse),RN-2252,Silk Kashmir,Rugs,Hand Knotted,n/a (our own stock),5796.20,,No,https://demo-oasis-six.vercel.app/assets/rugs/2252.webp
Rugs Network (own warehouse),RN-2261,Silk Kashmir,Rugs,Hand Knotted,n/a (our own stock),5878.80,,No,https://demo-oasis-six.vercel.app/assets/rugs/2261.webp
Rugs Network (own warehouse),RN-2248,Silk Kashmir,Rugs,Hand Knotted,n/a (our own stock),5878.80,,No,https://demo-oasis-six.vercel.app/assets/rugs/2248.webp
Rugs Network (own warehouse),RN-2257,Silk Kashmir,Rugs,Hand Knotted,n/a (our own stock),7166.80,,No,https://demo-oasis-six.vercel.app/assets/rugs/2257.webp
Rugs Network (own warehouse),RN-2266,Silk Kashmir,Rugs,Hand Knotted,n/a (our own stock),11030.80,,No,https://demo-oasis-six.vercel.app/assets/rugs/2266.webp
Rugs Network (own warehouse),RN-3285,Soft_Shaggy Cream,Rugs,Machine Made,n/a (our own stock),20.84,,No,https://demo-oasis-six.vercel.app/assets/rugs/3285.webp
Rugs Network (own warehouse),RN-3110,Soft_Shaggy Cream,Rugs,Machine Made,n/a (our own stock),20.84,,No,https://demo-oasis-six.vercel.app/assets/rugs/3110.webp
Rugs Network (own warehouse),RN-3112,Soft_Shaggy Cream,Rugs,Machine Made,n/a (our own stock),20.84,,No,https://demo-oasis-six.vercel.app/assets/rugs/3112.webp
Rugs Network (own warehouse),RN-3114,Soft_Shaggy Dark_Grey,Rugs,Machine Made,n/a (our own stock),62.53,,No,https://demo-oasis-six.vercel.app/assets/rugs/3114.webp
Rugs Network (own warehouse),RN-2518,Soft_Shaggy Light_Grey,Rugs,Machine Made,n/a (our own stock),62.53,,No,https://demo-oasis-six.vercel.app/assets/rugs/2518.webp
Rugs Network (own warehouse),RN-2743,Soft_Shaggy Light_Grey,Rugs,Machine Made,n/a (our own stock),62.55,,No,https://demo-oasis-six.vercel.app/assets/rugs/2743.webp
Rugs Network (own warehouse),RN-2689,Soft_Shaggy Light_Turquoise,Rugs,Machine Made,n/a (our own stock),20.84,,No,https://demo-oasis-six.vercel.app/assets/rugs/2689.webp
Rugs Network (own warehouse),RN-2688,Soft_Shaggy Mink,Rugs,Machine Made,n/a (our own stock),62.53,,No,https://demo-oasis-six.vercel.app/assets/rugs/2688.webp
Rugs Network (own warehouse),RN-3113,Soft_Shaggy White,Rugs,Machine Made,n/a (our own stock),62.53,,No,https://demo-oasis-six.vercel.app/assets/rugs/3113.webp
Rugs Network (own warehouse),RN-3111,Soft_Shaggy White_Blue,Rugs,Machine Made,n/a (our own stock),62.53,,No,https://demo-oasis-six.vercel.app/assets/rugs/3111.webp
Rugs Network (own warehouse),RN-403,Sultan Abad,Rugs,Hand Knotted,n/a (our own stock),1863.00,,No,https://demo-oasis-six.vercel.app/assets/rugs/403.webp
Rugs Network (own warehouse),RN-987,Sultan Abad,Rugs,Hand Knotted,n/a (our own stock),2615.10,,No,https://demo-oasis-six.vercel.app/assets/rugs/987.webp
Rugs Network (own warehouse),RN-989,Sultan Abad,Rugs,Hand Knotted,n/a (our own stock),2753.10,,No,https://demo-oasis-six.vercel.app/assets/rugs/989.webp
Rugs Network (own warehouse),RN-969,Sultan Abad,Rugs,Hand Knotted,n/a (our own stock),2753.10,,No,https://demo-oasis-six.vercel.app/assets/rugs/969.webp
Rugs Network (own warehouse),RN-839,Sultan Abad,Rugs,Hand Knotted,n/a (our own stock),2753.10,,No,https://demo-oasis-six.vercel.app/assets/rugs/839.webp
Rugs Network (own warehouse),RN-965,Sultan Abad,Rugs,Hand Knotted,n/a (our own stock),2753.10,,No,https://demo-oasis-six.vercel.app/assets/rugs/965.webp
Rugs Network (own warehouse),RN-864,Sultan Abad,Rugs,Hand Knotted,n/a (our own stock),3029.10,,No,https://demo-oasis-six.vercel.app/assets/rugs/864.webp
Rugs Network (own warehouse),RN-1115,Sultan Abad,Rugs,Hand Knotted,n/a (our own stock),3394.80,,No,https://demo-oasis-six.vercel.app/assets/rugs/1115.webp
Rugs Network (own warehouse),RN-862,Sultan Abad,Rugs,Hand Knotted,n/a (our own stock),3443.10,,No,https://demo-oasis-six.vercel.app/assets/rugs/862.webp
Rugs Network (own warehouse),RN-372,Sultanabad,Rugs,Hand Knotted,n/a (our own stock),2294.25,,No,https://demo-oasis-six.vercel.app/assets/rugs/372.webp
Rugs Network (own warehouse),RN-612,Sumac,Rugs,Hand Knotted,n/a (our own stock),550.85,,No,https://demo-oasis-six.vercel.app/assets/rugs/612.webp
Rugs Network (own warehouse),RN-516,Sumac,Rugs,Hand Knotted,n/a (our own stock),569.25,,No,https://demo-oasis-six.vercel.app/assets/rugs/516.webp
Rugs Network (own warehouse),RN-383,Sumac,Rugs,Hand Knotted,n/a (our own stock),1207.50,,No,https://demo-oasis-six.vercel.app/assets/rugs/383.webp
Rugs Network (own warehouse),RN-385,Sumac,Rugs,Hand Knotted,n/a (our own stock),1207.50,,No,https://demo-oasis-six.vercel.app/assets/rugs/385.webp
Rugs Network (own warehouse),RN-314,Sumac,Rugs,Hand Knotted,n/a (our own stock),1235.10,,No,https://demo-oasis-six.vercel.app/assets/rugs/314.webp
Rugs Network (own warehouse),RN-356,Sumac,Rugs,Hand Knotted,n/a (our own stock),1259.25,,No,https://demo-oasis-six.vercel.app/assets/rugs/356.webp
Rugs Network (own warehouse),RN-384,Sumac,Rugs,Hand Knotted,n/a (our own stock),1259.25,,No,https://demo-oasis-six.vercel.app/assets/rugs/384.webp
Rugs Network (own warehouse),RN-373,Sumac,Rugs,Hand Knotted,n/a (our own stock),1259.25,,No,https://demo-oasis-six.vercel.app/assets/rugs/373.webp
Rugs Network (own warehouse),RN-322,Sumac,Rugs,Hand Knotted,n/a (our own stock),1511.10,,No,https://demo-oasis-six.vercel.app/assets/rugs/322.webp
Rugs Network (own warehouse),RN-324,Sumac,Rugs,Hand Knotted,n/a (our own stock),1511.10,,No,https://demo-oasis-six.vercel.app/assets/rugs/324.webp
Rugs Network (own warehouse),RN-325,Sumac,Rugs,Hand Knotted,n/a (our own stock),1511.10,,No,https://demo-oasis-six.vercel.app/assets/rugs/325.webp
Rugs Network (own warehouse),RN-327,Sumac,Rugs,Hand Knotted,n/a (our own stock),1587.00,,No,https://demo-oasis-six.vercel.app/assets/rugs/327.webp
Rugs Network (own warehouse),RN-326,Sumac,Rugs,Hand Knotted,n/a (our own stock),1607.70,,No,https://demo-oasis-six.vercel.app/assets/rugs/326.webp
Rugs Network (own warehouse),RN-375,Sumac,Rugs,Hand Knotted,n/a (our own stock),1834.25,,No,https://demo-oasis-six.vercel.app/assets/rugs/375.webp
Rugs Network (own warehouse),RN-576,Tabriz,Rugs,Hand Knotted,n/a (our own stock),821.10,,No,https://demo-oasis-six.vercel.app/assets/rugs/576.webp
Rugs Network (own warehouse),RN-272,Tabriz,Rugs,Hand Knotted,n/a (our own stock),821.10,,No,https://demo-oasis-six.vercel.app/assets/rugs/272.webp
Rugs Network (own warehouse),RN-346,Tabriz,Rugs,Hand Knotted,n/a (our own stock),1511.10,,No,https://demo-oasis-six.vercel.app/assets/rugs/346.webp
Rugs Network (own warehouse),RN-217,Tabriz,Rugs,Hand Knotted,n/a (our own stock),1587.00,,No,https://demo-oasis-six.vercel.app/assets/rugs/217.webp
Rugs Network (own warehouse),RN-269,Tabriz,Rugs,Hand Knotted,n/a (our own stock),1787.10,,No,https://demo-oasis-six.vercel.app/assets/rugs/269.webp
Rugs Network (own warehouse),RN-353,Tabriz,Rugs,Hand Knotted,n/a (our own stock),1966.50,,No,https://demo-oasis-six.vercel.app/assets/rugs/353.webp
Rugs Network (own warehouse),RN-1022,Tabriz,Rugs,Hand Knotted,n/a (our own stock),2394.20,,No,https://demo-oasis-six.vercel.app/assets/rugs/1022.webp
Rugs Network (own warehouse),RN-228,Tabriz,Rugs,Hand Knotted,n/a (our own stock),3243.00,,No,https://demo-oasis-six.vercel.app/assets/rugs/228.webp
Rugs Network (own warehouse),RN-255,Tabriz,Rugs,Hand Knotted,n/a (our own stock),3567.30,,No,https://demo-oasis-six.vercel.app/assets/rugs/255.webp
Rugs Network (own warehouse),RN-243,Tabriz,Rugs,Hand Knotted,n/a (our own stock),3719.10,,No,https://demo-oasis-six.vercel.app/assets/rugs/243.webp
Rugs Network (own warehouse),RN-380,Tabriz,Rugs,Hand Knotted,n/a (our own stock),3835.02,,No,https://demo-oasis-six.vercel.app/assets/rugs/380.webp
Rugs Network (own warehouse),RN-221,Tabriz Aubusson,Rugs,Hand Knotted,n/a (our own stock),3815.70,,No,https://demo-oasis-six.vercel.app/assets/rugs/221.webp
Rugs Network (own warehouse),RN-2129,Tabriz Design,Rugs,Hand Knotted,n/a (our own stock),331.20,,No,https://demo-oasis-six.vercel.app/assets/rugs/2129.webp
Rugs Network (own warehouse),RN-2133,Tabriz Design,Rugs,Hand Knotted,n/a (our own stock),476.10,,No,https://demo-oasis-six.vercel.app/assets/rugs/2133.webp
Rugs Network (own warehouse),RN-2135,Tabriz Design,Rugs,Hand Knotted,n/a (our own stock),476.10,,No,https://demo-oasis-six.vercel.app/assets/rugs/2135.webp
Rugs Network (own warehouse),RN-2130,Tabriz Design,Rugs,Hand Knotted,n/a (our own stock),489.90,,No,https://demo-oasis-six.vercel.app/assets/rugs/2130.webp
Rugs Network (own warehouse),RN-2131,Tabriz Design,Rugs,Hand Knotted,n/a (our own stock),489.90,,No,https://demo-oasis-six.vercel.app/assets/rugs/2131.webp
Rugs Network (own warehouse),RN-1084,Tabriz Design,Rugs,Hand Knotted,n/a (our own stock),538.20,,No,https://demo-oasis-six.vercel.app/assets/rugs/1084.webp
Rugs Network (own warehouse),RN-1083,Tabriz Design,Rugs,Hand Knotted,n/a (our own stock),572.70,,No,https://demo-oasis-six.vercel.app/assets/rugs/1083.webp
Rugs Network (own warehouse),RN-2134,Tabriz Design,Rugs,Hand Knotted,n/a (our own stock),586.50,,No,https://demo-oasis-six.vercel.app/assets/rugs/2134.webp
Rugs Network (own warehouse),RN-1100,Tabriz Design,Rugs,Hand Knotted,n/a (our own stock),600.30,,No,https://demo-oasis-six.vercel.app/assets/rugs/1100.webp
Rugs Network (own warehouse),RN-1082,Tabriz Design,Rugs,Hand Knotted,n/a (our own stock),600.30,,No,https://demo-oasis-six.vercel.app/assets/rugs/1082.webp
Rugs Network (own warehouse),RN-1085,Tabriz Design,Rugs,Hand Knotted,n/a (our own stock),600.30,,No,https://demo-oasis-six.vercel.app/assets/rugs/1085.webp
Rugs Network (own warehouse),RN-1101,Tabriz Design,Rugs,Hand Knotted,n/a (our own stock),614.10,,No,https://demo-oasis-six.vercel.app/assets/rugs/1101.webp
Rugs Network (own warehouse),RN-1099,Tabriz Design,Rugs,Hand Knotted,n/a (our own stock),614.10,,No,https://demo-oasis-six.vercel.app/assets/rugs/1099.webp
Rugs Network (own warehouse),RN-1080,Tabriz Design,Rugs,Hand Knotted,n/a (our own stock),621.00,,No,https://demo-oasis-six.vercel.app/assets/rugs/1080.webp
Rugs Network (own warehouse),RN-1081,Tabriz Design,Rugs,Hand Knotted,n/a (our own stock),647.22,,No,https://demo-oasis-six.vercel.app/assets/rugs/1081.webp
Rugs Network (own warehouse),RN-2125,Tabriz Design,Rugs,Hand Knotted,n/a (our own stock),716.22,,No,https://demo-oasis-six.vercel.app/assets/rugs/2125.webp
Rugs Network (own warehouse),RN-2138,Tabriz Design,Rugs,Hand Knotted,n/a (our own stock),724.50,,No,https://demo-oasis-six.vercel.app/assets/rugs/2138.webp
Rugs Network (own warehouse),RN-2139,Tabriz Design,Rugs,Hand Knotted,n/a (our own stock),724.50,,No,https://demo-oasis-six.vercel.app/assets/rugs/2139.webp
Rugs Network (own warehouse),RN-2140,Tabriz Design,Rugs,Hand Knotted,n/a (our own stock),724.50,,No,https://demo-oasis-six.vercel.app/assets/rugs/2140.webp
Rugs Network (own warehouse),RN-2141,Tabriz Design,Rugs,Hand Knotted,n/a (our own stock),724.50,,No,https://demo-oasis-six.vercel.app/assets/rugs/2141.webp
Rugs Network (own warehouse),RN-2124,Tabriz Design,Rugs,Hand Knotted,n/a (our own stock),724.50,,No,https://demo-oasis-six.vercel.app/assets/rugs/2124.webp
Rugs Network (own warehouse),RN-2127,Tabriz Design,Rugs,Hand Knotted,n/a (our own stock),745.20,,No,https://demo-oasis-six.vercel.app/assets/rugs/2127.webp
Rugs Network (own warehouse),RN-2136,Tabriz Design,Rugs,Hand Knotted,n/a (our own stock),821.10,,No,https://demo-oasis-six.vercel.app/assets/rugs/2136.webp
Rugs Network (own warehouse),RN-1031,Tabriz Design,Rugs,Hand Knotted,n/a (our own stock),856.75,,No,https://demo-oasis-six.vercel.app/assets/rugs/1031.webp
Rugs Network (own warehouse),RN-1089,Tabriz Design,Rugs,Hand Knotted,n/a (our own stock),2477.10,,No,https://demo-oasis-six.vercel.app/assets/rugs/1089.webp
Rugs Network (own warehouse),RN-1033,Tabriz Design,Rugs,Hand Knotted,n/a (our own stock),2615.10,,No,https://demo-oasis-six.vercel.app/assets/rugs/1033.webp
Rugs Network (own warehouse),RN-2214,Tabriz Design,Rugs,Hand Knotted,n/a (our own stock),3303.72,,No,https://demo-oasis-six.vercel.app/assets/rugs/2214.webp
Rugs Network (own warehouse),RN-2221,Tabriz Design,Rugs,Hand Knotted,n/a (our own stock),3657.00,,No,https://demo-oasis-six.vercel.app/assets/rugs/2221.webp
Rugs Network (own warehouse),RN-1090,Tabriz Design,Rugs,Hand Knotted,n/a (our own stock),4685.10,,No,https://demo-oasis-six.vercel.app/assets/rugs/1090.webp
Rugs Network (own warehouse),RN-2215,Tabriz Design,Rugs,Hand Knotted,n/a (our own stock),5071.50,,No,https://demo-oasis-six.vercel.app/assets/rugs/2215.webp
Rugs Network (own warehouse),RN-382,Tabriz Mahi,Rugs,Hand Knotted,n/a (our own stock),3933.00,,No,https://demo-oasis-six.vercel.app/assets/rugs/382.webp
Rugs Network (own warehouse),RN-227,Tabriz Mahi,Rugs,Hand Knotted,n/a (our own stock),6465.30,,No,https://demo-oasis-six.vercel.app/assets/rugs/227.webp
Rugs Network (own warehouse),RN-732,Tabriz Mahi Patina,Rugs,Hand Knotted,n/a (our own stock),1083.30,,No,https://demo-oasis-six.vercel.app/assets/rugs/732.webp
Rugs Network (own warehouse),RN-715,Tabriz Mahi Patina,Rugs,Hand Knotted,n/a (our own stock),1890.00,,No,https://demo-oasis-six.vercel.app/assets/rugs/715.webp
Rugs Network (own warehouse),RN-1087,Tabriz Mahi Patina,Rugs,Hand Knotted,n/a (our own stock),4547.10,,No,https://demo-oasis-six.vercel.app/assets/rugs/1087.webp
Rugs Network (own warehouse),RN-1088,Tabriz Mahi Patina,Rugs,Hand Knotted,n/a (our own stock),5216.40,,No,https://demo-oasis-six.vercel.app/assets/rugs/1088.webp
Rugs Network (own warehouse),RN-712,Tabriz Mood Patina,Rugs,Hand Knotted,n/a (our own stock),1193.70,,No,https://demo-oasis-six.vercel.app/assets/rugs/712.webp
Rugs Network (own warehouse),RN-707,Tabriz Mood Patina,Rugs,Hand Knotted,n/a (our own stock),1193.70,,No,https://demo-oasis-six.vercel.app/assets/rugs/707.webp
Rugs Network (own warehouse),RN-508,Tabriz Mood Patina,Rugs,Hand Knotted,n/a (our own stock),1193.70,,No,https://demo-oasis-six.vercel.app/assets/rugs/508.webp
Rugs Network (own warehouse),RN-195,Tabriz Mood Patina,Rugs,Hand Knotted,n/a (our own stock),1235.10,,No,https://demo-oasis-six.vercel.app/assets/rugs/195.webp
Rugs Network (own warehouse),RN-182,Tabriz Mood Patina,Rugs,Hand Knotted,n/a (our own stock),1380.00,,No,https://demo-oasis-six.vercel.app/assets/rugs/182.webp
Rugs Network (own warehouse),RN-540,Tabriz Naghsheh,Rugs,Hand Knotted,n/a (our own stock),3581.10,,No,https://demo-oasis-six.vercel.app/assets/rugs/540.webp
Rugs Network (own warehouse),RN-364,Tabriz Naghsheh,Rugs,Hand Knotted,n/a (our own stock),5146.02,,No,https://demo-oasis-six.vercel.app/assets/rugs/364.webp
Rugs Network (own warehouse),RN-637,Tabriz Patina,Rugs,Hand Knotted,n/a (our own stock),365.70,,No,https://demo-oasis-six.vercel.app/assets/rugs/637.webp
Rugs Network (own warehouse),RN-2119,Tabriz Patina,Rugs,Hand Knotted,n/a (our own stock),565.80,,No,https://demo-oasis-six.vercel.app/assets/rugs/2119.webp
Rugs Network (own warehouse),RN-2118,Tabriz Patina,Rugs,Hand Knotted,n/a (our own stock),586.50,,No,https://demo-oasis-six.vercel.app/assets/rugs/2118.webp
Rugs Network (own warehouse),RN-2113,Tabriz Patina,Rugs,Hand Knotted,n/a (our own stock),621.00,,No,https://demo-oasis-six.vercel.app/assets/rugs/2113.webp
Rugs Network (own warehouse),RN-2115,Tabriz Patina,Rugs,Hand Knotted,n/a (our own stock),641.70,,No,https://demo-oasis-six.vercel.app/assets/rugs/2115.webp
Rugs Network (own warehouse),RN-2116,Tabriz Patina,Rugs,Hand Knotted,n/a (our own stock),641.70,,No,https://demo-oasis-six.vercel.app/assets/rugs/2116.webp
Rugs Network (own warehouse),RN-2117,Tabriz Patina,Rugs,Hand Knotted,n/a (our own stock),641.70,,No,https://demo-oasis-six.vercel.app/assets/rugs/2117.webp
Rugs Network (own warehouse),RN-578,Tabriz Patina,Rugs,Hand Knotted,n/a (our own stock),662.40,,No,https://demo-oasis-six.vercel.app/assets/rugs/578.webp
Rugs Network (own warehouse),RN-705,Tabriz Patina,Rugs,Hand Knotted,n/a (our own stock),669.30,,No,https://demo-oasis-six.vercel.app/assets/rugs/705.webp
Rugs Network (own warehouse),RN-861,Tabriz Patina,Rugs,Hand Knotted,n/a (our own stock),683.10,,No,https://demo-oasis-six.vercel.app/assets/rugs/861.webp
Rugs Network (own warehouse),RN-2114,Tabriz Patina,Rugs,Hand Knotted,n/a (our own stock),683.10,,No,https://demo-oasis-six.vercel.app/assets/rugs/2114.webp
Rugs Network (own warehouse),RN-875,Tabriz Patina,Rugs,Hand Knotted,n/a (our own stock),724.50,,No,https://demo-oasis-six.vercel.app/assets/rugs/875.webp
Rugs Network (own warehouse),RN-902,Tabriz Patina,Rugs,Hand Knotted,n/a (our own stock),759.00,,No,https://demo-oasis-six.vercel.app/assets/rugs/902.webp
Rugs Network (own warehouse),RN-485,Tabriz Patina,Rugs,Hand Knotted,n/a (our own stock),826.62,,No,https://demo-oasis-six.vercel.app/assets/rugs/485.webp
Rugs Network (own warehouse),RN-430,Tabriz Patina,Rugs,Hand Knotted,n/a (our own stock),881.82,,No,https://demo-oasis-six.vercel.app/assets/rugs/430.webp
Rugs Network (own warehouse),RN-714,Tabriz Patina,Rugs,Hand Knotted,n/a (our own stock),890.10,,No,https://demo-oasis-six.vercel.app/assets/rugs/714.webp
Rugs Network (own warehouse),RN-431,Tabriz Patina,Rugs,Hand Knotted,n/a (our own stock),959.10,,No,https://demo-oasis-six.vercel.app/assets/rugs/431.webp
Rugs Network (own warehouse),RN-717,Tabriz Patina,Rugs,Hand Knotted,n/a (our own stock),1006.25,,No,https://demo-oasis-six.vercel.app/assets/rugs/717.webp
Rugs Network (own warehouse),RN-560,Tabriz Patina,Rugs,Hand Knotted,n/a (our own stock),1069.50,,No,https://demo-oasis-six.vercel.app/assets/rugs/560.webp
Rugs Network (own warehouse),RN-723,Tabriz Patina,Rugs,Hand Knotted,n/a (our own stock),1076.40,,No,https://demo-oasis-six.vercel.app/assets/rugs/723.webp
Rugs Network (own warehouse),RN-558,Tabriz Patina,Rugs,Hand Knotted,n/a (our own stock),1097.10,,No,https://demo-oasis-six.vercel.app/assets/rugs/558.webp
Rugs Network (own warehouse),RN-568,Tabriz Patina,Rugs,Hand Knotted,n/a (our own stock),1097.10,,No,https://demo-oasis-six.vercel.app/assets/rugs/568.webp
Rugs Network (own warehouse),RN-313,Tabriz Patina,Rugs,Hand Knotted,n/a (our own stock),1097.10,,No,https://demo-oasis-six.vercel.app/assets/rugs/313.webp
Rugs Network (own warehouse),RN-300,Tabriz Patina,Rugs,Hand Knotted,n/a (our own stock),1097.10,,No,https://demo-oasis-six.vercel.app/assets/rugs/300.webp
Rugs Network (own warehouse),RN-285,Tabriz Patina,Rugs,Hand Knotted,n/a (our own stock),1130.22,,No,https://demo-oasis-six.vercel.app/assets/rugs/285.webp
Rugs Network (own warehouse),RN-526,Tabriz Patina,Rugs,Hand Knotted,n/a (our own stock),1157.82,,No,https://demo-oasis-six.vercel.app/assets/rugs/526.webp
Rugs Network (own warehouse),RN-499,Tabriz Patina,Rugs,Hand Knotted,n/a (our own stock),1157.82,,No,https://demo-oasis-six.vercel.app/assets/rugs/499.webp
Rugs Network (own warehouse),RN-710,Tabriz Patina,Rugs,Hand Knotted,n/a (our own stock),1166.10,,No,https://demo-oasis-six.vercel.app/assets/rugs/710.webp
Rugs Network (own warehouse),RN-725,Tabriz Patina,Rugs,Hand Knotted,n/a (our own stock),1166.10,,No,https://demo-oasis-six.vercel.app/assets/rugs/725.webp
Rugs Network (own warehouse),RN-323,Tabriz Patina,Rugs,Hand Knotted,n/a (our own stock),1185.42,,No,https://demo-oasis-six.vercel.app/assets/rugs/323.webp
Rugs Network (own warehouse),RN-734,Tabriz Patina,Rugs,Hand Knotted,n/a (our own stock),1207.50,,No,https://demo-oasis-six.vercel.app/assets/rugs/734.webp
Rugs Network (own warehouse),RN-719,Tabriz Patina,Rugs,Hand Knotted,n/a (our own stock),1235.10,,No,https://demo-oasis-six.vercel.app/assets/rugs/719.webp
Rugs Network (own warehouse),RN-668,Tabriz Patina,Rugs,Hand Knotted,n/a (our own stock),1235.10,,No,https://demo-oasis-six.vercel.app/assets/rugs/668.webp
Rugs Network (own warehouse),RN-482,Tabriz Patina,Rugs,Hand Knotted,n/a (our own stock),1235.10,,No,https://demo-oasis-six.vercel.app/assets/rugs/482.webp
Rugs Network (own warehouse),RN-484,Tabriz Patina,Rugs,Hand Knotted,n/a (our own stock),1235.10,,No,https://demo-oasis-six.vercel.app/assets/rugs/484.webp
Rugs Network (own warehouse),RN-729,Tabriz Patina,Rugs,Hand Knotted,n/a (our own stock),1240.62,,No,https://demo-oasis-six.vercel.app/assets/rugs/729.webp
Rugs Network (own warehouse),RN-727,Tabriz Patina,Rugs,Hand Knotted,n/a (our own stock),1259.25,,No,https://demo-oasis-six.vercel.app/assets/rugs/727.webp
Rugs Network (own warehouse),RN-730,Tabriz Patina,Rugs,Hand Knotted,n/a (our own stock),1373.10,,No,https://demo-oasis-six.vercel.app/assets/rugs/730.webp
Rugs Network (own warehouse),RN-776,Tabriz Patina,Rugs,Hand Knotted,n/a (our own stock),1725.00,,No,https://demo-oasis-six.vercel.app/assets/rugs/776.webp
Rugs Network (own warehouse),RN-491,Tabriz Patina,Rugs,Hand Knotted,n/a (our own stock),1773.30,,No,https://demo-oasis-six.vercel.app/assets/rugs/491.webp
Rugs Network (own warehouse),RN-492,Tabriz Patina,Rugs,Hand Knotted,n/a (our own stock),1773.30,,No,https://demo-oasis-six.vercel.app/assets/rugs/492.webp
Rugs Network (own warehouse),RN-489,Tabriz Patina,Rugs,Hand Knotted,n/a (our own stock),1773.30,,No,https://demo-oasis-six.vercel.app/assets/rugs/489.webp
Rugs Network (own warehouse),RN-178,Tabriz Patina,Rugs,Hand Knotted,n/a (our own stock),1794.00,,No,https://demo-oasis-six.vercel.app/assets/rugs/178.webp
Rugs Network (own warehouse),RN-398,Tabriz Patina,Rugs,Hand Knotted,n/a (our own stock),1863.00,,No,https://demo-oasis-six.vercel.app/assets/rugs/398.webp
Rugs Network (own warehouse),RN-493,Tabriz Patina,Rugs,Hand Knotted,n/a (our own stock),1904.40,,No,https://demo-oasis-six.vercel.app/assets/rugs/493.webp
Rugs Network (own warehouse),RN-490,Tabriz Patina,Rugs,Hand Knotted,n/a (our own stock),1925.10,,No,https://demo-oasis-six.vercel.app/assets/rugs/490.webp
Rugs Network (own warehouse),RN-2210,Tabriz Patina,Rugs,Hand Knotted,n/a (our own stock),1925.10,,No,https://demo-oasis-six.vercel.app/assets/rugs/2210.webp
Rugs Network (own warehouse),RN-774,Tabriz Patina,Rugs,Hand Knotted,n/a (our own stock),2201.10,,No,https://demo-oasis-six.vercel.app/assets/rugs/774.webp
Rugs Network (own warehouse),RN-401,Tabriz Patina,Rugs,Hand Knotted,n/a (our own stock),2277.00,,No,https://demo-oasis-six.vercel.app/assets/rugs/401.webp
Rugs Network (own warehouse),RN-369,Tabriz Patina,Rugs,Hand Knotted,n/a (our own stock),2277.00,,No,https://demo-oasis-six.vercel.app/assets/rugs/369.webp
Rugs Network (own warehouse),RN-328,Tabriz Patina,Rugs,Hand Knotted,n/a (our own stock),2339.10,,No,https://demo-oasis-six.vercel.app/assets/rugs/328.webp
Rugs Network (own warehouse),RN-320,Tabriz Patina,Rugs,Hand Knotted,n/a (our own stock),2339.10,,No,https://demo-oasis-six.vercel.app/assets/rugs/320.webp
Rugs Network (own warehouse),RN-362,Tabriz Patina,Rugs,Hand Knotted,n/a (our own stock),2413.62,,No,https://demo-oasis-six.vercel.app/assets/rugs/362.webp
Rugs Network (own warehouse),RN-389,Tabriz Patina,Rugs,Hand Knotted,n/a (our own stock),2421.90,,No,https://demo-oasis-six.vercel.app/assets/rugs/389.webp
Rugs Network (own warehouse),RN-906,Tabriz Patina,Rugs,Hand Knotted,n/a (our own stock),2967.00,,No,https://demo-oasis-six.vercel.app/assets/rugs/906.webp
Rugs Network (own warehouse),RN-968,Tabriz Patina,Rugs,Hand Knotted,n/a (our own stock),3305.10,,No,https://demo-oasis-six.vercel.app/assets/rugs/968.webp
Rugs Network (own warehouse),RN-894,Tabriz Patina,Rugs,Hand Knotted,n/a (our own stock),3519.00,,No,https://demo-oasis-six.vercel.app/assets/rugs/894.webp
Rugs Network (own warehouse),RN-381,Tabriz Patina,Rugs,Hand Knotted,n/a (our own stock),3657.00,,No,https://demo-oasis-six.vercel.app/assets/rugs/381.webp
Rugs Network (own warehouse),RN-962,Tabriz Patina,Rugs,Hand Knotted,n/a (our own stock),3657.00,,No,https://demo-oasis-six.vercel.app/assets/rugs/962.webp
Rugs Network (own warehouse),RN-963,Tabriz Patina,Rugs,Hand Knotted,n/a (our own stock),3719.10,,No,https://demo-oasis-six.vercel.app/assets/rugs/963.webp
Rugs Network (own warehouse),RN-390,Tabriz Patina,Rugs,Hand Knotted,n/a (our own stock),3933.00,,No,https://demo-oasis-six.vercel.app/assets/rugs/390.webp
Rugs Network (own warehouse),RN-223,Tabriz Patina,Rugs,Hand Knotted,n/a (our own stock),3933.10,,No,https://demo-oasis-six.vercel.app/assets/rugs/223.webp
Rugs Network (own warehouse),RN-311,Tabriz Patina,Rugs,Hand Knotted,n/a (our own stock),3933.20,,No,https://demo-oasis-six.vercel.app/assets/rugs/311.webp
Rugs Network (own warehouse),RN-1106,Tabriz Patina,Rugs,Hand Knotted,n/a (our own stock),4409.10,,No,https://demo-oasis-six.vercel.app/assets/rugs/1106.webp
Rugs Network (own warehouse),RN-833,Tabriz Patina,Rugs,Hand Knotted,n/a (our own stock),4657.50,,No,https://demo-oasis-six.vercel.app/assets/rugs/833.webp
Rugs Network (own warehouse),RN-185,Tabriz Patina,Rugs,Hand Knotted,n/a (our own stock),4743.00,,No,https://demo-oasis-six.vercel.app/assets/rugs/185.webp
Rugs Network (own warehouse),RN-225,Tabriz Patina,Rugs,Hand Knotted,n/a (our own stock),4823.10,,No,https://demo-oasis-six.vercel.app/assets/rugs/225.webp
Rugs Network (own warehouse),RN-193,Tabriz Patina,Rugs,Hand Knotted,n/a (our own stock),5216.40,,No,https://demo-oasis-six.vercel.app/assets/rugs/193.webp
Rugs Network (own warehouse),RN-1097,Tabriz Patina,Rugs,Hand Knotted,n/a (our own stock),5223.30,,No,https://demo-oasis-six.vercel.app/assets/rugs/1097.webp
Rugs Network (own warehouse),RN-797,Tabriz Patina,Rugs,Hand Knotted,n/a (our own stock),5237.10,,No,https://demo-oasis-six.vercel.app/assets/rugs/797.webp
Rugs Network (own warehouse),RN-798,Tabriz Patina,Rugs,Hand Knotted,n/a (our own stock),6617.10,,No,https://demo-oasis-six.vercel.app/assets/rugs/798.webp
Rugs Network (own warehouse),RN-2162,Tabriz Sheik Safi,Rugs,Hand Knotted,n/a (our own stock),11723.10,,No,https://demo-oasis-six.vercel.app/assets/rugs/2162.webp
Rugs Network (own warehouse),RN-190,Tafresh,Rugs,Hand Knotted,n/a (our own stock),759.00,,No,https://demo-oasis-six.vercel.app/assets/rugs/190.webp
Rugs Network (own warehouse),RN-2153,Tafresh,Rugs,Hand Knotted,n/a (our own stock),2408.10,,No,https://demo-oasis-six.vercel.app/assets/rugs/2153.webp
Rugs Network (own warehouse),RN-663,Tajik Caucasus,Rugs,Hand Knotted,n/a (our own stock),258.75,,No,https://demo-oasis-six.vercel.app/assets/rugs/663.webp
Rugs Network (own warehouse),RN-3122,Tampa Black,Rugs,Machine Made,n/a (our own stock),28.84,,No,https://demo-oasis-six.vercel.app/assets/rugs/3122.webp
Rugs Network (own warehouse),RN-3123,Tampa Black,Rugs,Machine Made,n/a (our own stock),28.84,,No,https://demo-oasis-six.vercel.app/assets/rugs/3123.webp
Rugs Network (own warehouse),RN-3119,Tampa Black,Rugs,Machine Made,n/a (our own stock),64.08,,No,https://demo-oasis-six.vercel.app/assets/rugs/3119.webp
Rugs Network (own warehouse),RN-3120,Tampa Dark_Beige,Rugs,Machine Made,n/a (our own stock),28.84,,No,https://demo-oasis-six.vercel.app/assets/rugs/3120.webp
Rugs Network (own warehouse),RN-3125,Tampa Dark_Beige,Rugs,Machine Made,n/a (our own stock),28.84,,No,https://demo-oasis-six.vercel.app/assets/rugs/3125.webp
Rugs Network (own warehouse),RN-3117,Tampa Dark_Brown,Rugs,Machine Made,n/a (our own stock),28.84,,No,https://demo-oasis-six.vercel.app/assets/rugs/3117.webp
Rugs Network (own warehouse),RN-3124,Tampa Dark_Brown,Rugs,Machine Made,n/a (our own stock),309.76,,No,https://demo-oasis-six.vercel.app/assets/rugs/3124.webp
Rugs Network (own warehouse),RN-3126,Tampa Grey,Rugs,Machine Made,n/a (our own stock),28.84,,No,https://demo-oasis-six.vercel.app/assets/rugs/3126.webp
Rugs Network (own warehouse),RN-3127,Tampa Grey,Rugs,Machine Made,n/a (our own stock),28.84,,No,https://demo-oasis-six.vercel.app/assets/rugs/3127.webp
Rugs Network (own warehouse),RN-3116,Tampa White,Rugs,Machine Made,n/a (our own stock),28.84,,No,https://demo-oasis-six.vercel.app/assets/rugs/3116.webp
Rugs Network (own warehouse),RN-3118,Tampa White,Rugs,Machine Made,n/a (our own stock),28.84,,No,https://demo-oasis-six.vercel.app/assets/rugs/3118.webp
Rugs Network (own warehouse),RN-3121,Tampa White,Rugs,Machine Made,n/a (our own stock),28.84,,No,https://demo-oasis-six.vercel.app/assets/rugs/3121.webp
Rugs Network (own warehouse),RN-701,Tora Bora,Rugs,Hand Knotted,n/a (our own stock),331.20,,No,https://demo-oasis-six.vercel.app/assets/rugs/701.webp
Rugs Network (own warehouse),RN-702,Tora Bora,Rugs,Hand Knotted,n/a (our own stock),407.10,,No,https://demo-oasis-six.vercel.app/assets/rugs/702.webp
Rugs Network (own warehouse),RN-2175,Tora Bora,Rugs,Hand Knotted,n/a (our own stock),486.00,,No,https://demo-oasis-six.vercel.app/assets/rugs/2175.webp
Rugs Network (own warehouse),RN-2179,Tora Bora,Rugs,Hand Knotted,n/a (our own stock),495.42,,No,https://demo-oasis-six.vercel.app/assets/rugs/2179.webp
Rugs Network (own warehouse),RN-767,Tora Bora Nomad,Rugs,Hand Knotted,n/a (our own stock),492.00,,No,https://demo-oasis-six.vercel.app/assets/rugs/767.webp
Rugs Network (own warehouse),RN-690,Tora Bora Nomad,Rugs,Hand Knotted,n/a (our own stock),495.50,,No,https://demo-oasis-six.vercel.app/assets/rugs/690.webp
Rugs Network (own warehouse),RN-3145,Torino Beige,Rugs,Machine Made,n/a (our own stock),101.09,,No,https://demo-oasis-six.vercel.app/assets/rugs/3145.webp
Rugs Network (own warehouse),RN-3148,Torino Beige,Rugs,Machine Made,n/a (our own stock),101.09,,No,https://demo-oasis-six.vercel.app/assets/rugs/3148.webp
Rugs Network (own warehouse),RN-3149,Torino Blue,Rugs,Machine Made,n/a (our own stock),667.17,,No,https://demo-oasis-six.vercel.app/assets/rugs/3149.webp
Rugs Network (own warehouse),RN-3131,Torino Cream,Rugs,Machine Made,n/a (our own stock),101.09,,No,https://demo-oasis-six.vercel.app/assets/rugs/3131.webp
Rugs Network (own warehouse),RN-3133,Torino Cream,Rugs,Machine Made,n/a (our own stock),101.09,,No,https://demo-oasis-six.vercel.app/assets/rugs/3133.webp
Rugs Network (own warehouse),RN-3135,Torino Cream,Rugs,Machine Made,n/a (our own stock),101.09,,No,https://demo-oasis-six.vercel.app/assets/rugs/3135.webp
Rugs Network (own warehouse),RN-3136,Torino Cream,Rugs,Machine Made,n/a (our own stock),101.09,,No,https://demo-oasis-six.vercel.app/assets/rugs/3136.webp
Rugs Network (own warehouse),RN-3152,Torino Cream,Rugs,Machine Made,n/a (our own stock),101.09,,No,https://demo-oasis-six.vercel.app/assets/rugs/3152.webp
Rugs Network (own warehouse),RN-3142,Torino Cream,Rugs,Machine Made,n/a (our own stock),101.09,,No,https://demo-oasis-six.vercel.app/assets/rugs/3142.webp
Rugs Network (own warehouse),RN-3144,Torino Cream,Rugs,Machine Made,n/a (our own stock),101.09,,No,https://demo-oasis-six.vercel.app/assets/rugs/3144.webp
Rugs Network (own warehouse),RN-3146,Torino Cream,Rugs,Machine Made,n/a (our own stock),101.09,,No,https://demo-oasis-six.vercel.app/assets/rugs/3146.webp
Rugs Network (own warehouse),RN-3147,Torino Cream,Rugs,Machine Made,n/a (our own stock),101.09,,No,https://demo-oasis-six.vercel.app/assets/rugs/3147.webp
Rugs Network (own warehouse),RN-3129,Torino Cream,Rugs,Machine Made,n/a (our own stock),310.00,,No,https://demo-oasis-six.vercel.app/assets/rugs/3129.webp
Rugs Network (own warehouse),RN-3150,Torino Cream,Rugs,Machine Made,n/a (our own stock),310.00,,No,https://demo-oasis-six.vercel.app/assets/rugs/3150.webp
Rugs Network (own warehouse),RN-3151,Torino Cream,Rugs,Machine Made,n/a (our own stock),310.00,,No,https://demo-oasis-six.vercel.app/assets/rugs/3151.webp
Rugs Network (own warehouse),RN-3154,Torino Cream,Rugs,Machine Made,n/a (our own stock),310.00,,No,https://demo-oasis-six.vercel.app/assets/rugs/3154.webp
Rugs Network (own warehouse),RN-3153,Torino Cream,Rugs,Machine Made,n/a (our own stock),667.17,,No,https://demo-oasis-six.vercel.app/assets/rugs/3153.webp
Rugs Network (own warehouse),RN-3139,Torino Dark_Beige,Rugs,Machine Made,n/a (our own stock),101.09,,No,https://demo-oasis-six.vercel.app/assets/rugs/3139.webp
Rugs Network (own warehouse),RN-3138,Torino Dark_Blue,Rugs,Machine Made,n/a (our own stock),488.59,,No,https://demo-oasis-six.vercel.app/assets/rugs/3138.webp
Rugs Network (own warehouse),RN-3140,Torino Dark_Grey,Rugs,Machine Made,n/a (our own stock),101.09,,No,https://demo-oasis-six.vercel.app/assets/rugs/3140.webp
Rugs Network (own warehouse),RN-3141,Torino Dark_Grey,Rugs,Machine Made,n/a (our own stock),101.09,,No,https://demo-oasis-six.vercel.app/assets/rugs/3141.webp
Rugs Network (own warehouse),RN-3128,Torino Grey,Rugs,Machine Made,n/a (our own stock),310.00,,No,https://demo-oasis-six.vercel.app/assets/rugs/3128.webp
Rugs Network (own warehouse),RN-3130,Torino Light_Beige,Rugs,Machine Made,n/a (our own stock),101.09,,No,https://demo-oasis-six.vercel.app/assets/rugs/3130.webp
Rugs Network (own warehouse),RN-3132,Torino Light_Green,Rugs,Machine Made,n/a (our own stock),101.09,,No,https://demo-oasis-six.vercel.app/assets/rugs/3132.webp
Rugs Network (own warehouse),RN-3143,Torino Rust,Rugs,Machine Made,n/a (our own stock),101.09,,No,https://demo-oasis-six.vercel.app/assets/rugs/3143.webp
Rugs Network (own warehouse),RN-252,Toyserkan,Rugs,Hand Knotted,n/a (our own stock),605.82,,No,https://demo-oasis-six.vercel.app/assets/rugs/252.webp
Rugs Network (own warehouse),RN-264,Toyserkan,Rugs,Hand Knotted,n/a (our own stock),793.50,,No,https://demo-oasis-six.vercel.app/assets/rugs/264.webp
Rugs Network (own warehouse),RN-263,Toyserkan,Rugs,Hand Knotted,n/a (our own stock),821.10,,No,https://demo-oasis-six.vercel.app/assets/rugs/263.webp
Rugs Network (own warehouse),RN-200,Toyserkan,Rugs,Hand Knotted,n/a (our own stock),821.10,,No,https://demo-oasis-six.vercel.app/assets/rugs/200.webp
Rugs Network (own warehouse),RN-971,Turkoman,Rugs,Hand Knotted,n/a (our own stock),412.62,,No,https://demo-oasis-six.vercel.app/assets/rugs/971.webp
Rugs Network (own warehouse),RN-162,Turkoman,Rugs,Hand Knotted,n/a (our own stock),517.50,,No,https://demo-oasis-six.vercel.app/assets/rugs/162.webp
Rugs Network (own warehouse),RN-556,Turkoman,Rugs,Hand Knotted,n/a (our own stock),607.20,,No,https://demo-oasis-six.vercel.app/assets/rugs/556.webp
Rugs Network (own warehouse),RN-224,Turkoman,Rugs,Hand Knotted,n/a (our own stock),3519.00,,No,https://demo-oasis-six.vercel.app/assets/rugs/224.webp
Rugs Network (own warehouse),RN-1034,Ushak,Rugs,Hand Knotted,n/a (our own stock),345.00,,No,https://demo-oasis-six.vercel.app/assets/rugs/1034.webp
Rugs Network (own warehouse),RN-351,Ushak,Rugs,Hand Knotted,n/a (our own stock),1207.50,,No,https://demo-oasis-six.vercel.app/assets/rugs/351.webp
Rugs Network (own warehouse),RN-441,Ushak,Rugs,Hand Knotted,n/a (our own stock),1290.30,,No,https://demo-oasis-six.vercel.app/assets/rugs/441.webp
Rugs Network (own warehouse),RN-396,Ushak,Rugs,Hand Knotted,n/a (our own stock),1345.50,,No,https://demo-oasis-six.vercel.app/assets/rugs/396.webp
Rugs Network (own warehouse),RN-329,Ushak,Rugs,Hand Knotted,n/a (our own stock),1489.02,,No,https://demo-oasis-six.vercel.app/assets/rugs/329.webp
Rugs Network (own warehouse),RN-1109,Ushak,Rugs,Hand Knotted,n/a (our own stock),1759.50,,No,https://demo-oasis-six.vercel.app/assets/rugs/1109.webp
Rugs Network (own warehouse),RN-417,Ushak,Rugs,Hand Knotted,n/a (our own stock),1925.10,,No,https://demo-oasis-six.vercel.app/assets/rugs/417.webp
Rugs Network (own warehouse),RN-869,Ushak,Rugs,Hand Knotted,n/a (our own stock),2201.10,,No,https://demo-oasis-six.vercel.app/assets/rugs/869.webp
Rugs Network (own warehouse),RN-834,Ushak,Rugs,Hand Knotted,n/a (our own stock),2277.20,,No,https://demo-oasis-six.vercel.app/assets/rugs/834.webp
Rugs Network (own warehouse),RN-2208,Ushak,Rugs,Hand Knotted,n/a (our own stock),2289.42,,No,https://demo-oasis-six.vercel.app/assets/rugs/2208.webp
Rugs Network (own warehouse),RN-242,Varamin,Rugs,Hand Knotted,n/a (our own stock),495.42,,No,https://demo-oasis-six.vercel.app/assets/rugs/242.webp
Rugs Network (own warehouse),RN-3157,Vegas Beige,Rugs,Machine Made,n/a (our own stock),82.04,,No,https://demo-oasis-six.vercel.app/assets/rugs/3157.webp
Rugs Network (own warehouse),RN-3159,Vegas Black,Rugs,Machine Made,n/a (our own stock),82.04,,No,https://demo-oasis-six.vercel.app/assets/rugs/3159.webp
Rugs Network (own warehouse),RN-3162,Vegas Black,Rugs,Machine Made,n/a (our own stock),82.04,,No,https://demo-oasis-six.vercel.app/assets/rugs/3162.webp
Rugs Network (own warehouse),RN-3171,Vegas Black,Rugs,Machine Made,n/a (our own stock),541.44,,No,https://demo-oasis-six.vercel.app/assets/rugs/3171.webp
Rugs Network (own warehouse),RN-3170,Vegas Cream,Rugs,Machine Made,n/a (our own stock),82.04,,No,https://demo-oasis-six.vercel.app/assets/rugs/3170.webp
Rugs Network (own warehouse),RN-3164,Vegas Cream,Rugs,Machine Made,n/a (our own stock),82.04,,No,https://demo-oasis-six.vercel.app/assets/rugs/3164.webp
Rugs Network (own warehouse),RN-3169,Vegas Light_Beige,Rugs,Machine Made,n/a (our own stock),82.04,,No,https://demo-oasis-six.vercel.app/assets/rugs/3169.webp
Rugs Network (own warehouse),RN-3168,Vegas White,Rugs,Machine Made,n/a (our own stock),82.04,,No,https://demo-oasis-six.vercel.app/assets/rugs/3168.webp
Rugs Network (own warehouse),RN-3160,Vegas White,Rugs,Machine Made,n/a (our own stock),82.04,,No,https://demo-oasis-six.vercel.app/assets/rugs/3160.webp
Rugs Network (own warehouse),RN-3161,Vegas White,Rugs,Machine Made,n/a (our own stock),82.04,,No,https://demo-oasis-six.vercel.app/assets/rugs/3161.webp
Rugs Network (own warehouse),RN-3163,Vegas White,Rugs,Machine Made,n/a (our own stock),82.04,,No,https://demo-oasis-six.vercel.app/assets/rugs/3163.webp
Rugs Network (own warehouse),RN-3165,Vegas White,Rugs,Machine Made,n/a (our own stock),82.04,,No,https://demo-oasis-six.vercel.app/assets/rugs/3165.webp
Rugs Network (own warehouse),RN-3166,Vegas White,Rugs,Machine Made,n/a (our own stock),82.04,,No,https://demo-oasis-six.vercel.app/assets/rugs/3166.webp
Rugs Network (own warehouse),RN-3156,Vegas White,Rugs,Machine Made,n/a (our own stock),139.46,,No,https://demo-oasis-six.vercel.app/assets/rugs/3156.webp
Rugs Network (own warehouse),RN-3167,Vegas White,Rugs,Machine Made,n/a (our own stock),139.46,,No,https://demo-oasis-six.vercel.app/assets/rugs/3167.webp
Rugs Network (own warehouse),RN-3158,Vegas White,Rugs,Machine Made,n/a (our own stock),158.60,,No,https://demo-oasis-six.vercel.app/assets/rugs/3158.webp
Rugs Network (own warehouse),RN-3172,Vegas White,Rugs,Machine Made,n/a (our own stock),541.44,,No,https://demo-oasis-six.vercel.app/assets/rugs/3172.webp
Rugs Network (own warehouse),RN-3178,Venus Beige,Rugs,Machine Made,n/a (our own stock),470.02,,No,https://demo-oasis-six.vercel.app/assets/rugs/3178.webp
Rugs Network (own warehouse),RN-3176,Venus Dark_Beige,Rugs,Machine Made,n/a (our own stock),71.21,,No,https://demo-oasis-six.vercel.app/assets/rugs/3176.webp
Rugs Network (own warehouse),RN-3173,Venus Dark_Beige,Rugs,Machine Made,n/a (our own stock),137.68,,No,https://demo-oasis-six.vercel.app/assets/rugs/3173.webp
Rugs Network (own warehouse),RN-3175,Venus Dark_Beige,Rugs,Machine Made,n/a (our own stock),218.38,,No,https://demo-oasis-six.vercel.app/assets/rugs/3175.webp
Rugs Network (own warehouse),RN-3174,Venus Grey,Rugs,Machine Made,n/a (our own stock),71.21,,No,https://demo-oasis-six.vercel.app/assets/rugs/3174.webp
Rugs Network (own warehouse),RN-3181,Venus Light_Beige,Rugs,Machine Made,n/a (our own stock),137.68,,No,https://demo-oasis-six.vercel.app/assets/rugs/3181.webp
Rugs Network (own warehouse),RN-3180,Venus Light_Beige,Rugs,Machine Made,n/a (our own stock),218.38,,No,https://demo-oasis-six.vercel.app/assets/rugs/3180.webp
Rugs Network (own warehouse),RN-3177,Venus Light_Beige,Rugs,Machine Made,n/a (our own stock),218.38,,No,https://demo-oasis-six.vercel.app/assets/rugs/3177.webp
Rugs Network (own warehouse),RN-3188,Verona Anthracite,Rugs,Machine Made,n/a (our own stock),30.42,,No,https://demo-oasis-six.vercel.app/assets/rugs/3188.webp
Rugs Network (own warehouse),RN-3189,Verona Anthracite,Rugs,Machine Made,n/a (our own stock),30.42,,No,https://demo-oasis-six.vercel.app/assets/rugs/3189.webp
Rugs Network (own warehouse),RN-3185,Verona Black,Rugs,Machine Made,n/a (our own stock),30.42,,No,https://demo-oasis-six.vercel.app/assets/rugs/3185.webp
Rugs Network (own warehouse),RN-3186,Verona Black,Rugs,Machine Made,n/a (our own stock),30.42,,No,https://demo-oasis-six.vercel.app/assets/rugs/3186.webp
Rugs Network (own warehouse),RN-3197,Verona Black,Rugs,Machine Made,n/a (our own stock),30.42,,No,https://demo-oasis-six.vercel.app/assets/rugs/3197.webp
Rugs Network (own warehouse),RN-3184,Verona Black,Rugs,Machine Made,n/a (our own stock),67.61,,No,https://demo-oasis-six.vercel.app/assets/rugs/3184.webp
Rugs Network (own warehouse),RN-3191,Verona Black,Rugs,Machine Made,n/a (our own stock),67.61,,No,https://demo-oasis-six.vercel.app/assets/rugs/3191.webp
Rugs Network (own warehouse),RN-3192,Verona Black,Rugs,Machine Made,n/a (our own stock),67.61,,No,https://demo-oasis-six.vercel.app/assets/rugs/3192.webp
Rugs Network (own warehouse),RN-3203,Verona Black,Rugs,Machine Made,n/a (our own stock),446.29,,No,https://demo-oasis-six.vercel.app/assets/rugs/3203.webp
Rugs Network (own warehouse),RN-3190,Verona Dark_Brown,Rugs,Machine Made,n/a (our own stock),30.42,,No,https://demo-oasis-six.vercel.app/assets/rugs/3190.webp
Rugs Network (own warehouse),RN-3195,Verona Dark_Brown,Rugs,Machine Made,n/a (our own stock),30.42,,No,https://demo-oasis-six.vercel.app/assets/rugs/3195.webp
Rugs Network (own warehouse),RN-3196,Verona Dark_Brown,Rugs,Machine Made,n/a (our own stock),30.42,,No,https://demo-oasis-six.vercel.app/assets/rugs/3196.webp
Rugs Network (own warehouse),RN-3194,Verona Dark_Brown,Rugs,Machine Made,n/a (our own stock),130.72,,No,https://demo-oasis-six.vercel.app/assets/rugs/3194.webp
Rugs Network (own warehouse),RN-3187,Verona Grey,Rugs,Machine Made,n/a (our own stock),30.42,,No,https://demo-oasis-six.vercel.app/assets/rugs/3187.webp
Rugs Network (own warehouse),RN-3182,Verona Grey,Rugs,Machine Made,n/a (our own stock),30.42,,No,https://demo-oasis-six.vercel.app/assets/rugs/3182.webp
Rugs Network (own warehouse),RN-3199,Verona Light_Grey,Rugs,Machine Made,n/a (our own stock),130.72,,No,https://demo-oasis-six.vercel.app/assets/rugs/3199.webp
Rugs Network (own warehouse),RN-3201,Verona Terra,Rugs,Machine Made,n/a (our own stock),67.61,,No,https://demo-oasis-six.vercel.app/assets/rugs/3201.webp
Rugs Network (own warehouse),RN-3198,Verona White,Rugs,Machine Made,n/a (our own stock),30.42,,No,https://demo-oasis-six.vercel.app/assets/rugs/3198.webp
Rugs Network (own warehouse),RN-3183,Verona White,Rugs,Machine Made,n/a (our own stock),67.61,,No,https://demo-oasis-six.vercel.app/assets/rugs/3183.webp
Rugs Network (own warehouse),RN-3200,Verona White,Rugs,Machine Made,n/a (our own stock),67.61,,No,https://demo-oasis-six.vercel.app/assets/rugs/3200.webp
Rugs Network (own warehouse),RN-3193,Verona White,Rugs,Machine Made,n/a (our own stock),67.61,,No,https://demo-oasis-six.vercel.app/assets/rugs/3193.webp
Rugs Network (own warehouse),RN-3211,Vesta Black,Rugs,Machine Made,n/a (our own stock),165.60,,No,https://demo-oasis-six.vercel.app/assets/rugs/3211.webp
Rugs Network (own warehouse),RN-3206,Vesta Cream,Rugs,Machine Made,n/a (our own stock),165.60,,No,https://demo-oasis-six.vercel.app/assets/rugs/3206.webp
Rugs Network (own warehouse),RN-3212,Vesta Cream,Rugs,Machine Made,n/a (our own stock),165.60,,No,https://demo-oasis-six.vercel.app/assets/rugs/3212.webp
Rugs Network (own warehouse),RN-3213,Vesta Dark_Brown,Rugs,Machine Made,n/a (our own stock),165.60,,No,https://demo-oasis-six.vercel.app/assets/rugs/3213.webp
Rugs Network (own warehouse),RN-3214,Vesta Dark_Brown,Rugs,Machine Made,n/a (our own stock),165.60,,No,https://demo-oasis-six.vercel.app/assets/rugs/3214.webp
Rugs Network (own warehouse),RN-3204,Vesta Green,Rugs,Machine Made,n/a (our own stock),104.40,,No,https://demo-oasis-six.vercel.app/assets/rugs/3204.webp
Rugs Network (own warehouse),RN-3210,Vesta Grey,Rugs,Machine Made,n/a (our own stock),356.40,,No,https://demo-oasis-six.vercel.app/assets/rugs/3210.webp
Rugs Network (own warehouse),RN-3207,Vesta Light_Beige,Rugs,Machine Made,n/a (our own stock),165.60,,No,https://demo-oasis-six.vercel.app/assets/rugs/3207.webp
Rugs Network (own warehouse),RN-3208,Vesta Red,Rugs,Machine Made,n/a (our own stock),165.60,,No,https://demo-oasis-six.vercel.app/assets/rugs/3208.webp
Rugs Network (own warehouse),RN-3209,Vesta Red,Rugs,Machine Made,n/a (our own stock),165.60,,No,https://demo-oasis-six.vercel.app/assets/rugs/3209.webp
Rugs Network (own warehouse),RN-3205,Vesta Rose,Rugs,Machine Made,n/a (our own stock),165.60,,No,https://demo-oasis-six.vercel.app/assets/rugs/3205.webp
Rugs Network (own warehouse),RN-817,Yalameh Design,Rugs,Hand Knotted,n/a (our own stock),201.25,,No,https://demo-oasis-six.vercel.app/assets/rugs/817.webp
Rugs Network (own warehouse),RN-142,Yalameh Patina,Rugs,Hand Knotted,n/a (our own stock),201.25,,No,https://demo-oasis-six.vercel.app/assets/rugs/142.webp
Rugs Network (own warehouse),RN-859,Yalameh Patina,Rugs,Hand Knotted,n/a (our own stock),378.35,,No,https://demo-oasis-six.vercel.app/assets/rugs/859.webp
Rugs Network (own warehouse),RN-206,Zanjan,Rugs,Hand Knotted,n/a (our own stock),648.60,,No,https://demo-oasis-six.vercel.app/assets/rugs/206.webp
Rugs Network (own warehouse),RN-432,Ziegler,Rugs,Hand Knotted,n/a (our own stock),895.62,,No,https://demo-oasis-six.vercel.app/assets/rugs/432.webp
Rugs Network (own warehouse),RN-936,Zigler,Rugs,Hand Knotted,n/a (our own stock),545.10,,No,https://demo-oasis-six.vercel.app/assets/rugs/936.webp
Rugs Network (own warehouse),RN-535,Zigler,Rugs,Hand Knotted,n/a (our own stock),662.40,,No,https://demo-oasis-six.vercel.app/assets/rugs/535.webp
Rugs Network (own warehouse),RN-184,Zigler,Rugs,Hand Knotted,n/a (our own stock),897.00,,No,https://demo-oasis-six.vercel.app/assets/rugs/184.webp
Rugs Network (own warehouse),RN-312,Zigler,Rugs,Hand Knotted,n/a (our own stock),1173.00,,No,https://demo-oasis-six.vercel.app/assets/rugs/312.webp
